{
  "id": "e0bd255d-3cfd-44c1-ae66-44cdea47393e",
  "pid": "193f4b25-1d46-4d15-8d87-d181de0a93bf",
  "dblevel": 5,
  "location": "/VGMV/01_BaiGiang/HocTheoChuDe/11-ThanLeThat-traiTN2017/07-ThanViVaCongTacDucThanhLinhP4",
  "isVideo": true,
  "url": "01-bai-giang.hoc-theo-chu-de.11-than-le-that-trai-tn2017.07-than-vi-va-cong-tac-duc-thanh-linh-p4",
  "name": "07-Thân Vị Và Công Tác Đức Thánh Linh P4",
  "count": 0,
  "isLeaf": null,
  "keyword": null,
  "hash": "U2FsdGVkX1+k0VwXP9S1SZKEi9hjlMcWqt9z6f+6U2VXMXRqW/XUVON6D30WJgkT9YM1lV7IAzOhlA+7nNFFgQ==",
  "khash": "U2FsdGVkX1+7DIgPspT6OLMdYm1ekR4PZvYZn0/aFp1E9UaveSsuCUqo6tyOBKbuVZNLt6RJIbzUsjfmbBXcLw==",
  "viewCount": null,
  "duration": "56:20",
  "size": 1654899780,
  "children": []
}