{
  "id": "61c7463d-d52a-4257-afdd-5b71205ef019",
  "pid": "aafff1f2-ed52-45da-b0db-22bc45041ab9",
  "dblevel": 5,
  "location": "/VGMV/01_BaiGiang/HocTheoChuDe/17-SongDeoDuoiMucDich/18_NhanBietTiengGoi-P1",
  "isVideo": true,
  "url": "01-bai-giang.hoc-theo-chu-de.17-song-deo-duoi-muc-dich.18-nhan-biet-tieng-goi-p1",
  "name": "18_Nhận Biết Tiếng Gọi-P1",
  "count": 0,
  "isLeaf": null,
  "keyword": null,
  "hash": "U2FsdGVkX1/F73Yjwex7HJPbbjQf3y7Wnkk7YDohwqEEQRO6EZ1h5Bpg3lzAJuWYOGTEKun3kVY9qEqPfJLBcw==",
  "khash": "U2FsdGVkX19MK1YabNhNCCJ2XzYo/RC7TxcBGpzvlS/O7aEXIgJgb+xWvD6wlx3t9MeA63gtzMS8ptiEe6UAzA==",
  "viewCount": null,
  "duration": "57:13",
  "size": 1687246875,
  "children": []
}