{
  "id": "932ab229-57df-468f-9c89-4507d3757e86",
  "pid": "ba0ef5e2-e1e4-4be5-ba01-8f6e8844628b",
  "dblevel": 4,
  "location": "/VGMV/01_BaiGiang/TongQuanKinhThanh/61_2Phi-e-ro",
  "isVideo": true,
  "url": "01-bai-giang.tong-quan-kinh-thanh.61-2phi-e-ro",
  "name": "61_2Phi-e-rơ",
  "count": 0,
  "isLeaf": null,
  "keyword": null,
  "hash": "",
  "khash": "U2FsdGVkX1/H2IqUH274dii3Pg3Z/JqC5z0hd66RLYUJmZFAu73/LeEI/nBGiS3nPNh9L9uojVM4zqDLOosuAg==",
  "viewCount": null,
  "duration": "8:2",
  "size": 237397674,
  "children": []
}