{
  "id": "ea807f5b-5cb9-4afc-a98a-8a6f9283bfcb",
  "pid": "08fc6761-610b-4f15-a719-bc40f501e170",
  "dblevel": 4,
  "location": "/VGMV/01_BaiGiang/CauChuyen/23-ChuaGie-xuBatDauChucVu",
  "isVideo": true,
  "url": "01-bai-giang.cau-chuyen.23-chua-gie-xu-bat-dau-chuc-vu",
  "name": "23-Chúa Giê-xu Bắt Đầu Chức Vụ",
  "count": 0,
  "isLeaf": null,
  "keyword": null,
  "hash": "U2FsdGVkX19punxa3vrKbRi3vEYY+RzVCPVLQ22rdiof75ENq3E8Fn47HLX6D68wwBSaQSViphM930EHTQtzSg==",
  "khash": "U2FsdGVkX1/BoabY2DbNrCWBOXIdJuwdNHmiOTVzeFSuSxiChpYSkBEHQb4Kl2MbetkAnav209rsUWxJK2vYZA==",
  "viewCount": null,
  "duration": "32:5",
  "size": 319414600,
  "children": []
}