{
  "id": "7085a189-5103-4632-8026-581ff7de95d6",
  "pid": "aafff1f2-ed52-45da-b0db-22bc45041ab9",
  "dblevel": 5,
  "location": "/VGMV/01_BaiGiang/HocTheoChuDe/17-SongDeoDuoiMucDich/06_XacDinhMucDichSong-P3",
  "isVideo": true,
  "url": "01-bai-giang.hoc-theo-chu-de.17-song-deo-duoi-muc-dich.06-xac-dinh-muc-dich-song-p3",
  "name": "06_Xác Định Mục Đích Sống-P3",
  "count": 0,
  "isLeaf": null,
  "keyword": null,
  "hash": "U2FsdGVkX19o1oQH6Fwa6C3FgzGetlFbPTPhxjNaw+DkfmwEn0Gv7gAqQlO72JD2wEULpO0pT6nzogSuJxJCTQ==",
  "khash": "U2FsdGVkX1/yUlfxoxfQs5E+hsCSeTLCaicw4lFelUEvc4SI7okVw2vd+srqplAmKusmp4J3JXdY6x6GacthVw==",
  "viewCount": null,
  "duration": "31:26",
  "size": 928083273,
  "children": []
}