{
  "id": "a219b004-6063-4c17-820f-cbcc73e4c04d",
  "pid": "ba0ef5e2-e1e4-4be5-ba01-8f6e8844628b",
  "dblevel": 4,
  "location": "/VGMV/01_BaiGiang/TongQuanKinhThanh/27_Da-ni-en",
  "isVideo": true,
  "url": "01-bai-giang.tong-quan-kinh-thanh.27-da-ni-en",
  "name": "27_Đa-ni-ên",
  "count": 0,
  "isLeaf": null,
  "keyword": null,
  "hash": "",
  "khash": "U2FsdGVkX18NZ+6YdP4sOZwITPTeumYKtGjFUY7AKj8KG5uroMX4V0cZ2gr6fVqAzLc2IxLsPv1cihe5vdBv8w==",
  "viewCount": null,
  "duration": "8:53",
  "size": 262945299,
  "children": []
}