{
  "id": "b8d21251-7104-4bb3-8cea-3d62e2815bd8",
  "pid": "af2d4de5-93d1-4c6e-ad79-74899dfd9628",
  "dblevel": 5,
  "location": "/VGMV/01_BaiGiang/HocTheoChuDe/07-SuTaiLamCuaChuaGie-xu-MSThaiPhuocTruong/SuTaiLamCuaChuaGie-xuP2",
  "isVideo": true,
  "url": "01-bai-giang.hoc-theo-chu-de.07-su-tai-lam-cua-chua-gie-xu-ms-thai-phuoc-truong.su-tai-lam-cua-chua-gie-xu-p2",
  "name": "Sự Tái Lâm Của Chúa Giê-xu P2",
  "count": 0,
  "isLeaf": null,
  "keyword": null,
  "hash": "U2FsdGVkX18GjbEO4zdJ9FGsf9SDG8m/DPal/NywZ10dmluZ7zO40RU7piEViQeiy0ZabpGB0+FlTCpcJU91cA==",
  "khash": "U2FsdGVkX18xuLyIorqBr/oH855oXQDZpB+wqQRgF1VSDVKo7o+CCR4WUtOWfhQTml1VzXc6Gt5rijyzji5oKw==",
  "viewCount": null,
  "duration": "38:13",
  "size": 1041913903,
  "children": []
}