{
  "id": "751b3789-dd03-497a-be2c-9059cd1e5c56",
  "pid": "646636d9-4178-4159-bda6-635d816f0b3f",
  "dblevel": 5,
  "location": "/VGMV/01_BaiGiang/HocTheoChuDe/05-CauNguyen-MSDangMinhTri/08CN_Eph011523_CauNguyenVoiChuaTeTri-P1",
  "isVideo": true,
  "url": "01-bai-giang.hoc-theo-chu-de.05-cau-nguyen-ms-dang-minh-tri.08cn-eph011523-cau-nguyen-voi-chua-te-tri-p1",
  "name": "08CN_Eph011523_Cầu Nguyện Với Chúa Tể Trị-P1",
  "count": 0,
  "isLeaf": null,
  "keyword": null,
  "hash": "U2FsdGVkX19jT5dcmztGtS4GxcSX1UwwIYgceUlZT6f0kD/B9Ym0zIThphMPAri/RXKmqnJO2VJAWHi3uowMfw==",
  "khash": "U2FsdGVkX1/I1KuEWr9I0lzkvvO0INlvEYDHVGs9b878I+YxVJYaTLUNfYQGRGXQWBeof5B8yYXVoaNC1ZIPsw==",
  "viewCount": null,
  "duration": "70:38",
  "size": 1127378428,
  "children": []
}