{
  "id": "cd1ff20f-e122-4dfb-bb02-b619a52705ed",
  "pid": "aafff1f2-ed52-45da-b0db-22bc45041ab9",
  "dblevel": 5,
  "location": "/VGMV/01_BaiGiang/HocTheoChuDe/17-SongDeoDuoiMucDich/24_NhanBietTiengGoi-P7",
  "isVideo": true,
  "url": "01-bai-giang.hoc-theo-chu-de.17-song-deo-duoi-muc-dich.24-nhan-biet-tieng-goi-p7",
  "name": "24_Nhận Biết Tiếng Gọi-P7",
  "count": 0,
  "isLeaf": null,
  "keyword": null,
  "hash": "U2FsdGVkX1/+Hs7G2SucvCjcu8LQCQBIPRLj6Qt+tV1fgqdQGTrk/x1NLw5e5DgLxKOoN/yuwzB54ZNA75Umqw==",
  "khash": "U2FsdGVkX19FmHTMqgs0dyk4Y16whS2s9M4ttMYNSqyZbcenG3kmAOncqaQCAOLnCC86psFMOf88jqPaTRiv5A==",
  "viewCount": null,
  "duration": "39:13",
  "size": 920797413,
  "children": []
}