{
  "id": "a1d2e821-b0bb-4767-be52-abcbf3ec2e25",
  "pid": "5de8a03f-3734-49ac-9eed-f94ad7115cae",
  "dblevel": 5,
  "location": "/VGMV/01_BaiGiang/HocTheoChuDe/09-KinhNghiemDoiSong/05_KhiChuaTaiLam",
  "isVideo": true,
  "url": "01-bai-giang.hoc-theo-chu-de.09-kinh-nghiem-doi-song.05-khi-chua-tai-lam",
  "name": "05_Khi Chúa Tái Lâm",
  "count": 0,
  "isLeaf": null,
  "keyword": null,
  "hash": "U2FsdGVkX18qYnNijx3Zn8K1vG/jKeSwRoRKBWvZEwJmEsbOE085q5y/g4BU6xuGPUxRv/BslQYPQqMoY/n0Ww==",
  "khash": "U2FsdGVkX1+moqa5NerAMg4+n76ktCzr5OtwdBgm9UTXpX/OHMKOz8sArbV9FX2q6ylPnUy8O9RXmdCst5EP3A==",
  "viewCount": null,
  "duration": "44:6",
  "size": 1228617503,
  "children": []
}