{
  "id": "c2df5bae-b3ac-4116-9da9-ad58df1e47c8",
  "pid": "50855622-7f52-41e5-a331-bb605fca5c99",
  "dblevel": 5,
  "location": "/VGMV/01_BaiGiang/HocTheoChuDe/14-KhongDG/MuoiManVaSangSoiP1",
  "isVideo": true,
  "url": "01-bai-giang.hoc-theo-chu-de.14-khong-dg.muoi-man-va-sang-soi-p1",
  "name": "Muối Mặn Và Sáng Soi P1",
  "count": 0,
  "isLeaf": null,
  "keyword": null,
  "hash": "U2FsdGVkX1/cm4lp5ABA1l2DMs4CHb9BCD7waaspoN8QsZjmB8d+XknC5Gt+htX3geL/14tAAKMP8bqqVRRLzQ==",
  "khash": "U2FsdGVkX1//m6+bW6nc8Q6nzDJi+iPKSV8Xr/uEhbKXlCs/SNLj0JgSuVX5dqOyPvLyzrmW9otIYHLo0T/UyA==",
  "viewCount": null,
  "duration": "38:13",
  "size": 930303654,
  "children": []
}