{
  "id": "d674a568-285b-4eaf-95bb-85c58664e56f",
  "pid": "ba0ef5e2-e1e4-4be5-ba01-8f6e8844628b",
  "dblevel": 4,
  "location": "/VGMV/01_BaiGiang/TongQuanKinhThanh/49_E-phe-so",
  "isVideo": true,
  "url": "01-bai-giang.tong-quan-kinh-thanh.49-e-phe-so",
  "name": "49_Ê-phê-sô",
  "count": 0,
  "isLeaf": null,
  "keyword": null,
  "hash": "",
  "khash": "U2FsdGVkX19oWkK24PgWipdcvBXXoHt/+HJxrsmgF8IOTKL1m1Bg4MHF6aIsa1b7/tEpLxSpFiiREvZKMB7JUA==",
  "viewCount": null,
  "duration": "8:56",
  "size": 265112891,
  "children": []
}