{
  "id": "2c5cfaf5-941a-4687-94c6-4fc43a068c57",
  "pid": "93e60200-b113-4239-9ec5-d5d7df05d177",
  "dblevel": 4,
  "location": "/VGMV/01_BaiGiang/CacDienGia/MSTPT_SuVuiMungLonChoMuonDan",
  "isVideo": true,
  "url": "01-bai-giang.cac-dien-gia.mstpt-su-vui-mung-lon-cho-muon-dan",
  "name": "MSTPT_Sự Vui Mừng Lớn Cho Muôn Dân",
  "count": 0,
  "isLeaf": null,
  "keyword": null,
  "hash": "U2FsdGVkX18urZQcdO1NJH6NMyPPf0TnQMygjRdrbAwI0gNv4tBkQDHNlXGX2FvsQBsmovUj5abPmsjtPP0SyA==",
  "khash": "U2FsdGVkX1+1b+ri129+rs/7q7S1nYfDsvORe142+FdSt6O/tOU01vPBshUJqtW4KoNrco+F51oMSGrsZFgbmA==",
  "viewCount": null,
  "duration": "33:59",
  "size": 412661318,
  "children": []
}