{
  "id": "2771461c-0f06-4ccd-80f2-eeead4489353",
  "pid": "2be856c9-d1b7-4822-a94c-2f624f00c00b",
  "dblevel": 5,
  "location": "/VGMV/01_BaiGiang/HocTheoChuDe/12-SongTrongTinhYeu/04-SongVoiChuaLaNguonTinhyeu",
  "isVideo": true,
  "url": "01-bai-giang.hoc-theo-chu-de.12-song-trong-tinh-yeu.04-song-voi-chua-la-nguon-tinh-yeu",
  "name": "04-Sống Với Chúa Là Nguồn Tình yêu",
  "count": 0,
  "isLeaf": null,
  "keyword": null,
  "hash": "U2FsdGVkX18moPe31BaykbnPgexqRyqNXpZHimHYfuRfK6zBHS2gfx82FkgO2C+Q9KwWH/99cCH5UBR8a3Dlbg==",
  "khash": "U2FsdGVkX1//5OHLNbRq0J5/9LaXHTODrNgpnNRZ1s1Ip+HDWE/nYxTVnUIEDh5fLlLxvLPEYjKRvSqBBsO4LA==",
  "viewCount": null,
  "duration": "60:54",
  "size": 1658307804,
  "children": []
}