{
  "id": "e3432bf7-7652-4a30-a23d-7653b79cbfd3",
  "pid": "ba0ef5e2-e1e4-4be5-ba01-8f6e8844628b",
  "dblevel": 4,
  "location": "/VGMV/01_BaiGiang/TongQuanKinhThanh/28_O-se",
  "isVideo": true,
  "url": "01-bai-giang.tong-quan-kinh-thanh.28-o-se",
  "name": "28_Ô-sê",
  "count": 0,
  "isLeaf": null,
  "keyword": null,
  "hash": "",
  "khash": "U2FsdGVkX18C2eV5bnKuwSj3eXsB1jQgFsDa/3NjOaK5DWUGAQOTmAQXQlUAHJCM4XdTqZMSYtgVJWjPahsW4w==",
  "viewCount": null,
  "duration": "7:36",
  "size": 224116831,
  "children": []
}