{
  "id": "0c4f5335-0357-4ba9-9b10-8e8fd62b630c",
  "pid": "acb12f26-83b3-4f4b-80d1-a06ebf5b8c76",
  "dblevel": 5,
  "location": "/VGMV/01_BaiGiang/HocTheoChuDe/10-NguyenTacDoiSong/28-MoiThongCongTrongCongDongCoDoc",
  "isVideo": true,
  "url": "01-bai-giang.hoc-theo-chu-de.10-nguyen-tac-doi-song.28-moi-thong-cong-trong-cong-dong-co-doc",
  "name": "28-Mối Thông Công Trong Cộng Đồng Cơ Đốc",
  "count": 0,
  "isLeaf": null,
  "keyword": null,
  "hash": "U2FsdGVkX18AGvYAxB671bWqOfHuM2bRvFU9QGXAI3fhJ76flcuzIW0p8Io+xigHqeV4FewKmyEvuyz5Qa2QSQ==",
  "khash": "U2FsdGVkX1/kZ0gXGgVJCwU0w8LCT/2Z5ILpXdfC7ZEjdgtBq8RhzRqqD2bgmOSuabSzYfR3YVkz6+4KoCJ4Kg==",
  "viewCount": null,
  "duration": "26:15",
  "size": 735386499,
  "children": []
}