{
  "id": "d7af50ce-750e-403d-82ee-67a1fed27d0b",
  "pid": "ba0ef5e2-e1e4-4be5-ba01-8f6e8844628b",
  "dblevel": 4,
  "location": "/VGMV/01_BaiGiang/TongQuanKinhThanh/36_So-pho-ni",
  "isVideo": true,
  "url": "01-bai-giang.tong-quan-kinh-thanh.36-so-pho-ni",
  "name": "36_Sô-phô-ni",
  "count": 0,
  "isLeaf": null,
  "keyword": null,
  "hash": "",
  "khash": "U2FsdGVkX1890XcwN+GXjydVkX0SBHL+S4LoIKtrzRhidn1Q/WvLuojo72PpNHOSwjbDHCd9L5ixlEZktSihIA==",
  "viewCount": null,
  "duration": "5:9",
  "size": 152139688,
  "children": []
}