{
  "id": "547d1e90-e67f-4958-9c37-01c7701436fa",
  "pid": "193f4b25-1d46-4d15-8d87-d181de0a93bf",
  "dblevel": 5,
  "location": "/VGMV/01_BaiGiang/HocTheoChuDe/11-ThanLeThat-traiTN2017/17-KinhNghiemQuyenNangThanhLinhP1",
  "isVideo": true,
  "url": "01-bai-giang.hoc-theo-chu-de.11-than-le-that-trai-tn2017.17-kinh-nghiem-quyen-nang-thanh-linh-p1",
  "name": "17-Kinh Nghiệm Quyền Năng Thánh Linh P1",
  "count": 0,
  "isLeaf": null,
  "keyword": null,
  "hash": "U2FsdGVkX19peaFTQMINSz9LdgyfUS781uW8QtBvabwnrdHoQ/A3zswE9xJdppTmMFJY1P2WzReDXLQ3fkA8yQ==",
  "khash": "U2FsdGVkX1+DG4inmjjFOpr5fYWEUNA1qOa15oJkA1RQvrdGfBR7AsK4IXe4oxWiyIwTy3Ml7eLT8VIymd8E3Q==",
  "viewCount": null,
  "duration": "60:15",
  "size": 1763089384,
  "children": []
}