{
  "id": "05c21e30-8643-4de3-9d01-b9df624c5d4e",
  "pid": "b3cd0b8c-ee85-4f8b-b5a3-5da0119d1d58",
  "dblevel": 5,
  "location": "/VGMV/01_BaiGiang/HocTheoChuDe/04-TuongGiaoVoiChua/TuongGiaoVoiChua-P4",
  "isVideo": true,
  "url": "01-bai-giang.hoc-theo-chu-de.04-tuong-giao-voi-chua.tuong-giao-voi-chua-p4",
  "name": "Tương Giao Với Chúa-P4",
  "count": 0,
  "isLeaf": null,
  "keyword": null,
  "hash": "U2FsdGVkX1+eGZ5nWXP8VaBLVIQAdKHW/9ZMeO4mXrx+YsVSlaBEHkDjg7VmoZgZ/K2EZCTNzNVoLAlLd2REHg==",
  "khash": "U2FsdGVkX18a+2o5Di0WHPRtQPPZZ9uCNSL7NQ+RJRjXx7OM2C2Yk8VhOccWT22amKZmq+RlLsKxBtCEP0W+Wg==",
  "viewCount": null,
  "duration": "29:57",
  "size": 298065683,
  "children": []
}