{
  "id": "108245f9-41af-400f-ad6b-0a12caa9a0ad",
  "pid": "acb12f26-83b3-4f4b-80d1-a06ebf5b8c76",
  "dblevel": 5,
  "location": "/VGMV/01_BaiGiang/HocTheoChuDe/10-NguyenTacDoiSong/21-SuVangLoiLuonDemDenPhuocHanh",
  "isVideo": true,
  "url": "01-bai-giang.hoc-theo-chu-de.10-nguyen-tac-doi-song.21-su-vang-loi-luon-dem-den-phuoc-hanh",
  "name": "21-Sự Vâng Lời Luôn Đem Đến Phước Hạnh",
  "count": 0,
  "isLeaf": null,
  "keyword": null,
  "hash": "U2FsdGVkX19e7+6glnZVtcVvgeYj08cqO+avTBdy8bBnrP7hdXQ7s6NyNEeCqk++rq2v0Klu56Fe4/CO5YRH0Q==",
  "khash": "U2FsdGVkX1+b0gNErgNJ6eVz7ny3nEWHs/JUZHRMFKUnHo3GYtVQd7E9uJSMWc9cULAMnbuc8Gv9MGptuwyM/A==",
  "viewCount": null,
  "duration": "27:4",
  "size": 759862562,
  "children": []
}