{
  "id": "0a1d440b-9489-471f-be0f-b2e1f5508303",
  "pid": "ba0ef5e2-e1e4-4be5-ba01-8f6e8844628b",
  "dblevel": 4,
  "location": "/VGMV/01_BaiGiang/TongQuanKinhThanh/32-Gio-na",
  "isVideo": true,
  "url": "01-bai-giang.tong-quan-kinh-thanh.32-gio-na",
  "name": "32-Giô-na",
  "count": 0,
  "isLeaf": null,
  "keyword": null,
  "hash": "",
  "khash": "U2FsdGVkX19kqD26Ns3IuTt911l1Uw+Hvl2mmZHNgIb/nqpHByKXxI7yrgFfLxDQnAMx8UoXcXwiVR8ix991LQ==",
  "viewCount": null,
  "duration": "9:0",
  "size": 265772237,
  "children": []
}