{
  "id": "3a9b1c41-4aa9-4652-9ad9-0a0d5b6d0dae",
  "pid": "193f4b25-1d46-4d15-8d87-d181de0a93bf",
  "dblevel": 5,
  "location": "/VGMV/01_BaiGiang/HocTheoChuDe/11-ThanLeThat-traiTN2017/10-ThanhLinhHayTaLinhP2",
  "isVideo": true,
  "url": "01-bai-giang.hoc-theo-chu-de.11-than-le-that-trai-tn2017.10-thanh-linh-hay-ta-linh-p2",
  "name": "10-Thánh Linh Hay Tà Linh P2",
  "count": 0,
  "isLeaf": null,
  "keyword": null,
  "hash": "U2FsdGVkX1+OIbr1vfCZD2vYLIBvxThzac4g7morqt4UlZyO7sP02SonQ6Mxh5pef23LypJ6oel6TfcnEDUCnA==",
  "khash": "U2FsdGVkX19BvsrEO75IJw7UWK6Cl8TvDZptaUYfvcXPSxHVHJ75Br1M9/Gm1jaLLztTpvC+8vkBaEyMhvUW4w==",
  "viewCount": null,
  "duration": "61:32",
  "size": 1809490396,
  "children": []
}