{
  "id": "a1bb62f2-d37f-406f-9201-8b17fae92556",
  "pid": "193f4b25-1d46-4d15-8d87-d181de0a93bf",
  "dblevel": 5,
  "location": "/VGMV/01_BaiGiang/HocTheoChuDe/11-ThanLeThat-traiTN2017/19-SongTheoDucThanhLinh",
  "isVideo": true,
  "url": "01-bai-giang.hoc-theo-chu-de.11-than-le-that-trai-tn2017.19-song-theo-duc-thanh-linh",
  "name": "19-Sống Theo Đức Thánh Linh",
  "count": 0,
  "isLeaf": null,
  "keyword": null,
  "hash": "U2FsdGVkX1/fdKsjxZPFd8Y7CbFQLmbQ54YECyhr3uAAlA3RyUyhpyLVQNNALeyUBvsWN2aBql45glig/G6l+A==",
  "khash": "U2FsdGVkX19dn1e56qwu2JOmJohxy7SpaFRWOCDR+vdQaHcCTsfSg3KiUYtu+cNeAitwbh9rODp6Akns+M/h/Q==",
  "viewCount": null,
  "duration": "51:20",
  "size": 1505167177,
  "children": []
}