{
  "id": "e2b8d247-7078-4955-aa30-9e1e344f162b",
  "pid": "acb12f26-83b3-4f4b-80d1-a06ebf5b8c76",
  "dblevel": 5,
  "location": "/VGMV/01_BaiGiang/HocTheoChuDe/10-NguyenTacDoiSong/02-DoiSongDauPhuc",
  "isVideo": true,
  "url": "01-bai-giang.hoc-theo-chu-de.10-nguyen-tac-doi-song.02-doi-song-dau-phuc",
  "name": "02-Đời Sống Đầu Phục",
  "count": 0,
  "isLeaf": null,
  "keyword": null,
  "hash": "U2FsdGVkX1/pZIE3XqqAKXQ2gQXhVujc68ZJlpGf3rst5PHsC5HCEhHa/jcG8rVFJSsc+vvgRxroOVHVa+Er7A==",
  "khash": "U2FsdGVkX18e0iVlDg+l+KNfrlIYfPqmVhG/Bf9Kh0oUqdWuFLc/i/FZtEJHR1mSq0j5MhD+qMbE+VllkIJDKQ==",
  "viewCount": null,
  "duration": "26:11",
  "size": 733368097,
  "children": []
}