{
  "id": "a17ae7d5-90b1-42b2-b54d-4f7073cb6815",
  "pid": "193f4b25-1d46-4d15-8d87-d181de0a93bf",
  "dblevel": 5,
  "location": "/VGMV/01_BaiGiang/HocTheoChuDe/11-ThanLeThat-traiTN2017/06-ThanViVaCongTacDucThanhLinhP3",
  "isVideo": true,
  "url": "01-bai-giang.hoc-theo-chu-de.11-than-le-that-trai-tn2017.06-than-vi-va-cong-tac-duc-thanh-linh-p3",
  "name": "06-Thân Vị Và Công Tác Đức Thánh Linh P3",
  "count": 0,
  "isLeaf": null,
  "keyword": null,
  "hash": "U2FsdGVkX19Bijk83j0N7LN4yfUnXo7+2vU/bZ5xDTy7ATsXmRCHJtTCyCp6k4i0KtDAE2ZYGQXr5SpsrBUMOA==",
  "khash": "U2FsdGVkX1+4nKGhriQWiHeA3cMQk2AW9eldphilRWNfDjBZ9QAnojuRixrRe/OpwPf0LNBpn048dhBLMTHFXw==",
  "viewCount": null,
  "duration": "19:27",
  "size": 572832633,
  "children": []
}