{
  "id": "30807814-0b1e-496e-ae19-26711410f007",
  "pid": "32ce4fd5-5472-4fa4-a00a-1465d0d1c284",
  "dblevel": 5,
  "location": "/VGMV/01_BaiGiang/HocTheoChuDe/22-BaySuDiepDanhChoHoiThanhVaCoDocNhanTrongMoiThoiDai-MSLamHuuPhuc/01-ThuGuiHoiThanhE-phe-so",
  "isVideo": true,
  "url": "01-bai-giang.hoc-theo-chu-de.22-bay-su-diep-danh-cho-hoi-thanh-va-co-doc-nhan-trong-moi-thoi-dai-ms-lam-huu-phuc.01-thu-gui-hoi-thanh-e-phe-so",
  "name": "01-Thư Gửi Hội Thánh Ê-phê-sô",
  "count": 0,
  "isLeaf": null,
  "keyword": null,
  "hash": "U2FsdGVkX1/Vt8cFyVIv0rTvlZHiMsTG7NtJ/hUD1hVMxMGZfoHsJdHNnitmfSBJaP+Y6NTP79KBfSDWgB83kQ==",
  "khash": "U2FsdGVkX191YHPdztX7HxhBbaRHXCe5GaJhIlSdmx1BmBmgb2Ih0GowCT7P9bsErLgEe/Q3R3Z5ic9FT2ZafQ==",
  "viewCount": null,
  "duration": "56:50",
  "size": 1080217101,
  "children": []
}