{
  "id": "21f50597-0802-4d53-9d4b-d035b182db15",
  "pid": "e7e64cb2-290b-4a79-b7bb-76f949de6ab6",
  "dblevel": 5,
  "location": "/VGMV/01_BaiGiang/HocTheoChuDe/20-GiuTronNgayThanh/GiuTronNgayThanh-P2",
  "isVideo": true,
  "url": "01-bai-giang.hoc-theo-chu-de.20-giu-tron-ngay-thanh.giu-tron-ngay-thanh-p2",
  "name": "Giữ Trọn Ngày Thánh-P2",
  "count": 0,
  "isLeaf": null,
  "keyword": null,
  "hash": "U2FsdGVkX1+iNDvs4LjG+OoJPATR1RqADVZKQrwuzw//liQN0PNPEj2y2qp4/c6C8uAsPR0eFJ/QkrvD7956GA==",
  "khash": "U2FsdGVkX18Vi+L1/A8iqK+oYnpAZfAVD1oHSk8Ej4xp+ISDbDp2wmqdSrveA6vwsUzNxLnvfb7MeZf6JYQcOA==",
  "viewCount": null,
  "duration": "70:45",
  "size": 2094996215,
  "children": []
}