{
  "id": "48fe80c8-818a-489a-b061-6aba72b0fc11",
  "pid": "ba0ef5e2-e1e4-4be5-ba01-8f6e8844628b",
  "dblevel": 4,
  "location": "/VGMV/01_BaiGiang/TongQuanKinhThanh/42a_Lu-ca01-09a",
  "isVideo": true,
  "url": "01-bai-giang.tong-quan-kinh-thanh.42a-lu-ca-01-09a",
  "name": "42a_Lu-ca 01-09a",
  "count": 0,
  "isLeaf": null,
  "keyword": null,
  "hash": "",
  "khash": "U2FsdGVkX1++mCBQbzgSp3OMbcomf3hTp2GLp9hcEE97Li3MT+AZunELpaAHnkRJ9+hhmPYlkzlnzZEVYG9evg==",
  "viewCount": null,
  "duration": "8:15",
  "size": 244188229,
  "children": []
}