{
  "id": "c5a98449-e757-42e8-944a-7195ffd96229",
  "pid": "aafff1f2-ed52-45da-b0db-22bc45041ab9",
  "dblevel": 5,
  "location": "/VGMV/01_BaiGiang/HocTheoChuDe/17-SongDeoDuoiMucDich/05_XacDinhMucDichSong-P2",
  "isVideo": true,
  "url": "01-bai-giang.hoc-theo-chu-de.17-song-deo-duoi-muc-dich.05-xac-dinh-muc-dich-song-p2",
  "name": "05_Xác Định Mục Đích Sống-P2",
  "count": 0,
  "isLeaf": null,
  "keyword": null,
  "hash": "U2FsdGVkX19iKPYYGAm0W6yltKNXzzeYYZNSTTo/P4ykWUdGupzZYqwvkmHxbMP/nWvCQOouudwRYZEA0gbixQ==",
  "khash": "U2FsdGVkX18luMSItezXZaJAaCAiRL2CDDRq7qwmI95hvNNIcisC4KdyITNXuHkUySI/erSpXH9KMG7ZF00P5Q==",
  "viewCount": null,
  "duration": "40:49",
  "size": 1205246067,
  "children": []
}