{
  "id": "6f09d938-f614-4a85-ae3f-03d88c007f2b",
  "pid": "93e60200-b113-4239-9ec5-d5d7df05d177",
  "dblevel": 4,
  "location": "/VGMV/01_BaiGiang/CacDienGia/MSPVC_SongTrongLeThat_Gi031621-P1",
  "isVideo": true,
  "url": "01-bai-giang.cac-dien-gia.mspvc-song-trong-le-that-gi031621-p1",
  "name": "MSPVC_Sống Trong Lẽ Thật_Gi031621-P1",
  "count": 0,
  "isLeaf": null,
  "keyword": null,
  "hash": "U2FsdGVkX1+LNT4xc/VMvSL7oI0RQ/HdGJVqCfi1Eu8aRVFv4Qm7sc020r0RMFnaNTCKFCzGnpH44rmQPsZ9ig==",
  "khash": "U2FsdGVkX1+6akyB2r/vHiEVDM2Y8RDWeM3jmD/7I2WZWcTwxnzuXE0WAciRLSldYfLiJ8zd5wbzQTx5izHMIw==",
  "viewCount": null,
  "duration": "30:31",
  "size": 691391177,
  "children": []
}