{
  "id": "3bd17eaf-67a7-4e01-bd2c-64d9d0728ffc",
  "pid": "acb12f26-83b3-4f4b-80d1-a06ebf5b8c76",
  "dblevel": 5,
  "location": "/VGMV/01_BaiGiang/HocTheoChuDe/10-NguyenTacDoiSong/03-ChiecNeoTrongBaoTo",
  "isVideo": true,
  "url": "01-bai-giang.hoc-theo-chu-de.10-nguyen-tac-doi-song.03-chiec-neo-trong-bao-to",
  "name": "03-Chiếc Neo Trong Bão Tố",
  "count": 0,
  "isLeaf": null,
  "keyword": null,
  "hash": "U2FsdGVkX1+o92ZH5bqMJsQ1E8OcoZsTq/JEPeCvoi/DYQwaNcbfy2anCu9KN+F/rD5pbVNK/mEIvwq/hY2Skg==",
  "khash": "U2FsdGVkX1+/rG8DV5tu7G4UmiIm6OfxV1EheOJ8PTyGYy5TXxl+v4QxF4fusSqs2ktn7/q5ol3kbmDifB2NsQ==",
  "viewCount": null,
  "duration": "26:13",
  "size": 733098210,
  "children": []
}