{
  "id": "29a92829-293b-41cc-80f2-8494b28687c0",
  "pid": "ba0ef5e2-e1e4-4be5-ba01-8f6e8844628b",
  "dblevel": 4,
  "location": "/VGMV/01_BaiGiang/TongQuanKinhThanh/54_1Ti-mo-the",
  "isVideo": true,
  "url": "01-bai-giang.tong-quan-kinh-thanh.54-1ti-mo-the",
  "name": "54_1Ti-mô-thê",
  "count": 0,
  "isLeaf": null,
  "keyword": null,
  "hash": "",
  "khash": "U2FsdGVkX18foVN0sb9ql/YE821DNwiT3ODybu/JSF1gGDsSbpEYjHJwwrZUFBvdz6oVvAmR6a9CDx86FqxV+Q==",
  "viewCount": null,
  "duration": "9:18",
  "size": 274736930,
  "children": []
}