{
  "id": "6379dd4c-117b-42b9-b56d-df72e9c9c7a7",
  "pid": "ba0ef5e2-e1e4-4be5-ba01-8f6e8844628b",
  "dblevel": 4,
  "location": "/VGMV/01_BaiGiang/TongQuanKinhThanh/07_CacQuanXet",
  "isVideo": true,
  "url": "01-bai-giang.tong-quan-kinh-thanh.07-cac-quan-xet",
  "name": "07_Các Quan Xét",
  "count": 0,
  "isLeaf": null,
  "keyword": null,
  "hash": "",
  "khash": "U2FsdGVkX18Z+K1TbfHwbr8ozrgVSW94YXXAOniaFWYzA/KNdL2TDOnZPLPzk22dOfuvhvtbPWV4/ZTchG2kiQ==",
  "viewCount": null,
  "duration": "7:29",
  "size": 221471101,
  "children": []
}