{
  "id": "c30560b0-790f-4dca-9697-b4107f267b00",
  "pid": "dd494879-da36-4932-9390-bf2209f5ef33",
  "dblevel": 5,
  "location": "/VGMV/01_BaiGiang/HocTheoChuDe/06-MotPhutSauKhiChet/01-MotPhutSauKhiChet",
  "isVideo": true,
  "url": "01-bai-giang.hoc-theo-chu-de.06-mot-phut-sau-khi-chet.01-mot-phut-sau-khi-chet",
  "name": "01-Một Phút Sau Khi Chết",
  "count": 0,
  "isLeaf": null,
  "keyword": null,
  "hash": "U2FsdGVkX19HbJz+TIYOUOKBrY8ul5xK6uJ/G38sPCmmT6/4QbAEK1U2Rs8vsMCOCuGuV8H/H2kcOD1wLzQFzQ==",
  "khash": "U2FsdGVkX18N/Jqb5kTGvh9ED0ORm2QnNLWwAX3x/kFg8KYGd2E//vBb0yepYqFBqxlHhxrK4zW8WFwdF8Slzg==",
  "viewCount": null,
  "duration": "25:4",
  "size": 685746827,
  "children": []
}