{
  "id": "22192988-daf4-4581-ad4b-bfc2c23e69d7",
  "pid": "ba0ef5e2-e1e4-4be5-ba01-8f6e8844628b",
  "dblevel": 4,
  "location": "/VGMV/01_BaiGiang/TongQuanKinhThanh/48_Ga-la-ti",
  "isVideo": true,
  "url": "01-bai-giang.tong-quan-kinh-thanh.48-ga-la-ti",
  "name": "48_Ga-la-ti",
  "count": 0,
  "isLeaf": null,
  "keyword": null,
  "hash": "",
  "khash": "U2FsdGVkX1+5/uliAnJl1SyP4OHRdQV+mAuMIbb7Z1zCact1pm9JSXn/t12jM64yaQbm9DXiZKYQO9s0GN9WEg==",
  "viewCount": null,
  "duration": "9:2",
  "size": 266945391,
  "children": []
}