{
  "id": "a946056b-6988-4a32-a6b7-c83184321ec5",
  "pid": "5de8a03f-3734-49ac-9eed-f94ad7115cae",
  "dblevel": 5,
  "location": "/VGMV/01_BaiGiang/HocTheoChuDe/09-KinhNghiemDoiSong/02_ChuaCoThatSuTeTri?",
  "isVideo": true,
  "url": "01-bai-giang.hoc-theo-chu-de.09-kinh-nghiem-doi-song.02-chua-co-that-su-te-tri-",
  "name": "02_Chúa Có Thật Sự Tể Trị ?",
  "count": 0,
  "isLeaf": null,
  "keyword": null,
  "hash": "U2FsdGVkX188Y91tRXn3GCRQdDj+ejW/bCtccc9ridy9dQNgxhp0fUQKHUeokv/EXeg1yXjv9U1GMcyutrCSnw==",
  "khash": "U2FsdGVkX1/LevKSX2KEHwc9qUHBiNAz2XuguPxf0KDzaU6KUHbwve621yMeET0dnQARH3BMNtqLZzCJs5GXKQ==",
  "viewCount": null,
  "duration": "46:39",
  "size": 1297994600,
  "children": []
}