{
  "id": "5c3f57ea-2c1e-4880-bdc7-3495c3ab0fc2",
  "pid": "ba0ef5e2-e1e4-4be5-ba01-8f6e8844628b",
  "dblevel": 4,
  "location": "/VGMV/01_BaiGiang/TongQuanKinhThanh/37_A-ghe",
  "isVideo": true,
  "url": "01-bai-giang.tong-quan-kinh-thanh.37-a-ghe",
  "name": "37_A-ghê",
  "count": 0,
  "isLeaf": null,
  "keyword": null,
  "hash": "",
  "khash": "U2FsdGVkX18e5WVCxlgVLRXbSBuOnV51PLdqjAU24M78iFCp6ZakuUeRn8iW+m+bTuZfDKqBdOYm95e7Ta3v4Q==",
  "viewCount": null,
  "duration": "5:37",
  "size": 165873990,
  "children": []
}