{
  "id": "54a842f1-fb86-421b-afe0-51237ed62b6a",
  "pid": "acb12f26-83b3-4f4b-80d1-a06ebf5b8c76",
  "dblevel": 5,
  "location": "/VGMV/01_BaiGiang/HocTheoChuDe/10-NguyenTacDoiSong/09-NiemVuiSuongTinCayChua",
  "isVideo": true,
  "url": "01-bai-giang.hoc-theo-chu-de.10-nguyen-tac-doi-song.09-niem-vui-suong-tin-cay-chua",
  "name": "09-Niềm Vui Sướng Tin Cậy Chúa",
  "count": 0,
  "isLeaf": null,
  "keyword": null,
  "hash": "U2FsdGVkX18YqPhknuEetuDZgnmqMAiv29zdzLUYPO4Grisx1twE46RonTxjDblKeiGXyx6WEnVz7WZF3iKpOw==",
  "khash": "U2FsdGVkX19Bf/GZbUhuOSTS1PWFMc6kCYVEh74SUBoSnog/+z6WJRfNoGlTwVSJVpbxp9jxh0OMOJl7QgMesg==",
  "viewCount": null,
  "duration": "26:20",
  "size": 737823371,
  "children": []
}