{
  "id": "23f7a343-9412-4a9e-9507-3b4ad002991b",
  "pid": "646636d9-4178-4159-bda6-635d816f0b3f",
  "dblevel": 5,
  "location": "/VGMV/01_BaiGiang/HocTheoChuDe/05-CauNguyen-MSDangMinhTri/06CN_Co010314_YChuaTrongCauNguyen-P1",
  "isVideo": true,
  "url": "01-bai-giang.hoc-theo-chu-de.05-cau-nguyen-ms-dang-minh-tri.06cn-co010314-y-chua-trong-cau-nguyen-p1",
  "name": "06CN_Co010314_Ý Chúa Trong Cầu Nguyện-P1",
  "count": 0,
  "isLeaf": null,
  "keyword": null,
  "hash": "U2FsdGVkX1+FzURpp1SHY4shhDG8cVI5A0+BtaRB47rMr2XaK62D60fUOFl7pvLpfh2Aoab/+47bGlPLNKISlg==",
  "khash": "U2FsdGVkX1+l+DxmMudvRrZ9OYjgSD2LXyXBPyD9yILdS8UcnZlNFML26aBJLcR4+2I8vTvqiSAiILvgQhHK3A==",
  "viewCount": null,
  "duration": "65:38",
  "size": 1047753455,
  "children": []
}