{
  "id": "0ef3a871-5978-4c56-8846-5a401af98f0b",
  "pid": "ba0ef5e2-e1e4-4be5-ba01-8f6e8844628b",
  "dblevel": 4,
  "location": "/VGMV/01_BaiGiang/TongQuanKinhThanh/42b_Lu-ca09b-24",
  "isVideo": true,
  "url": "01-bai-giang.tong-quan-kinh-thanh.42b-lu-ca-09b-24",
  "name": "42b_Lu-ca 09b-24",
  "count": 0,
  "isLeaf": null,
  "keyword": null,
  "hash": "",
  "khash": "U2FsdGVkX19QTXrYZZRGSWFaluGtZtgYKxWzmyOoWN02Fa0yOSG1Blk+0nL67I6ad45/+WrSBHdUaaJj27jBDA==",
  "viewCount": null,
  "duration": "7:47",
  "size": 230389700,
  "children": []
}