{
  "id": "5d844e68-c8c7-4925-b9c9-c1e06c5f9a3e",
  "pid": "ba0ef5e2-e1e4-4be5-ba01-8f6e8844628b",
  "dblevel": 4,
  "location": "/VGMV/01_BaiGiang/TongQuanKinhThanh/40a_Ma-thi-o01-13",
  "isVideo": true,
  "url": "01-bai-giang.tong-quan-kinh-thanh.40a-ma-thi-o-01-13",
  "name": "40a_Ma-thi-ơ 01-13",
  "count": 0,
  "isLeaf": null,
  "keyword": null,
  "hash": "",
  "khash": "U2FsdGVkX199JZeD3QswmN/vsFyi9CE0CKhnj+ctrRJuj400OW7sfNJl1FZ0pLHUBJokvxpw0wF4mcSLiF/DyQ==",
  "viewCount": null,
  "duration": "8:15",
  "size": 244287341,
  "children": []
}