{
  "id": "b31c8cd0-be3a-44f7-877f-f069a68f278d",
  "pid": "08fc6761-610b-4f15-a719-bc40f501e170",
  "dblevel": 4,
  "location": "/VGMV/01_BaiGiang/CauChuyen/31-TanThe",
  "isVideo": true,
  "url": "01-bai-giang.cau-chuyen.31-tan-the",
  "name": "31-Tận Thế",
  "count": 0,
  "isLeaf": null,
  "keyword": null,
  "hash": "U2FsdGVkX19PX5CHuKLGlyY0Ig4+8jt2jDzniHLupIl77Mibc5jbs03mqMk6JsJ6649dlBC4V3B+WceuEZZmjA==",
  "khash": "U2FsdGVkX1+JmkYo3Qh21mlEfYLjypI0DJqxsYbY7UOSPux5BDN90Jfm9x7IhKEe86HPaEXnPEg7fcNcYpGAEw==",
  "viewCount": null,
  "duration": "37:54",
  "size": 377366210,
  "children": []
}