{
  "id": "c30de8e7-ce79-4f89-8035-d091cd4b6e58",
  "pid": "93e60200-b113-4239-9ec5-d5d7df05d177",
  "dblevel": 4,
  "location": "/VGMV/01_BaiGiang/CacDienGia/MSTPT_SanSangChoViecLanh",
  "isVideo": true,
  "url": "01-bai-giang.cac-dien-gia.mstpt-san-sang-cho-viec-lanh",
  "name": "MSTPT_Sẵn Sàng Cho Việc Lành",
  "count": 0,
  "isLeaf": null,
  "keyword": null,
  "hash": "U2FsdGVkX1+8DrAquMYhs75wM9Hhm3fUlvgG9TQGXNDSGlfF1fyji7aghdwmo5CnH1JnAODi45eVAfor7uJL5w==",
  "khash": "U2FsdGVkX19YjxBxtvb+tnZqc+zsuIXASwQqoiP7ADK7RkMo8nCs/j+lSW59pHAJHaLG61GN92o13iOSlsuYFQ==",
  "viewCount": null,
  "duration": "50:23",
  "size": 804412357,
  "children": []
}