{
  "id": "443955a4-a864-42a7-9abb-ad2c0e3e5aa4",
  "pid": "acb12f26-83b3-4f4b-80d1-a06ebf5b8c76",
  "dblevel": 5,
  "location": "/VGMV/01_BaiGiang/HocTheoChuDe/10-NguyenTacDoiSong/10-ChuaSeBayToChoBanYMuonCuaNgai",
  "isVideo": true,
  "url": "01-bai-giang.hoc-theo-chu-de.10-nguyen-tac-doi-song.10-chua-se-bay-to-cho-ban-y-muon-cua-ngai",
  "name": "10-Chúa Sẽ Bày Tỏ Cho Bạn Ý Muốn Của Ngài",
  "count": 0,
  "isLeaf": null,
  "keyword": null,
  "hash": "U2FsdGVkX1/0AP2jzY/rnN7sD3+U6JGGfWYWs0fSE8G+RSE4ik6f3mJGMzOCRJJpLck0wVoFBvyIqC4CjSr7xQ==",
  "khash": "U2FsdGVkX1+wQctcHN/0yxdY9b49TJn6agbQKiXU4SveClRBZziFNWb84Ex8NeqfgNosPXCI6K4Sl668B1ndXA==",
  "viewCount": null,
  "duration": "26:53",
  "size": 754751630,
  "children": []
}