{
  "id": "77926565-f17f-47b4-96de-cf0b0014fe68",
  "pid": "ba0ef5e2-e1e4-4be5-ba01-8f6e8844628b",
  "dblevel": 4,
  "location": "/VGMV/01_BaiGiang/TongQuanKinhThanh/13-14-SuKy",
  "isVideo": true,
  "url": "01-bai-giang.tong-quan-kinh-thanh.13-14-su-ky",
  "name": "13-14-Sử Ký",
  "count": 0,
  "isLeaf": null,
  "keyword": null,
  "hash": "",
  "khash": "U2FsdGVkX1/JNVQ8vEGgSbRkpyhsneVmN8AwZ9L8AwqObP9oTKTncmQxCXYfdJ/SXt4WIln6cHGvSvt9o8zeEg==",
  "viewCount": null,
  "duration": "6:28",
  "size": 191779639,
  "children": []
}