{
  "id": "ecd16474-53a2-416f-bb4c-9c1db9b60602",
  "pid": "08fc6761-610b-4f15-a719-bc40f501e170",
  "dblevel": 4,
  "location": "/VGMV/01_BaiGiang/CauChuyen/10-KeDungVungNguoiSaNga",
  "isVideo": true,
  "url": "01-bai-giang.cau-chuyen.10-ke-dung-vung-nguoi-sa-nga",
  "name": "10-Kẻ Đứng Vững Người Sa Ngã",
  "count": 0,
  "isLeaf": null,
  "keyword": null,
  "hash": "U2FsdGVkX1+aa60v8Fu44Pmpbzu9DO237dYFSZ/r2u50QNbdIencC6mmmgZY+2un7s7NcH7zansW178EWctWuw==",
  "khash": "U2FsdGVkX1+gvI6OCaM82sQHbBrFZhqvJwljD9lRMt4FpFbg9p/tEVObWcwEhx+xCj7FciEpnONI7j7C2Yfenw==",
  "viewCount": null,
  "duration": "36:17",
  "size": 360199815,
  "children": []
}