{
  "id": "f98fc04b-5614-4319-b1ab-ec450a18829a",
  "pid": "ba0ef5e2-e1e4-4be5-ba01-8f6e8844628b",
  "dblevel": 4,
  "location": "/VGMV/01_BaiGiang/TongQuanKinhThanh/26a_E-xe-chi-en01-33",
  "isVideo": true,
  "url": "01-bai-giang.tong-quan-kinh-thanh.26a-e-xe-chi-en-01-33",
  "name": "26a_Ê-xê-chi-ên 01-33",
  "count": 0,
  "isLeaf": null,
  "keyword": null,
  "hash": "",
  "khash": "U2FsdGVkX1/spFvSfryNGi87AsT8Mw05DDPyO+E4HcFZxVR+fdw2mqX41McJVBxPbNXCQ+cmkC+AHiirTTc1GA==",
  "viewCount": null,
  "duration": "7:25",
  "size": 220670532,
  "children": []
}