{
  "id": "2749cc7b-cde7-44d2-8dd9-7f4a70057f8d",
  "pid": "b3cd0b8c-ee85-4f8b-b5a3-5da0119d1d58",
  "dblevel": 5,
  "location": "/VGMV/01_BaiGiang/HocTheoChuDe/04-TuongGiaoVoiChua/TuongGiaoVoiChua-P6",
  "isVideo": true,
  "url": "01-bai-giang.hoc-theo-chu-de.04-tuong-giao-voi-chua.tuong-giao-voi-chua-p6",
  "name": "Tương Giao Với Chúa-P6",
  "count": 0,
  "isLeaf": null,
  "keyword": null,
  "hash": "U2FsdGVkX1/0CVJgpYgqwXrHfHv3SC6wFzjiaPjSYb7IedfC8wtR4tgu1b845lipD3/PLjGGGMD0NffKakDGMg==",
  "khash": "U2FsdGVkX18aGtqnHvDETK+69mUQxJdF0cyWECOIR01pE3Y+xFNFRUIq9XGATR2Fyt8tdNsRG2AAZaHn3icZhw==",
  "viewCount": null,
  "duration": "31:12",
  "size": 308922590,
  "children": []
}