{
  "id": "c1d33979-ea96-496d-bfc3-544ada176bc5",
  "pid": "93e60200-b113-4239-9ec5-d5d7df05d177",
  "dblevel": 4,
  "location": "/VGMV/01_BaiGiang/CacDienGia/MSNHB_HyVongSongcuaCoDocNhan",
  "isVideo": true,
  "url": "01-bai-giang.cac-dien-gia.msnhb-hy-vong-song-cua-co-doc-nhan",
  "name": "MSNHB_Hy Vọng Sống của Cơ Đốc Nhân",
  "count": 0,
  "isLeaf": null,
  "keyword": null,
  "hash": "U2FsdGVkX19Qovy1bfO8/9WYU3o0du3ZdfaYUho2LCzSZaoQfcfPNrmq2aMuIzPNhGnxLxVM3y8V06HwEie1kQ==",
  "khash": "U2FsdGVkX1+gR/+umlofTFPemnKe03Z2mAbEKU43grtFs0L6p6/MWqS1o91OCTHuz8UTnOVQyCSyURfzYnXPcg==",
  "viewCount": null,
  "duration": "38:55",
  "size": 1145412417,
  "children": []
}