{
  "id": "f5662e51-b8c3-4f14-8296-9ad264356d17",
  "pid": "93e60200-b113-4239-9ec5-d5d7df05d177",
  "dblevel": 4,
  "location": "/VGMV/01_BaiGiang/CacDienGia/MSNNT_SuCamKetCuaNguoiTheoChua",
  "isVideo": true,
  "url": "01-bai-giang.cac-dien-gia.msnnt-su-cam-ket-cua-nguoi-theo-chua",
  "name": "MSNNT_Sự Cam Kết Của Người Theo Chúa",
  "count": 0,
  "isLeaf": null,
  "keyword": null,
  "hash": "U2FsdGVkX1+jPL1CxeX0Gwvc3YDLXPfEnGfxUeBwvbU1g5DIUfijYjL/Ah7BiPYXr1GBPCtGWT/I6cz6nJBJRA==",
  "khash": "U2FsdGVkX1+vpawvjZyMkcavZiE/3aI+XsTcf2/dBv0R6wWrXKFApcOXeWz5nXPTIPZARKlk+POWlR6DXzMYnw==",
  "viewCount": null,
  "duration": "31:55",
  "size": 940697167,
  "children": []
}