{
  "id": "71535f35-2f43-4780-8eff-5fbcab50205a",
  "pid": "08fc6761-610b-4f15-a719-bc40f501e170",
  "dblevel": 4,
  "location": "/VGMV/01_BaiGiang/CauChuyen/12-NhungThachThucCuaMotViVua",
  "isVideo": true,
  "url": "01-bai-giang.cau-chuyen.12-nhung-thach-thuc-cua-mot-vi-vua",
  "name": "12-Những Thách Thức Của Một Vị Vua",
  "count": 0,
  "isLeaf": null,
  "keyword": null,
  "hash": "U2FsdGVkX18HJkqloADPvaSRF1H199e0ZAYpidZuEgX9lcY+G0ZVb8zP1WtMp3F5h9AOraWPEqAi6sEtNWHgKA==",
  "khash": "U2FsdGVkX1+UXdK8DydRy+NFrcQBny9FcI9qYYmeZjXjCLd68WHR8VP/QU8+qKcaOaKyCtrvM4g3TxeiN1vG2Q==",
  "viewCount": null,
  "duration": "40:22",
  "size": 400588302,
  "children": []
}