{
  "id": "b3d594a5-55ea-4f41-a481-880a91bd15c7",
  "pid": "41cb1349-3a1e-46c1-9e20-db89f782e610",
  "dblevel": 5,
  "location": "/VGMV/01_BaiGiang/HocTheoChuDe/21-NenTangAnNinhCuaSuCuuRoi/20210110_Ro082839_NenTangAnNinhCuaSuCuuRoi-P5",
  "isVideo": true,
  "url": "01-bai-giang.hoc-theo-chu-de.21-nen-tang-an-ninh-cua-su-cuu-roi.20210110-ro082839-nen-tang-an-ninh-cua-su-cuu-roi-p5",
  "name": "20210110_Ro082839_Nền Tảng An Ninh Của Sự Cứu Rỗi-P5",
  "count": 0,
  "isLeaf": null,
  "keyword": null,
  "hash": "U2FsdGVkX182LLtU9YWQv6vrBNlTTX7V8iR1oNc0r+fju0PmiPW1EU8Bd9bA/WqlyOXAMfDgsb1xpgKCSzvKSA==",
  "khash": "U2FsdGVkX18ziei6MXuWcOwy2I+No1JBOsYd+3n/r5OQUno4umtBTeEgF04MbPmXDRGSYjh9ddXLrxkyBV9nOQ==",
  "viewCount": null,
  "duration": "73:59",
  "size": 1840615249,
  "children": []
}