{
  "id": "dc32c0c7-9736-42a8-938c-a18e21fa8d44",
  "pid": "93e60200-b113-4239-9ec5-d5d7df05d177",
  "dblevel": 4,
  "location": "/VGMV/01_BaiGiang/CacDienGia/MSNHB_DeMotNamMoiYNghia",
  "isVideo": true,
  "url": "01-bai-giang.cac-dien-gia.msnhb-de-mot-nam-moi-y-nghia",
  "name": "MSNHB_Để Một Năm Mới Ý Nghĩa",
  "count": 0,
  "isLeaf": null,
  "keyword": null,
  "hash": "U2FsdGVkX1+9peBByIUobN4iRlkaiH3lMVkEVTU7uvQPWxYh+GdNlQPsb1qU+ePTRmfV3ly5hkszFGCAeSWzoQ==",
  "khash": "U2FsdGVkX1/tZQI97wyl7FvXh3y2tBq/mAs67T1JflXj69/ajsPAYf8fqPUrZoP6VKu5alj78C3WuE7wsYoZHQ==",
  "viewCount": null,
  "duration": "36:48",
  "size": 1089564387,
  "children": []
}