{
  "id": "2fd28ff6-800d-449f-8f38-0f70860de8a9",
  "pid": "ba0ef5e2-e1e4-4be5-ba01-8f6e8844628b",
  "dblevel": 4,
  "location": "/VGMV/01_BaiGiang/TongQuanKinhThanh/21_TruyenDao",
  "isVideo": true,
  "url": "01-bai-giang.tong-quan-kinh-thanh.21-truyen-dao",
  "name": "21_Truyền Đạo",
  "count": 0,
  "isLeaf": null,
  "keyword": null,
  "hash": "",
  "khash": "U2FsdGVkX1+9Q/rjMo4abi2npF2zicslcoEfUdc+Xy6mWM2kzOKftqVQbcdimC76ZZyZ/zPW2ZrLZfxfPPY1MA==",
  "viewCount": null,
  "duration": "8:1",
  "size": 236838565,
  "children": []
}