{
  "id": "9eb6c0dc-1d78-4889-8ec8-0023303b9707",
  "pid": "08fc6761-610b-4f15-a719-bc40f501e170",
  "dblevel": 4,
  "location": "/VGMV/01_BaiGiang/CauChuyen/05-DieuRanMoiVaGiaoUocMoi",
  "isVideo": true,
  "url": "01-bai-giang.cau-chuyen.05-dieu-ran-moi-va-giao-uoc-moi",
  "name": "05-Điều Răn Mới Và Giao Ước Mới",
  "count": 0,
  "isLeaf": null,
  "keyword": null,
  "hash": "U2FsdGVkX1/zCdq/K6qcv+1Cy8VIJtUkAJ+gN1WlLSD3kBjKcA1tJlcwu1BGBbBsis5DsnVbQUXGSHxLNhnUzw==",
  "khash": "U2FsdGVkX18JWFEVvBSjbKHm9h/0+yw/rwS5/izTVrtO9+/pAcoAFruaD5DB06AWwPEWS+VcCBf9FDbQeinICQ==",
  "viewCount": null,
  "duration": "42:18",
  "size": 421094370,
  "children": []
}