{
  "id": "18d8d626-0dd0-49a1-843b-561db77ff182",
  "pid": "ebdf9f37-c552-498b-bdfd-a123b6b41c2c",
  "dblevel": 5,
  "location": "/VGMV/01_BaiGiang/HocTheoChuDe/03-XacTinNiemTin/08-ToicothatlaconcuaChua?",
  "isVideo": true,
  "url": "01-bai-giang.hoc-theo-chu-de.03-xac-tin-niem-tin.08-toi-co-that-la-con-cua-chua-",
  "name": "08-Tôi có thật là con của Chúa ?",
  "count": 0,
  "isLeaf": null,
  "keyword": null,
  "hash": "U2FsdGVkX1/0c1UmMyu7p8LhQAZP0RNzRh/tnNs7jBljhMOjZoJCkTG+k0t2xawI9GtJBsk9LXJ+23HgV3bLfw==",
  "khash": "U2FsdGVkX182XMTNqjWhIRMRuqvsvHZyZicWop6vUr2b9Ey3FxN9BcBFLXYUHVyVriJeDIDcYOQYfsYJTp/jOQ==",
  "viewCount": null,
  "duration": "56:8",
  "size": 1652026968,
  "children": []
}