{
  "id": "112145bf-6d9c-4e45-898d-fac20e3bb876",
  "pid": "aafff1f2-ed52-45da-b0db-22bc45041ab9",
  "dblevel": 5,
  "location": "/VGMV/01_BaiGiang/HocTheoChuDe/17-SongDeoDuoiMucDich/03_NhanDienKeLacDuong",
  "isVideo": true,
  "url": "01-bai-giang.hoc-theo-chu-de.17-song-deo-duoi-muc-dich.03-nhan-dien-ke-lac-duong",
  "name": "03_Nhận Diện Kẻ Lạc Đường",
  "count": 0,
  "isLeaf": null,
  "keyword": null,
  "hash": "U2FsdGVkX19u/KTvhNoMbWusyCHMzcCQAd5J3i1gpK5fUlC5Me1BGxirDI1zP129zRKUS3WpIwM3+FSh5Ao04A==",
  "khash": "U2FsdGVkX1/xfK7K3qgJ9nFP4FQS98LBM9biQlfc7gVKiENGZagBmS9932nTFudbbR8eUj1QLophduy3ZnBBaw==",
  "viewCount": null,
  "duration": "46:39",
  "size": 1380893498,
  "children": []
}