{
  "id": "0b75c379-fc3d-4dbc-b0b9-d77224355e06",
  "pid": "e1703655-b78b-4607-bf80-03a4c1a6a1f1",
  "dblevel": 5,
  "location": "/VGMV/01_BaiGiang/HocTheoChuDe/16-SuThuongKhoVaPhucSinhCuaChuaCuuThe/20190421_Lu241335_GapGoChuaPhucSinh",
  "isVideo": true,
  "url": "01-bai-giang.hoc-theo-chu-de.16-su-thuong-kho-va-phuc-sinh-cua-chua-cuu-the.20190421-lu241335-gap-go-chua-phuc-sinh",
  "name": "20190421_Lu241335_Gặp Gỡ Chúa Phục Sinh",
  "count": 0,
  "isLeaf": null,
  "keyword": null,
  "hash": "U2FsdGVkX1+DsPur7EHot1Gy79PPteFnnctTg7kmKFptI0VHC7jiMPbdl0wCfdRoNBAtwjQmiMuPuz+AKmpWZQ==",
  "khash": "U2FsdGVkX1+JmUHDI/Tsq49A1hLBbPbukolYI9vZtuuGYXobrGDQZKm98Lwbw3O7H/YKTw0w2e6WiwUvo/DGIQ==",
  "viewCount": null,
  "duration": "76:58",
  "size": 2041745523,
  "children": []
}