{
  "id": "866f6b90-b448-4567-a74c-b33b3e62f328",
  "pid": "0988cf42-c6da-44ec-9d62-067d087afc6e",
  "dblevel": 5,
  "location": "/VGMV/01_BaiGiang/HocTheoChuDe/18-NhungCauChuyenViDaiNhatTungDuocKe/NhungCauChuyenViDaiNhatTungDuocKe-09",
  "isVideo": true,
  "url": "01-bai-giang.hoc-theo-chu-de.18-nhung-cau-chuyen-vi-dai-nhat-tung-duoc-ke.nhung-cau-chuyen-vi-dai-nhat-tung-duoc-ke-09",
  "name": "Những Câu Chuyện Vĩ Đại Nhất Từng Được Kể-09",
  "count": 0,
  "isLeaf": null,
  "keyword": null,
  "hash": "U2FsdGVkX19lNC0VNlsLTitDljHMPHRNddMQDuqNAKcCTeE+mnnZ9PZAVtGW/q2D3uIs2h3TyrTZuyvD9yMRiw==",
  "khash": "U2FsdGVkX1/KujRaNL15y/srb5/xERw6+CgyvRgGvOz676uQoCVzHhvr097XPr+yJzRYpCGQAGNXcmL/c7ixJQ==",
  "viewCount": null,
  "duration": "34:26",
  "size": 423631355,
  "children": []
}