{
  "id": "01e11156-4de5-40c2-94d3-8fd53fd66142",
  "pid": "acb12f26-83b3-4f4b-80d1-a06ebf5b8c76",
  "dblevel": 5,
  "location": "/VGMV/01_BaiGiang/HocTheoChuDe/10-NguyenTacDoiSong/26-NgichCanh:GanhNangHayCauNoi",
  "isVideo": true,
  "url": "01-bai-giang.hoc-theo-chu-de.10-nguyen-tac-doi-song.26-ngich-canh-ganh-nang-hay-cau-noi",
  "name": "26-Ngịch Cảnh: Gánh Nặng Hay Cầu Nối",
  "count": 0,
  "isLeaf": null,
  "keyword": null,
  "hash": "U2FsdGVkX1+EPK+kpVladczhTtwycjWrHdKZUk+aTNdAPGqBnq3NkRSomYzUEAZgLFmwcGCLBV6u8ZWJ4MWoqg==",
  "khash": "U2FsdGVkX1+I+H4gJNKOeW51gPC7mFcU6odn65CL6DZDyFsc4QNsbd4+O6aNVaq9M1BF5xOeZdv9JM1rgAy08w==",
  "viewCount": null,
  "duration": "26:31",
  "size": 742583322,
  "children": []
}