{
  "id": "7230218f-8c07-4632-8a79-49c6e874d9b2",
  "pid": "acb12f26-83b3-4f4b-80d1-a06ebf5b8c76",
  "dblevel": 5,
  "location": "/VGMV/01_BaiGiang/HocTheoChuDe/10-NguyenTacDoiSong/29-TrungBongChet",
  "isVideo": true,
  "url": "01-bai-giang.hoc-theo-chu-de.10-nguyen-tac-doi-song.29-trung-bong-chet",
  "name": "29-Trũng Bóng Chết",
  "count": 0,
  "isLeaf": null,
  "keyword": null,
  "hash": "U2FsdGVkX18gEU+tTcS1vghncelDJSmKkatEOMp55FzKLzYMbg48rgb5rXS9xNQixAnjT43aijbkrBIGxUuTsw==",
  "khash": "U2FsdGVkX1+7yKoQsJii5/bke1nGv7SatN5Vc4aTjrP+YTQp7jgoLx56NkMj4PT1v668QEFVBk2kUxzY/xqDFw==",
  "viewCount": null,
  "duration": "26:28",
  "size": 741919830,
  "children": []
}