{
  "id": "15328ede-1d09-4ec2-8745-8dbde0b43266",
  "pid": "93e60200-b113-4239-9ec5-d5d7df05d177",
  "dblevel": 4,
  "location": "/VGMV/01_BaiGiang/CacDienGia/MSTPT_SongKetQuaChoChua",
  "isVideo": true,
  "url": "01-bai-giang.cac-dien-gia.mstpt-song-ket-qua-cho-chua",
  "name": "MSTPT_Sống Kết Qủa Cho Chúa",
  "count": 0,
  "isLeaf": null,
  "keyword": null,
  "hash": "U2FsdGVkX1+str2gUeUsMNYqprl9OU1tbpcPEdEyEIAd69TvVclS1HjxmZQOQVXTJJ4eJHcGPyU9GhEhrAPxew==",
  "khash": "U2FsdGVkX19oLt1w/1GQdacfIBQrQAze91dYvF0KRwcUFB5k1LwLFoojFO/M62KzAY8DBPW6/I1gnkORnGpy/A==",
  "viewCount": null,
  "duration": "59:3",
  "size": 1734405409,
  "children": []
}