{
  "id": "3bfacf3e-2e18-45b5-ac25-d59a9bc7192d",
  "pid": "08fc6761-610b-4f15-a719-bc40f501e170",
  "dblevel": 4,
  "location": "/VGMV/01_BaiGiang/CauChuyen/19-TroVeQueHuong",
  "isVideo": true,
  "url": "01-bai-giang.cau-chuyen.19-tro-ve-que-huong",
  "name": "19-Trở Về Quê Hương",
  "count": 0,
  "isLeaf": null,
  "keyword": null,
  "hash": "U2FsdGVkX19y1MdOFZJepnKcahc2LX9qZJFDhDzU3k6gtWfShbjjnTJe8hP/RiA3m6PiY2sX9lLtUOLW45QbUA==",
  "khash": "U2FsdGVkX1+2jmVQjIQ/KXefDTNIBjAGRo7s9bizj/pgD0oGMw/jX5c0ii0v0wYJhZdUvada7UtRR3GKOhbaTQ==",
  "viewCount": null,
  "duration": "40:21",
  "size": 401642066,
  "children": []
}