{
  "id": "26fefc0a-b680-4c86-9682-ac322ff68901",
  "pid": "93e60200-b113-4239-9ec5-d5d7df05d177",
  "dblevel": 4,
  "location": "/VGMV/01_BaiGiang/CacDienGia/MSTPT_SuVuiMungLon",
  "isVideo": true,
  "url": "01-bai-giang.cac-dien-gia.mstpt-su-vui-mung-lon",
  "name": "MSTPT_Sự Vui Mừng Lớn",
  "count": 0,
  "isLeaf": null,
  "keyword": null,
  "hash": "U2FsdGVkX18J2fDs0kiAtr7eEdYF2/OPiNSup5wsBdGRQvxlAZltQM0XLph72YWssIze+DkLRJbaJj56W8OwCg==",
  "khash": "U2FsdGVkX1+T1RijJBwJA4HYpG2yTIEo5MAayxhvVl3tQxyAtXqzfB/vLBg06ewFsD3PNcZ8w5u0kP9Zxq/feA==",
  "viewCount": null,
  "duration": "39:10",
  "size": 387403487,
  "children": []
}