{
  "id": "74a7715b-9697-49f1-9797-205ab81af16c",
  "pid": "93e60200-b113-4239-9ec5-d5d7df05d177",
  "dblevel": 4,
  "location": "/VGMV/01_BaiGiang/CacDienGia/MSNHB_DeChuToanThanhChuc",
  "isVideo": true,
  "url": "01-bai-giang.cac-dien-gia.msnhb-de-chu-toan-thanh-chuc",
  "name": "MSNHB_Để Chu Toàn Thánh Chức",
  "count": 0,
  "isLeaf": null,
  "keyword": null,
  "hash": "U2FsdGVkX19GnoIUfvdDNkejAfloBVFSROIOSQG1Qkw0cGS2IDLB2EDyXzH7tfaS5OF0Es4LPYvo++4DtP8edQ==",
  "khash": "U2FsdGVkX19+CqLK9tme29UJ2oRZ7fLTEReg1J1hTSvUAeGqJ1sF5rgavh3pltmSzcS6NNgrRO/Nls4LrzVXBA==",
  "viewCount": null,
  "duration": "48:11",
  "size": 1380872320,
  "children": []
}