{
  "id": "eb9fb76c-08cc-489d-ac6c-834c361502e9",
  "pid": "93e60200-b113-4239-9ec5-d5d7df05d177",
  "dblevel": 4,
  "location": "/VGMV/01_BaiGiang/CacDienGia/MSNHB_XayDungNhaChua",
  "isVideo": true,
  "url": "01-bai-giang.cac-dien-gia.msnhb-xay-dung-nha-chua",
  "name": "MSNHB_Xây Dựng Nhà Chúa",
  "count": 0,
  "isLeaf": null,
  "keyword": null,
  "hash": "U2FsdGVkX1+aKIP0XFz681ZWUGMWKhYO5GwbQ8iEgef84cG/QygZ/n3Ayldt1Pp7TAxv01uWbu1vlbxqnDpYqQ==",
  "khash": "U2FsdGVkX1/nxuv5kTTr+G4iT4nXZixV0x9+slrFqS7leoXxbuoqux0AsD1pBkLHdOEM7LpJgU6DYm1F08wExA==",
  "viewCount": null,
  "duration": "37:33",
  "size": 766224278,
  "children": []
}