{
  "id": "f88b8d7d-3f03-4a53-ae39-57691b1d7815",
  "pid": "85b53474-c2f3-47d7-a10c-7aea35a3707b",
  "dblevel": 5,
  "location": "/VGMV/01_BaiGiang/HocTheoChuDe/01-ToiLaAi-traiTN2015/13Toi-CuaLeHienDangChoChua",
  "isVideo": true,
  "url": "01-bai-giang.hoc-theo-chu-de.01-toi-la-ai-trai-tn2015.13toi-cua-le-hien-dang-cho-chua",
  "name": "13Tôi-Của Lễ Hiến Dâng Cho Chúa",
  "count": 0,
  "isLeaf": null,
  "keyword": null,
  "hash": "U2FsdGVkX184m6rRXzqoBfjlkr9DpYFbhPKtIC6V+FSS+Fx1q5/iN70oi2S1O8PqaMxAn5HgUVEhfTnQYruvuw==",
  "khash": "U2FsdGVkX1/eIP4KAiAQVF8Vtb6fuFBV1xsHfuoOP8pDYMc3yX0/AUvY621nvP0yhEO+0pMH0a2AFQA6//mMPQ==",
  "viewCount": null,
  "duration": "29:17",
  "size": 796246967,
  "children": []
}