{
  "id": "2fb3b159-a227-498a-b8ed-9774b6798ce8",
  "pid": "ba0ef5e2-e1e4-4be5-ba01-8f6e8844628b",
  "dblevel": 4,
  "location": "/VGMV/01_BaiGiang/TongQuanKinhThanh/59_Gia-co",
  "isVideo": true,
  "url": "01-bai-giang.tong-quan-kinh-thanh.59-gia-co",
  "name": "59_Gia-cơ",
  "count": 0,
  "isLeaf": null,
  "keyword": null,
  "hash": "",
  "khash": "U2FsdGVkX19DE1mPvyPYCsW2ZUWj2aLonW+jNQ6x83pVcOql0bi79EWaxQaJZZswOSxID6DaTIYZP8vc8htjWA==",
  "viewCount": null,
  "duration": "8:2",
  "size": 237381577,
  "children": []
}