{
  "id": "ec6f7b52-5573-4f7d-96fa-e409a8edb6d8",
  "pid": "5de8a03f-3734-49ac-9eed-f94ad7115cae",
  "dblevel": 5,
  "location": "/VGMV/01_BaiGiang/HocTheoChuDe/09-KinhNghiemDoiSong/14_TranChienVoHinh",
  "isVideo": true,
  "url": "01-bai-giang.hoc-theo-chu-de.09-kinh-nghiem-doi-song.14-tran-chien-vo-hinh",
  "name": "14_Trận Chiến Vô Hình",
  "count": 0,
  "isLeaf": null,
  "keyword": null,
  "hash": "U2FsdGVkX194NvdjBjwCtdALwGEpxYcLxp9wdykvhrR235OuwiITN8aDCTfYM5hcNgv0RhQA5qbzAX4Ujeut1g==",
  "khash": "U2FsdGVkX19e5JIjjmlK9LzfQxaMYHDte5V1+FiIvrGtxBaw7flmysRSOCelkh+kSAfyiz3DfzJVhbnzMqyGBw==",
  "viewCount": null,
  "duration": "42:24",
  "size": 1180106133,
  "children": []
}