{
  "id": "2be81d84-e21f-4b1c-beda-4c2569acf1f0",
  "pid": "acb12f26-83b3-4f4b-80d1-a06ebf5b8c76",
  "dblevel": 5,
  "location": "/VGMV/01_BaiGiang/HocTheoChuDe/10-NguyenTacDoiSong/15-ConDuongTanVoTheoYDucChuaTroi",
  "isVideo": true,
  "url": "01-bai-giang.hoc-theo-chu-de.10-nguyen-tac-doi-song.15-con-duong-tan-vo-theo-y-duc-chua-troi",
  "name": "15-Con Đường Tan Vỡ Theo Ý Đức Chúa Trời",
  "count": 0,
  "isLeaf": null,
  "keyword": null,
  "hash": "U2FsdGVkX1/2o6eD5V6h1JD3i8N7HZd+LNSZID7Qd6ts/1ZAQEOG7mZwsa0tO2bRghFajz9j+X0amxn2JpuR7A==",
  "khash": "U2FsdGVkX19dA6kLBITjF1PlLZfRS+44G9X79j2h7Q9lf8Po4uSKR4sYCeLPOdxhF2/SAHN7vH5mpiz2DLNdkg==",
  "viewCount": null,
  "duration": "27:29",
  "size": 772733109,
  "children": []
}