{
  "id": "f1dc9e8b-a8d9-4b6f-92f3-d57e2dc97aa5",
  "pid": "acb12f26-83b3-4f4b-80d1-a06ebf5b8c76",
  "dblevel": 5,
  "location": "/VGMV/01_BaiGiang/HocTheoChuDe/10-NguyenTacDoiSong/27-CauNguyenTanDungThiGio",
  "isVideo": true,
  "url": "01-bai-giang.hoc-theo-chu-de.10-nguyen-tac-doi-song.27-cau-nguyen-tan-dung-thi-gio",
  "name": "27-Cầu Nguyện Tận Dụng Thì Giờ",
  "count": 0,
  "isLeaf": null,
  "keyword": null,
  "hash": "U2FsdGVkX1//6446ShnfIB7IFLlQtnTe04m2Gw4+yH0qSRKknLSA2agEQiMPFt4d03Xz1PZ7T+/PmmIkfgPhvA==",
  "khash": "U2FsdGVkX1+S0mf8p0xv/sHhDbzepXb+3zgDj37LlJjObbMMlsGXaH8t8x2KG2qmgdAfmEB47r8CA9vGzKgR0w==",
  "viewCount": null,
  "duration": "27:10",
  "size": 762467491,
  "children": []
}