{
  "id": "a6ebbe8e-7555-4dff-9568-2046e3f5dd05",
  "pid": "ba0ef5e2-e1e4-4be5-ba01-8f6e8844628b",
  "dblevel": 4,
  "location": "/VGMV/01_BaiGiang/TongQuanKinhThanh/58_He-bo-ro",
  "isVideo": true,
  "url": "01-bai-giang.tong-quan-kinh-thanh.58-he-bo-ro",
  "name": "58_Hê-bơ-rơ",
  "count": 0,
  "isLeaf": null,
  "keyword": null,
  "hash": "",
  "khash": "U2FsdGVkX1/Wjl2UGDhkXBeoToB+Gf0hbwgyVmILzrSvBDPmD8vgNrXeUya0GokDf4JDrDtPZbT9CWmmwivyqA==",
  "viewCount": null,
  "duration": "8:16",
  "size": 243975491,
  "children": []
}