{
  "id": "77705441-40e2-4a3c-ad63-e8eb5c452e1f",
  "pid": "ebdf9f37-c552-498b-bdfd-a123b6b41c2c",
  "dblevel": 5,
  "location": "/VGMV/01_BaiGiang/HocTheoChuDe/03-XacTinNiemTin/03-ToicothatlaconcuaChua?",
  "isVideo": true,
  "url": "01-bai-giang.hoc-theo-chu-de.03-xac-tin-niem-tin.03-toi-co-that-la-con-cua-chua-",
  "name": "03-Tôi có thật là con của Chúa ?",
  "count": 0,
  "isLeaf": null,
  "keyword": null,
  "hash": "U2FsdGVkX1898BqbtFdSMHC+u18XjlD7MnYE9JZD/y9qKiiPacVxBMZPgN7fs9XKNzJk0WvrXyEk0KS9sqPE/Q==",
  "khash": "U2FsdGVkX19149kWklQHdg2yOhhcoajfA2DGuzgZsQw48cfBb9D2jpArXoOEaDYZ+UvWEVZkghzB8r1M88YTfQ==",
  "viewCount": null,
  "duration": "36:58",
  "size": 1089715158,
  "children": []
}