{
  "id": "a9371e95-150e-401a-ae4e-301aa3b5fb4a",
  "pid": "aafff1f2-ed52-45da-b0db-22bc45041ab9",
  "dblevel": 5,
  "location": "/VGMV/01_BaiGiang/HocTheoChuDe/17-SongDeoDuoiMucDich/01_ChonLuaSaiLam-P1",
  "isVideo": true,
  "url": "01-bai-giang.hoc-theo-chu-de.17-song-deo-duoi-muc-dich.01-chon-lua-sai-lam-p1",
  "name": "01_Chọn Lựa Sai Lầm-P1",
  "count": 0,
  "isLeaf": null,
  "keyword": null,
  "hash": "U2FsdGVkX1/eHgane6ESVQGMwl9W3GhDRhvZDSnJjB+1VzMVlZ8lEUMC38qaf0Am+HogaN+PSCsGZLRQdQTWPg==",
  "khash": "U2FsdGVkX1/R/BzD6PCZMWehmhfYd/vzHebdJNrLkEi/olXeN6IrGuKyDL4OgJ/rsj+E10GW+JvfngTa6t/F6Q==",
  "viewCount": null,
  "duration": "46:14",
  "size": 1362532658,
  "children": []
}