{
  "id": "6608c6fb-7c34-44c9-b2ca-89f2fa442fce",
  "pid": "ebdf9f37-c552-498b-bdfd-a123b6b41c2c",
  "dblevel": 5,
  "location": "/VGMV/01_BaiGiang/HocTheoChuDe/03-XacTinNiemTin/06-ToicothatlaconcuaChua?",
  "isVideo": true,
  "url": "01-bai-giang.hoc-theo-chu-de.03-xac-tin-niem-tin.06-toi-co-that-la-con-cua-chua-",
  "name": "06-Tôi có thật là con của Chúa ?",
  "count": 0,
  "isLeaf": null,
  "keyword": null,
  "hash": "U2FsdGVkX1/S08vNyIdyJbB13p5UIR82HBe+TropUlckgi/sWLlUqmRQLNEkA/JwI/x2gI/+Iic+IyuiQtmxUw==",
  "khash": "U2FsdGVkX1+hxsiRnbUf4aSrziNIlnA10SS2IoFWLrNEoM+Q7PBtzSKhQUTuenFE/nrxqkRJoKnihZKNn6CJUg==",
  "viewCount": null,
  "duration": "41:28",
  "size": 1221889628,
  "children": []
}