{
  "id": "b7d05cdb-07d1-4f21-994d-9d09a99244e6",
  "pid": "646636d9-4178-4159-bda6-635d816f0b3f",
  "dblevel": 5,
  "location": "/VGMV/01_BaiGiang/HocTheoChuDe/05-CauNguyen-MSDangMinhTri/04CN_1Te0217-0311_TinhCamTrongCauNguyen-P1",
  "isVideo": true,
  "url": "01-bai-giang.hoc-theo-chu-de.05-cau-nguyen-ms-dang-minh-tri.04cn-1te0217-0311-tinh-cam-trong-cau-nguyen-p1",
  "name": "04CN_1Te0217-0311_Tình Cảm Trong Cầu Nguyện-P1",
  "count": 0,
  "isLeaf": null,
  "keyword": null,
  "hash": "U2FsdGVkX19AXotgsI+JYnEX3MY8RUs/EWJ06HCPZaFc+2uoOdMRs3khJyKpoHy2TDPgVEP8snAOEB5VIlgO0w==",
  "khash": "U2FsdGVkX1+gp/mL1wjhRiEP2V365mrOeUOQUHUfFvrRm9GUVkMqHidR5B7DMLG9vt6tTP6r32I3JpWtAuMB4A==",
  "viewCount": null,
  "duration": "71:27",
  "size": 1140451571,
  "children": []
}