{
  "id": "c487567b-9131-4a57-b15a-24cb4206ef6a",
  "pid": "ba0ef5e2-e1e4-4be5-ba01-8f6e8844628b",
  "dblevel": 4,
  "location": "/VGMV/01_BaiGiang/TongQuanKinhThanh/62-64_123Giang",
  "isVideo": true,
  "url": "01-bai-giang.tong-quan-kinh-thanh.62-64-123giang",
  "name": "62-64_123Giăng",
  "count": 0,
  "isLeaf": null,
  "keyword": null,
  "hash": "",
  "khash": "U2FsdGVkX19iMP+uFjGgwiieioD/sv7tjwmDuEKtyF/RFZBfHb4Rh4adpLqygMh7B44fNlfSdL1GnOxMoXqWxQ==",
  "viewCount": null,
  "duration": "9:38",
  "size": 284999420,
  "children": []
}