{
  "id": "7852e0ad-5d5f-477d-aad5-3d0a5da27a06",
  "pid": "ba0ef5e2-e1e4-4be5-ba01-8f6e8844628b",
  "dblevel": 4,
  "location": "/VGMV/01_BaiGiang/TongQuanKinhThanh/25_CaThuong",
  "isVideo": true,
  "url": "01-bai-giang.tong-quan-kinh-thanh.25-ca-thuong",
  "name": "25_Ca Thương",
  "count": 0,
  "isLeaf": null,
  "keyword": null,
  "hash": "",
  "khash": "U2FsdGVkX19ja/Ei4wT10aRynpg8GxVZdwwj2aiM9hrFBNjw5gUjwrMI02iZ9phgjlUj7ezq1oaoD5krMOWJ3A==",
  "viewCount": null,
  "duration": "7:16",
  "size": 215509008,
  "children": []
}