{
  "id": "89f7fc6c-051c-413e-afdb-2ec91762fdf0",
  "pid": "dd494879-da36-4932-9390-bf2209f5ef33",
  "dblevel": 5,
  "location": "/VGMV/01_BaiGiang/HocTheoChuDe/06-MotPhutSauKhiChet/05-MotPhutSauKhiChet",
  "isVideo": true,
  "url": "01-bai-giang.hoc-theo-chu-de.06-mot-phut-sau-khi-chet.05-mot-phut-sau-khi-chet",
  "name": "05-Một Phút Sau Khi Chết",
  "count": 0,
  "isLeaf": null,
  "keyword": null,
  "hash": "U2FsdGVkX18GNQAHEHrjxC/IIKhskuZkKiOL/QCCvhGiv846dpLb/WTyP7O3BawXeXPY/t1Lds+c2EjMTW2sug==",
  "khash": "U2FsdGVkX1+HldSzZyAAax4+yRJEDkbus6+4J4NRK8gFnazElcD8S24816kU0JVePFXW1bILHxYoiRaEwHHMGw==",
  "viewCount": null,
  "duration": "24:56",
  "size": 674608708,
  "children": []
}