{
  "id": "bb4f8bc8-c49a-4a2c-b600-0534be62f719",
  "pid": "ebdf9f37-c552-498b-bdfd-a123b6b41c2c",
  "dblevel": 5,
  "location": "/VGMV/01_BaiGiang/HocTheoChuDe/03-XacTinNiemTin/05-ToicothatlaconcuaChua?",
  "isVideo": true,
  "url": "01-bai-giang.hoc-theo-chu-de.03-xac-tin-niem-tin.05-toi-co-that-la-con-cua-chua-",
  "name": "05-Tôi có thật là con của Chúa ?",
  "count": 0,
  "isLeaf": null,
  "keyword": null,
  "hash": "U2FsdGVkX1++br2gqggZnpvXKGi5NQCMqs7BH0gHhCry4qj4gqihAw6R6Gf97+vzvDDa9LiyBIScsWu07DS4Qw==",
  "khash": "U2FsdGVkX1/3m/Bx8yJGv04s3aoSNBt++jLXVyi1tfuT9paT3TE+LlLD/PxYOujLv3J1jct8F+SfLG+5FBvy5A==",
  "viewCount": null,
  "duration": "43:29",
  "size": 1278384026,
  "children": []
}