{
  "id": "18a96fb9-6096-4161-8d8e-d472eb05323e",
  "pid": "aafff1f2-ed52-45da-b0db-22bc45041ab9",
  "dblevel": 5,
  "location": "/VGMV/01_BaiGiang/HocTheoChuDe/17-SongDeoDuoiMucDich/11_ThaThu-P1",
  "isVideo": true,
  "url": "01-bai-giang.hoc-theo-chu-de.17-song-deo-duoi-muc-dich.11-tha-thu-p1",
  "name": "11_Tha Thứ-P1",
  "count": 0,
  "isLeaf": null,
  "keyword": null,
  "hash": "U2FsdGVkX18+m9F9xqJoGIg6s9vpNkqoU6zKYb0nXAsGxZf7GodipOApvzPeAdtLWOPFge+60FOvqcAYzW1nNA==",
  "khash": "U2FsdGVkX1/1lz6J0IG5Pi+fytxARjuYaIu6LdInHWGNZ6PfuTeTrHG3IlgHpfXDpS0+9SOSmrkIpRz5VhsHhA==",
  "viewCount": null,
  "duration": "61:51",
  "size": 1832520328,
  "children": []
}