{
  "id": "fcd3e458-bfc2-4877-9fb9-7041829be9f7",
  "pid": "646636d9-4178-4159-bda6-635d816f0b3f",
  "dblevel": 5,
  "location": "/VGMV/01_BaiGiang/HocTheoChuDe/05-CauNguyen-MSDangMinhTri/02CN_2Te010110_RuonCotCauNguyen-P2",
  "isVideo": true,
  "url": "01-bai-giang.hoc-theo-chu-de.05-cau-nguyen-ms-dang-minh-tri.02cn-2te010110-ruon-cot-cau-nguyen-p2",
  "name": "02CN_2Te010110_Rườn Cột Cầu Nguyện-P2",
  "count": 0,
  "isLeaf": null,
  "keyword": null,
  "hash": "U2FsdGVkX193gjmSjut4yVc5dUJgCmC1ai2IRdHkj1guvrj9xNpPZVqpVrOHnphJqYOcj908ELMYb1+jU7DnDA==",
  "khash": "U2FsdGVkX19ztnj7xMWudVTpvuyhEPl1ergMzY3hluGxdeNR7JLX6ToXjm4egbSFDme78Cr+0BRwOlNvDeV5tQ==",
  "viewCount": null,
  "duration": "73:38",
  "size": 1064853129,
  "children": []
}