{
  "id": "b8a8f6f4-1068-48c4-85f9-5bfb838b4f2a",
  "pid": "ba0ef5e2-e1e4-4be5-ba01-8f6e8844628b",
  "dblevel": 4,
  "location": "/VGMV/01_BaiGiang/TongQuanKinhThanh/55_2Ti-mo-the",
  "isVideo": true,
  "url": "01-bai-giang.tong-quan-kinh-thanh.55-2ti-mo-the",
  "name": "55_2Ti-mô-thê",
  "count": 0,
  "isLeaf": null,
  "keyword": null,
  "hash": "",
  "khash": "U2FsdGVkX18RXaEKli8tvA01lr/6aQpxa+pemYWd/cS0+OnNIVpzKVkR9Tqj5OmCiqg16fTLZDMIVQv9yRN2Jw==",
  "viewCount": null,
  "duration": "7:45",
  "size": 228636488,
  "children": []
}