{
  "id": "27f2576c-8c47-4f37-89c3-8cc65ab1cc2d",
  "pid": "5de8a03f-3734-49ac-9eed-f94ad7115cae",
  "dblevel": 5,
  "location": "/VGMV/01_BaiGiang/HocTheoChuDe/09-KinhNghiemDoiSong/08_ChoDoiSuDoanXet",
  "isVideo": true,
  "url": "01-bai-giang.hoc-theo-chu-de.09-kinh-nghiem-doi-song.08-cho-doi-su-doan-xet",
  "name": "08_Chờ Đợi Sự Đoán Xét",
  "count": 0,
  "isLeaf": null,
  "keyword": null,
  "hash": "U2FsdGVkX18BZS2AyY5OZ/Art/VyzIimnCM4pkjAbS9TnK6j5lFH+kQ9RIpoy6AMyBrlTjKOdvtvCpw2al812Q==",
  "khash": "U2FsdGVkX18UblBL5sclotP0AVpFTMN/ak4Yh7Z640jp1Twrl7+uLoK6di6PlqpeEQCyyVGJjVD8qY0+ssDUig==",
  "viewCount": null,
  "duration": "43:53",
  "size": 1220755038,
  "children": []
}