{
  "id": "9193b087-6b54-4468-8129-a4a64cf17762",
  "pid": "af2d4de5-93d1-4c6e-ad79-74899dfd9628",
  "dblevel": 5,
  "location": "/VGMV/01_BaiGiang/HocTheoChuDe/07-SuTaiLamCuaChuaGie-xu-MSThaiPhuocTruong/SuTaiLamCuaChuaGie-xuP6",
  "isVideo": true,
  "url": "01-bai-giang.hoc-theo-chu-de.07-su-tai-lam-cua-chua-gie-xu-ms-thai-phuoc-truong.su-tai-lam-cua-chua-gie-xu-p6",
  "name": "Sự Tái Lâm Của Chúa Giê-xu P6",
  "count": 0,
  "isLeaf": null,
  "keyword": null,
  "hash": "U2FsdGVkX1+WRZzKTWor4s/zHjFQauvOsj6pYK+DBugDchO21IxyUMLXC+vPNP2eEjgLaKDM/E2qsbn8BjRBoA==",
  "khash": "U2FsdGVkX1+Wo7rQoaAP1hwiF4BOVrNIIZmxBnTYP0VJMKejf5sEbwkYxKeT8j0kvhgTXQPC1LD/LlEjUQFuSA==",
  "viewCount": null,
  "duration": "40:32",
  "size": 1096928393,
  "children": []
}