{
  "id": "6446c52f-4b59-45e3-9820-2e248c9a162f",
  "pid": "0988cf42-c6da-44ec-9d62-067d087afc6e",
  "dblevel": 5,
  "location": "/VGMV/01_BaiGiang/HocTheoChuDe/18-NhungCauChuyenViDaiNhatTungDuocKe/NhungCauChuyenViDaiNhatTungDuocKe-05",
  "isVideo": true,
  "url": "01-bai-giang.hoc-theo-chu-de.18-nhung-cau-chuyen-vi-dai-nhat-tung-duoc-ke.nhung-cau-chuyen-vi-dai-nhat-tung-duoc-ke-05",
  "name": "Những Câu Chuyện Vĩ Đại Nhất Từng Được Kể-05",
  "count": 0,
  "isLeaf": null,
  "keyword": null,
  "hash": "U2FsdGVkX1/DG+t1yElXkRm/bWCe2aeZM05G/dIki1ZYmehvYUTbIfUqCBORPfye9huiJuXmjia6pwt9tNKRIg==",
  "khash": "U2FsdGVkX1/MsetSRWwQPUNYBPozGg1i1TuGID9B5wCLh47vYwCVpdi6T+gm84gocXt3Sfj6csKezGuPIajFKA==",
  "viewCount": null,
  "duration": "24:51",
  "size": 306025773,
  "children": []
}