{
  "id": "7a45417d-2b07-43d6-82fa-e35ce4f8804c",
  "pid": "93e60200-b113-4239-9ec5-d5d7df05d177",
  "dblevel": 4,
  "location": "/VGMV/01_BaiGiang/CacDienGia/MSNHB_BongTraiThanhLinh",
  "isVideo": true,
  "url": "01-bai-giang.cac-dien-gia.msnhb-bong-trai-thanh-linh",
  "name": "MSNHB_Bông Trái Thánh Linh",
  "count": 0,
  "isLeaf": null,
  "keyword": null,
  "hash": "U2FsdGVkX18M3DvnJ3YL737OyVWTo28Zf3jp9BrgF3mkbUc8llCC4plSmrrIMFUdjiJkWo+Qhco7CEATofPJnA==",
  "khash": "U2FsdGVkX1/WgBWfTF1cCbhskf0/YRZ2vsHFyZldEyKlsA8Mxj0YsQvBekYWVB+l0iOpaYzgvsgcU4Edf84+fQ==",
  "viewCount": null,
  "duration": "56:58",
  "size": 1129457247,
  "children": []
}