{
  "id": "9fe636d9-d4f3-418f-a7c1-75c12c35ea73",
  "pid": "acb12f26-83b3-4f4b-80d1-a06ebf5b8c76",
  "dblevel": 5,
  "location": "/VGMV/01_BaiGiang/HocTheoChuDe/10-NguyenTacDoiSong/11-DucChuaTroiHuaChuCap",
  "isVideo": true,
  "url": "01-bai-giang.hoc-theo-chu-de.10-nguyen-tac-doi-song.11-duc-chua-troi-hua-chu-cap",
  "name": "11-Đức Chúa Trời Hứa Chu Cấp",
  "count": 0,
  "isLeaf": null,
  "keyword": null,
  "hash": "U2FsdGVkX18i7zVTtmwCukKW4Lp6D1NLy1F+MN3f9jGCamfgYqHhDrGjfdgyJYCFoyoG1JtIIfRxsLEB29bF3Q==",
  "khash": "U2FsdGVkX1/t6A83vQN9KNYEUCoUiFjPBDGjc3BWPSBF55dnh4H6sLJWXr+/qZn/x2BP8tMC1PInk6HLlzKOeg==",
  "viewCount": null,
  "duration": "26:15",
  "size": 735257926,
  "children": []
}