{
  "id": "49e1c325-6b35-4e6a-93e1-85531ecc51cb",
  "pid": "ba0ef5e2-e1e4-4be5-ba01-8f6e8844628b",
  "dblevel": 4,
  "location": "/VGMV/01_BaiGiang/TongQuanKinhThanh/52_1Te-sa-lo-ni-ca",
  "isVideo": true,
  "url": "01-bai-giang.tong-quan-kinh-thanh.52-1te-sa-lo-ni-ca",
  "name": "52_1Tê-sa-lô-ni-ca",
  "count": 0,
  "isLeaf": null,
  "keyword": null,
  "hash": "",
  "khash": "U2FsdGVkX18+KMgo7bOTAEswMc4R/WdzrcZ7YEzAI+HuXUEnuiv4yXACvqyK3iy2JfKpDhdMZUQUH9YS5DHe/A==",
  "viewCount": null,
  "duration": "7:17",
  "size": 215703632,
  "children": []
}