{
  "id": "e6d6ea1f-38f6-4886-b059-3c26c44de7ab",
  "pid": "85b53474-c2f3-47d7-a10c-7aea35a3707b",
  "dblevel": 5,
  "location": "/VGMV/01_BaiGiang/HocTheoChuDe/01-ToiLaAi-traiTN2015/01Toi-TaoVatCuaChua",
  "isVideo": true,
  "url": "01-bai-giang.hoc-theo-chu-de.01-toi-la-ai-trai-tn2015.01toi-tao-vat-cua-chua",
  "name": "01Tôi-Tạo Vật Của Chúa",
  "count": 0,
  "isLeaf": null,
  "keyword": null,
  "hash": "U2FsdGVkX1/TUs1DVOh07yvfLRHeRp757e9geHs4wbCE+TnjgCm/O2f8qkh0aJens8njyw48LKzfw7s3/H+K3w==",
  "khash": "U2FsdGVkX1+2HxSQDD5Qbg5Z26+fwMEkTjHFNB8SaAWpEnIX+1xXObZaGUlk5z6WhS68PG/u4b2PbmhcS3B+nQ==",
  "viewCount": null,
  "duration": "61:27",
  "size": 1527636954,
  "children": []
}