{
  "id": "2ca3db05-89fd-4d4c-bb89-9aa78248d346",
  "pid": "08fc6761-610b-4f15-a719-bc40f501e170",
  "dblevel": 4,
  "location": "/VGMV/01_BaiGiang/CauChuyen/11-TuNguoiChanDenNgoiVua",
  "isVideo": true,
  "url": "01-bai-giang.cau-chuyen.11-tu-nguoi-chan-den-ngoi-vua",
  "name": "11-Từ Người Chăn Đến Ngôi Vua",
  "count": 0,
  "isLeaf": null,
  "keyword": null,
  "hash": "U2FsdGVkX1+vS/YiAVa9U3N1ME94dsjKJkZ3ZFOehaZxtvp49eG/w9jtJ0eqmEPc4IgrrU9mylDm/FHx8gkllQ==",
  "khash": "U2FsdGVkX188oXSpTLHq41zH2A7CPt3AwnrfaYDFL7zCYJgjrdC5wTKRLc/FMQLYOUOlwhbnyjyWh3/bbrctDg==",
  "viewCount": null,
  "duration": "36:54",
  "size": 367556419,
  "children": []
}