{
  "id": "0c268c2e-b7b3-4621-a0c7-3d7d0371828a",
  "pid": "aafff1f2-ed52-45da-b0db-22bc45041ab9",
  "dblevel": 5,
  "location": "/VGMV/01_BaiGiang/HocTheoChuDe/17-SongDeoDuoiMucDich/04_XacDinhMucDichSong-P1",
  "isVideo": true,
  "url": "01-bai-giang.hoc-theo-chu-de.17-song-deo-duoi-muc-dich.04-xac-dinh-muc-dich-song-p1",
  "name": "04_Xác Định Mục Đích Sống-P1",
  "count": 0,
  "isLeaf": null,
  "keyword": null,
  "hash": "U2FsdGVkX1/kYirpyauHn2+2DRf4Yk898HTiLdqQTaM4OOr+2vM6SU78xfFrBTk51KOtrYZjx02tJUFWAJeSmw==",
  "khash": "U2FsdGVkX181O+PQHP09xaNclUid3VO58Hf8RAry7CPtrmwBCI31KWEo41YKqW4pp81hn7cYoVwWWc5EN69N3w==",
  "viewCount": null,
  "duration": "29:14",
  "size": 865812008,
  "children": []
}