{
  "id": "3e752810-927c-46a7-a1cd-e9d12d3746a7",
  "pid": "acb12f26-83b3-4f4b-80d1-a06ebf5b8c76",
  "dblevel": 5,
  "location": "/VGMV/01_BaiGiang/HocTheoChuDe/10-NguyenTacDoiSong/05-YMuonVoLyCuaDucChuaTroi",
  "isVideo": true,
  "url": "01-bai-giang.hoc-theo-chu-de.10-nguyen-tac-doi-song.05-y-muon-vo-ly-cua-duc-chua-troi",
  "name": "05-Ý Muốn Vô Lý Của Đức Chúa Trời",
  "count": 0,
  "isLeaf": null,
  "keyword": null,
  "hash": "U2FsdGVkX19M0UCADOt+a0BufMVhtnpZqXZNQAuQ/vw7CJxkU+lskpQHFQWgYcc40DTpZ5lOJyVP3X8kV8nhUQ==",
  "khash": "U2FsdGVkX1+o2zGGm/PNhkizmTd05Rv5mYigZtMH0Boj+X/R6Met5TeiTn0wfmxDpWGzwX2jhXkoPp/MzgkEuw==",
  "viewCount": null,
  "duration": "26:19",
  "size": 736486795,
  "children": []
}