{
  "id": "94ad8a11-1de9-43dd-8b9d-5109fa4c6c54",
  "pid": "08fc6761-610b-4f15-a719-bc40f501e170",
  "dblevel": 4,
  "location": "/VGMV/01_BaiGiang/CauChuyen/06-LangThang",
  "isVideo": true,
  "url": "01-bai-giang.cau-chuyen.06-lang-thang",
  "name": "06-Lang Thang",
  "count": 0,
  "isLeaf": null,
  "keyword": null,
  "hash": "U2FsdGVkX18ToXQ7vi6ZL63xm6st8kKdSuffHzIFO/TdZ7p86EXay6JYgWz9JuvKjKnrOjG6XAgvCDHgZq05/w==",
  "khash": "U2FsdGVkX195I8STri1fqZhC4RFYbfWlsxH+qEmapMe+PgL25UbxDxWyOQsQcDnluQnyapAxSq7dQJaN6Jsb1g==",
  "viewCount": null,
  "duration": "25:46",
  "size": 256694108,
  "children": []
}