{
  "id": "b84e3d48-0c5f-4a5a-97dc-144ab3b9604d",
  "pid": "193f4b25-1d46-4d15-8d87-d181de0a93bf",
  "dblevel": 5,
  "location": "/VGMV/01_BaiGiang/HocTheoChuDe/11-ThanLeThat-traiTN2017/09-ThanhLinhHayTaLinhP1",
  "isVideo": true,
  "url": "01-bai-giang.hoc-theo-chu-de.11-than-le-that-trai-tn2017.09-thanh-linh-hay-ta-linh-p1",
  "name": "09-Thánh Linh Hay Tà Linh P1",
  "count": 0,
  "isLeaf": null,
  "keyword": null,
  "hash": "U2FsdGVkX1+KwUTnpHq0yhT93cIwXN8O4jzmvW3N6M7XPAZogzARxkHdVczOIrMe6K6JDe0RIg7LjzHIeyAfDA==",
  "khash": "U2FsdGVkX1/2AyFT8dhUAPATd2Klbdvnvwbxm9zU3RF4OnlKw8fk+JUzeY5o4bkURlUVysBdYH9NCeRbh3vNcg==",
  "viewCount": null,
  "duration": "54:55",
  "size": 1613355253,
  "children": []
}