{
  "id": "423d4b0c-5926-48d5-bc34-7c4dee894f82",
  "pid": "08fc6761-610b-4f15-a719-bc40f501e170",
  "dblevel": 4,
  "location": "/VGMV/01_BaiGiang/CauChuyen/29-SuMangCuaPhao-lo",
  "isVideo": true,
  "url": "01-bai-giang.cau-chuyen.29-su-mang-cua-phao-lo",
  "name": "29-Sứ Mang Của Phao-lô",
  "count": 0,
  "isLeaf": null,
  "keyword": null,
  "hash": "U2FsdGVkX19Mh6uoGP/7DwCSkXxCG6KwJJwC7xC9JKa0z2TwDpcnqLhEFHZ1PgWIPvpMejz8MmPKMCAJdZFblg==",
  "khash": "U2FsdGVkX1/ioRVKof5IlaLkHU9csbTVcSrS1vlftvyNoSS0/5nqCd630TTVKCBkImxKnwZ6AVuT4w43TOWNXA==",
  "viewCount": null,
  "duration": "37:21",
  "size": 373573202,
  "children": []
}