{
  "id": "7d4ffc79-f839-4553-864b-0582ce1d6ff4",
  "pid": "acb12f26-83b3-4f4b-80d1-a06ebf5b8c76",
  "dblevel": 5,
  "location": "/VGMV/01_BaiGiang/HocTheoChuDe/10-NguyenTacDoiSong/30-MongDoiChuaTroLai",
  "isVideo": true,
  "url": "01-bai-giang.hoc-theo-chu-de.10-nguyen-tac-doi-song.30-mong-doi-chua-tro-lai",
  "name": "30-Mong Đợi Chúa Trở Lại",
  "count": 0,
  "isLeaf": null,
  "keyword": null,
  "hash": "U2FsdGVkX19caOaIY6UqeZs6MJzxa2NoZXmcL1+aSrkBwHOIdTXEvQb5JsFmXFNuZ7xA04ndm265hn8Vwe0cBA==",
  "khash": "U2FsdGVkX1/pc612Y05tKSu+W0Tg05TEixCHacKmJjB9Moyrcty9AVxeuFjVv9sJw6Y0CgNbqqIcqf5zMulp0Q==",
  "viewCount": null,
  "duration": "26:16",
  "size": 735489620,
  "children": []
}