{
  "id": "825ce818-6579-49bb-a0b3-ba83c99b4e04",
  "pid": "646636d9-4178-4159-bda6-635d816f0b3f",
  "dblevel": 5,
  "location": "/VGMV/01_BaiGiang/HocTheoChuDe/05-CauNguyen-MSDangMinhTri/09CN_Eph011523_CauNguyenVoiChuaTeTri-P2",
  "isVideo": true,
  "url": "01-bai-giang.hoc-theo-chu-de.05-cau-nguyen-ms-dang-minh-tri.09cn-eph011523-cau-nguyen-voi-chua-te-tri-p2",
  "name": "09CN_Eph011523_Cầu Nguyện Với Chúa Tể Trị-P2",
  "count": 0,
  "isLeaf": null,
  "keyword": null,
  "hash": "U2FsdGVkX1+i12TEnA0eg+4DTHCVxqcssY0zMNqVtCuGelGWQYvjsyeZlTI3DktRfYVAVoXfTnfqidnT3I2/mA==",
  "khash": "U2FsdGVkX18VsWnKyE2ig3PlBlN8Rmmg2TLOML4KL8sCyHkdq/988obSIJEe0XfZFDnwPTxODImbxcIkQCAMFQ==",
  "viewCount": null,
  "duration": "76:32",
  "size": 1221577285,
  "children": []
}