{
  "id": "9d26ff46-0d36-48fb-acf3-f4b3aea6a70b",
  "pid": "aafff1f2-ed52-45da-b0db-22bc45041ab9",
  "dblevel": 5,
  "location": "/VGMV/01_BaiGiang/HocTheoChuDe/17-SongDeoDuoiMucDich/23_NhanBietTiengGoi-P6",
  "isVideo": true,
  "url": "01-bai-giang.hoc-theo-chu-de.17-song-deo-duoi-muc-dich.23-nhan-biet-tieng-goi-p6",
  "name": "23_Nhận Biết Tiếng Gọi-P6",
  "count": 0,
  "isLeaf": null,
  "keyword": null,
  "hash": "U2FsdGVkX1/ozNmU/Xyn0xrmp24vXKTr/tMrTmby05sJbEnAlE+eiDH/jLG5TSv9dKb8/9kKSOy6U6MDxPhl+Q==",
  "khash": "U2FsdGVkX18+7/8IccCAkLbSGUwRKRBc5pnKOO4bz2G3vgf7gFsB8JOWoy3fjHCpAMBKnRCX/Na9wu98hwamFQ==",
  "viewCount": null,
  "duration": "64:34",
  "size": 1813773833,
  "children": []
}