{
  "id": "4d501558-fc0c-4076-b893-42b338e9c67c",
  "pid": "acb12f26-83b3-4f4b-80d1-a06ebf5b8c76",
  "dblevel": 5,
  "location": "/VGMV/01_BaiGiang/HocTheoChuDe/10-NguyenTacDoiSong/25-ChiaSeNhungOnPhuocCuaDucChuaTroi",
  "isVideo": true,
  "url": "01-bai-giang.hoc-theo-chu-de.10-nguyen-tac-doi-song.25-chia-se-nhung-on-phuoc-cua-duc-chua-troi",
  "name": "25-Chia Sẻ Những Ơn Phước Của Đức Chúa Trời",
  "count": 0,
  "isLeaf": null,
  "keyword": null,
  "hash": "U2FsdGVkX19YxC8eXjwPwzArM+IE3btP6zZiTy7+67QNcE02ESf189YHx33GD8tJtmWeOQxxPFf39GXuyWPgFw==",
  "khash": "U2FsdGVkX1+J7jlaNKwpUU9to3tdsY1t73wt2jv8SXVDi6XzNde4GXaRnnQsTqrHZXGj+xyaPFyXduPdjYdvdA==",
  "viewCount": null,
  "duration": "26:25",
  "size": 743348561,
  "children": []
}