{
  "id": "d40d4b20-19a2-4ae0-8e3f-2b747997a494",
  "pid": "08fc6761-610b-4f15-a719-bc40f501e170",
  "dblevel": 4,
  "location": "/VGMV/01_BaiGiang/CauChuyen/30-NhungNgayCuoiCuaPhao-lo",
  "isVideo": true,
  "url": "01-bai-giang.cau-chuyen.30-nhung-ngay-cuoi-cua-phao-lo",
  "name": "30-Những Ngày Cuối Của Phao-lô",
  "count": 0,
  "isLeaf": null,
  "keyword": null,
  "hash": "U2FsdGVkX1+/wGRRqd2JAa83glC6VX7SZzSiZI21dgxJo9rvdZ2/QOMPOuTEQsk90wuMhw6pAhm2lExWpSA+4A==",
  "khash": "U2FsdGVkX18NA1LXm9vqMv8JEdVpeJPVEHYg7oIvGwXU1gphG1tIzxkuwwM8rzsyUOezUY3f0U8rVBp+MJLqmw==",
  "viewCount": null,
  "duration": "38:11",
  "size": 382805367,
  "children": []
}