{
  "id": "ad5e5f62-e8a3-4b6b-8a54-094cb4a0ce53",
  "pid": "646636d9-4178-4159-bda6-635d816f0b3f",
  "dblevel": 5,
  "location": "/VGMV/01_BaiGiang/HocTheoChuDe/05-CauNguyen-MSDangMinhTri/03CN_2Te011112_NhungDieuCauXin",
  "isVideo": true,
  "url": "01-bai-giang.hoc-theo-chu-de.05-cau-nguyen-ms-dang-minh-tri.03cn-2te011112-nhung-dieu-cau-xin",
  "name": "03CN_2Te011112_Những Điều Cầu Xin",
  "count": 0,
  "isLeaf": null,
  "keyword": null,
  "hash": "U2FsdGVkX1/cnt2Vf2knj/HWxdKFmrP4HjvfOUndZta3eCggYAXc8po1kejMedoZYyG3XrTW//Q90qBduUfW8w==",
  "khash": "U2FsdGVkX1+1k9OyMTu955UXFAEDBlGBYpH9N3Trjdnckh6rR8xwOuDUd3edt006mka9tiGA3Gc0AIowhkSz2Q==",
  "viewCount": null,
  "duration": "69:43",
  "size": 1008104883,
  "children": []
}