{
  "id": "848abb5c-48a7-46c0-b0a9-1a96edfb0fd0",
  "pid": "93e60200-b113-4239-9ec5-d5d7df05d177",
  "dblevel": 4,
  "location": "/VGMV/01_BaiGiang/CacDienGia/MSNHB_SuThoPhuongXungHiep",
  "isVideo": true,
  "url": "01-bai-giang.cac-dien-gia.msnhb-su-tho-phuong-xung-hiep",
  "name": "MSNHB_Sự Thờ Phượng Xứng Hiệp",
  "count": 0,
  "isLeaf": null,
  "keyword": null,
  "hash": "U2FsdGVkX193XoOwQPHDPSaVP9RQMNwtDMI2/y5K5PpSA7nzl9hkH89/xZjiyzgCYDdybJ0Z/3L8uGU755Z0cw==",
  "khash": "U2FsdGVkX1/a7SfHwSWQ76CdJHkuVEyVQKh5AHk5FHmNgT9muojKpq9bh6OhtIbbloPOhelJyrw5476j+HF/1w==",
  "viewCount": null,
  "duration": "49:17",
  "size": 1458145401,
  "children": []
}