{
  "id": "3f1b070e-fe67-4e48-96b6-2e63ed4f6fbc",
  "pid": "93e60200-b113-4239-9ec5-d5d7df05d177",
  "dblevel": 4,
  "location": "/VGMV/01_BaiGiang/CacDienGia/MSPVC_HoiThanhCuaDucChuaTroi",
  "isVideo": true,
  "url": "01-bai-giang.cac-dien-gia.mspvc-hoi-thanh-cua-duc-chua-troi",
  "name": "MSPVC_Hội Thánh Của Đức Chúa Trời",
  "count": 0,
  "isLeaf": null,
  "keyword": null,
  "hash": "U2FsdGVkX18BevbIqWiMswAw1tfNAS9a1DSNfbf1AlKWHc2/RkxWbWvC8hKlfOvCwp7gTp3h5gQyHjK8siyOfQ==",
  "khash": "U2FsdGVkX18iHl0vxg6uoMmaMEbHF329BxZ6BfRKD8KtiW6lqPiyanGkUN+xgiVef2E0vFTPlJvY37NpVm/MQA==",
  "viewCount": null,
  "duration": "52:29",
  "size": 401029262,
  "children": []
}