{
  "id": "c3192952-d5f0-4dba-84d1-381bf39018cf",
  "pid": "08fc6761-610b-4f15-a719-bc40f501e170",
  "dblevel": 4,
  "location": "/VGMV/01_BaiGiang/CauChuyen/20-HoangHauCuaSacDepVaCanDam",
  "isVideo": true,
  "url": "01-bai-giang.cau-chuyen.20-hoang-hau-cua-sac-dep-va-can-dam",
  "name": "20-Hoàng Hậu Của Sắc Đẹp Và Can Đảm",
  "count": 0,
  "isLeaf": null,
  "keyword": null,
  "hash": "U2FsdGVkX1+c4Xyi6Vurt0Xaetsk8PYuTEL/GQNFlB4Vw0bgbjVayCmJJkuYjKT7sAtlxt1+Xehc7qIT/UyT4w==",
  "khash": "U2FsdGVkX1+MavqWn00RyvtaDbmk70c6dbpoX+NznRjmrDAf8WiKLtkMwm85fwCwWSsCKpC430RCSSfQ9aHwLQ==",
  "viewCount": null,
  "duration": "35:11",
  "size": 349745363,
  "children": []
}