{
  "id": "1d3a8ed9-bb39-4439-809d-9d6ad059028c",
  "pid": "dd494879-da36-4932-9390-bf2209f5ef33",
  "dblevel": 5,
  "location": "/VGMV/01_BaiGiang/HocTheoChuDe/06-MotPhutSauKhiChet/06-MotPhutSauKhiChet",
  "isVideo": true,
  "url": "01-bai-giang.hoc-theo-chu-de.06-mot-phut-sau-khi-chet.06-mot-phut-sau-khi-chet",
  "name": "06-Một Phút Sau Khi Chết",
  "count": 0,
  "isLeaf": null,
  "keyword": null,
  "hash": "U2FsdGVkX18e6JaYecWZxret+Iuls1OfqavPs32cmbYcimMT69aybEdiVWCtomvttzxHn+4i0w1W8Ur5u2T7Lw==",
  "khash": "U2FsdGVkX1+7mS3d4e/3E9HN67JEe+sirRJM36ofz3bCMQ5Qaufk0v8aiAwUhDr4/OJKnCTgrfuE36/+XR5ywg==",
  "viewCount": null,
  "duration": "24:42",
  "size": 674901853,
  "children": []
}