{
  "id": "ed3c866e-3b0c-4bf7-a50c-efa6563bf935",
  "pid": "93e60200-b113-4239-9ec5-d5d7df05d177",
  "dblevel": 4,
  "location": "/VGMV/01_BaiGiang/CacDienGia/MSMPH_TrongDoiDucGie-ho-va",
  "isVideo": true,
  "url": "01-bai-giang.cac-dien-gia.msmph-trong-doi-duc-gie-ho-va",
  "name": "MSMPH_Trông Đợi Đức Giê-hô-va",
  "count": 0,
  "isLeaf": null,
  "keyword": null,
  "hash": "U2FsdGVkX1+LjH+Ue9+u2MO6jgK1nCWqmVjyzV+pCSAaTX7mKPrhp6/eiq/4eja9Bnh1mXkeat4zliL11WARbw==",
  "khash": "U2FsdGVkX1+qRBf1smxJTNYkHduvUqahbXpjrV66c+1eG21l++w+1QJRUubV7v5LObQWD71dUz4BInt6e0AAmw==",
  "viewCount": null,
  "duration": "32:32",
  "size": 961086927,
  "children": []
}