{
  "id": "b9b6ff12-080b-4682-a705-b74e6ea2d358",
  "pid": "ebdf9f37-c552-498b-bdfd-a123b6b41c2c",
  "dblevel": 5,
  "location": "/VGMV/01_BaiGiang/HocTheoChuDe/03-XacTinNiemTin/04-ToicothatlaconcuaChua?",
  "isVideo": true,
  "url": "01-bai-giang.hoc-theo-chu-de.03-xac-tin-niem-tin.04-toi-co-that-la-con-cua-chua-",
  "name": "04-Tôi có thật là con của Chúa ?",
  "count": 0,
  "isLeaf": null,
  "keyword": null,
  "hash": "U2FsdGVkX18w3pyLX5QEYLMuwucYKghHa0vy323n7uACRL5aV7LITQgE0lXRPXuEUTJ3tH1PYSkeXQeeHzuLBw==",
  "khash": "U2FsdGVkX1/SDZWWNdmIrTtI3sRvxx2TLBgm9DddmJCzGm3xQSwyiT0rw20a02bN+H4ima4ohZxLq9PfCatWzg==",
  "viewCount": null,
  "duration": "63:29",
  "size": 1870332758,
  "children": []
}