{
  "id": "df297b2f-e068-4484-8380-b10221386dc2",
  "pid": "0988cf42-c6da-44ec-9d62-067d087afc6e",
  "dblevel": 5,
  "location": "/VGMV/01_BaiGiang/HocTheoChuDe/18-NhungCauChuyenViDaiNhatTungDuocKe/NhungCauChuyenViDaiNhatTungDuocKe-02",
  "isVideo": true,
  "url": "01-bai-giang.hoc-theo-chu-de.18-nhung-cau-chuyen-vi-dai-nhat-tung-duoc-ke.nhung-cau-chuyen-vi-dai-nhat-tung-duoc-ke-02",
  "name": "Những Câu Chuyện Vĩ Đại Nhất Từng Được Kể-02",
  "count": 0,
  "isLeaf": null,
  "keyword": null,
  "hash": "U2FsdGVkX1+mvqlg5nCpTsSYQF+87IiuhzToFZ4yQvzaTH5RHKFckehXiihZeTXHx3PTVxm/5KV7ovaVvh+JNQ==",
  "khash": "U2FsdGVkX1/og8Xh1TqP9zIOLtCYBSstklV34XwBcid1D8KZv9Z7pI/7+yIpcqBIYRTf8AoGmJg9IiLLLSRgVQ==",
  "viewCount": null,
  "duration": "40:35",
  "size": 498419015,
  "children": []
}