{
  "id": "db960264-7ea0-4250-9196-70d3fd6a37e8",
  "pid": "08fc6761-610b-4f15-a719-bc40f501e170",
  "dblevel": 4,
  "location": "/VGMV/01_BaiGiang/CauChuyen/13-ViVuaDaCoTatCa",
  "isVideo": true,
  "url": "01-bai-giang.cau-chuyen.13-vi-vua-da-co-tat-ca",
  "name": "13-Vị Vua Đã Có Tất Cả",
  "count": 0,
  "isLeaf": null,
  "keyword": null,
  "hash": "U2FsdGVkX19T2/2tk+tX2qHl591jGeO5IfsMnQYM5TKXhAM/nVcqRd2s1H1u5Az+igmhvfJ+LmAYR/SRsx2CNg==",
  "khash": "U2FsdGVkX1+1o1CY62eSQRwoIIlD/EuyNq0L5VA+dNf4/864dgu0CHhRL1LCR98KsLFDYtx+rQhvjYMmqb/txg==",
  "viewCount": null,
  "duration": "39:12",
  "size": 390710213,
  "children": []
}