{
  "id": "b502bef0-8883-47aa-9109-3ef911573c68",
  "pid": "acb12f26-83b3-4f4b-80d1-a06ebf5b8c76",
  "dblevel": 5,
  "location": "/VGMV/01_BaiGiang/HocTheoChuDe/10-NguyenTacDoiSong/06-NguyenTacGieoVaGat",
  "isVideo": true,
  "url": "01-bai-giang.hoc-theo-chu-de.10-nguyen-tac-doi-song.06-nguyen-tac-gieo-va-gat",
  "name": "06-Nguyên Tắc Gieo Và Gặt",
  "count": 0,
  "isLeaf": null,
  "keyword": null,
  "hash": "U2FsdGVkX1+yDUOrcDjow4Ly8Yy9rzxZHYzlKshWunblEnR0K7Aza0pfkF67YXKUdNNYo78ANqeLHBgTnPrKfQ==",
  "khash": "U2FsdGVkX19EWRbwMoIPKgSt0QCTSwCf1aHCpwZRDmbLFGWzZ3TMy+FqTUd1Ruy4JmjeFDTJX+Zg5BUeY4b6Yw==",
  "viewCount": null,
  "duration": "26:8",
  "size": 733399302,
  "children": []
}