{
  "id": "925a05ef-5d3e-4d7c-a913-573a7b3007db",
  "pid": "acb12f26-83b3-4f4b-80d1-a06ebf5b8c76",
  "dblevel": 5,
  "location": "/VGMV/01_BaiGiang/HocTheoChuDe/10-NguyenTacDoiSong/17-DungVungVangKienDinhDoLoiCauNguyen",
  "isVideo": true,
  "url": "01-bai-giang.hoc-theo-chu-de.10-nguyen-tac-doi-song.17-dung-vung-vang-kien-dinh-do-loi-cau-nguyen",
  "name": "17-Đứng Vững Vàng Kiên Định Do Lời Cầu Nguyện",
  "count": 0,
  "isLeaf": null,
  "keyword": null,
  "hash": "U2FsdGVkX18Z2BVLzpYNsQmw7XzI7EFjUmUkyiLvwKdNS4rsk6h+1MQfEytdLSA+FFF3X1Kfp1Lu61Sgq3vnbw==",
  "khash": "U2FsdGVkX1+mYsmfiILxTu0gb6VHQpqtap/iwDJ0zKw8TQy8ks7rDY8k1cTswz+R7zQB9Pa6OTDWufz60pvNwg==",
  "viewCount": null,
  "duration": "26:33",
  "size": 744370187,
  "children": []
}