{
  "id": "7a9e2061-4bc7-407c-a26c-e8c69081c042",
  "pid": "aafff1f2-ed52-45da-b0db-22bc45041ab9",
  "dblevel": 5,
  "location": "/VGMV/01_BaiGiang/HocTheoChuDe/17-SongDeoDuoiMucDich/16_TroNenGiongChua-P3",
  "isVideo": true,
  "url": "01-bai-giang.hoc-theo-chu-de.17-song-deo-duoi-muc-dich.16-tro-nen-giong-chua-p3",
  "name": "16_Trở Nên Giống Chúa-P3",
  "count": 0,
  "isLeaf": null,
  "keyword": null,
  "hash": "U2FsdGVkX1+9rC4NHArIVrWfMJSMpn2ky+aNmOXYOGx2ydz4Rq71eWysUsvhjisYm4aAR1oLkbuNqSKUaM/lUA==",
  "khash": "U2FsdGVkX1+ZeikXkHSigsaSzGc3jjRL7gRYh55GV53by7IV73RRtKhNM1s9RlM8h+VXwqKgzRdb5HhbX8uHvg==",
  "viewCount": null,
  "duration": "26:11",
  "size": 769972825,
  "children": []
}