{
  "id": "ffc4278e-8f39-47c5-8eeb-dba07e7391fe",
  "pid": "85b53474-c2f3-47d7-a10c-7aea35a3707b",
  "dblevel": 5,
  "location": "/VGMV/01_BaiGiang/HocTheoChuDe/01-ToiLaAi-traiTN2015/06Toi-TacPhamCuaChuaCuuThe",
  "isVideo": true,
  "url": "01-bai-giang.hoc-theo-chu-de.01-toi-la-ai-trai-tn2015.06toi-tac-pham-cua-chua-cuu-the",
  "name": "06Tôi-Tác Phẩm Của Chúa Cứu Thế",
  "count": 0,
  "isLeaf": null,
  "keyword": null,
  "hash": "U2FsdGVkX19cR+2xnz0HvjUfmcTJJvoQyFpJzHlsE5fvWH8IvMSadEd+tiVTJFmuTBl3gyCoSfhZZ4Xz8j5blA==",
  "khash": "U2FsdGVkX1+uIYYfhMbAaPYvYNahT5PXObkxpJwvO6Hx6qneaJzj91jzsd3dv8U+lSklZdGH0gKc3FN/Tb4dCA==",
  "viewCount": null,
  "duration": "54:42",
  "size": 1489265547,
  "children": []
}