{
  "id": "6e4e9ef2-127a-4158-95e3-c43cafcd0e96",
  "pid": "08fc6761-610b-4f15-a719-bc40f501e170",
  "dblevel": 4,
  "location": "/VGMV/01_BaiGiang/CauChuyen/16-KhoiDauCuaSuKetThuc",
  "isVideo": true,
  "url": "01-bai-giang.cau-chuyen.16-khoi-dau-cua-su-ket-thuc",
  "name": "16-Khởi Đầu Của Sự Kết Thúc",
  "count": 0,
  "isLeaf": null,
  "keyword": null,
  "hash": "U2FsdGVkX1+G4ew0+QYxObJoPBNo43Er9VEEV1ZHjcUlnhxCI2gUIG9b1v/DyLoDY+SsIuvzBGFaO7Hbk/DKwA==",
  "khash": "U2FsdGVkX1/3sFGVmAj9OI+M3TcgOPbSSh6czqLlLC11ohN67JDwx1d37B3sTlhRmSbuUaoQtER5zn6HrvFHFg==",
  "viewCount": null,
  "duration": "35:55",
  "size": 359261484,
  "children": []
}