{
  "id": "18f04daa-3ac4-4d09-928f-dd197932e58f",
  "pid": "93e60200-b113-4239-9ec5-d5d7df05d177",
  "dblevel": 4,
  "location": "/VGMV/01_BaiGiang/CacDienGia/MSNHB_HDLT01_NangQuyenTuThanhLinh",
  "isVideo": true,
  "url": "01-bai-giang.cac-dien-gia.msnhb-hdlt01-nang-quyen-tu-thanh-linh",
  "name": "MSNHB_HDLT01_Năng Quyền Từ Thánh Linh",
  "count": 0,
  "isLeaf": null,
  "keyword": null,
  "hash": "U2FsdGVkX181yKGIcxT0UVoDan7zgYj2UxKacNundWglsEUExhkcSSflBYEK2FK8JDiv4NdZuRJZm7IuFO+LUw==",
  "khash": "U2FsdGVkX1+ZhoG41fJlYSBFHMBTh/h3D5OVWDMHNIvDCfVSu49CRPvBpNXx7NKOuYil/PQ5/FyCcIHt+YKckA==",
  "viewCount": null,
  "duration": "44:10",
  "size": 1166317664,
  "children": []
}