{
  "id": "2380a812-8658-4c81-b479-aaa9e2139e04",
  "pid": "93e60200-b113-4239-9ec5-d5d7df05d177",
  "dblevel": 4,
  "location": "/VGMV/01_BaiGiang/CacDienGia/MSPVC_NepSongDuDat",
  "isVideo": true,
  "url": "01-bai-giang.cac-dien-gia.mspvc-nep-song-du-dat",
  "name": "MSPVC_Nếp Sống Dư Dật",
  "count": 0,
  "isLeaf": null,
  "keyword": null,
  "hash": "U2FsdGVkX1+ND67KOfwktRMIfBVO9Ku2tzeFgust4/37Q2QCNXiBhGk0n75qAYVu",
  "khash": "U2FsdGVkX1+4J70IHJcrgA5P6li6a3f9MKP/ZNJCUIAB1cFOaTzznW5gOrUz23uEzKVC6FSXa6yrBzlay3rkrA==",
  "viewCount": null,
  "duration": "30:3",
  "size": 369083954,
  "children": []
}