{
  "id": "671fed58-c21a-47a3-bb44-d29023a87d83",
  "pid": "acb12f26-83b3-4f4b-80d1-a06ebf5b8c76",
  "dblevel": 5,
  "location": "/VGMV/01_BaiGiang/HocTheoChuDe/10-NguyenTacDoiSong/22-BuocDiTrongThanhLinh",
  "isVideo": true,
  "url": "01-bai-giang.hoc-theo-chu-de.10-nguyen-tac-doi-song.22-buoc-di-trong-thanh-linh",
  "name": "22-Bước Đi Trong Thánh Linh",
  "count": 0,
  "isLeaf": null,
  "keyword": null,
  "hash": "U2FsdGVkX18DouJnKwLZZY3VJMv0C7g/SqFfBevZH/6ue71RuCSs8vF5YjdJqRTrRVEn+RbD18OVKdn6Ej8VkA==",
  "khash": "U2FsdGVkX18YPi7a9EkUYEclXH/mldjMGnzpUKpobc5RXW8BwwcQKxfOPOzs1gTRtbi2x5rMuOHOtlwH535jpQ==",
  "viewCount": null,
  "duration": "26:37",
  "size": 746715248,
  "children": []
}