{
  "id": "aefb2601-c6ef-461c-aa4e-132414c133e8",
  "pid": "dd494879-da36-4932-9390-bf2209f5ef33",
  "dblevel": 5,
  "location": "/VGMV/01_BaiGiang/HocTheoChuDe/06-MotPhutSauKhiChet/08-MotPhutSauKhiChet",
  "isVideo": true,
  "url": "01-bai-giang.hoc-theo-chu-de.06-mot-phut-sau-khi-chet.08-mot-phut-sau-khi-chet",
  "name": "08-Một Phút Sau Khi Chết",
  "count": 0,
  "isLeaf": null,
  "keyword": null,
  "hash": "U2FsdGVkX1/SzjSi6MJ46Dl3EdH+lY9a4SeyCe9c5nvXPPobX1BQT5X37XEzRZjwMZ0jCUqMl+JyGiwD0cgyoQ==",
  "khash": "U2FsdGVkX18ZJy9Cf4xApG85cPWHM2nISJJWbxhFDM1IrfN+KbxGWkN6NuxbOdwLSRV1OOp2E9dLtWCiepDWfA==",
  "viewCount": null,
  "duration": "24:50",
  "size": 678450011,
  "children": []
}