{
  "id": "91b554ba-4d08-433e-855a-b545214173d7",
  "pid": "93e60200-b113-4239-9ec5-d5d7df05d177",
  "dblevel": 4,
  "location": "/VGMV/01_BaiGiang/CacDienGia/MSNHB_HiepNhatTrongChua",
  "isVideo": true,
  "url": "01-bai-giang.cac-dien-gia.msnhb-hiep-nhat-trong-chua",
  "name": "MSNHB_Hiệp Nhất Trong Chúa",
  "count": 0,
  "isLeaf": null,
  "keyword": null,
  "hash": "U2FsdGVkX1/LJgBd1c010snj13vc6uvOg69blJdvvaqykTlgL3XGB38CZmqSzqdlo92O0DWPulCDw0brYeKGfw==",
  "khash": "U2FsdGVkX19NYD2g/n3TBJAtRRxE5sPEGfxwd5LQyH4WzUA8CO0z33lZ0f9mJvx3e95vHB6A55waXPzMA5ZqDA==",
  "viewCount": null,
  "duration": "47:40",
  "size": 1412511205,
  "children": []
}