{
  "id": "a6984e62-e7f3-407f-9b0c-32aa15d7d0f2",
  "pid": "93e60200-b113-4239-9ec5-d5d7df05d177",
  "dblevel": 4,
  "location": "/VGMV/01_BaiGiang/CacDienGia/MSNHB_HDLT04_DeSongTrongNangQuyen",
  "isVideo": true,
  "url": "01-bai-giang.cac-dien-gia.msnhb-hdlt04-de-song-trong-nang-quyen",
  "name": "MSNHB_HDLT04_Để Sống Trong Năng Quyền",
  "count": 0,
  "isLeaf": null,
  "keyword": null,
  "hash": "U2FsdGVkX1+3COnDsvu+tOaWIsWf7RPgriH6lwYlX5sqZWBylZTjKBE0d/15kSpEdSsowfuzQiyhq01WYZld9Q==",
  "khash": "U2FsdGVkX1/s8E0VuC+V5ne07AC8NGPVWXEDfMd0MGgNxMWrHavXZd+Pi5+HMp/+7cemLlAskxDUQalE7R4kxw==",
  "viewCount": null,
  "duration": "49:9",
  "size": 1297840477,
  "children": []
}