{
  "id": "806f3964-4d7d-4c7e-b70e-6ecea8ff9b0f",
  "pid": "4f9dcea2-0185-43b8-8732-88d53f817baa",
  "dblevel": 5,
  "location": "/VGMV/01_BaiGiang/HocTheoChuDe/19-ChonBanDoiTheoYChua/ChonBanDoiTheoYChua-P05",
  "isVideo": true,
  "url": "01-bai-giang.hoc-theo-chu-de.19-chon-ban-doi-theo-y-chua.chon-ban-doi-theo-y-chua-p05",
  "name": "Chọn Bạn Đời Theo Ý Chúa-P05",
  "count": 0,
  "isLeaf": null,
  "keyword": null,
  "hash": "U2FsdGVkX19I7xV9a9jbA6vdbUZNt+QjffVaBSr2+PKfqzMHEW5BQD8S+bgluSKEfdJ7sb9NQcu5wu93OTi4jQ==",
  "khash": "U2FsdGVkX1/SV+QRY66k/GBUlnPQBVY03l5+x2fen52Bu0So/viepWHFvXrdeDSU1Cz5/ntTx9xOTDNeA6Qyrg==",
  "viewCount": null,
  "duration": "59:32",
  "size": 1752719282,
  "children": []
}