{
  "id": "763a1327-bae9-487a-9c09-a6f752aed6eb",
  "pid": "ba0ef5e2-e1e4-4be5-ba01-8f6e8844628b",
  "dblevel": 4,
  "location": "/VGMV/01_BaiGiang/TongQuanKinhThanh/43b_Giang13-21",
  "isVideo": true,
  "url": "01-bai-giang.tong-quan-kinh-thanh.43b-giang-13-21",
  "name": "43b_Giăng 13-21",
  "count": 0,
  "isLeaf": null,
  "keyword": null,
  "hash": "",
  "khash": "U2FsdGVkX19C695L2HGkFWBB8Iei8GiqEh2oKmMaVhXEuH4bvLm0BAKuIwppBx4HQTLCz3Uc5gYJXTMmcfgjnA==",
  "viewCount": null,
  "duration": "8:31",
  "size": 253097576,
  "children": []
}