{
  "id": "615d6c3d-36df-411a-97fc-26e67b99c6f7",
  "pid": "ba0ef5e2-e1e4-4be5-ba01-8f6e8844628b",
  "dblevel": 4,
  "location": "/VGMV/01_BaiGiang/TongQuanKinhThanh/43a_Giang01-12",
  "isVideo": true,
  "url": "01-bai-giang.tong-quan-kinh-thanh.43a-giang-01-12",
  "name": "43a_Giăng 01-12",
  "count": 0,
  "isLeaf": null,
  "keyword": null,
  "hash": "",
  "khash": "U2FsdGVkX18apBTDKbcCZFPJ5957VDg/wyUYmORZcJr4zM3g7zjFYKZLBmKNuiyJmKt2JT38eNQ3NU+Ej5eNpw==",
  "viewCount": null,
  "duration": "8:45",
  "size": 258881340,
  "children": []
}