{
  "id": "0467bcdf-9c3d-405d-845b-0101351088b2",
  "pid": "ba0ef5e2-e1e4-4be5-ba01-8f6e8844628b",
  "dblevel": 4,
  "location": "/VGMV/01_BaiGiang/TongQuanKinhThanh/33_Mi-che",
  "isVideo": true,
  "url": "01-bai-giang.tong-quan-kinh-thanh.33-mi-che",
  "name": "33_Mi-chê",
  "count": 0,
  "isLeaf": null,
  "keyword": null,
  "hash": "",
  "khash": "U2FsdGVkX1/q0fv/CznV3rZQ9e2xncOC5vVz1pMeJtFwsPbhKqI+8xC3OCQwN/9dI06jGBDKgqn9FcAVjVSieA==",
  "viewCount": null,
  "duration": "6:38",
  "size": 196093329,
  "children": []
}