{
  "id": "39554ca5-132e-4dfc-94a9-71de8b6989ba",
  "pid": "0988cf42-c6da-44ec-9d62-067d087afc6e",
  "dblevel": 5,
  "location": "/VGMV/01_BaiGiang/HocTheoChuDe/18-NhungCauChuyenViDaiNhatTungDuocKe/NhungCauChuyenViDaiNhatTungDuocKe-03",
  "isVideo": true,
  "url": "01-bai-giang.hoc-theo-chu-de.18-nhung-cau-chuyen-vi-dai-nhat-tung-duoc-ke.nhung-cau-chuyen-vi-dai-nhat-tung-duoc-ke-03",
  "name": "Những Câu Chuyện Vĩ Đại Nhất Từng Được Kể-03",
  "count": 0,
  "isLeaf": null,
  "keyword": null,
  "hash": "U2FsdGVkX1+eGFsdY1P0fiuKV5h3D1Bt7lNDPZ+GWHUIR6WCTAOfzPyFRsBIkUfvrybIJRrAptFZZ29gLlJlog==",
  "khash": "U2FsdGVkX18D4V8LQSxOaoM+7KwEtqFpLB5u3NSfb6kOlkqxTGeAHENNrzOvHSYcm9kpAzbe1cB5mhhaiOaA7g==",
  "viewCount": null,
  "duration": "40:26",
  "size": 496859492,
  "children": []
}