{
  "id": "7b11159f-1731-4fef-bf0b-b25339faac84",
  "pid": "2be856c9-d1b7-4822-a94c-2f624f00c00b",
  "dblevel": 5,
  "location": "/VGMV/01_BaiGiang/HocTheoChuDe/12-SongTrongTinhYeu/02-SongTrongTinhYeuKhongThayDoi-KhongGioiHan",
  "isVideo": true,
  "url": "01-bai-giang.hoc-theo-chu-de.12-song-trong-tinh-yeu.02-song-trong-tinh-yeu-khong-thay-doi-khong-gioi-han",
  "name": "02-Sống Trong Tình Yêu Không Thay Đổi - Không Giới Hạn",
  "count": 0,
  "isLeaf": null,
  "keyword": null,
  "hash": "U2FsdGVkX18jy+uX4cJA9PSFjDoqfpsRylDzV2+LxzvvPuoZmNsOnJx8uUnEKX9zQ1T+hao9noXqmk27ZdqFSQ==",
  "khash": "U2FsdGVkX18g4BMrIsqnvRiHmqXGI0vRlGbjzCbDfGf0DG+XsFir3NPsrV/D9gvjk5ik95C2WtMHkI8G8ADn9A==",
  "viewCount": null,
  "duration": "71:4",
  "size": 1936388865,
  "children": []
}