{
  "id": "204c0e9b-cbeb-4525-8f5e-14cec6959573",
  "pid": "dd494879-da36-4932-9390-bf2209f5ef33",
  "dblevel": 5,
  "location": "/VGMV/01_BaiGiang/HocTheoChuDe/06-MotPhutSauKhiChet/03-MotPhutSauKhiChet",
  "isVideo": true,
  "url": "01-bai-giang.hoc-theo-chu-de.06-mot-phut-sau-khi-chet.03-mot-phut-sau-khi-chet",
  "name": "03-Một Phút Sau Khi Chết",
  "count": 0,
  "isLeaf": null,
  "keyword": null,
  "hash": "U2FsdGVkX1/0z1LTRYBAUXA3MjEyVv77AiggyoDiRgu/awRMClWwuAJ9F6iWnhKR3GNyk+geo92d43nqAJ3luA==",
  "khash": "U2FsdGVkX1/4gbteju7LN3787gGjViQjRk9P5+XWWhmrO/le/+/idDX+TpLPqjYqtnXcbC6aHiBu1R1kX/H6Ug==",
  "viewCount": null,
  "duration": "23:38",
  "size": 645975667,
  "children": []
}