{
  "id": "61256648-7d8e-41b0-8f72-9763e13a75e2",
  "pid": "ba0ef5e2-e1e4-4be5-ba01-8f6e8844628b",
  "dblevel": 4,
  "location": "/VGMV/01_BaiGiang/TongQuanKinhThanh/00_GioiThieu",
  "isVideo": true,
  "url": "01-bai-giang.tong-quan-kinh-thanh.00-gioi-thieu",
  "name": "00_Giới Thiệu",
  "count": 0,
  "isLeaf": null,
  "keyword": null,
  "hash": "",
  "khash": "U2FsdGVkX1/0ZNaE3VllxDlthjF3ue/9ZkdeUmZy+fnKdLWANYJlIWYnf3vBuQlajqlEQUOE5MHRyV0JvNAz4g==",
  "viewCount": null,
  "duration": "2:58",
  "size": 87641556,
  "children": []
}