{
  "id": "7d67ee1a-af8a-44f1-bef3-6fc5a0e99443",
  "pid": "aafff1f2-ed52-45da-b0db-22bc45041ab9",
  "dblevel": 5,
  "location": "/VGMV/01_BaiGiang/HocTheoChuDe/17-SongDeoDuoiMucDich/12_ThaThu-P2",
  "isVideo": true,
  "url": "01-bai-giang.hoc-theo-chu-de.17-song-deo-duoi-muc-dich.12-tha-thu-p2",
  "name": "12_Tha Thứ-P2",
  "count": 0,
  "isLeaf": null,
  "keyword": null,
  "hash": "U2FsdGVkX1/yhCRZSvp1C0t7VbnG34Xs4RHq+Bk14hnzrZxRWjFQuBNBWrwiqHz0zZKPmZibWHRoxzmhBn6xEQ==",
  "khash": "U2FsdGVkX192NWXGBhOeXa0My6b8JlUWLecLDfDI4DEg597P77xL8FzLpfhs1xbtxlmFd+BpeaSbDJptf8D18w==",
  "viewCount": null,
  "duration": "55:44",
  "size": 1636534932,
  "children": []
}