{
  "id": "3c597233-27b4-4575-aea5-051eb538b5c5",
  "pid": "7c668b85-d67f-48b2-840a-84011c89722a",
  "dblevel": 5,
  "location": "/VGMV/01_BaiGiang/HocTheoChuDe/13-NenTangMoiLienHeHonNhan/NenTangMoiLienHeHonNhan-4",
  "isVideo": true,
  "url": "01-bai-giang.hoc-theo-chu-de.13-nen-tang-moi-lien-he-hon-nhan.nen-tang-moi-lien-he-hon-nhan-4",
  "name": "Nền Tảng Mối Liên Hệ Hôn Nhân-4",
  "count": 0,
  "isLeaf": null,
  "keyword": null,
  "hash": "U2FsdGVkX1/UkXvco5uTbqdnDuXyxzRcP1gsT89ydWv6A96W7fL6r9lrEpJdXR93cuWDHRmWZh2s1mOqffprAA==",
  "khash": "U2FsdGVkX18kMqAmZbb88Tmr0fvIh11ygn+8PNEkCfQZN5mLL6fWH8nDoALztMTCiDrcVXaD47sX1uJoZJFUbg==",
  "viewCount": null,
  "duration": "43:33",
  "size": 433576887,
  "children": []
}