{
  "id": "06d24fd7-c05b-4cfe-9f64-d6e538355a1d",
  "pid": "646636d9-4178-4159-bda6-635d816f0b3f",
  "dblevel": 5,
  "location": "/VGMV/01_BaiGiang/HocTheoChuDe/05-CauNguyen-MSDangMinhTri/10CN_Ro153033_CauNguyenChoViecNhaChua",
  "isVideo": true,
  "url": "01-bai-giang.hoc-theo-chu-de.05-cau-nguyen-ms-dang-minh-tri.10cn-ro153033-cau-nguyen-cho-viec-nha-chua",
  "name": "10CN_Ro153033_Cầu Nguyện Cho Việc Nhà Chúa",
  "count": 0,
  "isLeaf": null,
  "keyword": null,
  "hash": "U2FsdGVkX1881JAw1ZRf+VM69YfZbJumNS5lnJfGMg6afv4ge2pY2IHJj0kegDbjqf0iycgWq+8d+DUpZuQPSw==",
  "khash": "U2FsdGVkX1/zApiwvwqBIIfPs7TAZgxAI21ew/+dggfgH4BAMRrhGI7GagjK/Bv/RiE7h96gZu9LxcY/P17qmQ==",
  "viewCount": null,
  "duration": "72:20",
  "size": 1258299748,
  "children": []
}