{
  "id": "a22da4a3-dd4b-435e-ae42-fa88b7a1013d",
  "pid": "ba0ef5e2-e1e4-4be5-ba01-8f6e8844628b",
  "dblevel": 4,
  "location": "/VGMV/01_BaiGiang/TongQuanKinhThanh/23a_E-sai01-39",
  "isVideo": true,
  "url": "01-bai-giang.tong-quan-kinh-thanh.23a-e-sai-01-39",
  "name": "23a_Ê-sai 01-39",
  "count": 0,
  "isLeaf": null,
  "keyword": null,
  "hash": "",
  "khash": "U2FsdGVkX180gVeqCOEVRcSQWgDm+0ge31noCmuLaWVZL7SRqzjaXfYub8/T07q0JgssH5TRfl6jN37SzqSfxQ==",
  "viewCount": null,
  "duration": "8:10",
  "size": 242289521,
  "children": []
}