{
  "id": "db61ea1a-34ac-4b7b-a3af-2308aed8fcaa",
  "pid": "93e60200-b113-4239-9ec5-d5d7df05d177",
  "dblevel": 4,
  "location": "/VGMV/01_BaiGiang/CacDienGia/MSNHB_KhiQuayVeLoiCu",
  "isVideo": true,
  "url": "01-bai-giang.cac-dien-gia.msnhb-khi-quay-ve-loi-cu",
  "name": "MSNHB_Khi Quay Về Lối Cũ",
  "count": 0,
  "isLeaf": null,
  "keyword": null,
  "hash": "U2FsdGVkX18xSd6AyTWJGfotIKM8zfvk0JeOBgY5JbxPulUFOcWc8aU2Gh9u+KOuPCTSeuwo25QnI6OscB3PAw==",
  "khash": "U2FsdGVkX19Odu7wu7p2LY+qS2WCAsHuIsC8jrAzWhiwE1ZzXwJsCiyuNLZhKV9Qn5xAYb+7NaNtQkcI6FitoA==",
  "viewCount": null,
  "duration": "49:55",
  "size": 797025380,
  "children": []
}