{
  "id": "8d27f1f1-c0fa-4f6e-9028-199e1ec3dc34",
  "pid": "0988cf42-c6da-44ec-9d62-067d087afc6e",
  "dblevel": 5,
  "location": "/VGMV/01_BaiGiang/HocTheoChuDe/18-NhungCauChuyenViDaiNhatTungDuocKe/NhungCauChuyenViDaiNhatTungDuocKe-10",
  "isVideo": true,
  "url": "01-bai-giang.hoc-theo-chu-de.18-nhung-cau-chuyen-vi-dai-nhat-tung-duoc-ke.nhung-cau-chuyen-vi-dai-nhat-tung-duoc-ke-10",
  "name": "Những Câu Chuyện Vĩ Đại Nhất Từng Được Kể-10",
  "count": 0,
  "isLeaf": null,
  "keyword": null,
  "hash": "U2FsdGVkX1+DQ2gvFkImQFnJjOoGwJbCvvYYZJD2K290zKNT44YaTBI20GADX5Zp9iZosCoJCX0ZFAk9/vsBog==",
  "khash": "U2FsdGVkX18A4/TYAbgWYyVRrhi/VH3CcxH5D1lqxh5wREG4vC1j6ZDW492k5/6jcvdENExwK0smY37E1Izczg==",
  "viewCount": null,
  "duration": "33:7",
  "size": 407675069,
  "children": []
}