{
  "id": "f4b0785f-73cb-4f6e-8000-26349329ce56",
  "pid": "41cb1349-3a1e-46c1-9e20-db89f782e610",
  "dblevel": 5,
  "location": "/VGMV/01_BaiGiang/HocTheoChuDe/21-NenTangAnNinhCuaSuCuuRoi/20210124_Ro082839_NenTangAnNinhCuaSuCuuRoi-P7",
  "isVideo": true,
  "url": "01-bai-giang.hoc-theo-chu-de.21-nen-tang-an-ninh-cua-su-cuu-roi.20210124-ro082839-nen-tang-an-ninh-cua-su-cuu-roi-p7",
  "name": "20210124_Ro082839_Nền Tảng An Ninh Của Sự Cứu Rỗi-P7",
  "count": 0,
  "isLeaf": null,
  "keyword": null,
  "hash": "U2FsdGVkX19lffzUOTlAnqHJgd7H3xbQlm44JWhzRftk2qf+2Yl/h4MB5p7lT6rzkuIMQHomDdFoWIrdrvDncQ==",
  "khash": "U2FsdGVkX1/3AQa7UoR6ALHpw4/8m0GsnnYEGa+1D6nCJbpAOtdYXqpXW7dpc/3yV/s4hAtV3nH14uE6UyCXOg==",
  "viewCount": null,
  "duration": "70:19",
  "size": 2115263451,
  "children": []
}