{
  "id": "2b4943c8-67e2-4611-9000-5c77d31985b8",
  "pid": "08fc6761-610b-4f15-a719-bc40f501e170",
  "dblevel": 4,
  "location": "/VGMV/01_BaiGiang/CauChuyen/17-VuongQuocSupDo",
  "isVideo": true,
  "url": "01-bai-giang.cau-chuyen.17-vuong-quoc-sup-do",
  "name": "17-Vương Quốc Sụp Đổ",
  "count": 0,
  "isLeaf": null,
  "keyword": null,
  "hash": "U2FsdGVkX1/F95Sel91CS3NmZawLDMQnJk0fT+xfZe8QLXvCKcUvLYsiRwFXVWBar+EljLyTh99LcL7zX/h18g==",
  "khash": "U2FsdGVkX19xlb2w1+bJ65iRD+kVcFe4ISRy2WBYC4E8kDUyQop/6luqzrJ/mBcgjsPoClx+x8S9QAx/oWlZ5Q==",
  "viewCount": null,
  "duration": "27:55",
  "size": 278670944,
  "children": []
}