{
  "id": "2c54a48a-fa1d-40b3-b154-967202de292e",
  "pid": "93e60200-b113-4239-9ec5-d5d7df05d177",
  "dblevel": 4,
  "location": "/VGMV/01_BaiGiang/CacDienGia/MSNHB_HDLT02_KhiNangQuyenDaoSuSongVanHanh",
  "isVideo": true,
  "url": "01-bai-giang.cac-dien-gia.msnhb-hdlt02-khi-nang-quyen-dao-su-song-van-hanh",
  "name": "MSNHB_HDLT02_Khi Năng Quyền Đạo Sự Sống Vận Hành",
  "count": 0,
  "isLeaf": null,
  "keyword": null,
  "hash": "U2FsdGVkX18GHEfZSPNKzZ0yh3YudWdcMOMJW4oShapWf9sQiS0WsUIutyDMnN22Zhjea6pCHV6Tfapdg1hmZg==",
  "khash": "U2FsdGVkX1/KhaSM3iKU7zBMUWeRFRAqD2OFl6ZkeEtMSikScVVUvKPhTu3M7YfB2u8Fe1YGQ9A2dd8ES0BNyQ==",
  "viewCount": null,
  "duration": "38:22",
  "size": 1013109255,
  "children": []
}