{
  "id": "9d4ff356-54ed-479d-967e-ecbad3834628",
  "pid": "ba0ef5e2-e1e4-4be5-ba01-8f6e8844628b",
  "dblevel": 4,
  "location": "/VGMV/01_BaiGiang/TongQuanKinhThanh/41_Mac",
  "isVideo": true,
  "url": "01-bai-giang.tong-quan-kinh-thanh.41-mac",
  "name": "41_Mác",
  "count": 0,
  "isLeaf": null,
  "keyword": null,
  "hash": "",
  "khash": "U2FsdGVkX199Mh8LIw2/Ez/6BfD5KfAJvOvPdqNe6oN5L12NJixQW29iLdw7hEB3fmXnTmZI0FoskTWMqOGqLQ==",
  "viewCount": null,
  "duration": "9:31",
  "size": 280937797,
  "children": []
}