{
  "id": "09aa00b4-c794-4a21-85bf-b630315bb9bc",
  "pid": "85b53474-c2f3-47d7-a10c-7aea35a3707b",
  "dblevel": 5,
  "location": "/VGMV/01_BaiGiang/HocTheoChuDe/01-ToiLaAi-traiTN2015/10Toi-SuGiaCuaChua",
  "isVideo": true,
  "url": "01-bai-giang.hoc-theo-chu-de.01-toi-la-ai-trai-tn2015.10toi-su-gia-cua-chua",
  "name": "10Tôi-Sứ Giả Của Chúa",
  "count": 0,
  "isLeaf": null,
  "keyword": null,
  "hash": "U2FsdGVkX19x4jpkEy8lJXfqdvf59gYV5fTKTdKiHQmSAJdx+GpDxT61iIgHLgI+PtRUFBUsuG887h6PhUp24A==",
  "khash": "U2FsdGVkX1+Vx1uECJZ++z/qI7B+nvpax4XNhUS53Q6QheGScaTmWaLdu3MQXtxKSpDQ9QrzAiYO6AagScOqGA==",
  "viewCount": null,
  "duration": "60:6",
  "size": 1617847408,
  "children": []
}