{
  "id": "e1baa7db-a8ee-4a17-a4e1-aeb4c47168c7",
  "pid": "ba0ef5e2-e1e4-4be5-ba01-8f6e8844628b",
  "dblevel": 4,
  "location": "/VGMV/01_BaiGiang/TongQuanKinhThanh/44b_CongVuCacSuDo13-28",
  "isVideo": true,
  "url": "01-bai-giang.tong-quan-kinh-thanh.44b-cong-vu-cac-su-do-13-28",
  "name": "44b_Công Vụ Các Sứ Đồ 13-28",
  "count": 0,
  "isLeaf": null,
  "keyword": null,
  "hash": "",
  "khash": "U2FsdGVkX19XKSGDs5kF8fd58c8Nm1MhQf1v2OeTp4Z4dRrDCWfapHNv5ywPlJSAyk/LHZ+SLYmEnfwijwf2iA==",
  "viewCount": null,
  "duration": "8:3",
  "size": 238011975,
  "children": []
}