{
  "id": "a148f590-ca44-475d-a973-697749658f18",
  "pid": "93e60200-b113-4239-9ec5-d5d7df05d177",
  "dblevel": 4,
  "location": "/VGMV/01_BaiGiang/CacDienGia/MSTPT_AnDienLaLung",
  "isVideo": true,
  "url": "01-bai-giang.cac-dien-gia.mstpt-an-dien-la-lung",
  "name": "MSTPT_Ân Điển Lạ Lùng",
  "count": 0,
  "isLeaf": null,
  "keyword": null,
  "hash": "U2FsdGVkX1/v7QwVYarN/JnO6jEUT+w56nRhnu4YZi0g3cdsuJd+m17nRTrfvkjFTiz/0EhbABDtdtCBjDb1eA==",
  "khash": "U2FsdGVkX1/7xrP+UEWiWX7u3HM1s//RJ9vXrhHSCmYS+ZkpSu5ytSdlyHkHhK7J1u/kQe3wKC/E6RqiouNUsA==",
  "viewCount": null,
  "duration": "40:5",
  "size": 884636305,
  "children": []
}