{
  "id": "21176406-6348-45b0-a08a-6117d742c1ff",
  "pid": "93e60200-b113-4239-9ec5-d5d7df05d177",
  "dblevel": 4,
  "location": "/VGMV/01_BaiGiang/CacDienGia/MSTPT_DungTruocThachThuc",
  "isVideo": true,
  "url": "01-bai-giang.cac-dien-gia.mstpt-dung-truoc-thach-thuc",
  "name": "MSTPT_Đứng Trước Thách Thức",
  "count": 0,
  "isLeaf": null,
  "keyword": null,
  "hash": "U2FsdGVkX1+TeuFYChMJcpcxdezEIQELzRfymLbYGjuNZj8AuGCbr9eEB+f4PR0Le2mWYfK5hMZIre74HCnaTA==",
  "khash": "U2FsdGVkX18VKdD2VaxIJYldrUT/JCCdlykUzisMs59Z1zJW2074jNr4DZe9DQMeTK58zVtj62RGWdpPjuZTlQ==",
  "viewCount": null,
  "duration": "47:9",
  "size": 1396390681,
  "children": []
}