{
  "id": "fa939771-3adf-482b-b6af-d8ce275d8df2",
  "pid": "b3cd0b8c-ee85-4f8b-b5a3-5da0119d1d58",
  "dblevel": 5,
  "location": "/VGMV/01_BaiGiang/HocTheoChuDe/04-TuongGiaoVoiChua/TuongGiaoVoiChua-P3",
  "isVideo": true,
  "url": "01-bai-giang.hoc-theo-chu-de.04-tuong-giao-voi-chua.tuong-giao-voi-chua-p3",
  "name": "Tương Giao Với Chúa-P3",
  "count": 0,
  "isLeaf": null,
  "keyword": null,
  "hash": "U2FsdGVkX1/uLDGIAAwXgD5oGPRTdmFQF4AUND2s5HGE2QJ0rd1qr9eptm7W9YpGpVet9da9xYIxOamoqn5ZIg==",
  "khash": "U2FsdGVkX1+phJ4WYLCFkx5yNPtbnAsm4qqrcwtKS0sfCCB/1ovNiOjq+xlswY1w4AmWaUDsgA6lpLnBgNAnsw==",
  "viewCount": null,
  "duration": "44:20",
  "size": 440894370,
  "children": []
}