{
  "id": "caf14c70-7666-4f60-be9a-4d87599a759e",
  "pid": "93e60200-b113-4239-9ec5-d5d7df05d177",
  "dblevel": 4,
  "location": "/VGMV/01_BaiGiang/CacDienGia/MSTPT_DuDatTrongSuCamTa",
  "isVideo": true,
  "url": "01-bai-giang.cac-dien-gia.mstpt-du-dat-trong-su-cam-ta",
  "name": "MSTPT_Dư Dật Trong Sự Cảm Tạ",
  "count": 0,
  "isLeaf": null,
  "keyword": null,
  "hash": "U2FsdGVkX18CWjS0EdVvh5lg5lvF9JpJrqa0/FjnZw0ZCA6qbWHKYeIlXp15RHOeTRVZl+LYm/1tR5TgjQXfmg==",
  "khash": "U2FsdGVkX1+lFnRPjkPyaDhe0o43g4BT/qLhQLu65OqD66E3oiaZMiNBlXX0QWEKnC6e0wtw0pnOcpv26mtXWg==",
  "viewCount": null,
  "duration": "31:33",
  "size": 838561064,
  "children": []
}