{
  "id": "d621f8a6-f99b-4e07-953a-a3ae183ad1b9",
  "pid": "ba0ef5e2-e1e4-4be5-ba01-8f6e8844628b",
  "dblevel": 4,
  "location": "/VGMV/01_BaiGiang/TongQuanKinhThanh/38_Xa-cha-ri",
  "isVideo": true,
  "url": "01-bai-giang.tong-quan-kinh-thanh.38-xa-cha-ri",
  "name": "38_Xa-cha-ri",
  "count": 0,
  "isLeaf": null,
  "keyword": null,
  "hash": "",
  "khash": "U2FsdGVkX18J/zv6FWF15mh0V/X0a2hX5a5NX+wqAyYNhea0hX2vypyUffY+X6TYIEEneupXAFToxtbsopoHww==",
  "viewCount": null,
  "duration": "8:10",
  "size": 239745629,
  "children": []
}