{
  "id": "1581c6d3-bcf5-49aa-b16f-78ed4dbd401d",
  "pid": "646636d9-4178-4159-bda6-635d816f0b3f",
  "dblevel": 5,
  "location": "/VGMV/01_BaiGiang/HocTheoChuDe/05-CauNguyen-MSDangMinhTri/01CN_2Te010110_RuonCotCauNguyen-P1",
  "isVideo": true,
  "url": "01-bai-giang.hoc-theo-chu-de.05-cau-nguyen-ms-dang-minh-tri.01cn-2te010110-ruon-cot-cau-nguyen-p1",
  "name": "01CN_2Te010110_Rườn Cột Cầu Nguyện-P1",
  "count": 0,
  "isLeaf": null,
  "keyword": null,
  "hash": "U2FsdGVkX1864BXJUJ7lQkA9ztdbZ7o+ptl2DaSYPveIJj+Yyvpq6xvlc+2d/kPaj0niphxhG8Dn+0MViEVT3A==",
  "khash": "U2FsdGVkX19tr1PzoZMHFnMTaj1M+LF/ybf3YTdoGisdO+BTjsLKptfDcPTBaKqyw5mrH1Qbn7e4ouP6LCNQIw==",
  "viewCount": null,
  "duration": "74:53",
  "size": 1082808062,
  "children": []
}