{
  "id": "71fc8692-359e-42a4-95b5-62064307bb79",
  "pid": "2be856c9-d1b7-4822-a94c-2f624f00c00b",
  "dblevel": 5,
  "location": "/VGMV/01_BaiGiang/HocTheoChuDe/12-SongTrongTinhYeu/03-SongTrongTinhYeuCuaDangCongChinh",
  "isVideo": true,
  "url": "01-bai-giang.hoc-theo-chu-de.12-song-trong-tinh-yeu.03-song-trong-tinh-yeu-cua-dang-cong-chinh",
  "name": "03-Sống Trong Tình Yêu Của Đấng Công Chính",
  "count": 0,
  "isLeaf": null,
  "keyword": null,
  "hash": "U2FsdGVkX18AGC1/tVoOJupMFp3Vu/9AEjZAPp3sdddI2/As8voFOn8Li70tz801velVAu9ZRgkmxWWgSSatcw==",
  "khash": "U2FsdGVkX1/Ceh9NeUWRe0e4+lkrq+0rrzZUV1De01OLW7J9aeaIuvzGUzHZDng8IMVCgcoKEiOHHIQ3jM9UAQ==",
  "viewCount": null,
  "duration": "59:36",
  "size": 1624451709,
  "children": []
}