{
  "id": "5a9210e0-8de8-452c-9403-0a9c8fbe0588",
  "pid": "ba0ef5e2-e1e4-4be5-ba01-8f6e8844628b",
  "dblevel": 4,
  "location": "/VGMV/01_BaiGiang/TongQuanKinhThanh/04_DanSoKy",
  "isVideo": true,
  "url": "01-bai-giang.tong-quan-kinh-thanh.04-dan-so-ky",
  "name": "04_Dân Số Ký",
  "count": 0,
  "isLeaf": null,
  "keyword": null,
  "hash": "",
  "khash": "U2FsdGVkX18GYGcaJ9/qf+5fBpt7XgyMATCkbBODh/QzkXJHeGLTmwu1TrgNsyOySzcIjEg92n2b7uGLx1Y6Rg==",
  "viewCount": null,
  "duration": "6:47",
  "size": 201058633,
  "children": []
}