{
  "id": "9a7701e2-8971-4763-b307-ebe7cec39f74",
  "pid": "5de8a03f-3734-49ac-9eed-f94ad7115cae",
  "dblevel": 5,
  "location": "/VGMV/01_BaiGiang/HocTheoChuDe/09-KinhNghiemDoiSong/07_ChienThangTrongCuocTranhCu",
  "isVideo": true,
  "url": "01-bai-giang.hoc-theo-chu-de.09-kinh-nghiem-doi-song.07-chien-thang-trong-cuoc-tranh-cu",
  "name": "07_Chiến Thắng Trong Cuộc Tranh Cử",
  "count": 0,
  "isLeaf": null,
  "keyword": null,
  "hash": "U2FsdGVkX1/f//3ml06KfmTa4mPtL7HI9PbsbL0mKwm42Sz5gAwIKtLrNsDhYjSpMly3EYkx43VTnepe3edsnQ==",
  "khash": "U2FsdGVkX18og5kz0giz8OtrfCwdTDHyv2PiDrQ8tclPAi5LWs3gM4voGb9uP2YrgIeju9qNc6uShwvCwVPclA==",
  "viewCount": null,
  "duration": "49:12",
  "size": 1368202658,
  "children": []
}