{
  "id": "59c47dc2-1425-4b10-8306-500b57b21324",
  "pid": "93e60200-b113-4239-9ec5-d5d7df05d177",
  "dblevel": 4,
  "location": "/VGMV/01_BaiGiang/CacDienGia/MSTPT_NguoiPhucVuNgayLanhVaTrungTin-P2",
  "isVideo": true,
  "url": "01-bai-giang.cac-dien-gia.mstpt-nguoi-phuc-vu-ngay-lanh-va-trung-tin-p2",
  "name": "MSTPT_Người Phục Vụ Ngay Lành Và Trung Tín - P2",
  "count": 0,
  "isLeaf": null,
  "keyword": null,
  "hash": "U2FsdGVkX1/P+uDlSS/BPP8adFYeBlanjPJwviX9tjYemZ59+G/mOvHLWe+grFjidWnq2j0FteUA4xdw0kpQXw==",
  "khash": "U2FsdGVkX18S7glZuTKl6wi2907CHIP6tAyCFLkodOIR9G3vaD4LCnuVTt6UUawkjGbKMe4OWcp/8ejv69pCdg==",
  "viewCount": null,
  "duration": "54:28",
  "size": 1445671742,
  "children": []
}