{
  "id": "500bb56c-bbaf-4177-9a8e-873269971180",
  "pid": "93e60200-b113-4239-9ec5-d5d7df05d177",
  "dblevel": 4,
  "location": "/VGMV/01_BaiGiang/CacDienGia/MSNHB_CauNguyen",
  "isVideo": true,
  "url": "01-bai-giang.cac-dien-gia.msnhb-cau-nguyen",
  "name": "MSNHB_Cầu Nguyện",
  "count": 0,
  "isLeaf": null,
  "keyword": null,
  "hash": "U2FsdGVkX19Gru1ZqvF9z5XdQ/XZXAdJYEK67PR4ORvBz+8w+lYnDCV1TfwnRLnzqRxisFjl9CFWv5wcLdO1nQ==",
  "khash": "U2FsdGVkX1+OkMoV43bCvcLKIKkuYS7QbF3nnPFDVzfm05Tl0NYo8jXq+FeF6WuneGPy9CfABK2d8La8kYtnQQ==",
  "viewCount": null,
  "duration": "50:15",
  "size": 572671262,
  "children": []
}