{
  "id": "2bb46175-14e6-4b30-ac8d-2ff71677c258",
  "pid": "93e60200-b113-4239-9ec5-d5d7df05d177",
  "dblevel": 4,
  "location": "/VGMV/01_BaiGiang/CacDienGia/MSTPT_NguoiPhucVuNgayLanhVaTrungTin-P1",
  "isVideo": true,
  "url": "01-bai-giang.cac-dien-gia.mstpt-nguoi-phuc-vu-ngay-lanh-va-trung-tin-p1",
  "name": "MSTPT_Người Phục Vụ Ngay Lành Và Trung Tín - P1",
  "count": 0,
  "isLeaf": null,
  "keyword": null,
  "hash": "U2FsdGVkX19y6tkxkITdaG6XDQM5RoE80x3V7hd6CLSneO8tyIE6iE0VPY9dazBRoV3z2EoN8Vaxw4nZZM9x7A==",
  "khash": "U2FsdGVkX1/JQtZQhU3gAHNZPD0ntWIXgyQC8quKrQRQoBiRsSfpZ+CMomrpfL7B63hOnMGCTEY7b4RoCBcrjA==",
  "viewCount": null,
  "duration": "40:35",
  "size": 1075492703,
  "children": []
}