{
  "id": "8604c397-86a1-43c7-902a-5e0ad12b8412",
  "pid": "e0a65aae-cd10-4ddc-80a0-a6b0270d0f32",
  "dblevel": 5,
  "location": "/VGMV/01_BaiGiang/HocTheoChuDe/08-LanhDaoPhucVu-MSNguyenHuuBinh/LanhDaoPhucVu-P5_GiongChuaTrongDanThanPhucVu",
  "isVideo": true,
  "url": "01-bai-giang.hoc-theo-chu-de.08-lanh-dao-phuc-vu-ms-nguyen-huu-binh.lanh-dao-phuc-vu-p5-giong-chua-trong-dan-than-phuc-vu",
  "name": "Lãnh Đạo Phục Vụ-P5_Giống Chúa Trong Dấn Thân Phục Vụ",
  "count": 0,
  "isLeaf": null,
  "keyword": null,
  "hash": "U2FsdGVkX198LVY6/Edjm03xsjrrUUVtgl/rgO1mWFuZe0OxpN+jQH/PvM4+PNsY0AsZZg45TRe5NZlvlaxkmQ==",
  "khash": "U2FsdGVkX19jpOiURs/CYe78zW3l6Ba/FGa6aJYw7UWUjPf/qfk5asMxjNBqFhmGd1kZIv4i66b02NlUFJfayA==",
  "viewCount": null,
  "duration": "39:22",
  "size": 415143892,
  "children": []
}