{
  "id": "9be2084b-9699-4c31-a272-7d6ef1aff305",
  "pid": "ba0ef5e2-e1e4-4be5-ba01-8f6e8844628b",
  "dblevel": 4,
  "location": "/VGMV/01_BaiGiang/TongQuanKinhThanh/15-16_E-xo-ra-Ne-he-mi",
  "isVideo": true,
  "url": "01-bai-giang.tong-quan-kinh-thanh.15-16-e-xo-ra-ne-he-mi",
  "name": "15-16_Ê-xơ-ra - Nê-hê-mi",
  "count": 0,
  "isLeaf": null,
  "keyword": null,
  "hash": "",
  "khash": "U2FsdGVkX1/vLSw1uPW/d1ENj1qS/Cu9T74VUxvLFldtrb9z+G5MjUtpYQYZNTxnUGE+pGowJjQ8KDuIFBDlEQ==",
  "viewCount": null,
  "duration": "8:36",
  "size": 254935589,
  "children": []
}