{
  "id": "82865eed-d648-45eb-ae5b-888f4ce6649d",
  "pid": "acb12f26-83b3-4f4b-80d1-a06ebf5b8c76",
  "dblevel": 5,
  "location": "/VGMV/01_BaiGiang/HocTheoChuDe/10-NguyenTacDoiSong/07-NhungKhoangKhacDenToiTrongCuocDoi",
  "isVideo": true,
  "url": "01-bai-giang.hoc-theo-chu-de.10-nguyen-tac-doi-song.07-nhung-khoang-khac-den-toi-trong-cuoc-doi",
  "name": "07-Những Khoảng Khắc Đen Tối Trong Cuộc Đời",
  "count": 0,
  "isLeaf": null,
  "keyword": null,
  "hash": "U2FsdGVkX19Alny7glGlAHTZRLhtUhAblWVCMP5O0qn9XTLRdnYjcNemyQerlo/Joz81tSH+O9bmqJ0CzraksQ==",
  "khash": "U2FsdGVkX18f/ZOQ3hAErBzRxl9kreetisczuynSVKFaqWNtlVL25sk8Uojkmph2uB5cq/8jJEQk3SOdfWrOrw==",
  "viewCount": null,
  "duration": "26:21",
  "size": 737760406,
  "children": []
}