{
  "id": "8bd34e4f-5881-4dc4-9bf4-4055c46a13f9",
  "pid": "ba0ef5e2-e1e4-4be5-ba01-8f6e8844628b",
  "dblevel": 4,
  "location": "/VGMV/01_BaiGiang/TongQuanKinhThanh/19_ThiThien",
  "isVideo": true,
  "url": "01-bai-giang.tong-quan-kinh-thanh.19-thi-thien",
  "name": "19_Thi Thiên",
  "count": 0,
  "isLeaf": null,
  "keyword": null,
  "hash": "",
  "khash": "U2FsdGVkX1+Y44QUuj6nmNcLlf36JTqVWZhmxSz2YhGu1arpnlQj3a9z6G5mj640WwQvUeMqN8wL8pPtF7K1jA==",
  "viewCount": null,
  "duration": "8:58",
  "size": 264386285,
  "children": []
}