{
  "id": "5229ec48-7f84-4ee1-82bf-beae86895e62",
  "pid": "08fc6761-610b-4f15-a719-bc40f501e170",
  "dblevel": 4,
  "location": "/VGMV/01_BaiGiang/CauChuyen/07-CuocChienBatDau",
  "isVideo": true,
  "url": "01-bai-giang.cau-chuyen.07-cuoc-chien-bat-dau",
  "name": "07-Cuộc Chiến Bắt Đầu",
  "count": 0,
  "isLeaf": null,
  "keyword": null,
  "hash": "U2FsdGVkX1+HoaqaYPYxMVlJ1pv7z/44Y4ZuAoLPj+hIek0Wht7u0ukMGQtZn3DQtjw1Wyz2vrSBtt1WV9a9Lg==",
  "khash": "U2FsdGVkX1+m/CMfRB+Y5SSoxkolBL5lkMvF4K1ZYIHK7EWpHgh+IkthdTB0ZeWQVHlnxUsJ1deV0fTuaMQ4dw==",
  "viewCount": null,
  "duration": "32:8",
  "size": 319958509,
  "children": []
}