{
  "id": "d1746349-cd47-4bd1-ae95-ac7f89dff891",
  "pid": "af2d4de5-93d1-4c6e-ad79-74899dfd9628",
  "dblevel": 5,
  "location": "/VGMV/01_BaiGiang/HocTheoChuDe/07-SuTaiLamCuaChuaGie-xu-MSThaiPhuocTruong/SuTaiLamCuaChuaGie-xuP1",
  "isVideo": true,
  "url": "01-bai-giang.hoc-theo-chu-de.07-su-tai-lam-cua-chua-gie-xu-ms-thai-phuoc-truong.su-tai-lam-cua-chua-gie-xu-p1",
  "name": "Sự Tái Lâm Của Chúa Giê-xu P1",
  "count": 0,
  "isLeaf": null,
  "keyword": null,
  "hash": "U2FsdGVkX19zqXT+7LYFtMmR6TObIEKcTADehCJDhtfarbDYIJMim55e1xZmzYZp1/R/2q1xxwAkObvKGiUEPg==",
  "khash": "U2FsdGVkX1/CUXUs+L/FddtAdO3VspUoMU3Ceb8FB4xXiXP+O3yjhm7+23/gNMQReC/441Lzi/M/QInUd01IoQ==",
  "viewCount": null,
  "duration": "37:33",
  "size": 1022428454,
  "children": []
}