{
  "id": "79cdcccb-b6e5-4e26-b2ad-67bcd9fb9056",
  "pid": "93e60200-b113-4239-9ec5-d5d7df05d177",
  "dblevel": 4,
  "location": "/VGMV/01_BaiGiang/CacDienGia/MSTPT_NoiThanhDuoiDat",
  "isVideo": true,
  "url": "01-bai-giang.cac-dien-gia.mstpt-noi-thanh-duoi-dat",
  "name": "MSTPT_Nơi Thánh Dưới Đất",
  "count": 0,
  "isLeaf": null,
  "keyword": null,
  "hash": "U2FsdGVkX1+o2WcRta9ZqzuUFZITHzw/ZPCLTjTtPJrFSIQ1yy024V/sXrL4Fn8lVZjZ8pMrU1FOOOIeEC7J6A==",
  "khash": "U2FsdGVkX18/L5hNNhjJrKWWeUGfkGTqTNF4+Br9hP9vLoM03FbQ2xHbhrIPlD9p+xlsJ+1sZx2D0LnM4Quh/g==",
  "viewCount": null,
  "duration": "38:27",
  "size": 294179603,
  "children": []
}