{
  "id": "a9136bf9-f5ab-4fe1-b4c7-b4cbede84262",
  "pid": "ba0ef5e2-e1e4-4be5-ba01-8f6e8844628b",
  "dblevel": 4,
  "location": "/VGMV/01_BaiGiang/TongQuanKinhThanh/34_Na-hum",
  "isVideo": true,
  "url": "01-bai-giang.tong-quan-kinh-thanh.34-na-hum",
  "name": "34_Na-hum",
  "count": 0,
  "isLeaf": null,
  "keyword": null,
  "hash": "",
  "khash": "U2FsdGVkX19mwKqBFC6hNpSpmsfP3T0vnPKc95I7a255eQ+SB5H8MlOzFIRrckb8PCWGq3kaIwys6p8LsI98Qg==",
  "viewCount": null,
  "duration": "5:6",
  "size": 149894502,
  "children": []
}