{
  "id": "ae89ae57-85a1-4067-99f3-d521b9d8c3f0",
  "pid": "5de8a03f-3734-49ac-9eed-f94ad7115cae",
  "dblevel": 5,
  "location": "/VGMV/01_BaiGiang/HocTheoChuDe/09-KinhNghiemDoiSong/01_CoDocNhanTrongSuLuuDay",
  "isVideo": true,
  "url": "01-bai-giang.hoc-theo-chu-de.09-kinh-nghiem-doi-song.01-co-doc-nhan-trong-su-luu-day",
  "name": "01_Cơ Đốc Nhân Trong Sự Lưu Đày",
  "count": 0,
  "isLeaf": null,
  "keyword": null,
  "hash": "U2FsdGVkX1/0d1avIfuS4RHEYbnzYLc7ogCcN5go7qKrHzpJrw3WB+2xBdVqnHXGum9eZwXVwbqtu9KtPFJEHg==",
  "khash": "U2FsdGVkX18CpW67Iw0cQURODNyE7ooX4misWj7+g1t9y5TkdvlFROAJwWMS3NWTjLviQInqqLERsoivOW4ktg==",
  "viewCount": null,
  "duration": "44:33",
  "size": 1238139145,
  "children": []
}