{
  "id": "263c4b7c-7140-4113-98ef-c9e5c0d95315",
  "pid": "1a454851-3bd0-4102-be06-13665f7db8a4",
  "dblevel": 4,
  "location": "/VGMV/02_KhoaHocVaNiemTin/01_SuKhoiDau/1-TienHoaHaySangTaoDeuLaTonGiao",
  "isVideo": true,
  "url": "02-khoa-hoc-va-niem-tin.01-su-khoi-dau.1-tien-hoa-hay-sang-tao-deu-la-ton-giao",
  "name": "1-Tiến Hóa Hay Sáng Tạo Đều Là Tôn Giáo",
  "count": 0,
  "isLeaf": null,
  "keyword": null,
  "hash": "",
  "khash": "U2FsdGVkX1+cjCA7vtxp+mNMscoD0d4nc9o/F0SUaIiELcGrzQr/vjW5sDWLBUH7Dv5FXK19M9EcRG1tFAbTvA==",
  "viewCount": null,
  "duration": "29:1",
  "size": 463746000,
  "children": []
}