{
  "id": "36a145b2-c67e-4e55-8843-922051b3da2b",
  "pid": "1a454851-3bd0-4102-be06-13665f7db8a4",
  "dblevel": 4,
  "location": "/VGMV/02_KhoaHocVaNiemTin/01_SuKhoiDau/5-SuThatHayNiemTin",
  "isVideo": true,
  "url": "02-khoa-hoc-va-niem-tin.01-su-khoi-dau.5-su-that-hay-niem-tin",
  "name": "5-Sự Thật Hay Niềm Tin",
  "count": 0,
  "isLeaf": null,
  "keyword": null,
  "hash": "",
  "khash": "U2FsdGVkX1+6NNtW30EoeareBAWE7pKHmgROI23tPRXOmtSfVvlWGztx6nk28905atyeJUTMnu2YyxMnYB3qkg==",
  "viewCount": null,
  "duration": "34:22",
  "size": 548935728,
  "children": []
}