{
  "id": "ce984afe-4699-4140-9f19-16d0ba9923ff",
  "pid": "bccd45f6-d9cb-4606-a91b-efcaa24868a2",
  "dblevel": 4,
  "location": "/VGMV/02_KhoaHocVaNiemTin/04-SangTheKyvaThuyetTienHoa/01_BanDauDucChuaTroiDungNenTroiDat",
  "isVideo": true,
  "url": "02-khoa-hoc-va-niem-tin.04-sang-the-ky-va-thuyet-tien-hoa.01-ban-dau-duc-chua-troi-dung-nen-troi-dat",
  "name": "01_Ban Đầu Đức Chúa Trời Dựng Nên Trời Đất",
  "count": 0,
  "isLeaf": null,
  "keyword": null,
  "hash": "",
  "khash": "U2FsdGVkX1+kxWtHb6ArtBZiMDqdMpdECM5JjM//qJT8j7enQmMPL7pW+5QCoLSaxk1gMub/8EJ/IR13Ewk6AA==",
  "viewCount": null,
  "duration": "44:2",
  "size": 1301222380,
  "children": []
}