{
  "id": "ea341276-3b35-462e-bb67-cf89abe39dfe",
  "pid": "bccd45f6-d9cb-4606-a91b-efcaa24868a2",
  "dblevel": 4,
  "location": "/VGMV/02_KhoaHocVaNiemTin/04-SangTheKyvaThuyetTienHoa/04_SuSangTaoHayThuyetTienHoaP3",
  "isVideo": true,
  "url": "02-khoa-hoc-va-niem-tin.04-sang-the-ky-va-thuyet-tien-hoa.04-su-sang-tao-hay-thuyet-tien-hoa-p3",
  "name": "04_Sự Sáng Tạo Hay Thuyết Tiến Hoá P3",
  "count": 0,
  "isLeaf": null,
  "keyword": null,
  "hash": "",
  "khash": "U2FsdGVkX1/MiAaR3PwSiGWvboN3AsEtjqrGhOMnLVwzX36eRnxZIeOXuSyPdGq8o3Gdcdig1olZXJVT5KYoRg==",
  "viewCount": null,
  "duration": "48:1",
  "size": 1420370559,
  "children": []
}