{
  "id": "8adc5a6f-a17d-4e5e-98a3-0510da037b36",
  "pid": "1a454851-3bd0-4102-be06-13665f7db8a4",
  "dblevel": 4,
  "location": "/VGMV/02_KhoaHocVaNiemTin/01_SuKhoiDau/4-ConNguoiVaKhungLong",
  "isVideo": true,
  "url": "02-khoa-hoc-va-niem-tin.01-su-khoi-dau.4-con-nguoi-va-khung-long",
  "name": "4-Con Người Và Khủng Long",
  "count": 0,
  "isLeaf": null,
  "keyword": null,
  "hash": "",
  "khash": "U2FsdGVkX182StcQsYuEu/PT02yUhWcdmCS4uXV/ZpvwDwQk60oM+0LwzX1A2uFjvtypTCkSge7+7B7umPNYLw==",
  "viewCount": null,
  "duration": "36:2",
  "size": 571057378,
  "children": []
}