{
  "id": "c7986412-6243-4669-bd59-d7cdcc8633bc",
  "pid": "44c8ca36-e441-4096-af9d-e358bccb24ce",
  "dblevel": 5,
  "location": "/VGMV/03_HoatHinh/HoatHinh-3D/HoatHinh3D-le/CauMonCuocDoi",
  "isVideo": true,
  "url": "03-hoat-hinh.hoat-hinh-3d.hoat-hinh-3d-le.cau-mon-cuoc-doi",
  "name": "Cầu Môn Cuộc Đời",
  "count": 0,
  "isLeaf": null,
  "keyword": null,
  "hash": "",
  "khash": "U2FsdGVkX19RuXvMrA1sgfl8IZoLCMKWjTXZB9WYrLZGfrpVKuYn+QF9RZ6976eMar/l9ew5YdqHeIirNsmp3A==",
  "viewCount": null,
  "duration": "2:34",
  "size": 60221533,
  "children": []
}