{
  "id": "c9b63267-c1b6-47bd-ac19-c36015f66466",
  "pid": "16414d83-cf1d-460e-a43c-0a174d72e7ed",
  "dblevel": 5,
  "location": "/VGMV/03_HoatHinh/HoatHinh-2D/HoatHinh2D-le/ChoDenCungTraiDat",
  "isVideo": true,
  "url": "03-hoat-hinh.hoat-hinh-2d.hoat-hinh-2d-le.cho-den-cung-trai-dat",
  "name": "Cho Đến Cùng Trái Đất",
  "count": 0,
  "isLeaf": null,
  "keyword": null,
  "hash": "",
  "khash": "U2FsdGVkX1/ZJnABoT/c+LLmhIFPu01JSa/e6GBSILOXlJo1xe82pdQ6DcluQtGvSTu9d1D+9Il6/Nivz+fkSQ==",
  "viewCount": null,
  "duration": "69:45",
  "size": 636213703,
  "children": []
}