{
  "id": "c71a5213-8b55-4149-8f81-dc18f7c70fd1",
  "pid": "16414d83-cf1d-460e-a43c-0a174d72e7ed",
  "dblevel": 5,
  "location": "/VGMV/03_HoatHinh/HoatHinh-2D/HoatHinh2D-le/Sa-lo-monCauXinSuKhonNgoan-1Vua030514",
  "isVideo": true,
  "url": "03-hoat-hinh.hoat-hinh-2d.hoat-hinh-2d-le.sa-lo-mon-cau-xin-su-khon-ngoan-1vua030514",
  "name": "Sa-lô-môn Cầu Xin Sự Khôn Ngoan - 1Vua030514",
  "count": 0,
  "isLeaf": null,
  "keyword": null,
  "hash": "",
  "khash": "U2FsdGVkX1+CaCrA/UT4a1NKlHW89Ul7WcTCRQetpovCKYGdueaGgEuLPR3BP353v1X8cVhlp6Ay50eg+ZGvgQ==",
  "viewCount": null,
  "duration": "0:31",
  "size": 15689008,
  "children": []
}