{
  "id": "d3fa9f71-8ff6-4c1f-a537-bc694552614d",
  "pid": "16414d83-cf1d-460e-a43c-0a174d72e7ed",
  "dblevel": 5,
  "location": "/VGMV/03_HoatHinh/HoatHinh-2D/HoatHinh2D-le/Gia-copvaE-sau",
  "isVideo": true,
  "url": "03-hoat-hinh.hoat-hinh-2d.hoat-hinh-2d-le.gia-cop-va-e-sau",
  "name": "Gia-cốp và Ê-sau",
  "count": 0,
  "isLeaf": null,
  "keyword": null,
  "hash": "",
  "khash": "U2FsdGVkX1+QGpTvY3Oq4Scp5woEFMet3P7gcD2JERRW9WrgIE3eMwG5dfEPcHeaGYdXVFhYmVwkQbXvPxVy9Q==",
  "viewCount": null,
  "duration": "5:33",
  "size": 46552933,
  "children": []
}