{
  "id": "75700ec4-e4f1-439f-8f8a-0c3e4d55ff89",
  "pid": "16414d83-cf1d-460e-a43c-0a174d72e7ed",
  "dblevel": 5,
  "location": "/VGMV/03_HoatHinh/HoatHinh-2D/HoatHinh2D-le/ConGaiGia-ru",
  "isVideo": true,
  "url": "03-hoat-hinh.hoat-hinh-2d.hoat-hinh-2d-le.con-gai-gia-ru",
  "name": "Con Gái Gia-ru",
  "count": 0,
  "isLeaf": null,
  "keyword": null,
  "hash": "",
  "khash": "U2FsdGVkX1/1HNLKA+Na5lklbXQGHjBWl3/QLdgI3ehW/kBNFe7+p6k3PHNxs7cc696Mx1QfFWcgb6lwr0uYPQ==",
  "viewCount": null,
  "duration": "1:33",
  "size": 54646448,
  "children": []
}