{
  "id": "69143ddf-e568-4508-a06b-d401d55ebd51",
  "pid": "16414d83-cf1d-460e-a43c-0a174d72e7ed",
  "dblevel": 5,
  "location": "/VGMV/03_HoatHinh/HoatHinh-2D/HoatHinh2D-le/E-liVaE-li-se",
  "isVideo": true,
  "url": "03-hoat-hinh.hoat-hinh-2d.hoat-hinh-2d-le.e-li-va-e-li-se",
  "name": "Ê-li Và Ê-li-sê",
  "count": 0,
  "isLeaf": null,
  "keyword": null,
  "hash": "",
  "khash": "U2FsdGVkX19wZnN4zdVRa2VDglPt1ixpr1kxz10ASLIc15XmGMNyJ40/tML31C54XWKuqgv5GJ8hgrfDU/rHZw==",
  "viewCount": null,
  "duration": "3:17",
  "size": 125410353,
  "children": []
}