{
  "id": "29dd3664-95ee-4607-9d03-bd131b9ea8b9",
  "pid": "16414d83-cf1d-460e-a43c-0a174d72e7ed",
  "dblevel": 5,
  "location": "/VGMV/03_HoatHinh/HoatHinh-2D/HoatHinh2D-le/ChuaGie-xuBiDongDinh",
  "isVideo": true,
  "url": "03-hoat-hinh.hoat-hinh-2d.hoat-hinh-2d-le.chua-gie-xu-bi-dong-dinh",
  "name": "Chúa Giê-xu Bị Đóng Đinh",
  "count": 0,
  "isLeaf": null,
  "keyword": null,
  "hash": "",
  "khash": "U2FsdGVkX1+henmId311TN+HRXqU2qG4MMte86OuZNu4/ZDv+GVNGqbFB1fkN9fb6KNnh24VTcUR1ObMvo2AbA==",
  "viewCount": null,
  "duration": "1:19",
  "size": 42947607,
  "children": []
}