{
  "id": "7db0c2b7-88a4-4159-8c1f-aa7c8b1a4de4",
  "pid": "16414d83-cf1d-460e-a43c-0a174d72e7ed",
  "dblevel": 5,
  "location": "/VGMV/03_HoatHinh/HoatHinh-2D/HoatHinh2D-le/CacNhanChungCuaChua",
  "isVideo": true,
  "url": "03-hoat-hinh.hoat-hinh-2d.hoat-hinh-2d-le.cac-nhan-chung-cua-chua",
  "name": "Các Nhân Chứng Của Chúa",
  "count": 0,
  "isLeaf": null,
  "keyword": null,
  "hash": "",
  "khash": "U2FsdGVkX18gj4GTl6rY0tJQcjpuNDd1G533izfD0lE69Dw6Yu+1WjSvP+r7Jh+pxnl20cst+hNooMuSKt0EVQ==",
  "viewCount": null,
  "duration": "70:45",
  "size": 706200884,
  "children": []
}