{
  "id": "b71c6133-6751-4112-8384-ca8f9535833e",
  "pid": "16414d83-cf1d-460e-a43c-0a174d72e7ed",
  "dblevel": 5,
  "location": "/VGMV/03_HoatHinh/HoatHinh-2D/HoatHinh2D-le/Sau-loGapChua-Cong090119",
  "isVideo": true,
  "url": "03-hoat-hinh.hoat-hinh-2d.hoat-hinh-2d-le.sau-lo-gap-chua-cong090119",
  "name": "Sau-lơ Gặp Chúa - Cong090119",
  "count": 0,
  "isLeaf": null,
  "keyword": null,
  "hash": "",
  "khash": "U2FsdGVkX1+/7rVKLE05WdGYjILt1xyugviA0vUoyg+IihzvD8ZFvwStEePjc1f9PS4ll+6hncrSW5U7SBMbcQ==",
  "viewCount": null,
  "duration": "0:36",
  "size": 18008149,
  "children": []
}