{
  "id": "7ec3573a-d572-4b7a-a64f-b06b4c818144",
  "pid": "16414d83-cf1d-460e-a43c-0a174d72e7ed",
  "dblevel": 5,
  "location": "/VGMV/03_HoatHinh/HoatHinh-2D/HoatHinh2D-le/Ap-ra-hamTinCayChua",
  "isVideo": true,
  "url": "03-hoat-hinh.hoat-hinh-2d.hoat-hinh-2d-le.ap-ra-ham-tin-cay-chua",
  "name": "Áp-ra-ham Tin Cậy Chúa",
  "count": 0,
  "isLeaf": null,
  "keyword": null,
  "hash": "",
  "khash": "U2FsdGVkX18sitzWghcztAbvV//m3Qqd6HktG8aEq22SaznJrC+smWPRXM5jdaeX/XClil49qfkNjw4jVfdTvA==",
  "viewCount": null,
  "duration": "7:25",
  "size": 73292097,
  "children": []
}