{
  "id": "1938570a-e2e8-44a0-8f35-4a62eb4fd3d4",
  "pid": "16414d83-cf1d-460e-a43c-0a174d72e7ed",
  "dblevel": 5,
  "location": "/VGMV/03_HoatHinh/HoatHinh-2D/HoatHinh2D-le/KeHoachCuaSuCuuRoi",
  "isVideo": true,
  "url": "03-hoat-hinh.hoat-hinh-2d.hoat-hinh-2d-le.ke-hoach-cua-su-cuu-roi",
  "name": "Kế Hoạch Của Sự Cứu Rỗi",
  "count": 0,
  "isLeaf": null,
  "keyword": null,
  "hash": "",
  "khash": "U2FsdGVkX18NcFdmivYMb/egF4sqMQMGSh+eqFGuwCXqctQVtLar2gKLxp/LhOFXWodlcP+K51eYl3/2XegTDA==",
  "viewCount": null,
  "duration": "4:21",
  "size": 128507685,
  "children": []
}