{
  "id": "9f863dff-f4e0-409d-b4b1-ce7b80e6c025",
  "pid": "16414d83-cf1d-460e-a43c-0a174d72e7ed",
  "dblevel": 5,
  "location": "/VGMV/03_HoatHinh/HoatHinh-2D/HoatHinh2D-le/NguoiGie-ra-seBiQuyAm",
  "isVideo": true,
  "url": "03-hoat-hinh.hoat-hinh-2d.hoat-hinh-2d-le.nguoi-gie-ra-se-bi-quy-am",
  "name": "Người Giê-ra-sê Bị Quỷ Ám",
  "count": 0,
  "isLeaf": null,
  "keyword": null,
  "hash": "",
  "khash": "U2FsdGVkX18xN357Nn30+cleCS8Qn/YiRKd3IXG6xj1JXodJHGEmpulYNypoKEKAeTcHqcXe+kGTzIyesmcu9A==",
  "viewCount": null,
  "duration": "2:17",
  "size": 82150220,
  "children": []
}