{
  "id": "29d4c243-b459-46ae-88cd-82025de5716a",
  "pid": "16414d83-cf1d-460e-a43c-0a174d72e7ed",
  "dblevel": 5,
  "location": "/VGMV/03_HoatHinh/HoatHinh-2D/HoatHinh2D-le/E-liVaTienTriCuaThanBa-anh",
  "isVideo": true,
  "url": "03-hoat-hinh.hoat-hinh-2d.hoat-hinh-2d-le.e-li-va-tien-tri-cua-than-ba-anh",
  "name": "Ê-li Và Tiên Tri Của Thần Ba-anh",
  "count": 0,
  "isLeaf": null,
  "keyword": null,
  "hash": "",
  "khash": "U2FsdGVkX1+iSYIh1t0gqwcwYwJ4vkvE8OhF2BT3vDlbPinBWE2+pXg9lkCDEbXlReedUyTDIzDlOdCjWzP4tQ==",
  "viewCount": null,
  "duration": "4:51",
  "size": 174614448,
  "children": []
}