{
  "id": "f2fdb95e-2dbe-47ec-bc43-1216d9d72001",
  "pid": "16414d83-cf1d-460e-a43c-0a174d72e7ed",
  "dblevel": 5,
  "location": "/VGMV/03_HoatHinh/HoatHinh-2D/HoatHinh2D-le/Gio-sue",
  "isVideo": true,
  "url": "03-hoat-hinh.hoat-hinh-2d.hoat-hinh-2d-le.gio-sue",
  "name": "Giô-suê",
  "count": 0,
  "isLeaf": null,
  "keyword": null,
  "hash": "",
  "khash": "U2FsdGVkX184WkOTlmf3pJ6Rb3zOeZzd8Clf7Y4MsVnO9QfOZ/nwTdmh4KerADUnOEK7e4cSRvAOitr2y5+OrA==",
  "viewCount": null,
  "duration": "1:56",
  "size": 76049276,
  "children": []
}