{
  "id": "11c9567f-96d1-465b-bad4-f76aa2a1a5fb",
  "pid": "16414d83-cf1d-460e-a43c-0a174d72e7ed",
  "dblevel": 5,
  "location": "/VGMV/03_HoatHinh/HoatHinh-2D/HoatHinh2D-le/BuaTiecLy",
  "isVideo": true,
  "url": "03-hoat-hinh.hoat-hinh-2d.hoat-hinh-2d-le.bua-tiec-ly",
  "name": "Bữa Tiệc Ly",
  "count": 0,
  "isLeaf": null,
  "keyword": null,
  "hash": "",
  "khash": "U2FsdGVkX1+dX7LGHgF6koXZGM33knBnEYVmvQL3v4mgV/eOV1D+3t5jLtglxoc7Y0oNn8a6Swe6lPnHnVI94Q==",
  "viewCount": null,
  "duration": "46:56",
  "size": 805144958,
  "children": []
}