{
  "id": "dc1345fb-4ed7-46ba-b533-9b90599d4ab1",
  "pid": "16414d83-cf1d-460e-a43c-0a174d72e7ed",
  "dblevel": 5,
  "location": "/VGMV/03_HoatHinh/HoatHinh-2D/HoatHinh2D-le/NguoiGiauDaiDot",
  "isVideo": true,
  "url": "03-hoat-hinh.hoat-hinh-2d.hoat-hinh-2d-le.nguoi-giau-dai-dot",
  "name": "Người Giàu Dại Dột",
  "count": 0,
  "isLeaf": null,
  "keyword": null,
  "hash": "",
  "khash": "U2FsdGVkX1/UU6mab0ke2m6mXARPwZn3NFj/4RzvjJ12SLiPyM6WdvFlNT7rdcC+kiKk/5raQQZeQYbH7MWvNw==",
  "viewCount": null,
  "duration": "3:6",
  "size": 112624486,
  "children": []
}