{
  "id": "57a93cc9-6bb4-4392-bbca-2b5461ddf650",
  "pid": "16414d83-cf1d-460e-a43c-0a174d72e7ed",
  "dblevel": 5,
  "location": "/VGMV/03_HoatHinh/HoatHinh-2D/HoatHinh2D-le/Da-vitvaGio-na-than-1Sa20",
  "isVideo": true,
  "url": "03-hoat-hinh.hoat-hinh-2d.hoat-hinh-2d-le.da-vit-va-gio-na-than-1sa20",
  "name": "Đa-vít và Giô-na-than - 1Sa20",
  "count": 0,
  "isLeaf": null,
  "keyword": null,
  "hash": "",
  "khash": "U2FsdGVkX1/qH4KgJoi7qw/2mN/g3WhfkxIKbMKRKDd82/DqJBLbVuxK/Q0hZgV+LmySswgTplz3BdlFO5Cbaw==",
  "viewCount": null,
  "duration": "0:27",
  "size": 13508780,
  "children": []
}