{
  "id": "a53d07bd-8539-4b62-a67e-861e7ecf613a",
  "pid": "16414d83-cf1d-460e-a43c-0a174d72e7ed",
  "dblevel": 5,
  "location": "/VGMV/03_HoatHinh/HoatHinh-2D/HoatHinh2D-le/DucGie-ho-vaLaDangChanGiuToi",
  "isVideo": true,
  "url": "03-hoat-hinh.hoat-hinh-2d.hoat-hinh-2d-le.duc-gie-ho-va-la-dang-chan-giu-toi",
  "name": "Đức Giê-hô-va Là Đấng Chăn Giữ Tôi",
  "count": 0,
  "isLeaf": null,
  "keyword": null,
  "hash": "",
  "khash": "U2FsdGVkX1/ObCCMLgoS5zm1tQVXNCOhV3+nReGcIU+6zxLaGl5FuxxKi73mE2mYFZ1UIp3H4wDvtrBD95cWsA==",
  "viewCount": null,
  "duration": "3:23",
  "size": 99237659,
  "children": []
}