{
  "id": "52cd6f7b-f2dd-4609-8aea-a115fa9d453d",
  "pid": "16414d83-cf1d-460e-a43c-0a174d72e7ed",
  "dblevel": 5,
  "location": "/VGMV/03_HoatHinh/HoatHinh-2D/HoatHinh2D-le/ViDuVeDayToKhongThuongXot",
  "isVideo": true,
  "url": "03-hoat-hinh.hoat-hinh-2d.hoat-hinh-2d-le.vi-du-ve-day-to-khong-thuong-xot",
  "name": "Ví Dụ Về Đầy Tớ Không Thương Xót",
  "count": 0,
  "isLeaf": null,
  "keyword": null,
  "hash": "",
  "khash": "U2FsdGVkX19/k5GVk+zyhRdovI0uJmF5gHF1ky4ZdbRMYlQ3q0fjo8Yu/6C0bhIIPGhk1Re3i+NRZj+F6Geepg==",
  "viewCount": null,
  "duration": "1:42",
  "size": 61429787,
  "children": []
}