{
  "id": "a379ae06-1153-44f4-ac6c-080b2ec274e4",
  "pid": "16414d83-cf1d-460e-a43c-0a174d72e7ed",
  "dblevel": 5,
  "location": "/VGMV/03_HoatHinh/HoatHinh-2D/HoatHinh2D-le/ViDuVeTiecYenLon",
  "isVideo": true,
  "url": "03-hoat-hinh.hoat-hinh-2d.hoat-hinh-2d-le.vi-du-ve-tiec-yen-lon",
  "name": "Ví Dụ Về Tiệc Yến Lớn",
  "count": 0,
  "isLeaf": null,
  "keyword": null,
  "hash": "",
  "khash": "U2FsdGVkX1+t5tvy2cvA3BKO2aCJkPAbFWD9qMdz8wjPQwqqUZ/ZZWKuGs12ugH2pQPdmVkaKM01MbsLM+a1Mg==",
  "viewCount": null,
  "duration": "1:55",
  "size": 67007530,
  "children": []
}