{
  "id": "205983a7-bf1a-4258-9d9f-aba2ad60c35b",
  "pid": "16414d83-cf1d-460e-a43c-0a174d72e7ed",
  "dblevel": 5,
  "location": "/VGMV/03_HoatHinh/HoatHinh-2D/HoatHinh2D-le/Moi-seVaBienDo",
  "isVideo": true,
  "url": "03-hoat-hinh.hoat-hinh-2d.hoat-hinh-2d-le.moi-se-va-bien-do",
  "name": "Môi-se Và Biển Đỏ",
  "count": 0,
  "isLeaf": null,
  "keyword": null,
  "hash": "",
  "khash": "U2FsdGVkX1+CR3Zr06d07jrknWYyxh1br75EQYpRMDOOfDntE79wX95UgpBrVszQ4t/C50EcuICE8PsR7Mf0ZA==",
  "viewCount": null,
  "duration": "3:43",
  "size": 123853238,
  "children": []
}