{
  "id": "a4d55482-1946-4453-947c-bc95a98b90bb",
  "pid": "16414d83-cf1d-460e-a43c-0a174d72e7ed",
  "dblevel": 5,
  "location": "/VGMV/03_HoatHinh/HoatHinh-2D/HoatHinh2D-le/Xa-che",
  "isVideo": true,
  "url": "03-hoat-hinh.hoat-hinh-2d.hoat-hinh-2d-le.xa-che",
  "name": "Xa-chê",
  "count": 0,
  "isLeaf": null,
  "keyword": null,
  "hash": "",
  "khash": "U2FsdGVkX18ufIC5M+ynxujnN1G0KcCbZ1ta1dxKlpCGOvPTOsHKQnIIt15vJ5q6V4gcfZNTz1kK3tQuoRJ8YA==",
  "viewCount": null,
  "duration": "1:22",
  "size": 49318102,
  "children": []
}