{
  "id": "f07da43a-bb93-463c-9dbf-1676ab7aed65",
  "pid": "44c8ca36-e441-4096-af9d-e358bccb24ce",
  "dblevel": 5,
  "location": "/VGMV/03_HoatHinh/HoatHinh-3D/HoatHinh3D-le/ChuSauXanh",
  "isVideo": true,
  "url": "03-hoat-hinh.hoat-hinh-3d.hoat-hinh-3d-le.chu-sau-xanh",
  "name": "Chú Sâu Xanh",
  "count": 0,
  "isLeaf": null,
  "keyword": null,
  "hash": "",
  "khash": "U2FsdGVkX197/89KEYJMzohSPa52CdqQqeZNfn3jUEJf8lkG2VXyXn1eCXDX2mK1gdvka9x+LWB/OIWZx4pZWg==",
  "viewCount": null,
  "duration": "35:33",
  "size": 615511294,
  "children": []
}