{
  "id": "3a2418f1-e3ae-4b7d-846a-5b999388fe2b",
  "pid": "16414d83-cf1d-460e-a43c-0a174d72e7ed",
  "dblevel": 5,
  "location": "/VGMV/03_HoatHinh/HoatHinh-2D/HoatHinh2D-le/YeuThuongKeThu",
  "isVideo": true,
  "url": "03-hoat-hinh.hoat-hinh-2d.hoat-hinh-2d-le.yeu-thuong-ke-thu",
  "name": "Yêu Thương Kẻ Thù",
  "count": 0,
  "isLeaf": null,
  "keyword": null,
  "hash": "",
  "khash": "U2FsdGVkX1/qo+kk0VTAass/7JqvNcjYAnvVsFhbX/8wG8+FpvfKm7UQO7OV06fDyy5AdOaLujzokz19ASO8Kw==",
  "viewCount": null,
  "duration": "4:26",
  "size": 131479815,
  "children": []
}