{
  "id": "74025a85-3fb3-4b67-a787-c31802c61c93",
  "pid": "44c8ca36-e441-4096-af9d-e358bccb24ce",
  "dblevel": 5,
  "location": "/VGMV/03_HoatHinh/HoatHinh-3D/HoatHinh3D-le/MuoiDieuRan",
  "isVideo": true,
  "url": "03-hoat-hinh.hoat-hinh-3d.hoat-hinh-3d-le.muoi-dieu-ran",
  "name": "Mười Điều Răn",
  "count": 0,
  "isLeaf": null,
  "keyword": null,
  "hash": "",
  "khash": "U2FsdGVkX1+TYdlpmkWaagwhgwyes6nnMaQfVILIanHmBb3ptxJ0tIROsXwRmt2ZaOPxz5AWHNB24YXxv0ekNA==",
  "viewCount": null,
  "duration": "84:32",
  "size": 1464152634,
  "children": []
}