{
  "id": "0829e952-819c-4e6b-8656-9441e814c3f8",
  "pid": "16414d83-cf1d-460e-a43c-0a174d72e7ed",
  "dblevel": 5,
  "location": "/VGMV/03_HoatHinh/HoatHinh-2D/HoatHinh2D-le/CauChuyenCuaDucChuaTroi",
  "isVideo": true,
  "url": "03-hoat-hinh.hoat-hinh-2d.hoat-hinh-2d-le.cau-chuyen-cua-duc-chua-troi",
  "name": "Câu Chuyện Của Đức Chúa Trời",
  "count": 0,
  "isLeaf": null,
  "keyword": null,
  "hash": "",
  "khash": "U2FsdGVkX1/U2bH6v3H5ElxOmtT0chBgcLeKmDrVupkKvTgSqzseUtKIGZ7r1YXT9CqOAfaQGqXgslPjn29zww==",
  "viewCount": null,
  "duration": "4:59",
  "size": 62365295,
  "children": []
}