{
  "id": "b5974f76-b87b-4609-b8ab-f444758f7d2e",
  "pid": "44c8ca36-e441-4096-af9d-e358bccb24ce",
  "dblevel": 5,
  "location": "/VGMV/03_HoatHinh/HoatHinh-3D/HoatHinh3D-le/GuongSangBeGio",
  "isVideo": true,
  "url": "03-hoat-hinh.hoat-hinh-3d.hoat-hinh-3d-le.guong-sang-be-gio",
  "name": "Gương Sáng Bé Giô",
  "count": 0,
  "isLeaf": null,
  "keyword": null,
  "hash": "",
  "khash": "U2FsdGVkX1+Pya3UQgSrWihSbnlGfJlDO+6EbgtjFxXiNU/MyXD/rWRhC6fVXE4TdfmGmHzKmG+ytUuy79ktTg==",
  "viewCount": null,
  "duration": "38:58",
  "size": 676859015,
  "children": []
}