{
  "id": "8641462e-7369-4aa7-8a51-2049087592c1",
  "pid": "16414d83-cf1d-460e-a43c-0a174d72e7ed",
  "dblevel": 5,
  "location": "/VGMV/03_HoatHinh/HoatHinh-2D/HoatHinh2D-le/NgayCuoiDoiToi(MN)",
  "isVideo": true,
  "url": "03-hoat-hinh.hoat-hinh-2d.hoat-hinh-2d-le.ngay-cuoi-doi-toi-mn-",
  "name": "Ngày Cuối Đời Tôi (MN)",
  "count": 0,
  "isLeaf": null,
  "keyword": null,
  "hash": "",
  "khash": "U2FsdGVkX19D38sKwGyUMtme33Uw4pNR0YZu0PX1axkXGx2qp+MAvU+e2sc0JHm+8rIHDT1u1B49Q28vVBjECA==",
  "viewCount": null,
  "duration": "9:13",
  "size": 228947233,
  "children": []
}