{
  "id": "8a49d863-785c-419e-b925-1c2e41c2e0f1",
  "pid": "cf09e1b3-9934-47ef-bf52-bc1aa6ec4f5a",
  "dblevel": 4,
  "location": "/VGMV/04_ThieuNhi/KhamPhaDieuKyDieu/ViSaoChuaYeuCon",
  "isVideo": true,
  "url": "04-thieu-nhi.kham-pha-dieu-ky-dieu.vi-sao-chua-yeu-con",
  "name": "Vì Sao Chúa Yêu Con",
  "count": 0,
  "isLeaf": null,
  "keyword": null,
  "hash": "",
  "khash": "U2FsdGVkX19CgmZ6OsT1CrNoMbZVPUqVaODMbmUrzP+muii/BzrTdEF3KW3Zez1qnTyrSPO5xWrj5SLMriWwGg==",
  "viewCount": null,
  "duration": "3:41",
  "size": 124512595,
  "children": []
}