{
  "id": "f1f2a7cd-48e9-4810-9bc1-a13cf8f60393",
  "pid": "340d0773-9406-489c-877b-766377e09d67",
  "dblevel": 4,
  "location": "/VGMV/04_ThieuNhi/SacMauThanhKinh/ConNguoiDauTien",
  "isVideo": true,
  "url": "04-thieu-nhi.sac-mau-thanh-kinh.con-nguoi-dau-tien",
  "name": "Con Người Đầu Tiên",
  "count": 0,
  "isLeaf": null,
  "keyword": null,
  "hash": "",
  "khash": "U2FsdGVkX187gRCs81CTYZT/Q5+LR5XCzQESPfyk+sK7CCOtM8poLuCauEBSp/MtiMiAJ6ct4KmK7Op7+uLDhg==",
  "viewCount": null,
  "duration": "7:44",
  "size": 306912390,
  "children": []
}