{
  "id": "757bae97-3eee-4f3e-b91d-d804359dbf6f",
  "pid": "9f2a93c9-ee2a-4153-be90-7184a44b833c",
  "dblevel": 4,
  "location": "/VGMV/04_ThieuNhi/Konnect./02-KhongKeuCa",
  "isVideo": true,
  "url": "04-thieu-nhi.konnect.02-khong-keu-ca",
  "name": "02-Không Kêu Ca",
  "count": 0,
  "isLeaf": null,
  "keyword": null,
  "hash": "",
  "khash": "U2FsdGVkX19XNRaGGiXNgkfkgdPnuc65CvGT4X4vcaMvnVQ5gmzDd5F9jjLP8GBUuvqiwWxc8LBv11/a1xy+vA==",
  "viewCount": null,
  "duration": "16:29",
  "size": 489630814,
  "children": []
}