{
  "id": "ac0280d5-84ee-4cff-ba7f-c1aa27dd1ec7",
  "pid": "340d0773-9406-489c-877b-766377e09d67",
  "dblevel": 4,
  "location": "/VGMV/04_ThieuNhi/SacMauThanhKinh/HoctheoguongGio-sep",
  "isVideo": true,
  "url": "04-thieu-nhi.sac-mau-thanh-kinh.hoc-theo-guong-gio-sep",
  "name": "Học theo gương Giô-sép",
  "count": 0,
  "isLeaf": null,
  "keyword": null,
  "hash": "",
  "khash": "U2FsdGVkX18L0l/cJsfXZKUbxgZP1RbqlwXrVswDEpflh2+Z2s9I4yzRc+I8ZxoPwvpdb77i6OwVY/hBpRwlaA==",
  "viewCount": null,
  "duration": "18:40",
  "size": 551407335,
  "children": []
}