{
  "id": "0f595e6b-6e00-49ef-8a83-7a0135e8b4d2",
  "pid": "9f2a93c9-ee2a-4153-be90-7184a44b833c",
  "dblevel": 4,
  "location": "/VGMV/04_ThieuNhi/Konnect./01-KhongVienCo",
  "isVideo": true,
  "url": "04-thieu-nhi.konnect.01-khong-vien-co",
  "name": "01-Không Viện Cớ",
  "count": 0,
  "isLeaf": null,
  "keyword": null,
  "hash": "",
  "khash": "U2FsdGVkX1/TmgGK/OXaqeTFe3/Q9VHOMWf9FpfWowBXVQqZVCjAjGAjU7F1fe/6gmlPeUEnotz28ehu9vatGQ==",
  "viewCount": null,
  "duration": "15:45",
  "size": 457729675,
  "children": []
}