{
  "id": "bedcbbd6-f435-48a6-8448-aebe0951ba80",
  "pid": "6a6b9ae4-1cef-4e1b-b247-8d2eed5f4f56",
  "dblevel": 4,
  "location": "/VGMV/04_ThieuNhi/BuocTheoChuaGie-xu/01_ConTinChuaDaDungNenMoiVat",
  "isVideo": true,
  "url": "04-thieu-nhi.buoc-theo-chua-gie-xu.01-con-tin-chua-da-dung-nen-moi-vat",
  "name": "01_Con Tin Chúa Đã Dựng Nên Mọi Vật",
  "count": 0,
  "isLeaf": null,
  "keyword": null,
  "hash": "",
  "khash": "U2FsdGVkX18W/0kWiJHoRYEK5OHe9w08/8KXG3TXApuUTCsPQYXVMwZ/rxN8WnaKZ7nuEkYan8qMA48UIgbdlQ==",
  "viewCount": null,
  "duration": "12:9",
  "size": 358526282,
  "children": []
}