{
  "id": "30d81ff2-66d9-4e11-8d35-6341cd1f9c44",
  "pid": "1d2ec9a1-8c6c-42ed-871a-2602ab5d7ec0",
  "dblevel": 5,
  "location": "/VGMV/05_NgonNguKyHieu/KeChuyenKinhThanh/CuuUoc/004-ChuaGoiAp-ram",
  "isVideo": true,
  "url": "05-ngon-ngu-ky-hieu.ke-chuyen-kinh-thanh.cuu-uoc.004-chua-goi-ap-ram",
  "name": "004-Chúa Gọi Áp-ram",
  "count": 0,
  "isLeaf": null,
  "keyword": null,
  "hash": "",
  "khash": "U2FsdGVkX18bcOfagJlXLlEoG9aevheFUzUcGTByQKmyxV2RUbhvj0GWNUTaiZGEb4xqfwGGJx8ao3TWFMUf9w==",
  "viewCount": null,
  "duration": "2:18",
  "size": 83599384,
  "children": []
}