{
  "id": "3b17c981-c315-4d21-8cbf-757783b5b6d3",
  "pid": "be05b8af-2bc8-4035-90c1-d860a4e3d2d9",
  "dblevel": 4,
  "location": "/VGMV/05_NgonNguKyHieu/GiaoLyCanBan/Bai05_ChuaCuuTheGie-xu",
  "isVideo": true,
  "url": "05-ngon-ngu-ky-hieu.giao-ly-can-ban.bai-05-chua-cuu-the-gie-xu",
  "name": "Bài 05_Chúa Cứu Thế Giê-xu",
  "count": 0,
  "isLeaf": null,
  "keyword": null,
  "hash": "",
  "khash": "U2FsdGVkX1/ItuCGU3hREB594iemeWeyTWkHBtlFcS8NM6VwZS+6NyxmITH9K6Se8laRjwyCtDF3XD2SycTJXw==",
  "viewCount": null,
  "duration": "11:42",
  "size": 454894200,
  "children": []
}