{
  "id": "b0133117-6660-4ee1-940c-ef4707b803e0",
  "pid": "ddae39e0-044e-4478-82d7-9ec3f15de45b",
  "dblevel": 5,
  "location": "/VGMV/05_NgonNguKyHieu/HoatHinh/Fa-Enter_/FaEnter08-ChuaDaSongLai",
  "isVideo": true,
  "url": "05-ngon-ngu-ky-hieu.hoat-hinh.fa-enter-.faenter08-chua-da-song-lai",
  "name": "FaEnter08-Chúa Đã Sống Lại",
  "count": 0,
  "isLeaf": null,
  "keyword": null,
  "hash": "",
  "khash": "U2FsdGVkX1+wDif/YAsnzdbNxh+TsHj4AF17vkSJegDGUClS0ziECLrIxF4DWbCG92fciuA9yXAUDA7t/Yw1Jw==",
  "viewCount": null,
  "duration": "46:46",
  "size": 1680872041,
  "children": []
}