{
  "id": "c7ccec79-4998-418d-9594-c7c9fe89721a",
  "pid": "a9f4b878-693a-45e0-8f18-2618fbea7ec2",
  "dblevel": 4,
  "location": "/VGMV/05_NgonNguKyHieu/ThoPhuongOnline/200405CD-HTKH_SongTichCucGiuaDaiDich",
  "isVideo": true,
  "url": "05-ngon-ngu-ky-hieu.tho-phuong-online.200405cd-htkh-song-tich-cuc-giua-dai-dich",
  "name": "200405CD-HTKH_Sống Tích Cực Giữa Đại Dịch",
  "count": 0,
  "isLeaf": null,
  "keyword": null,
  "hash": "",
  "khash": "U2FsdGVkX1+ue/ufMB2cAEjdNqKPNgfBh02u88ONDjZLOlAhRxUcrJHBFgO15JHiFpA36ZE7dk+OZHmNENHx/g==",
  "viewCount": null,
  "duration": "108:50",
  "size": 1771757453,
  "children": []
}