{
  "id": "ada207ed-b2b9-4414-82fa-438736b21649",
  "pid": "be05b8af-2bc8-4035-90c1-d860a4e3d2d9",
  "dblevel": 4,
  "location": "/VGMV/05_NgonNguKyHieu/GiaoLyCanBan/Bai08_SuThoPhuong",
  "isVideo": true,
  "url": "05-ngon-ngu-ky-hieu.giao-ly-can-ban.bai-08-su-tho-phuong",
  "name": "Bài 08_Sự Thờ Phượng",
  "count": 0,
  "isLeaf": null,
  "keyword": null,
  "hash": "",
  "khash": "U2FsdGVkX1/5z3myRRSj1xPzsrT2bGnWOeEw7Cnw8oRJNrCgse4Ki4N3e3vbCu0OOCHcZzm5FmQ8YsHt2lAHzw==",
  "viewCount": null,
  "duration": "5:30",
  "size": 199019948,
  "children": []
}