{
  "id": "3d0fcce8-9f3f-4f09-9159-fd04d83ea00e",
  "pid": "e14f6dfb-f6a2-477d-b7af-b49ba10ebd49",
  "dblevel": 5,
  "location": "/VGMV/05_NgonNguKyHieu/HoatHinh/HoatHinhle/Vgm02-ChaiDauQuiGia",
  "isVideo": true,
  "url": "05-ngon-ngu-ky-hieu.hoat-hinh.hoat-hinh-le.vgm02-chai-dau-qui-gia",
  "name": "Vgm02-Chai Dầu Qúi Giá",
  "count": 0,
  "isLeaf": null,
  "keyword": null,
  "hash": "",
  "khash": "U2FsdGVkX1+UX62RTedr0Z2lExKWxUdCitV9RShh8GXBFkU0eK1vmg1Szst5X3foH3lFqu1olk4QA7XD+WKwjg==",
  "viewCount": null,
  "duration": "7:23",
  "size": 265864523,
  "children": []
}