{
  "id": "a9a7d7a2-aaf9-41fe-bdd9-b7c917c87c51",
  "pid": "a9f4b878-693a-45e0-8f18-2618fbea7ec2",
  "dblevel": 4,
  "location": "/VGMV/05_NgonNguKyHieu/ThoPhuongOnline/200419CD-HTKH_VungTinNoiDangSong",
  "isVideo": true,
  "url": "05-ngon-ngu-ky-hieu.tho-phuong-online.200419cd-htkh-vung-tin-noi-dang-song",
  "name": "200419CD-HTKH_Vững Tin Nơi Đấng Sống",
  "count": 0,
  "isLeaf": null,
  "keyword": null,
  "hash": "",
  "khash": "U2FsdGVkX1+LRi9ta/ByXkNrUjpopwCAcyhbMlv0FiBCvsWlyUTfu4JIm+XU02lYI3L+e1YxolKOcdImVZwp3A==",
  "viewCount": null,
  "duration": "91:42",
  "size": 1511536208,
  "children": []
}