{
  "id": "f0f2fcd1-f3c4-4437-9cc1-7c141a2b2373",
  "pid": "0b245ff4-9e23-4767-99a6-c4cb2c144df7",
  "dblevel": 4,
  "location": "/VGMV/05_NgonNguKyHieu/GiaoLyCanBan3D/08_SuThoPhuongDucChuaTroi",
  "isVideo": true,
  "url": "05-ngon-ngu-ky-hieu.giao-ly-can-ban-3d.08-su-tho-phuong-duc-chua-troi",
  "name": "08_Sự Thờ Phượng Đức Chúa Trời",
  "count": 0,
  "isLeaf": null,
  "keyword": null,
  "hash": "",
  "khash": "U2FsdGVkX18bD9PNa0xIdoKB6XqKCF3v1cmBKOvKsguyZimGOf4luqfppRCZdJrdrHqb0DCaqOIoV7wO+NswOA==",
  "viewCount": null,
  "duration": "6:38",
  "size": 239977546,
  "children": []
}