{
  "id": "b9255697-4959-4703-a9e2-83bfd4affde6",
  "pid": "3dbe58d9-530e-4403-b7b9-0409ccc4129a",
  "dblevel": 5,
  "location": "/VGMV/05_NgonNguKyHieu/HoatHinh/LittleBibleHeroes/DuaGaiNhoY-so-ra-en",
  "isVideo": true,
  "url": "05-ngon-ngu-ky-hieu.hoat-hinh.little-bible-heroes.dua-gai-nho-y-so-ra-en",
  "name": "Đứa Gái Nhỏ Y-sơ-ra-ên",
  "count": 0,
  "isLeaf": null,
  "keyword": null,
  "hash": "",
  "khash": "U2FsdGVkX1851zDKSA7U+N5uvhDKRWd3jYdouYOCOIiBnDXjTb3ZNRfbvbhnFkKH+YFz7yNTOHiZPDHSGcoLLA==",
  "viewCount": null,
  "duration": "1:26",
  "size": 51880483,
  "children": []
}