{
  "id": "9f39f120-77fc-444d-9bac-1d44ba7b4128",
  "pid": "04f25fe5-5649-44c4-8d18-c32158b3f839",
  "dblevel": 5,
  "location": "/VGMV/05_NgonNguKyHieu/HoatHinh/NhaKyNiemAnhHungDucTin/07_EmbeMoi-se",
  "isVideo": true,
  "url": "05-ngon-ngu-ky-hieu.hoat-hinh.nha-ky-niem-anh-hung-duc-tin.07-em-be-moi-se",
  "name": "07_Em bé Môi-se",
  "count": 0,
  "isLeaf": null,
  "keyword": null,
  "hash": "",
  "khash": "U2FsdGVkX1+XUHAx17NQqggS6E3QKGUKz/JbRDiBaCVtfX4X8MIHXtiR3s0UUAWeDhDyY0R50FT+314qrfl+PQ==",
  "viewCount": null,
  "duration": "2:50",
  "size": 231757020,
  "children": []
}