{
  "id": "6c94b0c7-6450-4622-9c62-bee20e2fe6ca",
  "pid": "1d2ec9a1-8c6c-42ed-871a-2602ab5d7ec0",
  "dblevel": 5,
  "location": "/VGMV/05_NgonNguKyHieu/KeChuyenKinhThanh/CuuUoc/003-ThapBa-ben",
  "isVideo": true,
  "url": "05-ngon-ngu-ky-hieu.ke-chuyen-kinh-thanh.cuu-uoc.003-thap-ba-ben",
  "name": "003-Tháp Ba-bên",
  "count": 0,
  "isLeaf": null,
  "keyword": null,
  "hash": "",
  "khash": "U2FsdGVkX18WY4Gh2bKKgx+yx5+6og6xuOmmRU7kJN+NM6JrWzkNkti9RpPrNED8JhjspfHluo6ogCTERVN09Q==",
  "viewCount": null,
  "duration": "3:3",
  "size": 110522870,
  "children": []
}