{
  "id": "1f059edc-e34a-4388-84a6-733782439c9d",
  "pid": "7bb7b1e4-75fe-483f-a016-780d79b58a95",
  "dblevel": 5,
  "location": "/VGMV/05_NgonNguKyHieu/KeChuyenKinhThanh/TanUoc/001-DamCuoiOCa-navaChuaGie-xuDepSachDenTho",
  "isVideo": true,
  "url": "05-ngon-ngu-ky-hieu.ke-chuyen-kinh-thanh.tan-uoc.001-dam-cuoi-o-ca-na-va-chua-gie-xu-dep-sach-den-tho",
  "name": "001-Đám Cưới Ở Ca-na và Chúa Giê-xu Dẹp Sạch Đền Thờ",
  "count": 0,
  "isLeaf": null,
  "keyword": null,
  "hash": "",
  "khash": "U2FsdGVkX19nrjck4hHYFlHJwKJYnOULuYrEy11iQZ/Ms692nxkRhUB37D+4EgAKvwSJHrA+Upw+Cx00nrm4ew==",
  "viewCount": null,
  "duration": "3:55",
  "size": 141799300,
  "children": []
}