{
  "id": "bcbb049e-988e-4332-bc02-6f2fe3a0ea88",
  "pid": "be05b8af-2bc8-4035-90c1-d860a4e3d2d9",
  "dblevel": 4,
  "location": "/VGMV/05_NgonNguKyHieu/GiaoLyCanBan/Bai02_KinhThanh",
  "isVideo": true,
  "url": "05-ngon-ngu-ky-hieu.giao-ly-can-ban.bai-02-kinh-thanh",
  "name": "Bài 02_Kinh Thánh",
  "count": 0,
  "isLeaf": null,
  "keyword": null,
  "hash": "",
  "khash": "U2FsdGVkX18ZAuR/zy9iodCeQSaj1PohhRgmnsoHYjJsNlrTSERsa1RixfcsDWE2jS+inU+W9ssNWwjDPD7QUw==",
  "viewCount": null,
  "duration": "7:33",
  "size": 270927636,
  "children": []
}