{
  "id": "69d646c1-f0d8-436e-8c7c-30a989c5c4af",
  "pid": "3dbe58d9-530e-4403-b7b9-0409ccc4129a",
  "dblevel": 5,
  "location": "/VGMV/05_NgonNguKyHieu/HoatHinh/LittleBibleHeroes/Ra-hap",
  "isVideo": true,
  "url": "05-ngon-ngu-ky-hieu.hoat-hinh.little-bible-heroes.ra-hap",
  "name": "Ra-háp",
  "count": 0,
  "isLeaf": null,
  "keyword": null,
  "hash": "",
  "khash": "U2FsdGVkX19YRBb5nRHH/H0xH7skssqyVi+VP7rQIfDSQt80YSdvnw0oVZwxP0DFfnUG7sgL0G86Icx9JrA+KQ==",
  "viewCount": null,
  "duration": "1:43",
  "size": 62041800,
  "children": []
}