{
  "id": "764310d5-a200-4a01-9b19-ab530de11cf6",
  "pid": "3dbe58d9-530e-4403-b7b9-0409ccc4129a",
  "dblevel": 5,
  "location": "/VGMV/05_NgonNguKyHieu/HoatHinh/LittleBibleHeroes/E-xo-te",
  "isVideo": true,
  "url": "05-ngon-ngu-ky-hieu.hoat-hinh.little-bible-heroes.e-xo-te",
  "name": "Ê-xơ-tê",
  "count": 0,
  "isLeaf": null,
  "keyword": null,
  "hash": "",
  "khash": "U2FsdGVkX19nqYcUebCaQT7fX88jZggOtJAKF43eFKO09Id5o0gAKatmN6419L/n+sNFnAh5zTqDypL8iB0Zrg==",
  "viewCount": null,
  "duration": "1:18",
  "size": 47824274,
  "children": []
}