{
  "id": "e3d9c66d-2d99-4768-a659-b19a9570ebff",
  "pid": "a9f4b878-693a-45e0-8f18-2618fbea7ec2",
  "dblevel": 4,
  "location": "/VGMV/05_NgonNguKyHieu/ThoPhuongOnline/200412CD-TLH_ChungCoChuaPhucSinh-MSHTThaiPhuocTruong",
  "isVideo": true,
  "url": "05-ngon-ngu-ky-hieu.tho-phuong-online.200412cd-tlh-chung-co-chua-phuc-sinh-msht-thai-phuoc-truong",
  "name": "200412CD-TLH_Chứng Cớ Chúa Phục Sinh - MSHT Thái Phước Trường",
  "count": 0,
  "isLeaf": null,
  "keyword": null,
  "hash": "",
  "khash": "U2FsdGVkX18f8nt3Neu0zhCWSgLmU9iRIa3rd7UyOrdue6/8hQzp1FRLJZPGhPW0GtdcLFy+UEPMBWebQ5b7rw==",
  "viewCount": null,
  "duration": "49:29",
  "size": 831025846,
  "children": []
}