{
  "id": "e33cc2bd-bf6f-4f4b-862e-5f9b47392f90",
  "pid": "a9f4b878-693a-45e0-8f18-2618fbea7ec2",
  "dblevel": 4,
  "location": "/VGMV/05_NgonNguKyHieu/ThoPhuongOnline/200426CD_HTKH_CoDocNhanDoiDienVoiBaoTo",
  "isVideo": true,
  "url": "05-ngon-ngu-ky-hieu.tho-phuong-online.200426cd-htkh-co-doc-nhan-doi-dien-voi-bao-to",
  "name": "200426CD_HTKH_Cơ Đốc Nhân Đối Diện Với Bảo Tố",
  "count": 0,
  "isLeaf": null,
  "keyword": null,
  "hash": "",
  "khash": "U2FsdGVkX19Fz6GKXSP3xzNUOUMmSuHt5L69cfd/Hx+LAX4ELEOz6vE1mwBMNRRTZqPkgnfLoWkEJG1HO8F1bg==",
  "viewCount": null,
  "duration": "89:9",
  "size": 1354128230,
  "children": []
}