{
  "id": "a29d0364-9a44-4d65-af04-05589285e47f",
  "pid": "62f9e4c7-670f-4104-b17b-0a5232728edb",
  "dblevel": 5,
  "location": "/VGMV/05_NgonNguKyHieu/HoatHinh/BacSiMienRung/04-TinHayKhongTin",
  "isVideo": true,
  "url": "05-ngon-ngu-ky-hieu.hoat-hinh.bac-si-mien-rung.04-tin-hay-khong-tin",
  "name": "04-Tin Hay Không Tin",
  "count": 0,
  "isLeaf": null,
  "keyword": null,
  "hash": "",
  "khash": "U2FsdGVkX1/kAcqgPeB2WyZ46TIlKz6hZZ5JosTnuh2kx/C48Ab4EmuT3zx8bO1FZGIeoKFnlSVRYxc/03zSMg==",
  "viewCount": null,
  "duration": "6:19",
  "size": 221510040,
  "children": []
}