{
  "id": "27dd8760-d6db-43d1-9fc3-63756596807b",
  "pid": "e14f6dfb-f6a2-477d-b7af-b49ba10ebd49",
  "dblevel": 5,
  "location": "/VGMV/05_NgonNguKyHieu/HoatHinh/HoatHinhle/Vgm01-QuanNa-a-man",
  "isVideo": true,
  "url": "05-ngon-ngu-ky-hieu.hoat-hinh.hoat-hinh-le.vgm01-quan-na-a-man",
  "name": "Vgm01- Quan Na-a-man",
  "count": 0,
  "isLeaf": null,
  "keyword": null,
  "hash": "",
  "khash": "U2FsdGVkX19Rh5GQzJzXMs+vfIiWQ2JzUY7ieMZnzMAhKzUBDHa2vLmt+VkyI25TpJBrvqkHII5o7byjVoIaow==",
  "viewCount": null,
  "duration": "9:34",
  "size": 304661059,
  "children": []
}