{
  "id": "16118f89-a464-45e9-adac-15cf10360101",
  "pid": "62f9e4c7-670f-4104-b17b-0a5232728edb",
  "dblevel": 5,
  "location": "/VGMV/05_NgonNguKyHieu/HoatHinh/BacSiMienRung/07-NgoiSaiCho",
  "isVideo": true,
  "url": "05-ngon-ngu-ky-hieu.hoat-hinh.bac-si-mien-rung.07-ngoi-sai-cho",
  "name": "07-Ngồi Sai Chỗ",
  "count": 0,
  "isLeaf": null,
  "keyword": null,
  "hash": "",
  "khash": "U2FsdGVkX18ouzQzOCAXAePuEpdxlNyLYvXGy/C4QdsXyrrG8XrZO+7042wVPuKFfjllR4lZQ6AbJ7QyArdqBg==",
  "viewCount": null,
  "duration": "5:7",
  "size": 184099567,
  "children": []
}