{
  "id": "b248ae62-0665-4f0c-8b96-5f4e4f7988ae",
  "pid": "e14f6dfb-f6a2-477d-b7af-b49ba10ebd49",
  "dblevel": 5,
  "location": "/VGMV/05_NgonNguKyHieu/HoatHinh/HoatHinhle/SuSongLaiCuaLa-xa-ro",
  "isVideo": true,
  "url": "05-ngon-ngu-ky-hieu.hoat-hinh.hoat-hinh-le.su-song-lai-cua-la-xa-ro",
  "name": "Sự Sống Lại Của La-xa-rơ",
  "count": 0,
  "isLeaf": null,
  "keyword": null,
  "hash": "",
  "khash": "U2FsdGVkX19CBHIg3g7obbwaRvPnTwIawm4fd4ILgNejrrBNgaeL9hSxmxnj0zIexj0iqDGdkyWyi3lkKepGcQ==",
  "viewCount": null,
  "duration": "3:13",
  "size": 126808554,
  "children": []
}