{
  "id": "1b02b549-74c8-442d-b3b3-3f307cdbe7b2",
  "pid": "04f25fe5-5649-44c4-8d18-c32158b3f839",
  "dblevel": 5,
  "location": "/VGMV/05_NgonNguKyHieu/HoatHinh/NhaKyNiemAnhHungDucTin/11_Gio-sepThaThuCacAnh",
  "isVideo": true,
  "url": "05-ngon-ngu-ky-hieu.hoat-hinh.nha-ky-niem-anh-hung-duc-tin.11-gio-sep-tha-thu-cac-anh",
  "name": "11_Giô-sép Tha Thứ Các Anh",
  "count": 0,
  "isLeaf": null,
  "keyword": null,
  "hash": "",
  "khash": "U2FsdGVkX1+poTNOUWYkO6lbq8ev60SMrkg/e6v7RW1tJt9Vd6BNX0gVOu5QiOP5gcU8sY8NmNmN4OHEFTcpag==",
  "viewCount": null,
  "duration": "3:42",
  "size": 134132130,
  "children": []
}