{
  "id": "11c32ab0-ca53-492b-aabe-5104f3248dbe",
  "pid": "e866e770-41e9-4939-9a1b-00e0a8be09d9",
  "dblevel": 5,
  "location": "/VGMV/05_NgonNguKyHieu/HoatHinh/Wildbible_/08_ThiDuVeNuocThienDang",
  "isVideo": true,
  "url": "05-ngon-ngu-ky-hieu.hoat-hinh.wildbible-.08-thi-du-ve-nuoc-thien-dang",
  "name": "08_Thí Dụ Về Nước Thiên Đàng",
  "count": 0,
  "isLeaf": null,
  "keyword": null,
  "hash": "",
  "khash": "U2FsdGVkX1/4xeMDDBi5b9+2kqSXZeCziqdZE+hmkYbNAANe6XkJao1rUkqSUs8op9mpa3iZsNI6eHLKPfnOMA==",
  "viewCount": null,
  "duration": "1:26",
  "size": 51462149,
  "children": []
}