{
  "id": "27b3043a-f22e-4234-b656-91db852970df",
  "pid": "04f25fe5-5649-44c4-8d18-c32158b3f839",
  "dblevel": 5,
  "location": "/VGMV/05_NgonNguKyHieu/HoatHinh/NhaKyNiemAnhHungDucTin/09_Gio-sepVaChiecAo",
  "isVideo": true,
  "url": "05-ngon-ngu-ky-hieu.hoat-hinh.nha-ky-niem-anh-hung-duc-tin.09-gio-sep-va-chiec-ao",
  "name": "09_Giô-sep Và Chiếc Áo",
  "count": 0,
  "isLeaf": null,
  "keyword": null,
  "hash": "",
  "khash": "U2FsdGVkX18pp2qolKoVRP5ZXS3URLuoJoSMz+zpqVS0TF+4ZAP489Hym3aLRgoUvRlqptKVYLTsABhy6+FKdA==",
  "viewCount": null,
  "duration": "3:21",
  "size": 121246445,
  "children": []
}