{
  "id": "5c8726e0-44f7-49d6-88ba-1c83076cdc5a",
  "pid": "e14f6dfb-f6a2-477d-b7af-b49ba10ebd49",
  "dblevel": 5,
  "location": "/VGMV/05_NgonNguKyHieu/HoatHinh/HoatHinhle/ViDuVeTiecYenLon",
  "isVideo": true,
  "url": "05-ngon-ngu-ky-hieu.hoat-hinh.hoat-hinh-le.vi-du-ve-tiec-yen-lon",
  "name": "Ví Dụ Về Tiệc Yến Lớn",
  "count": 0,
  "isLeaf": null,
  "keyword": null,
  "hash": "",
  "khash": "U2FsdGVkX187MFi3KUXYo1Rh57ETxTxWWoc5qrVs6N2O22eQnudqtPiBasLxqtJV0JysMPFGwqY4WAAWGWtHSQ==",
  "viewCount": null,
  "duration": "2:7",
  "size": 77411743,
  "children": []
}