{
  "id": "65555aa5-27d7-47bc-942f-7e47d23a2f62",
  "pid": "ddae39e0-044e-4478-82d7-9ec3f15de45b",
  "dblevel": 5,
  "location": "/VGMV/05_NgonNguKyHieu/HoatHinh/Fa-Enter_/FaEnter01-ViVuaMoiRaDoi",
  "isVideo": true,
  "url": "05-ngon-ngu-ky-hieu.hoat-hinh.fa-enter-.faenter01-vi-vua-moi-ra-doi",
  "name": "FaEnter01-Vị Vua Mới Ra Đời",
  "count": 0,
  "isLeaf": null,
  "keyword": null,
  "hash": "",
  "khash": "U2FsdGVkX19/4fTpI4moJuo8I970hmfSnUHiLpJQOjseLOmqcv+GwRGMk+tdKs6rjFUp/pgyeQkKYbGL1Lm+9A==",
  "viewCount": null,
  "duration": "48:15",
  "size": 1747514971,
  "children": []
}