{
  "id": "87b4c042-3ee6-4925-90ca-ea5540b5c746",
  "pid": "a9f4b878-693a-45e0-8f18-2618fbea7ec2",
  "dblevel": 4,
  "location": "/VGMV/05_NgonNguKyHieu/ThoPhuongOnline/200409CD-HTKH_ChenDauThuong",
  "isVideo": true,
  "url": "05-ngon-ngu-ky-hieu.tho-phuong-online.200409cd-htkh-chen-dau-thuong",
  "name": "200409CD-HTKH_Chén Đau Thương",
  "count": 0,
  "isLeaf": null,
  "keyword": null,
  "hash": "",
  "khash": "U2FsdGVkX19sdGuPsBzqczNcXUMU2aQWZRiaJRvqKsbx1ZDFNHTy0VnGzMf78r2F9uqRLusF3LF0h572rYIFWA==",
  "viewCount": null,
  "duration": "96:25",
  "size": 1575137560,
  "children": []
}