{
  "id": "56b98301-1882-492f-9569-fbf40403ff1d",
  "pid": "ddae39e0-044e-4478-82d7-9ec3f15de45b",
  "dblevel": 5,
  "location": "/VGMV/05_NgonNguKyHieu/HoatHinh/Fa-Enter_/FaEnter07-ConTraiHoangDang",
  "isVideo": true,
  "url": "05-ngon-ngu-ky-hieu.hoat-hinh.fa-enter-.faenter07-con-trai-hoang-dang",
  "name": "FaEnter07-Con Trai Hoang Đàng",
  "count": 0,
  "isLeaf": null,
  "keyword": null,
  "hash": "",
  "khash": "U2FsdGVkX1+9hoXZg9PFCfUuEQdwKuc8wpmmgixs1h05nIYmORkrmpT6eGYGqkwIUruU49+SssWk26gGpsetXQ==",
  "viewCount": null,
  "duration": "56:22",
  "size": 2031339057,
  "children": []
}