{
  "id": "700d5832-4a03-4f15-8a2b-4790e0ffd081",
  "pid": "e14f6dfb-f6a2-477d-b7af-b49ba10ebd49",
  "dblevel": 5,
  "location": "/VGMV/05_NgonNguKyHieu/HoatHinh/HoatHinhle/SuChetCuaChuaGie-xu",
  "isVideo": true,
  "url": "05-ngon-ngu-ky-hieu.hoat-hinh.hoat-hinh-le.su-chet-cua-chua-gie-xu",
  "name": "Sự Chết Của Chúa Giê-xu",
  "count": 0,
  "isLeaf": null,
  "keyword": null,
  "hash": "",
  "khash": "U2FsdGVkX192RnMUuS/XEuJ61nJi0I47yyoDaYiVLKhXGwvDQu18HJNM023jb6lds6D9mbSyzyVbDQi5hh6QCA==",
  "viewCount": null,
  "duration": "1:6",
  "size": 39725605,
  "children": []
}