{
  "id": "e8aac14c-12a4-434a-98e7-09598b7b798c",
  "pid": "114afc1f-2d4f-4284-a168-2655b3a87490",
  "dblevel": 5,
  "location": "/VGMV/05_NgonNguKyHieu/HoatHinh/SuDieuKyCuaLongThuongXot/01_ChuaGie-xuChuaLanhChoNguoiBai",
  "isVideo": true,
  "url": "05-ngon-ngu-ky-hieu.hoat-hinh.su-dieu-ky-cua-long-thuong-xot.01-chua-gie-xu-chua-lanh-cho-nguoi-bai",
  "name": "01_Chúa Giê-xu Chữa Lành Cho Người Bại",
  "count": 0,
  "isLeaf": null,
  "keyword": null,
  "hash": "",
  "khash": "U2FsdGVkX18cCC97w4SRBMDLuQ/x3ejAK9WI3eTtRod+NwN9dDnq/StIsuj+MZOkc5h/9a5SfyGjICxuib/F2A==",
  "viewCount": null,
  "duration": "3:28",
  "size": 125808540,
  "children": []
}