{
  "id": "e032e82a-cdcc-4965-8694-f8aea8b9cd1c",
  "pid": "ddae39e0-044e-4478-82d7-9ec3f15de45b",
  "dblevel": 5,
  "location": "/VGMV/05_NgonNguKyHieu/HoatHinh/Fa-Enter_/FaEnter03-PhepLaCuaChuaGie-xu",
  "isVideo": true,
  "url": "05-ngon-ngu-ky-hieu.hoat-hinh.fa-enter-.faenter03-phep-la-cua-chua-gie-xu",
  "name": "FaEnter03-Phép Lạ Của Chúa Giê-xu",
  "count": 0,
  "isLeaf": null,
  "keyword": null,
  "hash": "",
  "khash": "U2FsdGVkX1+h/7SUrbvpaJ2rChGUgyz35jofCnJQZJCkGTB3WRiGj6JVu9y0iJYDqFqcsWTMrpsJjuL7juQVeA==",
  "viewCount": null,
  "duration": "47:0",
  "size": 1688932818,
  "children": []
}