{
  "id": "48b5a61e-f464-4223-9622-57af8fcb59cf",
  "pid": "e866e770-41e9-4939-9a1b-00e0a8be09d9",
  "dblevel": 5,
  "location": "/VGMV/05_NgonNguKyHieu/HoatHinh/Wildbible_/15_ChuaGie-xuNoiTruocVeSuChetCuaNgai",
  "isVideo": true,
  "url": "05-ngon-ngu-ky-hieu.hoat-hinh.wildbible-.15-chua-gie-xu-noi-truoc-ve-su-chet-cua-ngai",
  "name": "15_Chúa Giê-xu Nói Trước Về Sự Chết Của Ngài",
  "count": 0,
  "isLeaf": null,
  "keyword": null,
  "hash": "",
  "khash": "U2FsdGVkX19/RTnzb2+TUCRhePS/dGAPbqGCTYghi4ex3ooL4RD9fcCZzjLDPzNWY79lVCWTBcNAz8aMYX1z5Q==",
  "viewCount": null,
  "duration": "1:9",
  "size": 41529693,
  "children": []
}