{
  "id": "8a586ca1-629c-4f34-a1b6-5dc44aec39be",
  "pid": "be05b8af-2bc8-4035-90c1-d860a4e3d2d9",
  "dblevel": 4,
  "location": "/VGMV/05_NgonNguKyHieu/GiaoLyCanBan/Bai14_TinDieuCacSuDo",
  "isVideo": true,
  "url": "05-ngon-ngu-ky-hieu.giao-ly-can-ban.bai-14-tin-dieu-cac-su-do",
  "name": "Bài 14_Tín Điều Các Sứ Đồ",
  "count": 0,
  "isLeaf": null,
  "keyword": null,
  "hash": "",
  "khash": "U2FsdGVkX194ilElJcDfi20242ggQCpKz7otB3Pl7m98169szBgBBIjj1LiNTF6teU7V5XLSDzvRU8PXtSaaPw==",
  "viewCount": null,
  "duration": "1:42",
  "size": 65182225,
  "children": []
}