{
  "id": "80a40323-2b64-4ba4-a8d6-9ee0ed4125cf",
  "pid": "e866e770-41e9-4939-9a1b-00e0a8be09d9",
  "dblevel": 5,
  "location": "/VGMV/05_NgonNguKyHieu/HoatHinh/Wildbible_/10_ChuaGie-xuHoaBanhRaNhieu",
  "isVideo": true,
  "url": "05-ngon-ngu-ky-hieu.hoat-hinh.wildbible-.10-chua-gie-xu-hoa-banh-ra-nhieu",
  "name": "10_Chúa Giê-xu Hóa Bánh Ra Nhiều",
  "count": 0,
  "isLeaf": null,
  "keyword": null,
  "hash": "",
  "khash": "U2FsdGVkX18mIY2xRPOVrYsm4axbbpzy2NgpWLZovcMtTKLAznCbAK/CBRn0l2munv/VvDSvvyvS91d41l513g==",
  "viewCount": null,
  "duration": "1:10",
  "size": 41889822,
  "children": []
}