{
  "id": "d30327e8-61c1-422c-984c-bdd928853e75",
  "pid": "e866e770-41e9-4939-9a1b-00e0a8be09d9",
  "dblevel": 5,
  "location": "/VGMV/05_NgonNguKyHieu/HoatHinh/Wildbible_/04_SuCauNguyen",
  "isVideo": true,
  "url": "05-ngon-ngu-ky-hieu.hoat-hinh.wildbible-.04-su-cau-nguyen",
  "name": "04_Sự Cầu Nguyện",
  "count": 0,
  "isLeaf": null,
  "keyword": null,
  "hash": "",
  "khash": "U2FsdGVkX19zneg3boE7EGE0mCoGbjQZWSDnl5OUQzZ/D+/dbjJkOWXlyLRiXsWahlqiIJYAAJzDJ/VhVzXRzQ==",
  "viewCount": null,
  "duration": "1:31",
  "size": 54765432,
  "children": []
}