{
  "id": "a0491328-5157-44d3-831b-6e36013f4faf",
  "pid": "0b245ff4-9e23-4767-99a6-c4cb2c144df7",
  "dblevel": 4,
  "location": "/VGMV/05_NgonNguKyHieu/GiaoLyCanBan3D/05_ToiLoiVaSuCuuChuoc",
  "isVideo": true,
  "url": "05-ngon-ngu-ky-hieu.giao-ly-can-ban-3d.05-toi-loi-va-su-cuu-chuoc",
  "name": "05_Tội Lỗi Và Sự Cứu Chuộc",
  "count": 0,
  "isLeaf": null,
  "keyword": null,
  "hash": "",
  "khash": "U2FsdGVkX18mDafwtvoNEAf+0+YGeITb1mc7SnAZJA6Ud7Tt2ut1nraR9PUdwAuUMpZdzERw2//eUXxdtGmbLw==",
  "viewCount": null,
  "duration": "7:32",
  "size": 169809405,
  "children": []
}