{
  "id": "480af1c5-5eb9-45f2-b09f-b012afd5e377",
  "pid": "3dbe58d9-530e-4403-b7b9-0409ccc4129a",
  "dblevel": 5,
  "location": "/VGMV/05_NgonNguKyHieu/HoatHinh/LittleBibleHeroes/ChuaGie-xuGiangSinh",
  "isVideo": true,
  "url": "05-ngon-ngu-ky-hieu.hoat-hinh.little-bible-heroes.chua-gie-xu-giang-sinh",
  "name": "Chúa Giê-xu Giáng Sinh",
  "count": 0,
  "isLeaf": null,
  "keyword": null,
  "hash": "",
  "khash": "U2FsdGVkX199B4ZRiF73mTWocwQPFeqPiRhn0PUfmenAnc2CsEAKAeRZPdxq7M8dshCH+ACZpjMLWNH3k4kPZQ==",
  "viewCount": null,
  "duration": "1:41",
  "size": 61146246,
  "children": []
}