{
  "id": "25c689fd-61ba-4365-b878-4526831c5c06",
  "pid": "e866e770-41e9-4939-9a1b-00e0a8be09d9",
  "dblevel": 5,
  "location": "/VGMV/05_NgonNguKyHieu/HoatHinh/Wildbible_/07_ChuaGie-xuGiaiThichVeNguoiGieoGiong",
  "isVideo": true,
  "url": "05-ngon-ngu-ky-hieu.hoat-hinh.wildbible-.07-chua-gie-xu-giai-thich-ve-nguoi-gieo-giong",
  "name": "07_Chúa Giê-xu Giải Thích Về Người Gieo Giống",
  "count": 0,
  "isLeaf": null,
  "keyword": null,
  "hash": "",
  "khash": "U2FsdGVkX1+Qdh6bjIQWNThwSTbRjecgMBTPWKxVhDqiEqwqvZ2lLqP7UbtQYAtoYpn32m8EccPMczJ1A0eRZw==",
  "viewCount": null,
  "duration": "1:54",
  "size": 68717427,
  "children": []
}