{
  "id": "9c2c578b-f2da-46aa-88a8-db151a16af6a",
  "pid": "3dbe58d9-530e-4403-b7b9-0409ccc4129a",
  "dblevel": 5,
  "location": "/VGMV/05_NgonNguKyHieu/HoatHinh/LittleBibleHeroes/Ma-the",
  "isVideo": true,
  "url": "05-ngon-ngu-ky-hieu.hoat-hinh.little-bible-heroes.ma-the",
  "name": "Ma-thê",
  "count": 0,
  "isLeaf": null,
  "keyword": null,
  "hash": "",
  "khash": "U2FsdGVkX19s0ldyNw+lJHd6xt7a0QB9w8qGTRv3ALkkwuf9XVUW/S9ltL8lqP41YBEvbkhiSEwl+nE++kKJ/Q==",
  "viewCount": null,
  "duration": "1:34",
  "size": 56988208,
  "children": []
}