{
  "id": "5681f52d-bae8-436f-9f0a-febdceededf5",
  "pid": "a9f4b878-693a-45e0-8f18-2618fbea7ec2",
  "dblevel": 4,
  "location": "/VGMV/05_NgonNguKyHieu/ThoPhuongOnline/200830CD-HTTDa_SuBaoVeCuaChuaChoCoDocNhan",
  "isVideo": true,
  "url": "05-ngon-ngu-ky-hieu.tho-phuong-online.200830cd-httda-su-bao-ve-cua-chua-cho-co-doc-nhan",
  "name": "200830CD-HTTDa_Sự Bảo Vệ Của Chúa Cho Cơ Đốc Nhân",
  "count": 0,
  "isLeaf": null,
  "keyword": null,
  "hash": "",
  "khash": "U2FsdGVkX1+wsMNthPoDfbqmX6sxnFS1Pqnr/37UjWazuLHq4xxG26ZWLrEBH68pQqV0WaEvmjGikP9dq/8YrA==",
  "viewCount": null,
  "duration": "64:56",
  "size": 1038623142,
  "children": []
}