{
  "id": "e36d7928-e5cb-4341-b664-1e693008f72b",
  "pid": "e14f6dfb-f6a2-477d-b7af-b49ba10ebd49",
  "dblevel": 5,
  "location": "/VGMV/05_NgonNguKyHieu/HoatHinh/HoatHinhle/Mi-ri-amVaMoi-se",
  "isVideo": true,
  "url": "05-ngon-ngu-ky-hieu.hoat-hinh.hoat-hinh-le.mi-ri-am-va-moi-se",
  "name": "Mi-ri-am Và Môi-se",
  "count": 0,
  "isLeaf": null,
  "keyword": null,
  "hash": "",
  "khash": "U2FsdGVkX1/svEeOVOLIojPjRN171KSew266hqEQwupRfMGFVdWPPI8BjvZGryo4nW/4NnG7LYck4N993S7btA==",
  "viewCount": null,
  "duration": "1:34",
  "size": 57010201,
  "children": []
}