{
  "id": "48f12e0e-11fb-4594-a5d6-aabe626ca3fd",
  "pid": "ddae39e0-044e-4478-82d7-9ec3f15de45b",
  "dblevel": 5,
  "location": "/VGMV/05_NgonNguKyHieu/HoatHinh/Fa-Enter_/FaEnter04-QuanAnCongBinh",
  "isVideo": true,
  "url": "05-ngon-ngu-ky-hieu.hoat-hinh.fa-enter-.faenter04-quan-an-cong-binh",
  "name": "FaEnter04-Quan Án Công Bình",
  "count": 0,
  "isLeaf": null,
  "keyword": null,
  "hash": "",
  "khash": "U2FsdGVkX1/luS9LmAoqmYruXUboy0tkDObIFI8NlATTbl5RdgpOIs3x0a4xJCj9UoOe7GT81ebEyMt/FNiP7g==",
  "viewCount": null,
  "duration": "47:55",
  "size": 1725160335,
  "children": []
}