{
  "id": "65aa4ac5-2203-4415-a285-21f83d7efc09",
  "pid": "04f25fe5-5649-44c4-8d18-c32158b3f839",
  "dblevel": 5,
  "location": "/VGMV/05_NgonNguKyHieu/HoatHinh/NhaKyNiemAnhHungDucTin/04_Ap-ra-hamvaLot",
  "isVideo": true,
  "url": "05-ngon-ngu-ky-hieu.hoat-hinh.nha-ky-niem-anh-hung-duc-tin.04-ap-ra-ham-va-lot",
  "name": "04_Áp-ra-ham và Lót",
  "count": 0,
  "isLeaf": null,
  "keyword": null,
  "hash": "",
  "khash": "U2FsdGVkX19PNGRWIOapR6wYKTfVDWsN7JN6cTln+rOcI66747twNZ6rAIH8D7/C5mBdh+3S+2SGIu/U4CxdCw==",
  "viewCount": null,
  "duration": "1:43",
  "size": 63057664,
  "children": []
}