{
  "id": "1cff71b8-6a7a-4591-b57e-778bad222e71",
  "pid": "0b245ff4-9e23-4767-99a6-c4cb2c144df7",
  "dblevel": 4,
  "location": "/VGMV/05_NgonNguKyHieu/GiaoLyCanBan3D/01_DucChuaTroi",
  "isVideo": true,
  "url": "05-ngon-ngu-ky-hieu.giao-ly-can-ban-3d.01-duc-chua-troi",
  "name": "01_Đức Chúa Trời",
  "count": 0,
  "isLeaf": null,
  "keyword": null,
  "hash": "",
  "khash": "U2FsdGVkX183vQ/aUNKyoBe8KcQA2sMCPqMvVQ6iOtsFTURGjymfqOhQ53kS5Myjh1rHQOzMsoG8mj7so4OEsw==",
  "viewCount": null,
  "duration": "8:32",
  "size": 404148039,
  "children": []
}