{
  "id": "d6fb406b-4914-485e-8854-90efd1906956",
  "pid": "04f25fe5-5649-44c4-8d18-c32158b3f839",
  "dblevel": 5,
  "location": "/VGMV/05_NgonNguKyHieu/HoatHinh/NhaKyNiemAnhHungDucTin/05_Ap-ramDoiTenThanhAp-ra-ham",
  "isVideo": true,
  "url": "05-ngon-ngu-ky-hieu.hoat-hinh.nha-ky-niem-anh-hung-duc-tin.05-ap-ram-doi-ten-thanh-ap-ra-ham",
  "name": "05_Áp-ram Đổi Tên Thành Áp-ra-ham",
  "count": 0,
  "isLeaf": null,
  "keyword": null,
  "hash": "",
  "khash": "U2FsdGVkX1++hi7QMXOh8iiIrIRmliXFTny5VC6xN6h9qUoO6jqbc/VtH7WqkV/7RbUIVXB2Dpkiqa2gvPzqtQ==",
  "viewCount": null,
  "duration": "1:31",
  "size": 55657669,
  "children": []
}