{
  "id": "137d1b37-2bb9-4aa6-b6d5-941d0f7e785b",
  "pid": "04f25fe5-5649-44c4-8d18-c32158b3f839",
  "dblevel": 5,
  "location": "/VGMV/05_NgonNguKyHieu/HoatHinh/NhaKyNiemAnhHungDucTin/02_A-ben",
  "isVideo": true,
  "url": "05-ngon-ngu-ky-hieu.hoat-hinh.nha-ky-niem-anh-hung-duc-tin.02-a-ben",
  "name": "02_A-bên",
  "count": 0,
  "isLeaf": null,
  "keyword": null,
  "hash": "",
  "khash": "U2FsdGVkX1/QBG9HaLusj3JuHGgHqmQM5CQHGNZ8n0O6BfdHtH84QEQ8fg3M/hj5Jn225lF8MPn4P1cWQBE37A==",
  "viewCount": null,
  "duration": "1:7",
  "size": 40923378,
  "children": []
}