{
  "id": "7aee29e4-0a23-49ea-b6cb-9221ea9af3e7",
  "pid": "be05b8af-2bc8-4035-90c1-d860a4e3d2d9",
  "dblevel": 4,
  "location": "/VGMV/05_NgonNguKyHieu/GiaoLyCanBan/Bai13_SuTaiLamCuaChuaGie-xu",
  "isVideo": true,
  "url": "05-ngon-ngu-ky-hieu.giao-ly-can-ban.bai-13-su-tai-lam-cua-chua-gie-xu",
  "name": "Bài 13_Sự Tái Lâm Của Chúa Giê-xu",
  "count": 0,
  "isLeaf": null,
  "keyword": null,
  "hash": "",
  "khash": "U2FsdGVkX1/f3IqLNFbLCvIqHX1wsnvUW5AHR+Q1a7i2l/MCYQvW1fk3hYXER+flWp5hPpzd4kq13Pgr835cZA==",
  "viewCount": null,
  "duration": "4:13",
  "size": 152560039,
  "children": []
}