{
  "id": "f7781808-0079-41b7-9e8a-caee562f82e7",
  "pid": "ddae39e0-044e-4478-82d7-9ec3f15de45b",
  "dblevel": 5,
  "location": "/VGMV/05_NgonNguKyHieu/HoatHinh/Fa-Enter_/FaEnter06-ThaThu",
  "isVideo": true,
  "url": "05-ngon-ngu-ky-hieu.hoat-hinh.fa-enter-.faenter06-tha-thu",
  "name": "FaEnter06-Tha Thứ",
  "count": 0,
  "isLeaf": null,
  "keyword": null,
  "hash": "",
  "khash": "U2FsdGVkX1/QI6Cx0yusUGf+cnxxibGjsjQlC7oM5Us+xZooFolBaM5XqYcDxDQSgr5Akh4FSMFwBiPDRx+hBg==",
  "viewCount": null,
  "duration": "42:55",
  "size": 1546545900,
  "children": []
}