{
  "id": "d396ec00-a11e-4650-895d-d6dbfdcd67ff",
  "pid": "e14f6dfb-f6a2-477d-b7af-b49ba10ebd49",
  "dblevel": 5,
  "location": "/VGMV/05_NgonNguKyHieu/HoatHinh/HoatHinhle/ConGaiGiai-ru",
  "isVideo": true,
  "url": "05-ngon-ngu-ky-hieu.hoat-hinh.hoat-hinh-le.con-gai-giai-ru",
  "name": "Con Gái Giai-ru",
  "count": 0,
  "isLeaf": null,
  "keyword": null,
  "hash": "",
  "khash": "U2FsdGVkX1/OXzAJSPIvuphXNZVT94uFpK7YQM96OPGBwoFdi127ggUVb+qjm1S23i1jCdD/flP6wCuYcFQ/cg==",
  "viewCount": null,
  "duration": "1:31",
  "size": 60721096,
  "children": []
}