{
  "id": "ed25bcfd-5b70-4bef-baf7-dab57a109288",
  "pid": "be05b8af-2bc8-4035-90c1-d860a4e3d2d9",
  "dblevel": 4,
  "location": "/VGMV/05_NgonNguKyHieu/GiaoLyCanBan/Bai06_DucThanhLinh",
  "isVideo": true,
  "url": "05-ngon-ngu-ky-hieu.giao-ly-can-ban.bai-06-duc-thanh-linh",
  "name": "Bài 06_Đức Thánh Linh",
  "count": 0,
  "isLeaf": null,
  "keyword": null,
  "hash": "",
  "khash": "U2FsdGVkX1+1z87jOAvvuY/QUqIPWlgzDodHW47i5IuY2EovZl/e/yt4Nfjfabv0HvULyS40l7cZbEbWy5Q3EQ==",
  "viewCount": null,
  "duration": "3:25",
  "size": 123893671,
  "children": []
}