{
  "id": "f02022ba-d05a-4151-b201-edb86b935fa0",
  "pid": "e866e770-41e9-4939-9a1b-00e0a8be09d9",
  "dblevel": 5,
  "location": "/VGMV/05_NgonNguKyHieu/HoatHinh/Wildbible_/09_ChuaGie-xuDepYenBaoTo",
  "isVideo": true,
  "url": "05-ngon-ngu-ky-hieu.hoat-hinh.wildbible-.09-chua-gie-xu-dep-yen-bao-to",
  "name": "09_Chúa Giê-xu Dẹp Yên Bão Tố",
  "count": 0,
  "isLeaf": null,
  "keyword": null,
  "hash": "",
  "khash": "U2FsdGVkX1+A+MRLIZjWsam8QZGThBRH3+VMrh9xer+jPsoYpKEpxVAUKiat5TktoXoffrhbQnLVpmY4vaVrvg==",
  "viewCount": null,
  "duration": "1:9",
  "size": 41332254,
  "children": []
}