{
  "id": "404cb398-5291-40e9-9d22-c0f732385bab",
  "pid": "7bb7b1e4-75fe-483f-a016-780d79b58a95",
  "dblevel": 5,
  "location": "/VGMV/05_NgonNguKyHieu/KeChuyenKinhThanh/TanUoc/002-CauChuyenXa-che",
  "isVideo": true,
  "url": "05-ngon-ngu-ky-hieu.ke-chuyen-kinh-thanh.tan-uoc.002-cau-chuyen-xa-che",
  "name": "002-Câu Chuyện Xa-chê",
  "count": 0,
  "isLeaf": null,
  "keyword": null,
  "hash": "",
  "khash": "U2FsdGVkX18cqE8DxuHrFPhuYutd7K2q1iNEb2mreau/eVm1yOaVMFo4RxoaMlZRlPKKQHijN4VAuMiNbWQzLw==",
  "viewCount": null,
  "duration": "2:6",
  "size": 75849529,
  "children": []
}