{
  "id": "8a1c1712-eb78-4022-ad28-4764bd610a86",
  "pid": "a9f4b878-693a-45e0-8f18-2618fbea7ec2",
  "dblevel": 4,
  "location": "/VGMV/05_NgonNguKyHieu/ThoPhuongOnline/200412CD-HTKH_ChungCoChuaPhucSinh",
  "isVideo": true,
  "url": "05-ngon-ngu-ky-hieu.tho-phuong-online.200412cd-htkh-chung-co-chua-phuc-sinh",
  "name": "200412CD-HTKH_Chứng Cớ Chúa Phục Sinh",
  "count": 0,
  "isLeaf": null,
  "keyword": null,
  "hash": "",
  "khash": "U2FsdGVkX18SLyuKISM6L+d2He0xGZebTQzefzpO2/T/1VeHPl/pV4iVz5RDcR6ovU/ROyEoo+9MkHT2mokCkg==",
  "viewCount": null,
  "duration": "105:40",
  "size": 1697281486,
  "children": []
}