{
  "id": "fed6e44d-518a-4e17-b263-0f6e490b0c25",
  "pid": "62f9e4c7-670f-4104-b17b-0a5232728edb",
  "dblevel": 5,
  "location": "/VGMV/05_NgonNguKyHieu/HoatHinh/BacSiMienRung/05-BanKhongTheTuCuuLayMinh",
  "isVideo": true,
  "url": "05-ngon-ngu-ky-hieu.hoat-hinh.bac-si-mien-rung.05-ban-khong-the-tu-cuu-lay-minh",
  "name": "05-Bạn Không Thể Tự Cứu Lấy Mình",
  "count": 0,
  "isLeaf": null,
  "keyword": null,
  "hash": "",
  "khash": "U2FsdGVkX19QUUJPInzzv4bMK2zTSbSzFq4C4JAGhBZEfJzi5T1tUEn47blbI12cL+XqVWXnBe0sB8tYM1WQfA==",
  "viewCount": null,
  "duration": "5:8",
  "size": 184783492,
  "children": []
}