{
  "id": "ef389dcf-a46d-4d01-ac97-deeec1bd67e4",
  "pid": "62f9e4c7-670f-4104-b17b-0a5232728edb",
  "dblevel": 5,
  "location": "/VGMV/05_NgonNguKyHieu/HoatHinh/BacSiMienRung/03-TaiNanKhongNgo",
  "isVideo": true,
  "url": "05-ngon-ngu-ky-hieu.hoat-hinh.bac-si-mien-rung.03-tai-nan-khong-ngo",
  "name": "03-Tai Nạn Không Ngờ",
  "count": 0,
  "isLeaf": null,
  "keyword": null,
  "hash": "",
  "khash": "U2FsdGVkX1/4Oh6I2iSQc0TK9XSENtUw7XzibwjcCKtBBMJgkOKa7n23djhqCKsI7aFXtVCm5GgGJVtqpAmGVw==",
  "viewCount": null,
  "duration": "6:14",
  "size": 223634771,
  "children": []
}