{
  "id": "68b922ab-9c81-419e-93b5-92b11afce63c",
  "pid": "62f9e4c7-670f-4104-b17b-0a5232728edb",
  "dblevel": 5,
  "location": "/VGMV/05_NgonNguKyHieu/HoatHinh/BacSiMienRung/08-BeoConThanhBeoLon",
  "isVideo": true,
  "url": "05-ngon-ngu-ky-hieu.hoat-hinh.bac-si-mien-rung.08-beo-con-thanh-beo-lon",
  "name": "08-Beo Con Thành Beo Lớn",
  "count": 0,
  "isLeaf": null,
  "keyword": null,
  "hash": "",
  "khash": "U2FsdGVkX1+Hn2lxIc7oI1A+Rk4f8qeLAACS2jTpEJbgF9vZjyAVm0euAhfduOtef18semzzzmff4xQ48F+e/Q==",
  "viewCount": null,
  "duration": "10:36",
  "size": 380907485,
  "children": []
}