{
  "id": "b3318a4d-55bd-4dba-b04a-f6c3604caa33",
  "pid": "1d2ec9a1-8c6c-42ed-871a-2602ab5d7ec0",
  "dblevel": 5,
  "location": "/VGMV/05_NgonNguKyHieu/KeChuyenKinhThanh/CuuUoc/004-DucTinCuaAp-ra-ham",
  "isVideo": true,
  "url": "05-ngon-ngu-ky-hieu.ke-chuyen-kinh-thanh.cuu-uoc.004-duc-tin-cua-ap-ra-ham",
  "name": "004-Đức Tin Của Áp-ra-ham",
  "count": 0,
  "isLeaf": null,
  "keyword": null,
  "hash": "",
  "khash": "U2FsdGVkX1/xB2e9pL5JM4nW3MPCkTT80bADsQaCYiLjqLSuZLoOAVtYZeKpZwmTZMxSFfhLYYlwDjp/17JRGw==",
  "viewCount": null,
  "duration": "3:33",
  "size": 128343662,
  "children": []
}