{
  "id": "6f3101df-4b29-4954-8a9e-481ba59c1509",
  "pid": "a9f4b878-693a-45e0-8f18-2618fbea7ec2",
  "dblevel": 4,
  "location": "/VGMV/05_NgonNguKyHieu/ThoPhuongOnline/200816CD-HTKH_NenLamGiTrongLucNay",
  "isVideo": true,
  "url": "05-ngon-ngu-ky-hieu.tho-phuong-online.200816cd-htkh-nen-lam-gi-trong-luc-nay",
  "name": "200816CD-HTKH_Nên Làm Gì Trong Lúc Này",
  "count": 0,
  "isLeaf": null,
  "keyword": null,
  "hash": "",
  "khash": "U2FsdGVkX19aNFYlFkg85L11cXQ/Mg+nqMZepQrSYIUKTSIrvwRYBJ85vPJX8zhooc/L0Ujg70GZPjUNbymOiQ==",
  "viewCount": null,
  "duration": "75:17",
  "size": 1500648030,
  "children": []
}