{
  "id": "28dd38b3-34f2-4776-8267-6c941ca7aab6",
  "pid": "e14f6dfb-f6a2-477d-b7af-b49ba10ebd49",
  "dblevel": 5,
  "location": "/VGMV/05_NgonNguKyHieu/HoatHinh/HoatHinhle/ChuaGie-xuBiDongDinh",
  "isVideo": true,
  "url": "05-ngon-ngu-ky-hieu.hoat-hinh.hoat-hinh-le.chua-gie-xu-bi-dong-dinh",
  "name": "Chúa Giê-xu Bị Đóng Đinh",
  "count": 0,
  "isLeaf": null,
  "keyword": null,
  "hash": "",
  "khash": "U2FsdGVkX1/iV/jGo4yOFK7nIYdxqyWJEfOK+urNDGUCsDHbWtZgExNq6kZKduZ2OwEA8/Rdmhc7i3cbowv13g==",
  "viewCount": null,
  "duration": "1:35",
  "size": 60574345,
  "children": []
}