{
  "id": "057f97f8-25c9-48f9-86e6-697e5f922ea9",
  "pid": "3dbe58d9-530e-4403-b7b9-0409ccc4129a",
  "dblevel": 5,
  "location": "/VGMV/05_NgonNguKyHieu/HoatHinh/LittleBibleHeroes/No-e",
  "isVideo": true,
  "url": "05-ngon-ngu-ky-hieu.hoat-hinh.little-bible-heroes.no-e",
  "name": "Nô-ê",
  "count": 0,
  "isLeaf": null,
  "keyword": null,
  "hash": "",
  "khash": "U2FsdGVkX18gTEIpJg6SoItf9Qro7njoEPvl4xzY5vs1O9aGeYLXLNSBA6KToKgjFspO2y2byAE4U7GHZ1eHIQ==",
  "viewCount": null,
  "duration": "1:34",
  "size": 56970697,
  "children": []
}