{
  "id": "e0949ad8-e6c4-4665-b3d3-1aeda5529b57",
  "pid": "3dbe58d9-530e-4403-b7b9-0409ccc4129a",
  "dblevel": 5,
  "location": "/VGMV/05_NgonNguKyHieu/HoatHinh/LittleBibleHeroes/Gio-sep",
  "isVideo": true,
  "url": "05-ngon-ngu-ky-hieu.hoat-hinh.little-bible-heroes.gio-sep",
  "name": "Giô-sép",
  "count": 0,
  "isLeaf": null,
  "keyword": null,
  "hash": "",
  "khash": "U2FsdGVkX19grAkgt4hZrQDSTnVg9qQqk+iOOxLVWG2deVX7xWOniYlNuZzQs8NcLFW0syGN0ChfTlol+5Id0A==",
  "viewCount": null,
  "duration": "1:30",
  "size": 54175677,
  "children": []
}