{
  "id": "4ee50324-21a7-4269-bcf1-e80bff1ac2ba",
  "pid": "e866e770-41e9-4939-9a1b-00e0a8be09d9",
  "dblevel": 5,
  "location": "/VGMV/05_NgonNguKyHieu/HoatHinh/Wildbible_/13_ThiDuChienLacMatVaDongTienBiMat",
  "isVideo": true,
  "url": "05-ngon-ngu-ky-hieu.hoat-hinh.wildbible-.13-thi-du-chien-lac-mat-va-dong-tien-bi-mat",
  "name": "13_Thí Dụ Chiên Lạc Mất Và Đồng Tiền Bị Mất",
  "count": 0,
  "isLeaf": null,
  "keyword": null,
  "hash": "",
  "khash": "U2FsdGVkX1/zt9ZVia8i6lhomhrt9oU9wCf3nkIzJIt1FRgwk7zu+GZChhfofdwsz7i0BkpQyVXGNqcEjZ2fAQ==",
  "viewCount": null,
  "duration": "1:20",
  "size": 48047274,
  "children": []
}