{
  "id": "9ab05d52-b223-4a6f-b271-739a4fc25ea0",
  "pid": "62f9e4c7-670f-4104-b17b-0a5232728edb",
  "dblevel": 5,
  "location": "/VGMV/05_NgonNguKyHieu/HoatHinh/BacSiMienRung/02-CamBay",
  "isVideo": true,
  "url": "05-ngon-ngu-ky-hieu.hoat-hinh.bac-si-mien-rung.02-cam-bay",
  "name": "02-Cạm Bẫy",
  "count": 0,
  "isLeaf": null,
  "keyword": null,
  "hash": "",
  "khash": "U2FsdGVkX18rGgbMFECBerAwkcvgW8yD+nwxsmktC20EzMMlc8IAJi+m2iFaV5eArmUcUte9xGh3jrAN5sNIpQ==",
  "viewCount": null,
  "duration": "3:34",
  "size": 128797561,
  "children": []
}