{
  "id": "abb091b0-7718-41b6-b4c4-6e3d65457831",
  "pid": "04f25fe5-5649-44c4-8d18-c32158b3f839",
  "dblevel": 5,
  "location": "/VGMV/05_NgonNguKyHieu/HoatHinh/NhaKyNiemAnhHungDucTin/06_Sara",
  "isVideo": true,
  "url": "05-ngon-ngu-ky-hieu.hoat-hinh.nha-ky-niem-anh-hung-duc-tin.06-sara",
  "name": "06_Sara",
  "count": 0,
  "isLeaf": null,
  "keyword": null,
  "hash": "",
  "khash": "U2FsdGVkX197IdQXDfBfEWj7EnNzZrDK5YA34lEOdnUGqVATXBdbM34RbjCExU+J/AbhaIl0G5N+iG2uRxNHSQ==",
  "viewCount": null,
  "duration": "1:46",
  "size": 64497417,
  "children": []
}