{
  "id": "a5c76bc7-8f20-4dc4-9413-6efc741f1b2a",
  "pid": "be05b8af-2bc8-4035-90c1-d860a4e3d2d9",
  "dblevel": 4,
  "location": "/VGMV/05_NgonNguKyHieu/GiaoLyCanBan/Bai12_ThienDangVaHoaNguc",
  "isVideo": true,
  "url": "05-ngon-ngu-ky-hieu.giao-ly-can-ban.bai-12-thien-dang-va-hoa-nguc",
  "name": "Bài 12_Thiên Đàng Và Hỏa Ngục",
  "count": 0,
  "isLeaf": null,
  "keyword": null,
  "hash": "",
  "khash": "U2FsdGVkX1/x8XPrWx4iTyUMeJTR01snNh/yVZj0DnPGFVM91W1oZMq9HCQfRbis8HoXo6BFwsEy71O6vbrTQg==",
  "viewCount": null,
  "duration": "3:0",
  "size": 108720509,
  "children": []
}