{
  "id": "b787d12b-e6f1-4c55-85c2-655c5ddfd14c",
  "pid": "3dbe58d9-530e-4403-b7b9-0409ccc4129a",
  "dblevel": 5,
  "location": "/VGMV/05_NgonNguKyHieu/HoatHinh/LittleBibleHeroes/SuSangTao",
  "isVideo": true,
  "url": "05-ngon-ngu-ky-hieu.hoat-hinh.little-bible-heroes.su-sang-tao",
  "name": "Sự Sáng Tạo",
  "count": 0,
  "isLeaf": null,
  "keyword": null,
  "hash": "",
  "khash": "U2FsdGVkX18RH62pHMl2XUz5iRzliVaFAIfFKNKbI9OiauHVB1qJeiR+hEwxFE8P1WIAdJBy6YrGkM3CWmnZdw==",
  "viewCount": null,
  "duration": "1:24",
  "size": 50696237,
  "children": []
}