{
  "id": "a86759ae-8404-4b93-92fc-45603c1f5b27",
  "pid": "e14f6dfb-f6a2-477d-b7af-b49ba10ebd49",
  "dblevel": 5,
  "location": "/VGMV/05_NgonNguKyHieu/HoatHinh/HoatHinhle/Moi-seVaBienDo",
  "isVideo": true,
  "url": "05-ngon-ngu-ky-hieu.hoat-hinh.hoat-hinh-le.moi-se-va-bien-do",
  "name": "Môi-se Và Biển Đỏ",
  "count": 0,
  "isLeaf": null,
  "keyword": null,
  "hash": "",
  "khash": "U2FsdGVkX19t9A8u4l6QBGk/ll3wjIauj71uV+tjbcWI7nbtjMEwyvN2GHbYNzyEJseLHEinwYELEYP8ozrTrA==",
  "viewCount": null,
  "duration": "3:40",
  "size": 144311132,
  "children": []
}