{
  "id": "35b00307-5a01-4e53-8a0d-0aac05408a40",
  "pid": "04f25fe5-5649-44c4-8d18-c32158b3f839",
  "dblevel": 5,
  "location": "/VGMV/05_NgonNguKyHieu/HoatHinh/NhaKyNiemAnhHungDucTin/03_He-noc",
  "isVideo": true,
  "url": "05-ngon-ngu-ky-hieu.hoat-hinh.nha-ky-niem-anh-hung-duc-tin.03-he-noc",
  "name": "03_Hê-nóc",
  "count": 0,
  "isLeaf": null,
  "keyword": null,
  "hash": "",
  "khash": "U2FsdGVkX1+BVc8pO2iJ4OOtvzW8bIy5SWWy9bhLshh1CWx3FbTbh1Mxo2PYlss7CDLp9DONwMWfySXLrUICOw==",
  "viewCount": null,
  "duration": "0:49",
  "size": 30226297,
  "children": []
}