{
  "id": "08bea4f4-f19e-4f08-a94e-d16aed98f378",
  "pid": "dc174aa4-ca7c-41d3-8ca8-70b957957a7d",
  "dblevel": 4,
  "location": "/VGMV/06-Phim/NhanVatKinhThanh/Ma-riMa-do-len",
  "isVideo": true,
  "url": "06-phim.nhan-vat-kinh-thanh.ma-ri-ma-do-len",
  "name": "Ma-ri Ma-đơ-len",
  "count": 0,
  "isLeaf": null,
  "keyword": null,
  "hash": "",
  "khash": "U2FsdGVkX1/6Rv3wPblE3ryNKfsjw+lSycKg0B+7YHwPm+22TOyLOeMLOTqlXlGS//oMd5ryGIRvg/zLZByqOQ==",
  "viewCount": null,
  "duration": "58:24",
  "size": 1590211853,
  "children": []
}