{
  "id": "9f0551fe-adc4-4da2-9636-af153c063d6b",
  "pid": "1f5ef292-679c-4d40-96fa-23a620d997f1",
  "dblevel": 4,
  "location": "/VGMV/06-Phim/CauChuyenKinhThanh/CauChuyenKinhThanh-P03",
  "isVideo": true,
  "url": "06-phim.cau-chuyen-kinh-thanh.cau-chuyen-kinh-thanh-p03",
  "name": "Câu Chuyện Kinh Thánh-P03",
  "count": 0,
  "isLeaf": null,
  "keyword": null,
  "hash": "",
  "khash": "U2FsdGVkX18b93Uvq547IvXcUdpJG0cmbCKCOylRlF1wzOaagnfrlxm2GXw4kuHLQZiKSSBtQCMKb+S59K9wWw==",
  "viewCount": null,
  "duration": "47:40",
  "size": 1407480853,
  "children": []
}