{
  "id": "e2082523-c714-49ea-8e6f-3206f0ea5d0e",
  "pid": "463430cd-7c54-431d-b1dd-07f44343ad7f",
  "dblevel": 4,
  "location": "/VGMV/06-Phim/PhimLoiChung/BatDauTuTamLong",
  "isVideo": true,
  "url": "06-phim.phim-loi-chung.bat-dau-tu-tam-long",
  "name": "Bắt Đầu Từ Tấm Lòng",
  "count": 0,
  "isLeaf": null,
  "keyword": null,
  "hash": "",
  "khash": "U2FsdGVkX1+PyCyh706www0pXZ3lPS8zRA3e9fpY0gyf3x3ythqI8FDizMxvs3K8klZF1Hpi/UF2UaUBf9IQRQ==",
  "viewCount": null,
  "duration": "77:0",
  "size": 1906983249,
  "children": []
}