{
  "id": "9be1d5ff-18f4-45f6-8fd2-6e2e1e406c01",
  "pid": "1f5ef292-679c-4d40-96fa-23a620d997f1",
  "dblevel": 4,
  "location": "/VGMV/06-Phim/CauChuyenKinhThanh/CauChuyenKinhThanh-P07",
  "isVideo": true,
  "url": "06-phim.cau-chuyen-kinh-thanh.cau-chuyen-kinh-thanh-p07",
  "name": "Câu Chuyện Kinh Thánh-P07",
  "count": 0,
  "isLeaf": null,
  "keyword": null,
  "hash": "",
  "khash": "U2FsdGVkX1/uW3OW+Mxh25FTeoaoJjvSnUMo7cPfGFBhO1htlspnb66JJjmobihC2lYKyaZ/BoR9PX64oKUaKA==",
  "viewCount": null,
  "duration": "46:38",
  "size": 1377431393,
  "children": []
}