{
  "id": "00576d47-a862-4e16-88e9-2c197e301ab0",
  "pid": "463430cd-7c54-431d-b1dd-07f44343ad7f",
  "dblevel": 4,
  "location": "/VGMV/06-Phim/PhimLoiChung/CuocDoiLenaMaria",
  "isVideo": true,
  "url": "06-phim.phim-loi-chung.cuoc-doi-lena-maria",
  "name": "Cuộc Đời Lena Maria",
  "count": 0,
  "isLeaf": null,
  "keyword": null,
  "hash": "",
  "khash": "U2FsdGVkX187wOfj9lm2wH+pvFnDww85uRHERpH1Q1HyqdoyNCYTAyKOzzE6d892571w+MhRUe3mx5b/ibMWbw==",
  "viewCount": null,
  "duration": "32:28",
  "size": 392822043,
  "children": []
}