{
  "id": "26ca51e5-9e94-4604-99b5-04302cfb6665",
  "pid": "1f5ef292-679c-4d40-96fa-23a620d997f1",
  "dblevel": 4,
  "location": "/VGMV/06-Phim/CauChuyenKinhThanh/CauChuyenKinhThanh-P02",
  "isVideo": true,
  "url": "06-phim.cau-chuyen-kinh-thanh.cau-chuyen-kinh-thanh-p02",
  "name": "Câu Chuyện Kinh Thánh-P02",
  "count": 0,
  "isLeaf": null,
  "keyword": null,
  "hash": "",
  "khash": "U2FsdGVkX1+BCzNRCF1MrAYVdxythMnp25Eykns/sa+1YgqYaIzItSSuMsQ1RPMVGb3VDbUyPunqu5V5vgDIaA==",
  "viewCount": null,
  "duration": "47:27",
  "size": 1401381566,
  "children": []
}