{
  "id": "f10fb628-deb5-4a3f-82a3-f1e78868f883",
  "pid": "463430cd-7c54-431d-b1dd-07f44343ad7f",
  "dblevel": 4,
  "location": "/VGMV/06-Phim/PhimLoiChung/YeuConMaiMai",
  "isVideo": true,
  "url": "06-phim.phim-loi-chung.yeu-con-mai-mai",
  "name": "Yêu Con Mãi Mãi",
  "count": 0,
  "isLeaf": null,
  "keyword": null,
  "hash": "",
  "khash": "U2FsdGVkX1+NMF7OIkocDZC5bNPrIE7wH2a8r5fUDUYcphCBqqbRdanzlcW27IVRde1x1zwwS9VXgLuEViAKLA==",
  "viewCount": null,
  "duration": "37:21",
  "size": 728834133,
  "children": []
}