{
  "id": "e57e5000-a40b-4c53-a3b2-612adbbae564",
  "pid": "dc174aa4-ca7c-41d3-8ca8-70b957957a7d",
  "dblevel": 4,
  "location": "/VGMV/06-Phim/NhanVatKinhThanh/Sau-lo-ChuyenDiDa-mach-pd",
  "isVideo": true,
  "url": "06-phim.nhan-vat-kinh-thanh.sau-lo-chuyen-di-da-mach-pd",
  "name": "Sau-lơ - Chuyến Đi Đa-mách - pd",
  "count": 0,
  "isLeaf": null,
  "keyword": null,
  "hash": "",
  "khash": "U2FsdGVkX1+tnjWExJo2FfmKfSDvIJBl0Azx/snFpSiugbRZESiq4r5+2PtBa/+l56OALF8C8YSYaMMXD+pTtg==",
  "viewCount": null,
  "duration": "86:17",
  "size": 1407141184,
  "children": []
}