{
  "id": "0eac6940-a4cf-4f17-bbb7-3c47d580816b",
  "pid": "fc6e547f-514a-4abb-88d7-8a843ad24da2",
  "dblevel": 4,
  "location": "/VGMV/01_BaiGiang/HocTheoSachTrongKinhThanh/SachNe-he-mi-MSLeHoangThaiAn",
  "isVideo": true,
  "url": "01-bai-giang.hoc-theo-sach-trong-kinh-thanh.sach-ne-he-mi-ms-le-hoang-thai-an",
  "name": "Sách Nê-hê-mi - MS Lê Hoàng Thái An",
  "count": 15,
  "isLeaf": true,
  "keyword": null,
  "hash": null,
  "khash": null,
  "viewCount": null,
  "duration": null,
  "size": null,
  "children": [
    {
      "id": "fe41c429-76e4-4322-83ff-578438f6b73a",
      "pid": "0eac6940-a4cf-4f17-bbb7-3c47d580816b",
      "dblevel": 5,
      "location": "/VGMV/01_BaiGiang/HocTheoSachTrongKinhThanh/SachNe-he-mi-MSLeHoangThaiAn/01-TaiLapDoiSongCauNguyen-UuTienThietYeu",
      "isVideo": true,
      "url": "01-bai-giang.hoc-theo-sach-trong-kinh-thanh.sach-ne-he-mi-ms-le-hoang-thai-an.01-tai-lap-doi-song-cau-nguyen-uu-tien-thiet-yeu",
      "name": "01-Tái Lập Đời Sống Cầu Nguyện - Ưu Tiên  Thiết Yếu",
      "count": 0,
      "isLeaf": null,
      "keyword": null,
      "hash": "U2FsdGVkX18xiJxAQ8Qir9MUIGoCKcPafejv2FaxltDPFcthqgraizBEzh7Qc/w4xamlTsMLAOStpHwhl4D2ug==",
      "khash": null,
      "viewCount": null,
      "duration": "51:54",
      "size": 1585939386
    },
    {
      "id": "cf36ca2d-76f3-44d5-b22e-db78e3d2ffb7",
      "pid": "0eac6940-a4cf-4f17-bbb7-3c47d580816b",
      "dblevel": 5,
      "location": "/VGMV/01_BaiGiang/HocTheoSachTrongKinhThanh/SachNe-he-mi-MSLeHoangThaiAn/02-TaiLapDoiSongPhucVu-SanSangDanThan",
      "isVideo": true,
      "url": "01-bai-giang.hoc-theo-sach-trong-kinh-thanh.sach-ne-he-mi-ms-le-hoang-thai-an.02-tai-lap-doi-song-phuc-vu-san-sang-dan-than",
      "name": "02-Tái Lập Đời Sống Phục Vụ - Sẵn Sàng Dấn Thân",
      "count": 0,
      "isLeaf": null,
      "keyword": null,
      "hash": "",
      "khash": null,
      "viewCount": null,
      "duration": "47:4",
      "size": 1427391445
    },
    {
      "id": "69f2bf86-7379-4750-b378-77eb8b81172c",
      "pid": "0eac6940-a4cf-4f17-bbb7-3c47d580816b",
      "dblevel": 5,
      "location": "/VGMV/01_BaiGiang/HocTheoSachTrongKinhThanh/SachNe-he-mi-MSLeHoangThaiAn/03-TaiLapDoiSongTrachNhiem-TrungTinDongCong",
      "isVideo": true,
      "url": "01-bai-giang.hoc-theo-sach-trong-kinh-thanh.sach-ne-he-mi-ms-le-hoang-thai-an.03-tai-lap-doi-song-trach-nhiem-trung-tin-dong-cong",
      "name": "03-Tái Lập Đời Sống Trách Nhiệm - Trung Tín Đồng Công",
      "count": 0,
      "isLeaf": null,
      "keyword": null,
      "hash": "U2FsdGVkX199Cde87pBvoIYgNHm76zGOG/r/9hyBilX+J4gnHNXjjI8sJypeeP6BZLo7f0E0sHJtUNhMkgkCLA==",
      "khash": null,
      "viewCount": null,
      "duration": "46:43",
      "size": 1427935444
    },
    {
      "id": "2169af4a-35aa-4233-8f37-357a08a4d655",
      "pid": "0eac6940-a4cf-4f17-bbb7-3c47d580816b",
      "dblevel": 5,
      "location": "/VGMV/01_BaiGiang/HocTheoSachTrongKinhThanh/SachNe-he-mi-MSLeHoangThaiAn/04-TaiLapDoiSongCanTruong-DoiDienChongNghich",
      "isVideo": true,
      "url": "01-bai-giang.hoc-theo-sach-trong-kinh-thanh.sach-ne-he-mi-ms-le-hoang-thai-an.04-tai-lap-doi-song-can-truong-doi-dien-chong-nghich",
      "name": "04-Tái Lập Đời Sống Can Trường - Đối Diện Chống Nghịch",
      "count": 0,
      "isLeaf": null,
      "keyword": null,
      "hash": "",
      "khash": null,
      "viewCount": null,
      "duration": "48:44",
      "size": 1483535493
    },
    {
      "id": "042e2d51-1046-40ef-83d8-43de5a7cec72",
      "pid": "0eac6940-a4cf-4f17-bbb7-3c47d580816b",
      "dblevel": 5,
      "location": "/VGMV/01_BaiGiang/HocTheoSachTrongKinhThanh/SachNe-he-mi-MSLeHoangThaiAn/05-TaiLapDoiSongHiepMot-SanBangChuongNgai",
      "isVideo": true,
      "url": "01-bai-giang.hoc-theo-sach-trong-kinh-thanh.sach-ne-he-mi-ms-le-hoang-thai-an.05-tai-lap-doi-song-hiep-mot-san-bang-chuong-ngai",
      "name": "05-Tái Lập Đời Sống Hiệp Một - San Bằng Chướng Ngại",
      "count": 0,
      "isLeaf": null,
      "keyword": null,
      "hash": "",
      "khash": null,
      "viewCount": null,
      "duration": "41:29",
      "size": 1262942714
    },
    {
      "id": "4dd7b3c8-8947-472e-8f71-13428d0cc9c3",
      "pid": "0eac6940-a4cf-4f17-bbb7-3c47d580816b",
      "dblevel": 5,
      "location": "/VGMV/01_BaiGiang/HocTheoSachTrongKinhThanh/SachNe-he-mi-MSLeHoangThaiAn/06-TaiLapDoiSongVungVang-KhonNgoanPhanBien",
      "isVideo": true,
      "url": "01-bai-giang.hoc-theo-sach-trong-kinh-thanh.sach-ne-he-mi-ms-le-hoang-thai-an.06-tai-lap-doi-song-vung-vang-khon-ngoan-phan-bien",
      "name": "06-Tái Lập Đời Sống Vững Vàng - Khôn Ngoan Phân Biện",
      "count": 0,
      "isLeaf": null,
      "keyword": null,
      "hash": "",
      "khash": null,
      "viewCount": null,
      "duration": "45:56",
      "size": 1400676167
    },
    {
      "id": "2c10b304-9840-46e2-8c3c-0ce4b9e440e1",
      "pid": "0eac6940-a4cf-4f17-bbb7-3c47d580816b",
      "dblevel": 5,
      "location": "/VGMV/01_BaiGiang/HocTheoSachTrongKinhThanh/SachNe-he-mi-MSLeHoangThaiAn/07-TaiLapDoiSongTrungTin-CungCoCongDong",
      "isVideo": true,
      "url": "01-bai-giang.hoc-theo-sach-trong-kinh-thanh.sach-ne-he-mi-ms-le-hoang-thai-an.07-tai-lap-doi-song-trung-tin-cung-co-cong-dong",
      "name": "07-Tái Lập Đời Sống Trung Tín - Củng Cố Cộng Đồng",
      "count": 0,
      "isLeaf": null,
      "keyword": null,
      "hash": "",
      "khash": null,
      "viewCount": null,
      "duration": "43:55",
      "size": 1339047542
    },
    {
      "id": "1917fe72-c772-4522-bb8a-35580c09cdfb",
      "pid": "0eac6940-a4cf-4f17-bbb7-3c47d580816b",
      "dblevel": 5,
      "location": "/VGMV/01_BaiGiang/HocTheoSachTrongKinhThanh/SachNe-he-mi-MSLeHoangThaiAn/08-TaiLapDoiSongThoPhuong-SongVoiLoiChua",
      "isVideo": true,
      "url": "01-bai-giang.hoc-theo-sach-trong-kinh-thanh.sach-ne-he-mi-ms-le-hoang-thai-an.08-tai-lap-doi-song-tho-phuong-song-voi-loi-chua",
      "name": "08-Tái Lập Đời Sống Thờ Phượng - Sống Với Lời Chúa",
      "count": 0,
      "isLeaf": null,
      "keyword": null,
      "hash": "",
      "khash": null,
      "viewCount": null,
      "duration": "45:55",
      "size": 1395471280
    },
    {
      "id": "b7d5ddca-1831-4699-ab8d-deb8e932174b",
      "pid": "0eac6940-a4cf-4f17-bbb7-3c47d580816b",
      "dblevel": 5,
      "location": "/VGMV/01_BaiGiang/HocTheoSachTrongKinhThanh/SachNe-he-mi-MSLeHoangThaiAn/09-TaiLapDoiSongAnNan-TroLaiCungChua",
      "isVideo": true,
      "url": "01-bai-giang.hoc-theo-sach-trong-kinh-thanh.sach-ne-he-mi-ms-le-hoang-thai-an.09-tai-lap-doi-song-an-nan-tro-lai-cung-chua",
      "name": "09-Tái Lập Đời Sống Ăn Năn - Trở Lại  Cùng Chúa",
      "count": 0,
      "isLeaf": null,
      "keyword": null,
      "hash": "",
      "khash": null,
      "viewCount": null,
      "duration": "48:33",
      "size": 1484043521
    },
    {
      "id": "a04a4dc7-c11d-43d2-b4f8-94df25829524",
      "pid": "0eac6940-a4cf-4f17-bbb7-3c47d580816b",
      "dblevel": 5,
      "location": "/VGMV/01_BaiGiang/HocTheoSachTrongKinhThanh/SachNe-he-mi-MSLeHoangThaiAn/10-TaiLapDoiSongCamKet-TinCayVangLoi",
      "isVideo": true,
      "url": "01-bai-giang.hoc-theo-sach-trong-kinh-thanh.sach-ne-he-mi-ms-le-hoang-thai-an.10-tai-lap-doi-song-cam-ket-tin-cay-vang-loi",
      "name": "10-Tái Lập Đời Sống Cam Kết - Tin Cậy Vâng Lời",
      "count": 0,
      "isLeaf": null,
      "keyword": null,
      "hash": "",
      "khash": null,
      "viewCount": null,
      "duration": "57:59",
      "size": 1774660367
    },
    {
      "id": "4061f515-8485-4999-a3c5-c8a87540d3d2",
      "pid": "0eac6940-a4cf-4f17-bbb7-3c47d580816b",
      "dblevel": 5,
      "location": "/VGMV/01_BaiGiang/HocTheoSachTrongKinhThanh/SachNe-he-mi-MSLeHoangThaiAn/11-TaiLapDoiSongSanSang-DamDuongCongTac",
      "isVideo": true,
      "url": "01-bai-giang.hoc-theo-sach-trong-kinh-thanh.sach-ne-he-mi-ms-le-hoang-thai-an.11-tai-lap-doi-song-san-sang-dam-duong-cong-tac",
      "name": "11-Tái Lập Đời Sống Sẫn Sàng - Đảm Đương Công Tác",
      "count": 0,
      "isLeaf": null,
      "keyword": null,
      "hash": "",
      "khash": null,
      "viewCount": null,
      "duration": "37:22",
      "size": 1137753366
    },
    {
      "id": "fa292ed8-055d-4469-891b-50fb21107c35",
      "pid": "0eac6940-a4cf-4f17-bbb7-3c47d580816b",
      "dblevel": 5,
      "location": "/VGMV/01_BaiGiang/HocTheoSachTrongKinhThanh/SachNe-he-mi-MSLeHoangThaiAn/12-TaiLapDoiSongCungHien-CaNgoiCamTa",
      "isVideo": true,
      "url": "01-bai-giang.hoc-theo-sach-trong-kinh-thanh.sach-ne-he-mi-ms-le-hoang-thai-an.12-tai-lap-doi-song-cung-hien-ca-ngoi-cam-ta",
      "name": "12-Tái Lập Đời Sống Cung Hiến - Ca Ngợi Cảm Tạ",
      "count": 0,
      "isLeaf": null,
      "keyword": null,
      "hash": "U2FsdGVkX19NvFKIthlksUgCRHdynKMmoBW5FMrbAMQgRRvZi/4IMFKxhXv2yCAXuWKjN98qc0EeRoJ3K5DwQA==",
      "khash": null,
      "viewCount": null,
      "duration": "44:6",
      "size": 1345683912
    },
    {
      "id": "754c5b79-92ea-42bb-9d5d-7d15d60ecaa0",
      "pid": "0eac6940-a4cf-4f17-bbb7-3c47d580816b",
      "dblevel": 5,
      "location": "/VGMV/01_BaiGiang/HocTheoSachTrongKinhThanh/SachNe-he-mi-MSLeHoangThaiAn/13-TaiLapDoiSongDoiMoi-QuyetKhongThoaHiep",
      "isVideo": true,
      "url": "01-bai-giang.hoc-theo-sach-trong-kinh-thanh.sach-ne-he-mi-ms-le-hoang-thai-an.13-tai-lap-doi-song-doi-moi-quyet-khong-thoa-hiep",
      "name": "13-Tái Lập Đời Sống Đổi Mới - Quyết Không Thỏa Hiệp",
      "count": 0,
      "isLeaf": null,
      "keyword": null,
      "hash": "",
      "khash": null,
      "viewCount": null,
      "duration": "44:41",
      "size": 1360598848
    },
    {
      "id": "250a4bbe-3bfd-4040-abd1-35e0048a98c5",
      "pid": "0eac6940-a4cf-4f17-bbb7-3c47d580816b",
      "dblevel": 5,
      "location": "/VGMV/01_BaiGiang/HocTheoSachTrongKinhThanh/SachNe-he-mi-MSLeHoangThaiAn/14-TaiLapDoiSongKyLuat-QuyetKhongThoaHiep",
      "isVideo": true,
      "url": "01-bai-giang.hoc-theo-sach-trong-kinh-thanh.sach-ne-he-mi-ms-le-hoang-thai-an.14-tai-lap-doi-song-ky-luat-quyet-khong-thoa-hiep",
      "name": "14-Tái Lập Đời Sống Kỷ Luật - Quyết Không Thỏa Hiệp",
      "count": 0,
      "isLeaf": null,
      "keyword": null,
      "hash": "U2FsdGVkX18y44SV/eT6Rxr23lu/qds9slkrghwJLu1pJ3aKXbvESBg/owd66EZCFbk0vZo5vt0CyT39gR7X3g==",
      "khash": null,
      "viewCount": null,
      "duration": "50:27",
      "size": 1534752483
    },
    {
      "id": "28044fd9-007e-403c-a9e6-77050bff9a01",
      "pid": "0eac6940-a4cf-4f17-bbb7-3c47d580816b",
      "dblevel": 5,
      "location": "/VGMV/01_BaiGiang/HocTheoSachTrongKinhThanh/SachNe-he-mi-MSLeHoangThaiAn/15-HauViecChuaGiuaHoiThanhChua",
      "isVideo": true,
      "url": "01-bai-giang.hoc-theo-sach-trong-kinh-thanh.sach-ne-he-mi-ms-le-hoang-thai-an.15-hau-viec-chua-giua-hoi-thanh-chua",
      "name": "15-Hầu Việc Chúa Giữa Hội Thánh Chúa",
      "count": 0,
      "isLeaf": null,
      "keyword": null,
      "hash": "U2FsdGVkX19ZTe8HE6ZaNaTV8zur06klOOjf5PyoZosK3In7Qz5HpS/mOL3MrZ5qOOricsFQHuB4odGsektYNA==",
      "khash": null,
      "viewCount": null,
      "duration": "33:13",
      "size": 1013756120
    }
  ]
}