{
  "id": "e7e64cb2-290b-4a79-b7bb-76f949de6ab6",
  "pid": "71832048-cb5a-498b-a6d9-9d1831fd437b",
  "dblevel": 4,
  "location": "/VGMV/01_BaiGiang/HocTheoChuDe/20-GiuTronNgayThanh",
  "isVideo": true,
  "url": "01-bai-giang.hoc-theo-chu-de.20-giu-tron-ngay-thanh",
  "name": "20-Giữ Trọn Ngày Thánh",
  "count": 3,
  "isLeaf": true,
  "keyword": null,
  "hash": null,
  "khash": null,
  "viewCount": null,
  "duration": null,
  "size": null,
  "children": [
    {
      "id": "49e12dd4-9e95-404e-b608-e73d54303721",
      "pid": "e7e64cb2-290b-4a79-b7bb-76f949de6ab6",
      "dblevel": 5,
      "location": "/VGMV/01_BaiGiang/HocTheoChuDe/20-GiuTronNgayThanh/GiuTronNgayThanh-P1",
      "isVideo": true,
      "url": "01-bai-giang.hoc-theo-chu-de.20-giu-tron-ngay-thanh.giu-tron-ngay-thanh-p1",
      "name": "Giữ Trọn Ngày Thánh-P1",
      "count": 0,
      "isLeaf": null,
      "keyword": null,
      "hash": "U2FsdGVkX1/nb8tzLgSBPxp6AnnsYiCczget9aERdyt20DXJGGNu/OSMjpiUZk3NsZZAv28xrHiu4x8l9Rluyg==",
      "khash": "U2FsdGVkX1/qg4PfHgglfyHzvIfOjNhGNd+UOoeVIXYNKkjtjWvyvNmBaqfbm1+H3g2oAjCOEqjg5PJModSweA==",
      "viewCount": null,
      "duration": "74:46",
      "size": 2225525159
    },
    {
      "id": "21f50597-0802-4d53-9d4b-d035b182db15",
      "pid": "e7e64cb2-290b-4a79-b7bb-76f949de6ab6",
      "dblevel": 5,
      "location": "/VGMV/01_BaiGiang/HocTheoChuDe/20-GiuTronNgayThanh/GiuTronNgayThanh-P2",
      "isVideo": true,
      "url": "01-bai-giang.hoc-theo-chu-de.20-giu-tron-ngay-thanh.giu-tron-ngay-thanh-p2",
      "name": "Giữ Trọn Ngày Thánh-P2",
      "count": 0,
      "isLeaf": null,
      "keyword": null,
      "hash": "U2FsdGVkX1+iNDvs4LjG+OoJPATR1RqADVZKQrwuzw//liQN0PNPEj2y2qp4/c6C8uAsPR0eFJ/QkrvD7956GA==",
      "khash": "U2FsdGVkX18Vi+L1/A8iqK+oYnpAZfAVD1oHSk8Ej4xp+ISDbDp2wmqdSrveA6vwsUzNxLnvfb7MeZf6JYQcOA==",
      "viewCount": null,
      "duration": "70:45",
      "size": 2094996215
    },
    {
      "id": "483b033a-e1d7-4b69-8c3f-6656a744a6a3",
      "pid": "e7e64cb2-290b-4a79-b7bb-76f949de6ab6",
      "dblevel": 5,
      "location": "/VGMV/01_BaiGiang/HocTheoChuDe/20-GiuTronNgayThanh/GiuTronNgayThanh-P3",
      "isVideo": true,
      "url": "01-bai-giang.hoc-theo-chu-de.20-giu-tron-ngay-thanh.giu-tron-ngay-thanh-p3",
      "name": "Giữ Trọn Ngày Thánh-P3",
      "count": 0,
      "isLeaf": null,
      "keyword": null,
      "hash": "U2FsdGVkX1/u5EsmwiWQCVdBXUagtSjT9kqZcmuR6N+53tXj9L1WtJ9hZMwb7pK1fU6kpAIRf0BtHWX3l57qVQ==",
      "khash": "U2FsdGVkX1/2/3Fq27bHMlkgTOtaLnNMzFcin0G1IC3tyu5tthoDq6d4EgP+S+Z8kByXKRuut9wmKbwaSPUQ9Q==",
      "viewCount": null,
      "duration": "74:19",
      "size": 2189806058
    }
  ]
}