{
  "id": "03b5313c-e2ae-4052-900c-f9c0fb0e9528",
  "pid": "fc6e547f-514a-4abb-88d7-8a843ad24da2",
  "dblevel": 4,
  "location": "/VGMV/01_BaiGiang/HocTheoSachTrongKinhThanh/PhucAmMac-MSHuaTrungTin",
  "isVideo": true,
  "url": "01-bai-giang.hoc-theo-sach-trong-kinh-thanh.phuc-am-mac-ms-hua-trung-tin",
  "name": "Phúc Âm Mác - MS Hứa Trung Tín",
  "count": 7,
  "isLeaf": true,
  "keyword": null,
  "hash": null,
  "khash": null,
  "viewCount": null,
  "duration": null,
  "size": null,
  "children": [
    {
      "id": "b4fa4ef2-fb01-44e0-b23f-3bce0cc29ad4",
      "pid": "03b5313c-e2ae-4052-900c-f9c0fb0e9528",
      "dblevel": 5,
      "location": "/VGMV/01_BaiGiang/HocTheoSachTrongKinhThanh/PhucAmMac-MSHuaTrungTin/01-Mac010108_TinLanhVaChuaGie-xu",
      "isVideo": true,
      "url": "01-bai-giang.hoc-theo-sach-trong-kinh-thanh.phuc-am-mac-ms-hua-trung-tin.01-mac010108-tin-lanh-va-chua-gie-xu",
      "name": "01-Mac010108_Tin Lành Và Chúa Giê-xu",
      "count": 0,
      "isLeaf": null,
      "keyword": null,
      "hash": "U2FsdGVkX1+julKG+w3SWjXgDB+NWNXxgRYNFmq50XuaJU3hPbznNUoIgyY7hAj7mGsuGFSwRqPFmCGG4NS7ZA==",
      "khash": "U2FsdGVkX1/K4DM/Rzzt/USSlO9xKrf+M3h5UYKj5bW7Q9iVuQTsU/lniYQj5g5RtFZsX68LmaG3rTYhxXhSZA==",
      "viewCount": null,
      "duration": "46:23",
      "size": 1159525313
    },
    {
      "id": "0d25155e-5bfd-43a8-b341-af15976cb9f7",
      "pid": "03b5313c-e2ae-4052-900c-f9c0fb0e9528",
      "dblevel": 5,
      "location": "/VGMV/01_BaiGiang/HocTheoSachTrongKinhThanh/PhucAmMac-MSHuaTrungTin/02-Mac082730_MotCauHoiQuanTrong",
      "isVideo": true,
      "url": "01-bai-giang.hoc-theo-sach-trong-kinh-thanh.phuc-am-mac-ms-hua-trung-tin.02-mac082730-mot-cau-hoi-quan-trong",
      "name": "02-Mac082730_Một Câu Hỏi Quan Trọng",
      "count": 0,
      "isLeaf": null,
      "keyword": null,
      "hash": "U2FsdGVkX1+fckSjAKdVh0+uP0mrw+D8pxPi39f+U06mg5WZpm1gNOogdr4/j5k8Dj6bW2GetkWau7Y4P7LsHQ==",
      "khash": "U2FsdGVkX18d6RzUsHZuLj6T1Ycjp+fCMBW90KYeAQOIp6AB5rLgE9XbSrWvIKaUdu921lp1ckMBRKRWBDzltw==",
      "viewCount": null,
      "duration": "40:29",
      "size": 1011620045
    },
    {
      "id": "f5220eee-be8b-4ede-b856-ba049c586872",
      "pid": "03b5313c-e2ae-4052-900c-f9c0fb0e9528",
      "dblevel": 5,
      "location": "/VGMV/01_BaiGiang/HocTheoSachTrongKinhThanh/PhucAmMac-MSHuaTrungTin/03-Mac011420_Moi",
      "isVideo": true,
      "url": "01-bai-giang.hoc-theo-sach-trong-kinh-thanh.phuc-am-mac-ms-hua-trung-tin.03-mac011420-moi",
      "name": "03-Mac011420_Mới",
      "count": 0,
      "isLeaf": null,
      "keyword": null,
      "hash": "U2FsdGVkX1+I+2iN0OULtO3HsyDJcLTg8F1APetXPjVhv0MpnWyLKc/+fTCAS0t7tBDjHBkJuRbdt31QfxXm5g==",
      "khash": "U2FsdGVkX1930Zs5GY7Znc/+koHFy9oUoBVMl3vJS4Fc081vLH7ONWUQ43ob0WLnZU5Q0XLESM/dzm3sUIcmWQ==",
      "viewCount": null,
      "duration": "44:28",
      "size": 1109903780
    },
    {
      "id": "1405cee0-b5b9-42a9-b8c9-3f15facb79e7",
      "pid": "03b5313c-e2ae-4052-900c-f9c0fb0e9528",
      "dblevel": 5,
      "location": "/VGMV/01_BaiGiang/HocTheoSachTrongKinhThanh/PhucAmMac-MSHuaTrungTin/04-Mac012128_ThamQuyenThuocLinh",
      "isVideo": true,
      "url": "01-bai-giang.hoc-theo-sach-trong-kinh-thanh.phuc-am-mac-ms-hua-trung-tin.04-mac012128-tham-quyen-thuoc-linh",
      "name": "04-Mac012128_Thẩm Quyền Thuộc Linh",
      "count": 0,
      "isLeaf": null,
      "keyword": null,
      "hash": "U2FsdGVkX1/PLndNA+lp1y5fRGXb2sZuVBOZ8YolnwC2HaYgd17GyCsb9espEMeajDhYbRYpnt1RRAwCucz7RQ==",
      "khash": "U2FsdGVkX19O8Dk2Iq4cwTyoyxN0yzJrmsAHjWB57z2KNsRo8ex4Q7lQ/sgvxd64KWynGmvjPBjs51qbNPh7iw==",
      "viewCount": null,
      "duration": "51:6",
      "size": 1276672050
    },
    {
      "id": "f957415d-9405-49ec-975c-84aa973c5e5f",
      "pid": "03b5313c-e2ae-4052-900c-f9c0fb0e9528",
      "dblevel": 5,
      "location": "/VGMV/01_BaiGiang/HocTheoSachTrongKinhThanh/PhucAmMac-MSHuaTrungTin/05-Mac110119_MotSuThatDauLong",
      "isVideo": true,
      "url": "01-bai-giang.hoc-theo-sach-trong-kinh-thanh.phuc-am-mac-ms-hua-trung-tin.05-mac110119-mot-su-that-dau-long",
      "name": "05-Mac110119_Một Sự Thật Đau Lòng",
      "count": 0,
      "isLeaf": null,
      "keyword": null,
      "hash": "U2FsdGVkX192PpUVvx7Bczz54dWzrcA0hrylxxs1bd5lN29Mic+x6ecmNhJYJ9YbWdmdx1DTyx6cjgWbrVnRKg==",
      "khash": "U2FsdGVkX1/MC7zsEi/jWon8DT7Lt9otvS7T9zou9tCH+Zk34WKWYbRNkuD4fUNZ91VXk9MHvKQTRPvI1PzEdA==",
      "viewCount": null,
      "duration": "49:57",
      "size": 275234459
    },
    {
      "id": "ecdf4e13-4a4c-429c-a064-41ad31d708c7",
      "pid": "03b5313c-e2ae-4052-900c-f9c0fb0e9528",
      "dblevel": 5,
      "location": "/VGMV/01_BaiGiang/HocTheoSachTrongKinhThanh/PhucAmMac-MSHuaTrungTin/06-Mac033135_GiaDinhCuaDucChuaTroi",
      "isVideo": true,
      "url": "01-bai-giang.hoc-theo-sach-trong-kinh-thanh.phuc-am-mac-ms-hua-trung-tin.06-mac033135-gia-dinh-cua-duc-chua-troi",
      "name": "06-Mac033135_Gia Đình Của Đức Chúa Trời",
      "count": 0,
      "isLeaf": null,
      "keyword": null,
      "hash": "U2FsdGVkX19d5HC9TouZ7orTDS3Ny7NVArxRyXe6JQPnsX8k1Flb8hABcWnQ0iFhcOILoGTVrPuf1XgLUEjRLw==",
      "khash": "U2FsdGVkX18r32+I5tmj1H1t85CEGZHA8g8s846IQjMT7h5/K1sHkO61I6fflHpvlQr7A+pVTVpNQQ08aMTKrQ==",
      "viewCount": null,
      "duration": "60:47",
      "size": 881176897
    },
    {
      "id": "ce8e92f4-d196-4feb-b1c1-de19e550424c",
      "pid": "03b5313c-e2ae-4052-900c-f9c0fb0e9528",
      "dblevel": 5,
      "location": "/VGMV/01_BaiGiang/HocTheoSachTrongKinhThanh/PhucAmMac-MSHuaTrungTin/07-Mac083138_TheoChuaGie-xu",
      "isVideo": true,
      "url": "01-bai-giang.hoc-theo-sach-trong-kinh-thanh.phuc-am-mac-ms-hua-trung-tin.07-mac083138-theo-chua-gie-xu",
      "name": "07-Mac083138_Theo Chúa Giê-xu",
      "count": 0,
      "isLeaf": null,
      "keyword": null,
      "hash": "U2FsdGVkX1+fod/TwLonVrvEvgpi8i0s3RU0Q2sV8Fw/0w6UiMIKFp23wV1MLcmEkWNOJbRDGqQ+nBw1mTfreQ==",
      "khash": "U2FsdGVkX18isejx2yVFj4CXVU+DKH5mJn8iGdW7+WB5Xfg7TLMUJezaJAxJBdFnVjZQCtvF98M1tLzd90hbEQ==",
      "viewCount": null,
      "duration": "59:17",
      "size": 460082319
    }
  ]
}