{
  "id": "193f4b25-1d46-4d15-8d87-d181de0a93bf",
  "pid": "71832048-cb5a-498b-a6d9-9d1831fd437b",
  "dblevel": 4,
  "location": "/VGMV/01_BaiGiang/HocTheoChuDe/11-ThanLeThat-traiTN2017",
  "isVideo": true,
  "url": "01-bai-giang.hoc-theo-chu-de.11-than-le-that-trai-tn2017",
  "name": "11-Thần Lẽ Thật - trại TN2017",
  "count": 19,
  "isLeaf": true,
  "keyword": null,
  "hash": null,
  "khash": null,
  "viewCount": null,
  "duration": null,
  "size": null,
  "children": [
    {
      "id": "ca4bb2c5-5432-45dc-b1be-3eee7c31f000",
      "pid": "193f4b25-1d46-4d15-8d87-d181de0a93bf",
      "dblevel": 5,
      "location": "/VGMV/01_BaiGiang/HocTheoChuDe/11-ThanLeThat-traiTN2017/01-DucThanhLinhCoNguTrongToiKhongP1",
      "isVideo": true,
      "url": "01-bai-giang.hoc-theo-chu-de.11-than-le-that-trai-tn2017.01-duc-thanh-linh-co-ngu-trong-toi-khong-p1",
      "name": "01-Đức Thánh Linh Có Ngự Trong Tôi Không P1",
      "count": 0,
      "isLeaf": null,
      "keyword": null,
      "hash": "U2FsdGVkX18P/rdwptZFBFbTpENuHaCzSpD73NHOtzdTRmUiJP/5asfhHhmZDtV02dU1RtehaAH7pkEo1KYMfQ==",
      "khash": "U2FsdGVkX19qsBG++6VRmOvDiDwp4IrsZX2qSTSw4LBwogJSXvC9nFUhHvCHfnPqcqOMhw+WLBaAoGCKfbAjrQ==",
      "viewCount": null,
      "duration": "76:44",
      "size": 2258434926
    },
    {
      "id": "28c2da71-e9e0-443a-93fb-ec2c2a467b73",
      "pid": "193f4b25-1d46-4d15-8d87-d181de0a93bf",
      "dblevel": 5,
      "location": "/VGMV/01_BaiGiang/HocTheoChuDe/11-ThanLeThat-traiTN2017/02-DucThanhLinhCoNguTrongToiKhongP2",
      "isVideo": true,
      "url": "01-bai-giang.hoc-theo-chu-de.11-than-le-that-trai-tn2017.02-duc-thanh-linh-co-ngu-trong-toi-khong-p2",
      "name": "02-Đức Thánh Linh Có Ngự Trong Tôi Không P2",
      "count": 0,
      "isLeaf": null,
      "keyword": null,
      "hash": "U2FsdGVkX1/5erVQnqMfENb694jq6giTC0C02oITI/fWiJwXCo7KU77IpwclijyY0Knvqwkk05neN5dXzm1rZA==",
      "khash": "U2FsdGVkX1/WLlXND/SjjfbK8+6bfG6j6K3ouC3OXIwha8diqhDEIOgwJiBvJQR6ybqGzLdCpBG0P7SlD9IV6w==",
      "viewCount": null,
      "duration": "60:12",
      "size": 1771501275
    },
    {
      "id": "6bf59316-01c2-4fad-ba03-380d5cc6bfd3",
      "pid": "193f4b25-1d46-4d15-8d87-d181de0a93bf",
      "dblevel": 5,
      "location": "/VGMV/01_BaiGiang/HocTheoChuDe/11-ThanLeThat-traiTN2017/03-MoiSuTroNenMoi",
      "isVideo": true,
      "url": "01-bai-giang.hoc-theo-chu-de.11-than-le-that-trai-tn2017.03-moi-su-tro-nen-moi",
      "name": "03-Mọi Sự Trở Nên Mới",
      "count": 0,
      "isLeaf": null,
      "keyword": null,
      "hash": "U2FsdGVkX1/T5jel84YNxdJ2QL9nDEH/XSMagrB2MsrzXqC+tmklmFOrUwMovlSHH7XhXabSFZdHEACUs2jPGg==",
      "khash": "U2FsdGVkX18YZgLCff4DIofXV/GsNG4aOM4tIglDUQ+/PJB9o7QVMbE42NTzBa2AtELVO70Q0debS5Ep3h+o7g==",
      "viewCount": null,
      "duration": "88:26",
      "size": 2603115626
    },
    {
      "id": "0d8d20cf-044b-477e-b5c4-251da4cbc184",
      "pid": "193f4b25-1d46-4d15-8d87-d181de0a93bf",
      "dblevel": 5,
      "location": "/VGMV/01_BaiGiang/HocTheoChuDe/11-ThanLeThat-traiTN2017/04-ThanViVaCongTacDucThanhLinhP1",
      "isVideo": true,
      "url": "01-bai-giang.hoc-theo-chu-de.11-than-le-that-trai-tn2017.04-than-vi-va-cong-tac-duc-thanh-linh-p1",
      "name": "04-Thân Vị Và Công Tác Đức Thánh Linh P1",
      "count": 0,
      "isLeaf": null,
      "keyword": null,
      "hash": "U2FsdGVkX1/tfVxeK8UhydMAaBPFbnN5nfOClFu+woG+91ki5mfKhd7FrQTXYuwdBkr4v53Unc0LrRLPequFAA==",
      "khash": "U2FsdGVkX1/gmwGgaga8Uq8O0+X316lpg9aJhWQmxWdoo6hwI6b1dnK9t/yhfgWReJvQIR2BJoLcXVPGyY6yYg==",
      "viewCount": null,
      "duration": "75:50",
      "size": 2212917837
    },
    {
      "id": "78897488-c8c7-4215-8b27-5809aa0b7c76",
      "pid": "193f4b25-1d46-4d15-8d87-d181de0a93bf",
      "dblevel": 5,
      "location": "/VGMV/01_BaiGiang/HocTheoChuDe/11-ThanLeThat-traiTN2017/05-ThanViVaCongTacDucThanhLinhP2",
      "isVideo": true,
      "url": "01-bai-giang.hoc-theo-chu-de.11-than-le-that-trai-tn2017.05-than-vi-va-cong-tac-duc-thanh-linh-p2",
      "name": "05-Thân Vị Và Công Tác Đức Thánh Linh P2",
      "count": 0,
      "isLeaf": null,
      "keyword": null,
      "hash": "U2FsdGVkX1+TElmtbuBG+v8PuZn5Cd7hxwHWWRS7ywNbqc7/r2BxMvCFSxknY7j2FfHZBZ6Q6nIkyWiDOb0gyQ==",
      "khash": "U2FsdGVkX1+3jiLHCseLivQZnrgnmp3BwZN1ujCiKeOs+ud4C0GEAYvwzTeYuEjU439lZeG7nNJBqoeph89lNg==",
      "viewCount": null,
      "duration": "64:15",
      "size": 1897963049
    },
    {
      "id": "a17ae7d5-90b1-42b2-b54d-4f7073cb6815",
      "pid": "193f4b25-1d46-4d15-8d87-d181de0a93bf",
      "dblevel": 5,
      "location": "/VGMV/01_BaiGiang/HocTheoChuDe/11-ThanLeThat-traiTN2017/06-ThanViVaCongTacDucThanhLinhP3",
      "isVideo": true,
      "url": "01-bai-giang.hoc-theo-chu-de.11-than-le-that-trai-tn2017.06-than-vi-va-cong-tac-duc-thanh-linh-p3",
      "name": "06-Thân Vị Và Công Tác Đức Thánh Linh P3",
      "count": 0,
      "isLeaf": null,
      "keyword": null,
      "hash": "U2FsdGVkX19Bijk83j0N7LN4yfUnXo7+2vU/bZ5xDTy7ATsXmRCHJtTCyCp6k4i0KtDAE2ZYGQXr5SpsrBUMOA==",
      "khash": "U2FsdGVkX1+4nKGhriQWiHeA3cMQk2AW9eldphilRWNfDjBZ9QAnojuRixrRe/OpwPf0LNBpn048dhBLMTHFXw==",
      "viewCount": null,
      "duration": "19:27",
      "size": 572832633
    },
    {
      "id": "e0bd255d-3cfd-44c1-ae66-44cdea47393e",
      "pid": "193f4b25-1d46-4d15-8d87-d181de0a93bf",
      "dblevel": 5,
      "location": "/VGMV/01_BaiGiang/HocTheoChuDe/11-ThanLeThat-traiTN2017/07-ThanViVaCongTacDucThanhLinhP4",
      "isVideo": true,
      "url": "01-bai-giang.hoc-theo-chu-de.11-than-le-that-trai-tn2017.07-than-vi-va-cong-tac-duc-thanh-linh-p4",
      "name": "07-Thân Vị Và Công Tác Đức Thánh Linh P4",
      "count": 0,
      "isLeaf": null,
      "keyword": null,
      "hash": "U2FsdGVkX1+k0VwXP9S1SZKEi9hjlMcWqt9z6f+6U2VXMXRqW/XUVON6D30WJgkT9YM1lV7IAzOhlA+7nNFFgQ==",
      "khash": "U2FsdGVkX1+7DIgPspT6OLMdYm1ekR4PZvYZn0/aFp1E9UaveSsuCUqo6tyOBKbuVZNLt6RJIbzUsjfmbBXcLw==",
      "viewCount": null,
      "duration": "56:20",
      "size": 1654899780
    },
    {
      "id": "7aa2a23f-1c42-4f19-8d28-a9496e79fa55",
      "pid": "193f4b25-1d46-4d15-8d87-d181de0a93bf",
      "dblevel": 5,
      "location": "/VGMV/01_BaiGiang/HocTheoChuDe/11-ThanLeThat-traiTN2017/08-ThanViVaCongTacDucThanhLinhP5",
      "isVideo": true,
      "url": "01-bai-giang.hoc-theo-chu-de.11-than-le-that-trai-tn2017.08-than-vi-va-cong-tac-duc-thanh-linh-p5",
      "name": "08-Thân Vị Và Công Tác Đức Thánh Linh P5",
      "count": 0,
      "isLeaf": null,
      "keyword": null,
      "hash": "U2FsdGVkX1+FPy5VC58lnR9vtUYYkGh0XWphflls3MISprs9nQU9+7KuGvwV4JxhVGOabutOdFRLRu2/41AM6Q==",
      "khash": "U2FsdGVkX18DYiMk/i+fEkZFC2JrRDf9qQIhhDkmoazzqGL2a3nHur7te64cFUxI8HDcCM3nO7HOzCcpwLvQbA==",
      "viewCount": null,
      "duration": "88:34",
      "size": 2597351617
    },
    {
      "id": "b84e3d48-0c5f-4a5a-97dc-144ab3b9604d",
      "pid": "193f4b25-1d46-4d15-8d87-d181de0a93bf",
      "dblevel": 5,
      "location": "/VGMV/01_BaiGiang/HocTheoChuDe/11-ThanLeThat-traiTN2017/09-ThanhLinhHayTaLinhP1",
      "isVideo": true,
      "url": "01-bai-giang.hoc-theo-chu-de.11-than-le-that-trai-tn2017.09-thanh-linh-hay-ta-linh-p1",
      "name": "09-Thánh Linh Hay Tà Linh P1",
      "count": 0,
      "isLeaf": null,
      "keyword": null,
      "hash": "U2FsdGVkX1+KwUTnpHq0yhT93cIwXN8O4jzmvW3N6M7XPAZogzARxkHdVczOIrMe6K6JDe0RIg7LjzHIeyAfDA==",
      "khash": "U2FsdGVkX1/2AyFT8dhUAPATd2Klbdvnvwbxm9zU3RF4OnlKw8fk+JUzeY5o4bkURlUVysBdYH9NCeRbh3vNcg==",
      "viewCount": null,
      "duration": "54:55",
      "size": 1613355253
    },
    {
      "id": "3a9b1c41-4aa9-4652-9ad9-0a0d5b6d0dae",
      "pid": "193f4b25-1d46-4d15-8d87-d181de0a93bf",
      "dblevel": 5,
      "location": "/VGMV/01_BaiGiang/HocTheoChuDe/11-ThanLeThat-traiTN2017/10-ThanhLinhHayTaLinhP2",
      "isVideo": true,
      "url": "01-bai-giang.hoc-theo-chu-de.11-than-le-that-trai-tn2017.10-thanh-linh-hay-ta-linh-p2",
      "name": "10-Thánh Linh Hay Tà Linh P2",
      "count": 0,
      "isLeaf": null,
      "keyword": null,
      "hash": "U2FsdGVkX1+OIbr1vfCZD2vYLIBvxThzac4g7morqt4UlZyO7sP02SonQ6Mxh5pef23LypJ6oel6TfcnEDUCnA==",
      "khash": "U2FsdGVkX19BvsrEO75IJw7UWK6Cl8TvDZptaUYfvcXPSxHVHJ75Br1M9/Gm1jaLLztTpvC+8vkBaEyMhvUW4w==",
      "viewCount": null,
      "duration": "61:32",
      "size": 1809490396
    },
    {
      "id": "14f7f2af-5ca6-465b-9219-b06edbbb2446",
      "pid": "193f4b25-1d46-4d15-8d87-d181de0a93bf",
      "dblevel": 5,
      "location": "/VGMV/01_BaiGiang/HocTheoChuDe/11-ThanLeThat-traiTN2017/11-ThanhLinhHayTaLinhP3",
      "isVideo": true,
      "url": "01-bai-giang.hoc-theo-chu-de.11-than-le-that-trai-tn2017.11-thanh-linh-hay-ta-linh-p3",
      "name": "11-Thánh Linh Hay Tà Linh P3",
      "count": 0,
      "isLeaf": null,
      "keyword": null,
      "hash": "U2FsdGVkX1/4nMUSxkCv4BSiJKBX9RNZ3WMTR2HqAx9a7mlhiuZRv04oNU7rRA2+5yjTg/Cd2+CJbFevHTmTaw==",
      "khash": "U2FsdGVkX1+we76UGAyho0YYosv6oBIH7zavIyE5b9m8Pi3Tju0e10U7l2PkynjxvCaUq5u1pnHq74599qScRw==",
      "viewCount": null,
      "duration": "47:50",
      "size": 1405112664
    },
    {
      "id": "4d58d047-4875-4949-aef1-def5850ec4ec",
      "pid": "193f4b25-1d46-4d15-8d87-d181de0a93bf",
      "dblevel": 5,
      "location": "/VGMV/01_BaiGiang/HocTheoChuDe/11-ThanLeThat-traiTN2017/12-ThanhLinhHayTaLinhP4",
      "isVideo": true,
      "url": "01-bai-giang.hoc-theo-chu-de.11-than-le-that-trai-tn2017.12-thanh-linh-hay-ta-linh-p4",
      "name": "12-Thánh Linh Hay Tà Linh P4",
      "count": 0,
      "isLeaf": null,
      "keyword": null,
      "hash": "U2FsdGVkX1+CN8Gso5MqnDMXthNkg3KCG79mFTltTBxcF3kp9BDJ2W0Hk2O2sKLJeVu6I0Jmy0nG+AOj1tFnDw==",
      "khash": "U2FsdGVkX1/mqdhI2XpytK2EZUeMB2czQyXhyjfMfSUIth3/SxFcxDwinYpKt2QCUKmY7IjfOOLGD+ABt183fA==",
      "viewCount": null,
      "duration": "51:26",
      "size": 1512876289
    },
    {
      "id": "a69fa77d-efee-4c8b-8ab3-64260704eea8",
      "pid": "193f4b25-1d46-4d15-8d87-d181de0a93bf",
      "dblevel": 5,
      "location": "/VGMV/01_BaiGiang/HocTheoChuDe/11-ThanLeThat-traiTN2017/13-ThanhLinhHayTaLinhP5",
      "isVideo": true,
      "url": "01-bai-giang.hoc-theo-chu-de.11-than-le-that-trai-tn2017.13-thanh-linh-hay-ta-linh-p5",
      "name": "13-Thánh Linh Hay Tà Linh P5",
      "count": 0,
      "isLeaf": null,
      "keyword": null,
      "hash": "U2FsdGVkX18fZsNmC7EivIiotaACpMcGEPxnxXIGwGRHQdXgNQVLeX+TUvLX7Gs0qNoLkb/d45N/AGvqC58CUQ==",
      "khash": "U2FsdGVkX1+rUdRC2JU4QU3bFDYoiYnIl9urtdagnPT5bGY6Z4PImOGyCicpW4Gb3uqli+pBwe54Yy/q6vKSQg==",
      "viewCount": null,
      "duration": "89:40",
      "size": 2641328254
    },
    {
      "id": "fe339f72-2bde-4af9-9056-c8b95ef1b779",
      "pid": "193f4b25-1d46-4d15-8d87-d181de0a93bf",
      "dblevel": 5,
      "location": "/VGMV/01_BaiGiang/HocTheoChuDe/11-ThanLeThat-traiTN2017/14-ThanhLinhHayTaLinhP6",
      "isVideo": true,
      "url": "01-bai-giang.hoc-theo-chu-de.11-than-le-that-trai-tn2017.14-thanh-linh-hay-ta-linh-p6",
      "name": "14-Thánh Linh Hay Tà Linh P6",
      "count": 0,
      "isLeaf": null,
      "keyword": null,
      "hash": "U2FsdGVkX19rbGDX8MpXxct5X24/Q8fXYP5RKaaQRXbgYNrahGM9U14OCNC1dfQyWaBsJ6pYDVyHvlDSmof05A==",
      "khash": "U2FsdGVkX1/yANbnV9QXEamp0ImuCU/O0NN7npPW+6e06PlFQh1gJu1QNLRebcCHfNxwKpFevmt5Akkq2JF9tA==",
      "viewCount": null,
      "duration": "50:32",
      "size": 1486683264
    },
    {
      "id": "f8d6d11d-aeec-412a-9fbc-e180761064aa",
      "pid": "193f4b25-1d46-4d15-8d87-d181de0a93bf",
      "dblevel": 5,
      "location": "/VGMV/01_BaiGiang/HocTheoChuDe/11-ThanLeThat-traiTN2017/15-ThanhLinhHayTaLinhP7",
      "isVideo": true,
      "url": "01-bai-giang.hoc-theo-chu-de.11-than-le-that-trai-tn2017.15-thanh-linh-hay-ta-linh-p7",
      "name": "15-Thánh Linh Hay Tà Linh P7",
      "count": 0,
      "isLeaf": null,
      "keyword": null,
      "hash": "U2FsdGVkX18WJJAtr1ZoM/XiOjyUeXnZA+E+FWAufGy/KrEhbCQCZPSdApjrBCcfSSwQEtuhr/lrHfEYG5ed2g==",
      "khash": "U2FsdGVkX1+19qrOl8StcDfRNRgBvlpfMKMrv1vtk+ckg0lZh8cwon0Fy4/tf8v4OWo+/JOYE4wRSdUxcDwqqg==",
      "viewCount": null,
      "duration": "45:32",
      "size": 1340497353
    },
    {
      "id": "a43da893-cc9c-42a6-9e62-6e6b3ebd6ccd",
      "pid": "193f4b25-1d46-4d15-8d87-d181de0a93bf",
      "dblevel": 5,
      "location": "/VGMV/01_BaiGiang/HocTheoChuDe/11-ThanLeThat-traiTN2017/16-Bap-temVaDayDayThanhLinh",
      "isVideo": true,
      "url": "01-bai-giang.hoc-theo-chu-de.11-than-le-that-trai-tn2017.16-bap-tem-va-day-day-thanh-linh",
      "name": "16-Báp-tem Và Đầy Dẫy Thánh Linh",
      "count": 0,
      "isLeaf": null,
      "keyword": null,
      "hash": "U2FsdGVkX181MFduMD7mx/nq4c9d4ka8KFpGVA+2fnrFAIfwWfxIOpGgzJ8cAz6EHg+mJMlcHDSHhc6GYGxvUg==",
      "khash": "U2FsdGVkX18fqQoiR1gC4V8ski2mODq4pKvc9obR7gKeMoJkYybRNr6O2H2l5fUOZ93RifmvWgrC5GIuniZuNA==",
      "viewCount": null,
      "duration": "71:30",
      "size": 2091286316
    },
    {
      "id": "547d1e90-e67f-4958-9c37-01c7701436fa",
      "pid": "193f4b25-1d46-4d15-8d87-d181de0a93bf",
      "dblevel": 5,
      "location": "/VGMV/01_BaiGiang/HocTheoChuDe/11-ThanLeThat-traiTN2017/17-KinhNghiemQuyenNangThanhLinhP1",
      "isVideo": true,
      "url": "01-bai-giang.hoc-theo-chu-de.11-than-le-that-trai-tn2017.17-kinh-nghiem-quyen-nang-thanh-linh-p1",
      "name": "17-Kinh Nghiệm Quyền Năng Thánh Linh P1",
      "count": 0,
      "isLeaf": null,
      "keyword": null,
      "hash": "U2FsdGVkX19peaFTQMINSz9LdgyfUS781uW8QtBvabwnrdHoQ/A3zswE9xJdppTmMFJY1P2WzReDXLQ3fkA8yQ==",
      "khash": "U2FsdGVkX1+DG4inmjjFOpr5fYWEUNA1qOa15oJkA1RQvrdGfBR7AsK4IXe4oxWiyIwTy3Ml7eLT8VIymd8E3Q==",
      "viewCount": null,
      "duration": "60:15",
      "size": 1763089384
    },
    {
      "id": "7c65d48e-f0da-43bc-8185-ff57705919e3",
      "pid": "193f4b25-1d46-4d15-8d87-d181de0a93bf",
      "dblevel": 5,
      "location": "/VGMV/01_BaiGiang/HocTheoChuDe/11-ThanLeThat-traiTN2017/18-KinhNghiemQuyenNangThanhLinhP2",
      "isVideo": true,
      "url": "01-bai-giang.hoc-theo-chu-de.11-than-le-that-trai-tn2017.18-kinh-nghiem-quyen-nang-thanh-linh-p2",
      "name": "18-Kinh Nghiệm Quyền Năng Thánh Linh P2",
      "count": 0,
      "isLeaf": null,
      "keyword": null,
      "hash": "U2FsdGVkX1/xdvHo2qnJRwLAIRJ4265447gCGrOiQDPflJDWv4ww/fsRONJ+z4HVSqywUR9GS25xHcN3PwwzRg==",
      "khash": "U2FsdGVkX1+S38pSV4uiO/06m0dzGY6jUp6Xkcll7zqxFYgEhQqzc35lLWwL7icri5+Pu94a+x+mDPnLOoP1Rw==",
      "viewCount": null,
      "duration": "40:18",
      "size": 1176008977
    },
    {
      "id": "a1bb62f2-d37f-406f-9201-8b17fae92556",
      "pid": "193f4b25-1d46-4d15-8d87-d181de0a93bf",
      "dblevel": 5,
      "location": "/VGMV/01_BaiGiang/HocTheoChuDe/11-ThanLeThat-traiTN2017/19-SongTheoDucThanhLinh",
      "isVideo": true,
      "url": "01-bai-giang.hoc-theo-chu-de.11-than-le-that-trai-tn2017.19-song-theo-duc-thanh-linh",
      "name": "19-Sống Theo Đức Thánh Linh",
      "count": 0,
      "isLeaf": null,
      "keyword": null,
      "hash": "U2FsdGVkX1/fdKsjxZPFd8Y7CbFQLmbQ54YECyhr3uAAlA3RyUyhpyLVQNNALeyUBvsWN2aBql45glig/G6l+A==",
      "khash": "U2FsdGVkX19dn1e56qwu2JOmJohxy7SpaFRWOCDR+vdQaHcCTsfSg3KiUYtu+cNeAitwbh9rODp6Akns+M/h/Q==",
      "viewCount": null,
      "duration": "51:20",
      "size": 1505167177
    }
  ]
}