{
  "id": "85b53474-c2f3-47d7-a10c-7aea35a3707b",
  "pid": "71832048-cb5a-498b-a6d9-9d1831fd437b",
  "dblevel": 4,
  "location": "/VGMV/01_BaiGiang/HocTheoChuDe/01-ToiLaAi-traiTN2015",
  "isVideo": true,
  "url": "01-bai-giang.hoc-theo-chu-de.01-toi-la-ai-trai-tn2015",
  "name": "01-Tôi Là Ai - trại TN2015",
  "count": 13,
  "isLeaf": true,
  "keyword": null,
  "hash": null,
  "khash": null,
  "viewCount": null,
  "duration": null,
  "size": null,
  "children": [
    {
      "id": "e6d6ea1f-38f6-4886-b059-3c26c44de7ab",
      "pid": "85b53474-c2f3-47d7-a10c-7aea35a3707b",
      "dblevel": 5,
      "location": "/VGMV/01_BaiGiang/HocTheoChuDe/01-ToiLaAi-traiTN2015/01Toi-TaoVatCuaChua",
      "isVideo": true,
      "url": "01-bai-giang.hoc-theo-chu-de.01-toi-la-ai-trai-tn2015.01toi-tao-vat-cua-chua",
      "name": "01Tôi-Tạo Vật Của Chúa",
      "count": 0,
      "isLeaf": null,
      "keyword": null,
      "hash": "U2FsdGVkX1/TUs1DVOh07yvfLRHeRp757e9geHs4wbCE+TnjgCm/O2f8qkh0aJens8njyw48LKzfw7s3/H+K3w==",
      "khash": "U2FsdGVkX1+2HxSQDD5Qbg5Z26+fwMEkTjHFNB8SaAWpEnIX+1xXObZaGUlk5z6WhS68PG/u4b2PbmhcS3B+nQ==",
      "viewCount": null,
      "duration": "61:27",
      "size": 1527636954
    },
    {
      "id": "79eaba71-46d2-4e31-b2aa-babb1c7f8593",
      "pid": "85b53474-c2f3-47d7-a10c-7aea35a3707b",
      "dblevel": 5,
      "location": "/VGMV/01_BaiGiang/HocTheoChuDe/01-ToiLaAi-traiTN2015/02Toi-TaoVatDauKho(P1-ThacMac)",
      "isVideo": true,
      "url": "01-bai-giang.hoc-theo-chu-de.01-toi-la-ai-trai-tn2015.02toi-tao-vat-dau-kho-p1-thac-mac",
      "name": "02Tôi-Tạo Vật Đau Khổ (P1-Thắc Mắc)",
      "count": 0,
      "isLeaf": null,
      "keyword": null,
      "hash": "U2FsdGVkX1+rJ6uAiWZF9MGf5PnMgXminJpe0l79X5s+vZg7aeSqpkJw+ifvhZnTJJk0YvbZQuZsSaycuowo8g==",
      "khash": "U2FsdGVkX19+aQu+rFVlbfhj8Z6WQSWNOmZ++VlCumbIcKaoVkSCJuAPfLyrtX9W+6UZp4StyOui6BM+Cb2beA==",
      "viewCount": null,
      "duration": "48:31",
      "size": 1216121425
    },
    {
      "id": "2ad99810-a0eb-4fe0-bb31-f57f7ab3bce1",
      "pid": "85b53474-c2f3-47d7-a10c-7aea35a3707b",
      "dblevel": 5,
      "location": "/VGMV/01_BaiGiang/HocTheoChuDe/01-ToiLaAi-traiTN2015/03Toi-TaoVatDauKho(P2-NguyenNhan-ThaiDo)",
      "isVideo": true,
      "url": "01-bai-giang.hoc-theo-chu-de.01-toi-la-ai-trai-tn2015.03toi-tao-vat-dau-kho-p2-nguyen-nhan-thai-do",
      "name": "03Tôi-Tạo Vật Đau Khổ (P2-Nguyên Nhân-Thái Độ)",
      "count": 0,
      "isLeaf": null,
      "keyword": null,
      "hash": "U2FsdGVkX18VPKEZT+9TsVpytMquh7twNzUw4H38lb6UDrC7WaUG8+oAwU2E3k5jM0CNFDKrE+UDZFz+Y9Qy7Q==",
      "khash": "U2FsdGVkX1/LRafCdE0QlJkg0CuAZhuGDCN4C95PVcYmBWpZIYQWpY8pOsVhrVQuYoZg4toOOaBaD3jD0BA0wA==",
      "viewCount": null,
      "duration": "35:58",
      "size": 847595964
    },
    {
      "id": "2eda47e8-cfde-4cbf-b8d9-43c035ca7eff",
      "pid": "85b53474-c2f3-47d7-a10c-7aea35a3707b",
      "dblevel": 5,
      "location": "/VGMV/01_BaiGiang/HocTheoChuDe/01-ToiLaAi-traiTN2015/04Toi-TuongLaiToi",
      "isVideo": true,
      "url": "01-bai-giang.hoc-theo-chu-de.01-toi-la-ai-trai-tn2015.04toi-tuong-lai-toi",
      "name": "04Tôi-Tương Lai Tôi",
      "count": 0,
      "isLeaf": null,
      "keyword": null,
      "hash": "U2FsdGVkX18WHvA56pQcdb3sayFiC7R/d5LIRPy3LEPgPSSq2xRA9VnlD8D4HzsUZwNKHpLnvR4facjDu+n7CA==",
      "khash": "U2FsdGVkX1/I2ltJf26214WqoQMoA3iyiv037Wq9CmFVE9mawHwOaWv7eTmxZL7Se4ZRKMN/NMt5GJRMZoUjFw==",
      "viewCount": null,
      "duration": "95:48",
      "size": 2376843778
    },
    {
      "id": "84fd35c1-f8c5-4f73-811f-57118e0ea780",
      "pid": "85b53474-c2f3-47d7-a10c-7aea35a3707b",
      "dblevel": 5,
      "location": "/VGMV/01_BaiGiang/HocTheoChuDe/01-ToiLaAi-traiTN2015/05Toi-MonQuaCuaChuaCha",
      "isVideo": true,
      "url": "01-bai-giang.hoc-theo-chu-de.01-toi-la-ai-trai-tn2015.05toi-mon-qua-cua-chua-cha",
      "name": "05Tôi-Món Quà Của Chúa Cha",
      "count": 0,
      "isLeaf": null,
      "keyword": null,
      "hash": "U2FsdGVkX1/ieGMa5hMZRjeFiFOdzxqL7x9pIsmYOh/Tg+Rsm+Hhmgf5YpTNNsfoYc0hAKSkV3lkyCM0Hw9BzA==",
      "khash": "U2FsdGVkX18kks8JaIWVMtvSujLqKFhKm2IRUbbKkE7gUihqbFQDMqAS5yTvFB0YwOQ0rpPYVOIR6N4R4Xcg2w==",
      "viewCount": null,
      "duration": "57:7",
      "size": 1428210729
    },
    {
      "id": "ffc4278e-8f39-47c5-8eeb-dba07e7391fe",
      "pid": "85b53474-c2f3-47d7-a10c-7aea35a3707b",
      "dblevel": 5,
      "location": "/VGMV/01_BaiGiang/HocTheoChuDe/01-ToiLaAi-traiTN2015/06Toi-TacPhamCuaChuaCuuThe",
      "isVideo": true,
      "url": "01-bai-giang.hoc-theo-chu-de.01-toi-la-ai-trai-tn2015.06toi-tac-pham-cua-chua-cuu-the",
      "name": "06Tôi-Tác Phẩm Của Chúa Cứu Thế",
      "count": 0,
      "isLeaf": null,
      "keyword": null,
      "hash": "U2FsdGVkX19cR+2xnz0HvjUfmcTJJvoQyFpJzHlsE5fvWH8IvMSadEd+tiVTJFmuTBl3gyCoSfhZZ4Xz8j5blA==",
      "khash": "U2FsdGVkX1+uIYYfhMbAaPYvYNahT5PXObkxpJwvO6Hx6qneaJzj91jzsd3dv8U+lSklZdGH0gKc3FN/Tb4dCA==",
      "viewCount": null,
      "duration": "54:42",
      "size": 1489265547
    },
    {
      "id": "39c05035-3b42-4618-8f9f-051eb768e20b",
      "pid": "85b53474-c2f3-47d7-a10c-7aea35a3707b",
      "dblevel": 5,
      "location": "/VGMV/01_BaiGiang/HocTheoChuDe/01-ToiLaAi-traiTN2015/07Toi-NguoiSongTheoThanhLinh",
      "isVideo": true,
      "url": "01-bai-giang.hoc-theo-chu-de.01-toi-la-ai-trai-tn2015.07toi-nguoi-song-theo-thanh-linh",
      "name": "07Tôi-Người Sống Theo Thánh Linh",
      "count": 0,
      "isLeaf": null,
      "keyword": null,
      "hash": "U2FsdGVkX1/gSoqhNs5K+84hUIKxZmwFYHyT3CqffT/psTdt1XO8+BAX5NJW+BJzv0foAaER5b7t5AkMaa/+oA==",
      "khash": "U2FsdGVkX1/KJUota5gZLrYDDsptbXgQzVHydTH/i01z6nlRy68W5kNsjlkIUJk4iaw2MeNTvaR+QlDUKBi46Q==",
      "viewCount": null,
      "duration": "50:43",
      "size": 1266661344
    },
    {
      "id": "380bb183-58d3-4012-ab6a-0156710be3f3",
      "pid": "85b53474-c2f3-47d7-a10c-7aea35a3707b",
      "dblevel": 5,
      "location": "/VGMV/01_BaiGiang/HocTheoChuDe/01-ToiLaAi-traiTN2015/08Toi-NguoiSongTrongTinhYeu",
      "isVideo": true,
      "url": "01-bai-giang.hoc-theo-chu-de.01-toi-la-ai-trai-tn2015.08toi-nguoi-song-trong-tinh-yeu",
      "name": "08Tôi-Người Sống Trong Tình Yêu",
      "count": 0,
      "isLeaf": null,
      "keyword": null,
      "hash": "U2FsdGVkX1+Q7yX1mHJ1w1wrMUxb8RI+moyiFn+VddPN+8h0OtSIU8aJJ7zLoPtNgzct5EjQQBLvRCdeDFGiZA==",
      "khash": "U2FsdGVkX1/w77YcZlxKxVHz6rVgRgmBnmuhB6Q3VL3Xstj/WMbg/idRz8q+GQGhnnuzNEb11bZIU72d4eK2gA==",
      "viewCount": null,
      "duration": "71:4",
      "size": 1936388865
    },
    {
      "id": "3e3ff878-4779-4f06-9179-7c7e507c3bc9",
      "pid": "85b53474-c2f3-47d7-a10c-7aea35a3707b",
      "dblevel": 5,
      "location": "/VGMV/01_BaiGiang/HocTheoChuDe/01-ToiLaAi-traiTN2015/09Toi-NguoiSongDeYeu",
      "isVideo": true,
      "url": "01-bai-giang.hoc-theo-chu-de.01-toi-la-ai-trai-tn2015.09toi-nguoi-song-de-yeu",
      "name": "09Tôi-Người Sống Để Yêu",
      "count": 0,
      "isLeaf": null,
      "keyword": null,
      "hash": "U2FsdGVkX19kvSUUkf0Q76ypQtJoR3cVx8T6I9nj6yWbCvAlGsKDXY6fU4ATNK3U0F/U0dOgQjY3hs+Uv2v8Dg==",
      "khash": "U2FsdGVkX1+NpwiN+OHc7DvpBbIEGv32/gtloFFJatTLGxAhehToSjsNvqvyGHkIELXstEylRmf3csLR3EAYPA==",
      "viewCount": null,
      "duration": "59:50",
      "size": 1619307284
    },
    {
      "id": "09aa00b4-c794-4a21-85bf-b630315bb9bc",
      "pid": "85b53474-c2f3-47d7-a10c-7aea35a3707b",
      "dblevel": 5,
      "location": "/VGMV/01_BaiGiang/HocTheoChuDe/01-ToiLaAi-traiTN2015/10Toi-SuGiaCuaChua",
      "isVideo": true,
      "url": "01-bai-giang.hoc-theo-chu-de.01-toi-la-ai-trai-tn2015.10toi-su-gia-cua-chua",
      "name": "10Tôi-Sứ Giả Của Chúa",
      "count": 0,
      "isLeaf": null,
      "keyword": null,
      "hash": "U2FsdGVkX19x4jpkEy8lJXfqdvf59gYV5fTKTdKiHQmSAJdx+GpDxT61iIgHLgI+PtRUFBUsuG887h6PhUp24A==",
      "khash": "U2FsdGVkX1+Vx1uECJZ++z/qI7B+nvpax4XNhUS53Q6QheGScaTmWaLdu3MQXtxKSpDQ9QrzAiYO6AagScOqGA==",
      "viewCount": null,
      "duration": "60:6",
      "size": 1617847408
    },
    {
      "id": "78e94dd8-1d85-497a-a286-2b7e5e84c1c7",
      "pid": "85b53474-c2f3-47d7-a10c-7aea35a3707b",
      "dblevel": 5,
      "location": "/VGMV/01_BaiGiang/HocTheoChuDe/01-ToiLaAi-traiTN2015/11Toi-NguoiCuaDucChuaTroi",
      "isVideo": true,
      "url": "01-bai-giang.hoc-theo-chu-de.01-toi-la-ai-trai-tn2015.11toi-nguoi-cua-duc-chua-troi",
      "name": "11Tôi-Người Của Đức Chúa Trời",
      "count": 0,
      "isLeaf": null,
      "keyword": null,
      "hash": "U2FsdGVkX1+tfX0hF6/WV076v8l2+rlrmn6cAZkUuaYc08emCMDVGjl03wIBzuC1/TIaH2tqwAKlOvZfROIcTg==",
      "khash": "U2FsdGVkX1/Xnw/HGS/l83xtXc/xDOVaRYqMeBYBsEBJrcujfD63JO4UUy0AG648x7i4iHJ8zm0kZgRC2OGGeQ==",
      "viewCount": null,
      "duration": "65:1",
      "size": 1771287491
    },
    {
      "id": "667922c9-69e5-4bc1-87c0-d6f8051b4a48",
      "pid": "85b53474-c2f3-47d7-a10c-7aea35a3707b",
      "dblevel": 5,
      "location": "/VGMV/01_BaiGiang/HocTheoChuDe/01-ToiLaAi-traiTN2015/12Toi-NguoiLinhGioiCuaChua",
      "isVideo": true,
      "url": "01-bai-giang.hoc-theo-chu-de.01-toi-la-ai-trai-tn2015.12toi-nguoi-linh-gioi-cua-chua",
      "name": "12Tôi-Người Lính Giỏi Của Chúa",
      "count": 0,
      "isLeaf": null,
      "keyword": null,
      "hash": "U2FsdGVkX1+bUTWuA14NJbHj/jZCZmR/TZ5lK1SekXh8gSqVKkNB3BtjqZxsrlldt07ZuijWjlb8Thmt91zg5g==",
      "khash": "U2FsdGVkX1/UGhK4yidg9+1YAmJBDtqnbqkniEm0ypwEJhrtX7Y3B7GigvNJ1OrhXjXnd7Yho8vWlfVVYw18+A==",
      "viewCount": null,
      "duration": "41:16",
      "size": 1112957661
    },
    {
      "id": "f88b8d7d-3f03-4a53-ae39-57691b1d7815",
      "pid": "85b53474-c2f3-47d7-a10c-7aea35a3707b",
      "dblevel": 5,
      "location": "/VGMV/01_BaiGiang/HocTheoChuDe/01-ToiLaAi-traiTN2015/13Toi-CuaLeHienDangChoChua",
      "isVideo": true,
      "url": "01-bai-giang.hoc-theo-chu-de.01-toi-la-ai-trai-tn2015.13toi-cua-le-hien-dang-cho-chua",
      "name": "13Tôi-Của Lễ Hiến Dâng Cho Chúa",
      "count": 0,
      "isLeaf": null,
      "keyword": null,
      "hash": "U2FsdGVkX184m6rRXzqoBfjlkr9DpYFbhPKtIC6V+FSS+Fx1q5/iN70oi2S1O8PqaMxAn5HgUVEhfTnQYruvuw==",
      "khash": "U2FsdGVkX1/eIP4KAiAQVF8Vtb6fuFBV1xsHfuoOP8pDYMc3yX0/AUvY621nvP0yhEO+0pMH0a2AFQA6//mMPQ==",
      "viewCount": null,
      "duration": "29:17",
      "size": 796246967
    }
  ]
}