{
  "id": "22f0c8d6-ac78-4520-ae15-564c1c2c7a2e",
  "pid": "fc6e547f-514a-4abb-88d7-8a843ad24da2",
  "dblevel": 4,
  "location": "/VGMV/01_BaiGiang/HocTheoSachTrongKinhThanh/Thu2Co-rinh-to-MSNguyenThi",
  "isVideo": true,
  "url": "01-bai-giang.hoc-theo-sach-trong-kinh-thanh.thu-2co-rinh-to-ms-nguyen-thi",
  "name": "Thư 2Cô-rinh-tô - MS Nguyễn Thỉ",
  "count": 31,
  "isLeaf": true,
  "keyword": null,
  "hash": null,
  "khash": null,
  "viewCount": null,
  "duration": null,
  "size": null,
  "children": [
    {
      "id": "67689f1a-0234-44d5-be7c-04e1b249da56",
      "pid": "22f0c8d6-ac78-4520-ae15-564c1c2c7a2e",
      "dblevel": 5,
      "location": "/VGMV/01_BaiGiang/HocTheoSachTrongKinhThanh/Thu2Co-rinh-to-MSNguyenThi/01_2Co010102",
      "isVideo": true,
      "url": "01-bai-giang.hoc-theo-sach-trong-kinh-thanh.thu-2co-rinh-to-ms-nguyen-thi.01-2co010102",
      "name": "01_2Co010102",
      "count": 0,
      "isLeaf": null,
      "keyword": null,
      "hash": "U2FsdGVkX19mjF+24S8coymcaoXLuB20GVBr3pFGbvvGBlzwAgX1thb8lnr4bVJIdntV3EYpRSkbW7rTf2H3dw==",
      "khash": "U2FsdGVkX1++OFe81Z67HeDY2o6QRxVowIUDTOX2CHhHA4bqNR/xA0MS/jW4lqs9BvnDHWCnYHUzt+7bo6V0Qw==",
      "viewCount": null,
      "duration": "43:20",
      "size": 532719647
    },
    {
      "id": "b7d44ed5-9725-4e47-af0a-b69af16065f0",
      "pid": "22f0c8d6-ac78-4520-ae15-564c1c2c7a2e",
      "dblevel": 5,
      "location": "/VGMV/01_BaiGiang/HocTheoSachTrongKinhThanh/Thu2Co-rinh-to-MSNguyenThi/02_2Co010311",
      "isVideo": true,
      "url": "01-bai-giang.hoc-theo-sach-trong-kinh-thanh.thu-2co-rinh-to-ms-nguyen-thi.02-2co010311",
      "name": "02_2Co010311",
      "count": 0,
      "isLeaf": null,
      "keyword": null,
      "hash": "U2FsdGVkX18otkO/85p8bvXiyWOLnoTlcNAE5ORKlcqivXMvgUoAQULO/7u6B98TubNaHX1W+00VYw1dld/hxA==",
      "khash": "U2FsdGVkX1+yM+qtI0pnBquZqMOaYkrLCBEEiskaFM7n1GXGYV96CIs8TFY/mHoyzccDvrC9+B4KO6D44iEm+Q==",
      "viewCount": null,
      "duration": "49:25",
      "size": 606462657
    },
    {
      "id": "81e1bb27-1edd-42e6-82da-671249fdaba3",
      "pid": "22f0c8d6-ac78-4520-ae15-564c1c2c7a2e",
      "dblevel": 5,
      "location": "/VGMV/01_BaiGiang/HocTheoSachTrongKinhThanh/Thu2Co-rinh-to-MSNguyenThi/03_2Co011214",
      "isVideo": true,
      "url": "01-bai-giang.hoc-theo-sach-trong-kinh-thanh.thu-2co-rinh-to-ms-nguyen-thi.03-2co011214",
      "name": "03_2Co011214",
      "count": 0,
      "isLeaf": null,
      "keyword": null,
      "hash": "U2FsdGVkX1+8elkhjCf7k4jDldd2tYK8CinIl+v7h9PjppO1PFDyyFwqDcH/cdpczWxoh1E4qAyVh6C8hgOjlA==",
      "khash": "U2FsdGVkX19kI20rRVoQ5Ro893N1GFovjgWgp/BtC75Fo6WLAnoVMana4jlSSbqrzb6mUMIyUYKZfHjSw6BTCw==",
      "viewCount": null,
      "duration": "34:50",
      "size": 427025141
    },
    {
      "id": "53da633c-2eb9-4467-ae7a-e8d243526969",
      "pid": "22f0c8d6-ac78-4520-ae15-564c1c2c7a2e",
      "dblevel": 5,
      "location": "/VGMV/01_BaiGiang/HocTheoSachTrongKinhThanh/Thu2Co-rinh-to-MSNguyenThi/04_2Co011522",
      "isVideo": true,
      "url": "01-bai-giang.hoc-theo-sach-trong-kinh-thanh.thu-2co-rinh-to-ms-nguyen-thi.04-2co011522",
      "name": "04_2Co011522",
      "count": 0,
      "isLeaf": null,
      "keyword": null,
      "hash": "U2FsdGVkX19rNPGhYy3I7yxJ+867bth/I5Mysh57KG5ugFDWBt5aiqy2OFmskklE5OuL/2ddpZpogUOjsL4Nyw==",
      "khash": "U2FsdGVkX19ipHIrhx/H+uLBapoObQPDDXul/oyJAwF+inWJhXz2ukkCveCcHFn/2CfnvWZl9F+iVpaPJQ5WbQ==",
      "viewCount": null,
      "duration": "35:6",
      "size": 430558103
    },
    {
      "id": "e2dc620c-7bee-445a-a8a3-c5f18d3f050c",
      "pid": "22f0c8d6-ac78-4520-ae15-564c1c2c7a2e",
      "dblevel": 5,
      "location": "/VGMV/01_BaiGiang/HocTheoSachTrongKinhThanh/Thu2Co-rinh-to-MSNguyenThi/05_2Co012324",
      "isVideo": true,
      "url": "01-bai-giang.hoc-theo-sach-trong-kinh-thanh.thu-2co-rinh-to-ms-nguyen-thi.05-2co012324",
      "name": "05_2Co012324",
      "count": 0,
      "isLeaf": null,
      "keyword": null,
      "hash": "U2FsdGVkX1/uCusRta//gEEPZUQ5CiTXJ3Jl/j9XSe80imN9cFKi8hYOHA8TBZddYGQRe4v3e7kTD7Xk+GCqOA==",
      "khash": "U2FsdGVkX1/JcXfVQBQN/bgOxVhhNfWIYLudS9Pi7jlYNI2T21i12zPp3TTTByn6rklyH1UUGN66fuDW0NpKDg==",
      "viewCount": null,
      "duration": "36:17",
      "size": 445124151
    },
    {
      "id": "4712d606-54f0-47b9-a04f-ad244213b0f4",
      "pid": "22f0c8d6-ac78-4520-ae15-564c1c2c7a2e",
      "dblevel": 5,
      "location": "/VGMV/01_BaiGiang/HocTheoSachTrongKinhThanh/Thu2Co-rinh-to-MSNguyenThi/06_2Co020517",
      "isVideo": true,
      "url": "01-bai-giang.hoc-theo-sach-trong-kinh-thanh.thu-2co-rinh-to-ms-nguyen-thi.06-2co020517",
      "name": "06_2Co020517",
      "count": 0,
      "isLeaf": null,
      "keyword": null,
      "hash": "U2FsdGVkX1+Q1svxUdzEzWWi1pFY8dD7yRjueSzBC265lRq1VoXHs0CO5j3Ffm/HAO0eXtUWwr0SDaTSyTJU5Q==",
      "khash": "U2FsdGVkX1+c/vKiLKpNHo13yvF6yiRuoNzewC1eImEzvQZUFN0Ci8uuO/xqTzPSeSQ7cYpEWj6rqUNnZkvqZQ==",
      "viewCount": null,
      "duration": "35:58",
      "size": 440406266
    },
    {
      "id": "4f0a3589-f25f-40b8-b099-4c3a9b03d9a4",
      "pid": "22f0c8d6-ac78-4520-ae15-564c1c2c7a2e",
      "dblevel": 5,
      "location": "/VGMV/01_BaiGiang/HocTheoSachTrongKinhThanh/Thu2Co-rinh-to-MSNguyenThi/07_2Co030106",
      "isVideo": true,
      "url": "01-bai-giang.hoc-theo-sach-trong-kinh-thanh.thu-2co-rinh-to-ms-nguyen-thi.07-2co030106",
      "name": "07_2Co030106",
      "count": 0,
      "isLeaf": null,
      "keyword": null,
      "hash": "U2FsdGVkX19k9r1Mw8sUgIF5+iZaD87wK7LoESd+scmGcKtHR3rYf3zWSQDPtnipotZ5kmTtS3A6GWetEvIyDw==",
      "khash": "U2FsdGVkX180jqzE1x/M0p1656r/1wUS+uw+bkPSKSE533pC8C8Iwdl76wayEl+wON1pdCRmhbEzCKgV7EzZWA==",
      "viewCount": null,
      "duration": "42:4",
      "size": 419224436
    },
    {
      "id": "b4423aa5-eae1-4384-bc65-f83a7d491d6b",
      "pid": "22f0c8d6-ac78-4520-ae15-564c1c2c7a2e",
      "dblevel": 5,
      "location": "/VGMV/01_BaiGiang/HocTheoSachTrongKinhThanh/Thu2Co-rinh-to-MSNguyenThi/08_2Co030718",
      "isVideo": true,
      "url": "01-bai-giang.hoc-theo-sach-trong-kinh-thanh.thu-2co-rinh-to-ms-nguyen-thi.08-2co030718",
      "name": "08_2Co030718",
      "count": 0,
      "isLeaf": null,
      "keyword": null,
      "hash": "U2FsdGVkX189BXre8SPOzrZUtBeyVsCpc/zbBtzu93FWSHrG1kKunJNMgfkMxVYBPsVgRs0Si875EIt6urMgsQ==",
      "khash": "U2FsdGVkX19DAwof/t6qPiEBsllWNovfZLOdOkEL4DFzt/W20QKuO/JKoE9YuRomZoATJ27QaCtyuYSDxKNBMw==",
      "viewCount": null,
      "duration": "39:13",
      "size": 479340105
    },
    {
      "id": "667ced34-963d-4359-8a90-e0975ec83427",
      "pid": "22f0c8d6-ac78-4520-ae15-564c1c2c7a2e",
      "dblevel": 5,
      "location": "/VGMV/01_BaiGiang/HocTheoSachTrongKinhThanh/Thu2Co-rinh-to-MSNguyenThi/09_2Co040106",
      "isVideo": true,
      "url": "01-bai-giang.hoc-theo-sach-trong-kinh-thanh.thu-2co-rinh-to-ms-nguyen-thi.09-2co040106",
      "name": "09_2Co040106",
      "count": 0,
      "isLeaf": null,
      "keyword": null,
      "hash": "U2FsdGVkX1/sglcow0klENelAfTTLtY5ipZdq9lvYtKWqNzsEWESP5OFV2e2HW+XdYKFCVEmms9gPYtZnnOhCw==",
      "khash": "U2FsdGVkX1+1Uz3mdxa4OdFs5bpmt9Sqw7tRVKd20e/nxNPb5SICsMZXtvlNfSlgSstzIOuJUQ8eXu+nnHT4bQ==",
      "viewCount": null,
      "duration": "37:16",
      "size": 985855158
    },
    {
      "id": "450dc8a6-b692-44b1-8553-d7d5403d3230",
      "pid": "22f0c8d6-ac78-4520-ae15-564c1c2c7a2e",
      "dblevel": 5,
      "location": "/VGMV/01_BaiGiang/HocTheoSachTrongKinhThanh/Thu2Co-rinh-to-MSNguyenThi/10_2Co040718",
      "isVideo": true,
      "url": "01-bai-giang.hoc-theo-sach-trong-kinh-thanh.thu-2co-rinh-to-ms-nguyen-thi.10-2co040718",
      "name": "10_2Co040718",
      "count": 0,
      "isLeaf": null,
      "keyword": null,
      "hash": "U2FsdGVkX18moM2af2eiwis3pQy9GhO5WyMNl0WzrRP41/ifeR2tjxHbou9WCvxmgJ2l2fxYN7zYJR/JTLaZuw==",
      "khash": "U2FsdGVkX19/BIghSS/fs41Ni0WEZVl9lrtNA7IgAYwC1AUnLVo7rTDaR51Uv+MgJfg3Fo5qMXuc0KnaWVMC7A==",
      "viewCount": null,
      "duration": "46:52",
      "size": 1190987928
    },
    {
      "id": "01176fc6-189b-4ad5-808b-7354a93be418",
      "pid": "22f0c8d6-ac78-4520-ae15-564c1c2c7a2e",
      "dblevel": 5,
      "location": "/VGMV/01_BaiGiang/HocTheoSachTrongKinhThanh/Thu2Co-rinh-to-MSNguyenThi/11_2Co050110",
      "isVideo": true,
      "url": "01-bai-giang.hoc-theo-sach-trong-kinh-thanh.thu-2co-rinh-to-ms-nguyen-thi.11-2co050110",
      "name": "11_2Co050110",
      "count": 0,
      "isLeaf": null,
      "keyword": null,
      "hash": "U2FsdGVkX18zkNsyLVbIbBVD5cJiU/BBxop8ns4igAssUEf9NJa+cQpzw6wduGQOIaN1q4zwo29V+FLqoJIptQ==",
      "khash": "U2FsdGVkX18Cq3i60m1hc+ehPWXbyOHzmufNzuhaHdZ2HkARp6Kt4CHk082h1M3rb853EHURF00lZ9ImbZM2Ew==",
      "viewCount": null,
      "duration": "31:57",
      "size": 941924282
    },
    {
      "id": "d7ae127b-51a0-4d29-9834-a5969b8c9b96",
      "pid": "22f0c8d6-ac78-4520-ae15-564c1c2c7a2e",
      "dblevel": 5,
      "location": "/VGMV/01_BaiGiang/HocTheoSachTrongKinhThanh/Thu2Co-rinh-to-MSNguyenThi/12_2Co051115",
      "isVideo": true,
      "url": "01-bai-giang.hoc-theo-sach-trong-kinh-thanh.thu-2co-rinh-to-ms-nguyen-thi.12-2co051115",
      "name": "12_2Co051115",
      "count": 0,
      "isLeaf": null,
      "keyword": null,
      "hash": "U2FsdGVkX1+Gv29jbadk2w54m9m31x4jeFlcAw7EODY4OXvzPaqjU8nQVNUsN5loRuu0taG7BIAIeB8Lj3gu/A==",
      "khash": "U2FsdGVkX18eiCOEtSlEo6AlfH9mVI50XOp5oreNPBSjvwg+5qiuTfbQA48wBEx5Q5qlVWda328PQX7zljfHfw==",
      "viewCount": null,
      "duration": "32:52",
      "size": 814656197
    },
    {
      "id": "89d5f281-1f4e-4291-97ec-fe0b9c2c8272",
      "pid": "22f0c8d6-ac78-4520-ae15-564c1c2c7a2e",
      "dblevel": 5,
      "location": "/VGMV/01_BaiGiang/HocTheoSachTrongKinhThanh/Thu2Co-rinh-to-MSNguyenThi/13_2Co051621",
      "isVideo": true,
      "url": "01-bai-giang.hoc-theo-sach-trong-kinh-thanh.thu-2co-rinh-to-ms-nguyen-thi.13-2co051621",
      "name": "13_2Co051621",
      "count": 0,
      "isLeaf": null,
      "keyword": null,
      "hash": "U2FsdGVkX19dawBRsPTeV1Rtsz+7FkYyOAoGuRAFiuP81/me+3BuR8Q5Cllv1EJ0xogdy0dA1hvaOmd+RgwWIg==",
      "khash": "U2FsdGVkX186im0e0WXX1OjpyK62RryXV7C7bd/ZvkNw2JXuaORbYNGlsEO9zs8JB5OyKxa5LKyiuij3rP206g==",
      "viewCount": null,
      "duration": "34:9",
      "size": 419369313
    },
    {
      "id": "7de2469d-8de7-49bd-adf9-802c76304123",
      "pid": "22f0c8d6-ac78-4520-ae15-564c1c2c7a2e",
      "dblevel": 5,
      "location": "/VGMV/01_BaiGiang/HocTheoSachTrongKinhThanh/Thu2Co-rinh-to-MSNguyenThi/14_2Co060113",
      "isVideo": true,
      "url": "01-bai-giang.hoc-theo-sach-trong-kinh-thanh.thu-2co-rinh-to-ms-nguyen-thi.14-2co060113",
      "name": "14_2Co060113",
      "count": 0,
      "isLeaf": null,
      "keyword": null,
      "hash": "U2FsdGVkX1+MjXFQwPxq0B8WARtJGIYSV+37QrL02kPxjWpvqoChMCVGRVug7elwckg4H8fkP+DSnhjiHvOBLA==",
      "khash": "U2FsdGVkX1/olwVzwPrUUA731II9RCBlNkH/l55lD9EYVu4P/A3Gz0C9pM5U+OTNDSFpn6adi8wDXt6dcO1sqg==",
      "viewCount": null,
      "duration": "45:24",
      "size": 1205692987
    },
    {
      "id": "1eb81c87-71ca-4988-9f5a-37820b893169",
      "pid": "22f0c8d6-ac78-4520-ae15-564c1c2c7a2e",
      "dblevel": 5,
      "location": "/VGMV/01_BaiGiang/HocTheoSachTrongKinhThanh/Thu2Co-rinh-to-MSNguyenThi/15_2Co061417",
      "isVideo": true,
      "url": "01-bai-giang.hoc-theo-sach-trong-kinh-thanh.thu-2co-rinh-to-ms-nguyen-thi.15-2co061417",
      "name": "15_2Co061417",
      "count": 0,
      "isLeaf": null,
      "keyword": null,
      "hash": "U2FsdGVkX19Ciz50L4rBhIkyWu++cNLsJEF4IQznd7s1ZCfelJcEnMtvaaIlRem9/y8E8kvro530z/RPWUn4lA==",
      "khash": "U2FsdGVkX1/BL/XIj2GA5ynSfMW9n5JFXal/KdplnsgZG0uTYERVfb+OzszGRrY9K3E+MM9IvWEcRyHOYfHlNg==",
      "viewCount": null,
      "duration": "40:42",
      "size": 499147693
    },
    {
      "id": "64a8c2f0-76ed-4387-8550-1f43118a2afe",
      "pid": "22f0c8d6-ac78-4520-ae15-564c1c2c7a2e",
      "dblevel": 5,
      "location": "/VGMV/01_BaiGiang/HocTheoSachTrongKinhThanh/Thu2Co-rinh-to-MSNguyenThi/16_2Co070207",
      "isVideo": true,
      "url": "01-bai-giang.hoc-theo-sach-trong-kinh-thanh.thu-2co-rinh-to-ms-nguyen-thi.16-2co070207",
      "name": "16_2Co070207",
      "count": 0,
      "isLeaf": null,
      "keyword": null,
      "hash": "U2FsdGVkX1+1SwSWZ6I2W6PpGWpUgt5kPmuzmCKkXtBIl9pAn/usEYcslswTRC8R18yykGCnmGa+wiVwYVAsnA==",
      "khash": "U2FsdGVkX1+oYz8oTYS9T6ecXUFYFCBWR4DxpeUd3IcwHgRNtDOsmhJpxN8ICZVeqW94f+ULZ0VA63QXskttzQ==",
      "viewCount": null,
      "duration": "37:58",
      "size": 383654352
    },
    {
      "id": "6ca36825-dad8-4634-864c-07bf58ec6298",
      "pid": "22f0c8d6-ac78-4520-ae15-564c1c2c7a2e",
      "dblevel": 5,
      "location": "/VGMV/01_BaiGiang/HocTheoSachTrongKinhThanh/Thu2Co-rinh-to-MSNguyenThi/17_2Co070816",
      "isVideo": true,
      "url": "01-bai-giang.hoc-theo-sach-trong-kinh-thanh.thu-2co-rinh-to-ms-nguyen-thi.17-2co070816",
      "name": "17_2Co070816",
      "count": 0,
      "isLeaf": null,
      "keyword": null,
      "hash": "U2FsdGVkX1+6VJuETIDC1LTp71JMN90ecWgMqNKywI3toUpSmxQIOL3wHA2SrPCwZ3rnWElCCWZ9MVebUGcstQ==",
      "khash": "U2FsdGVkX1+LMkKkI9y1c8u+QZeSJwGtbaTmPlY3iHihXPmSEkmQHUib4mzGblQYm9R/CggPMl4JkiUa3G2omA==",
      "viewCount": null,
      "duration": "50:33",
      "size": 509564218
    },
    {
      "id": "ce1deb03-d522-46bd-bc52-4a9163896385",
      "pid": "22f0c8d6-ac78-4520-ae15-564c1c2c7a2e",
      "dblevel": 5,
      "location": "/VGMV/01_BaiGiang/HocTheoSachTrongKinhThanh/Thu2Co-rinh-to-MSNguyenThi/18_2Co080115",
      "isVideo": true,
      "url": "01-bai-giang.hoc-theo-sach-trong-kinh-thanh.thu-2co-rinh-to-ms-nguyen-thi.18-2co080115",
      "name": "18_2Co080115",
      "count": 0,
      "isLeaf": null,
      "keyword": null,
      "hash": "U2FsdGVkX1++QUzZRkSiDVj032CVP8kI1EluyYuBnPbOGLxtpKtvUXBdDx7XX9Ma95TjgIYpxAkuUI7EhK4x6w==",
      "khash": "U2FsdGVkX1/DiMYuKKqSkWsvRf6GpOytWDHgVlAU+UmvZVwn2tQiodmYqsBX/20y0fvQtrp+e0nSGvver8XMAA==",
      "viewCount": null,
      "duration": "47:31",
      "size": 942553404
    },
    {
      "id": "4c19e574-df2b-43f7-802b-419c08f3f88f",
      "pid": "22f0c8d6-ac78-4520-ae15-564c1c2c7a2e",
      "dblevel": 5,
      "location": "/VGMV/01_BaiGiang/HocTheoSachTrongKinhThanh/Thu2Co-rinh-to-MSNguyenThi/19_2Co081624",
      "isVideo": true,
      "url": "01-bai-giang.hoc-theo-sach-trong-kinh-thanh.thu-2co-rinh-to-ms-nguyen-thi.19-2co081624",
      "name": "19_2Co081624",
      "count": 0,
      "isLeaf": null,
      "keyword": null,
      "hash": "U2FsdGVkX18vPU8u32JZAP5ni2k7qF+MBrxSWLP8ybFEkDCYizWB1OWhaNxKU26akRTo0d8z2dloMegUXfz/QQ==",
      "khash": "U2FsdGVkX1/0lAYSCsKh8n09XLryeVYVZ1fl5unBCGSNZjni4zbdc8lkOjm08U6L+MZ9iJ8TG5PU3vZMveunOg==",
      "viewCount": null,
      "duration": "57:39",
      "size": 838290045
    },
    {
      "id": "47c30a59-c38c-4d49-9929-2266816b1043",
      "pid": "22f0c8d6-ac78-4520-ae15-564c1c2c7a2e",
      "dblevel": 5,
      "location": "/VGMV/01_BaiGiang/HocTheoSachTrongKinhThanh/Thu2Co-rinh-to-MSNguyenThi/20_2Co090115",
      "isVideo": true,
      "url": "01-bai-giang.hoc-theo-sach-trong-kinh-thanh.thu-2co-rinh-to-ms-nguyen-thi.20-2co090115",
      "name": "20_2Co090115",
      "count": 0,
      "isLeaf": null,
      "keyword": null,
      "hash": "U2FsdGVkX1/owX/zn7Xem01Dy+Qmo69BLneNbU1A+2XJKem1TfB6WXQU/Nu7Pf2xT+P0uJtDw+sVuOyht6m7Fw==",
      "khash": "U2FsdGVkX19dpoB+QCiLomA+o3obhY3SIwNtQkKrS+eocpZYwVHN3OwjxroPLjlzL1Ef3nHlF5dKBY4m/AolqA==",
      "viewCount": null,
      "duration": "37:30",
      "size": 760948516
    },
    {
      "id": "d3177533-5b87-406d-89a6-691475d26b73",
      "pid": "22f0c8d6-ac78-4520-ae15-564c1c2c7a2e",
      "dblevel": 5,
      "location": "/VGMV/01_BaiGiang/HocTheoSachTrongKinhThanh/Thu2Co-rinh-to-MSNguyenThi/21_2Co100111",
      "isVideo": true,
      "url": "01-bai-giang.hoc-theo-sach-trong-kinh-thanh.thu-2co-rinh-to-ms-nguyen-thi.21-2co100111",
      "name": "21_2Co100111",
      "count": 0,
      "isLeaf": null,
      "keyword": null,
      "hash": "U2FsdGVkX1+IDlXRV09gXvGZthDKwYUfNHb5Y5hqNpY1+SYQsDrBep/WxuyweMrgH1fEErKNJLiQhnN8tQSXOQ==",
      "khash": "U2FsdGVkX19J7WGi6ZxbYo4BSuvVkmlYaezUzFxFNB05Yyw8BWTEhHWHHcFYVk7r1AZNUse5Mf3+Ovkv5/UbPg==",
      "viewCount": null,
      "duration": "42:6",
      "size": 753345083
    },
    {
      "id": "a9305f91-1e4b-43be-aeff-a555cb4ce6ea",
      "pid": "22f0c8d6-ac78-4520-ae15-564c1c2c7a2e",
      "dblevel": 5,
      "location": "/VGMV/01_BaiGiang/HocTheoSachTrongKinhThanh/Thu2Co-rinh-to-MSNguyenThi/22_2Co101218",
      "isVideo": true,
      "url": "01-bai-giang.hoc-theo-sach-trong-kinh-thanh.thu-2co-rinh-to-ms-nguyen-thi.22-2co101218",
      "name": "22_2Co101218",
      "count": 0,
      "isLeaf": null,
      "keyword": null,
      "hash": "U2FsdGVkX1+NlY2sHG3Z10i5rBW38dzp9BiZBzznz1mLE0wF4rhhlXQdjFFht+7ApxzeRI4bKhkDpYqfI0W4oQ==",
      "khash": "U2FsdGVkX1+EFxOI/oJwszNtWsE8S1yoQPI6qJRnMFl9o7YopJpH3CjqIqRAJpsQjLw+mn5TrOiwFbglnfka4w==",
      "viewCount": null,
      "duration": "52:15",
      "size": 963288842
    },
    {
      "id": "151a0d40-e0c5-4e75-b9de-2eb898ad98e4",
      "pid": "22f0c8d6-ac78-4520-ae15-564c1c2c7a2e",
      "dblevel": 5,
      "location": "/VGMV/01_BaiGiang/HocTheoSachTrongKinhThanh/Thu2Co-rinh-to-MSNguyenThi/23_2Co110106",
      "isVideo": true,
      "url": "01-bai-giang.hoc-theo-sach-trong-kinh-thanh.thu-2co-rinh-to-ms-nguyen-thi.23-2co110106",
      "name": "23_2Co110106",
      "count": 0,
      "isLeaf": null,
      "keyword": null,
      "hash": "U2FsdGVkX1/eXqcmbBKBsXTCfSZNOKI/C1ml1+8xuCpHREy6TdxXK6/lVO1+PUIdXALwhMqz2qkjyksKab13Gg==",
      "khash": "U2FsdGVkX1/BTqzIprZzAyHdZhKCGEHUJbQm9qlWrdQ+0j2Xc+Sr3E2cBEREQPyRKgwKfLk8ie+DsWCAf5A8tg==",
      "viewCount": null,
      "duration": "46:53",
      "size": 778027234
    },
    {
      "id": "1560edd8-f5d4-4d71-b0ae-33373b06e631",
      "pid": "22f0c8d6-ac78-4520-ae15-564c1c2c7a2e",
      "dblevel": 5,
      "location": "/VGMV/01_BaiGiang/HocTheoSachTrongKinhThanh/Thu2Co-rinh-to-MSNguyenThi/24_2Co11715",
      "isVideo": true,
      "url": "01-bai-giang.hoc-theo-sach-trong-kinh-thanh.thu-2co-rinh-to-ms-nguyen-thi.24-2co11715",
      "name": "24_2Co11715",
      "count": 0,
      "isLeaf": null,
      "keyword": null,
      "hash": "U2FsdGVkX1/fjANbAEfR8wJ3SQO/JGGo2Lnd5v6I4GjM4AnvaUa06DCZcv3zG/0sbyl/cXCdiEUT+0xPioZMJw==",
      "khash": "U2FsdGVkX19gqeCXU9ltIFcZEAMqvuaP7Lu8FEBF69a75y6FkDmy+ybQxiLoDF/Gm8+G0kxLa6aMybN6xnSrUw==",
      "viewCount": null,
      "duration": "50:48",
      "size": 815231062
    },
    {
      "id": "65df9295-791a-436e-9cb3-074b8526985d",
      "pid": "22f0c8d6-ac78-4520-ae15-564c1c2c7a2e",
      "dblevel": 5,
      "location": "/VGMV/01_BaiGiang/HocTheoSachTrongKinhThanh/Thu2Co-rinh-to-MSNguyenThi/25_2Co111633",
      "isVideo": true,
      "url": "01-bai-giang.hoc-theo-sach-trong-kinh-thanh.thu-2co-rinh-to-ms-nguyen-thi.25-2co111633",
      "name": "25_2Co111633",
      "count": 0,
      "isLeaf": null,
      "keyword": null,
      "hash": "U2FsdGVkX18EyL9edeu8iq7L7Y1ucbkBsoWMkd9kt2ywApbS2Zl44RJOfs9C7I4k6h9Vg+zV0t7Az262OwfWSA==",
      "khash": "U2FsdGVkX18BQvnnFfVpmsTs5vuf1aXo7GBNusE7HIVUXe2hQYvy7dF6+l9ste9MJMC3WWueaKu4GG74khHsLQ==",
      "viewCount": null,
      "duration": "41:16",
      "size": 668868595
    },
    {
      "id": "8e52b378-73af-4d86-b6c7-f1ecdf99e2ce",
      "pid": "22f0c8d6-ac78-4520-ae15-564c1c2c7a2e",
      "dblevel": 5,
      "location": "/VGMV/01_BaiGiang/HocTheoSachTrongKinhThanh/Thu2Co-rinh-to-MSNguyenThi/26_2Co120110",
      "isVideo": true,
      "url": "01-bai-giang.hoc-theo-sach-trong-kinh-thanh.thu-2co-rinh-to-ms-nguyen-thi.26-2co120110",
      "name": "26_2Co120110",
      "count": 0,
      "isLeaf": null,
      "keyword": null,
      "hash": "U2FsdGVkX182W8XHn3t/YdbY7fIRQ1l7OPfGlTYobFcNLnn2jSYMRsBXthu9Nqir+2FjCgCQ2WqPmkmWONtIXw==",
      "khash": "U2FsdGVkX1+PP2TcfcDyF1e0JG6renuqb4w8snnxqWcOk5AlCi1i7ExjnP0f9RkEXYN76TRN5cAKtalQ6zfpew==",
      "viewCount": null,
      "duration": "47:37",
      "size": 1178368749
    },
    {
      "id": "1742bc3b-91a3-403e-93fe-e5412dadcb06",
      "pid": "22f0c8d6-ac78-4520-ae15-564c1c2c7a2e",
      "dblevel": 5,
      "location": "/VGMV/01_BaiGiang/HocTheoSachTrongKinhThanh/Thu2Co-rinh-to-MSNguyenThi/27_2Co121118",
      "isVideo": true,
      "url": "01-bai-giang.hoc-theo-sach-trong-kinh-thanh.thu-2co-rinh-to-ms-nguyen-thi.27-2co121118",
      "name": "27_2Co121118",
      "count": 0,
      "isLeaf": null,
      "keyword": null,
      "hash": "U2FsdGVkX1+VW0z9VeHr2RbHJzIt/TR619CgcLyKYdUkeKGcofldiKPTrl0gxQSzgwjwt8izvoznigz44BV8SA==",
      "khash": "U2FsdGVkX1/Xq0hout1RqR4EEX/tUdvHSnd3bzvmEZ5WcJd/DCKHTMU3dPI11MKjMmJeSWb/FJ5GSBZnUzDTuQ==",
      "viewCount": null,
      "duration": "46:47",
      "size": 893339806
    },
    {
      "id": "ec589d99-e80e-473c-bfce-7fbce3a8faeb",
      "pid": "22f0c8d6-ac78-4520-ae15-564c1c2c7a2e",
      "dblevel": 5,
      "location": "/VGMV/01_BaiGiang/HocTheoSachTrongKinhThanh/Thu2Co-rinh-to-MSNguyenThi/28_2Co121921",
      "isVideo": true,
      "url": "01-bai-giang.hoc-theo-sach-trong-kinh-thanh.thu-2co-rinh-to-ms-nguyen-thi.28-2co121921",
      "name": "28_2Co121921",
      "count": 0,
      "isLeaf": null,
      "keyword": null,
      "hash": "U2FsdGVkX18CFSvmwREBdszKulTty+seslqKYQd1kUMmo8Jq3GXM1xC0AoonOT7IrWPVOVhvxrQxihN4dvQ8Ag==",
      "khash": "U2FsdGVkX19OLqQBSyjLoDa+FrEGA+bYh9+CprmafwnKS0CQvONtZceVE8tOkxpW0kv2dl5z/lDgZtCtW2HPDw==",
      "viewCount": null,
      "duration": "35:52",
      "size": 655497065
    },
    {
      "id": "c664f2d3-ab28-4861-abcb-eef451c6a07f",
      "pid": "22f0c8d6-ac78-4520-ae15-564c1c2c7a2e",
      "dblevel": 5,
      "location": "/VGMV/01_BaiGiang/HocTheoSachTrongKinhThanh/Thu2Co-rinh-to-MSNguyenThi/29_2Co130110",
      "isVideo": true,
      "url": "01-bai-giang.hoc-theo-sach-trong-kinh-thanh.thu-2co-rinh-to-ms-nguyen-thi.29-2co130110",
      "name": "29_2Co130110",
      "count": 0,
      "isLeaf": null,
      "keyword": null,
      "hash": "U2FsdGVkX1+eyDxVve1ZyjZ/vnhma89ABsCL8hF6L8wBNJmY1M3zRcbSexrULOwEGDia0tn9/XPsVCkCXFalbg==",
      "khash": "U2FsdGVkX1+QsHvRL2YB0aygNb+32YqaMaeZ5bnl+8bUNx3/KX6BlfWk0w84NDCg9+16CUmtbFhRj92OEwvCcA==",
      "viewCount": null,
      "duration": "35:37",
      "size": 671679784
    },
    {
      "id": "bd175131-3f90-4876-81af-40abb5887625",
      "pid": "22f0c8d6-ac78-4520-ae15-564c1c2c7a2e",
      "dblevel": 5,
      "location": "/VGMV/01_BaiGiang/HocTheoSachTrongKinhThanh/Thu2Co-rinh-to-MSNguyenThi/30_2Co130510",
      "isVideo": true,
      "url": "01-bai-giang.hoc-theo-sach-trong-kinh-thanh.thu-2co-rinh-to-ms-nguyen-thi.30-2co130510",
      "name": "30_2Co130510",
      "count": 0,
      "isLeaf": null,
      "keyword": null,
      "hash": "U2FsdGVkX1/1ikX+BOYHhkNw5rYHWX1V4P7DJUl6+S33YVSYVfkX/T/L40oGP6N5k5BuDsDy/LQE77zNjnYwxQ==",
      "khash": "U2FsdGVkX1/iIRMuMaz9VFdVGchFXzOWXYBkCpZeeBjt0k4RNwE9u4Hwk8vHxZ/VUDGafrzO3k53rWqU4G+3Tg==",
      "viewCount": null,
      "duration": "30:47",
      "size": 558195100
    },
    {
      "id": "5aafbde3-d344-4283-b2f4-919184d1078f",
      "pid": "22f0c8d6-ac78-4520-ae15-564c1c2c7a2e",
      "dblevel": 5,
      "location": "/VGMV/01_BaiGiang/HocTheoSachTrongKinhThanh/Thu2Co-rinh-to-MSNguyenThi/31_2Co131113",
      "isVideo": true,
      "url": "01-bai-giang.hoc-theo-sach-trong-kinh-thanh.thu-2co-rinh-to-ms-nguyen-thi.31-2co131113",
      "name": "31_2Co131113",
      "count": 0,
      "isLeaf": null,
      "keyword": null,
      "hash": "U2FsdGVkX1++vK7S58kJPXIYCL7rW7uG0v1pfeVq1Cd3BEo921LA3Qp2Ao59xJgt+GxUIsdQ7jJDbAUr2JWGrg==",
      "khash": "U2FsdGVkX19HjiZAvH30h5f6HVavqpLauGYjcJPsYd4fiXaN5qykzSPc0wfm/Bky8FgQ4aRdpgsP3Ki07muFDw==",
      "viewCount": null,
      "duration": "35:28",
      "size": 539289244
    }
  ]
}