{
  "id": "e3c7d92d-bd17-4321-87e8-d89c4b4eb475",
  "pid": "418791c8-58d8-464d-8d6a-263831368705",
  "dblevel": 5,
  "location": "/VGMV/01_BaiGiang/HocTheoSachTrongKinhThanh/TimHieuThanhKinh/GioiThieu",
  "isVideo": true,
  "url": "01-bai-giang.hoc-theo-sach-trong-kinh-thanh.tim-hieu-thanh-kinh.gioi-thieu",
  "name": "Giới Thiệu",
  "count": 8,
  "isLeaf": true,
  "keyword": null,
  "hash": null,
  "khash": null,
  "viewCount": null,
  "duration": null,
  "size": null,
  "children": [
    {
      "id": "30f8c2e5-f345-40c3-9343-00818501bbe2",
      "pid": "e3c7d92d-bd17-4321-87e8-d89c4b4eb475",
      "dblevel": 6,
      "location": "/VGMV/01_BaiGiang/HocTheoSachTrongKinhThanh/TimHieuThanhKinh/GioiThieu/01-QuyenSachCoMotKhongHai",
      "isVideo": true,
      "url": "01-bai-giang.hoc-theo-sach-trong-kinh-thanh.tim-hieu-thanh-kinh.gioi-thieu.01-quyen-sach-co-mot-khong-hai",
      "name": "01-Quyển Sách Có Một Không Hai",
      "count": 0,
      "isLeaf": null,
      "keyword": null,
      "hash": "U2FsdGVkX1+2R5X3G8Ol8tvxci8dQLZYhXNWwl7d5yP250/cY9BkcN5iVYhJA0k7zBmcfKrDQ88S30mIO+JwlA==",
      "khash": "U2FsdGVkX1/ktuf1h6KvSMZBs0vEVtuT/VlVSf59RQL09ePiTFaJmMaE2GYdRe1tIXHfKIFeUaq0qdSEfS1PHQ==",
      "viewCount": null,
      "duration": "22:0",
      "size": 645002685
    },
    {
      "id": "659cdcb7-9312-4504-8481-cb499570bbc7",
      "pid": "e3c7d92d-bd17-4321-87e8-d89c4b4eb475",
      "dblevel": 6,
      "location": "/VGMV/01_BaiGiang/HocTheoSachTrongKinhThanh/TimHieuThanhKinh/GioiThieu/02-BangChungXacThucVeKinhThanh",
      "isVideo": true,
      "url": "01-bai-giang.hoc-theo-sach-trong-kinh-thanh.tim-hieu-thanh-kinh.gioi-thieu.02-bang-chung-xac-thuc-ve-kinh-thanh",
      "name": "02-Bằng Chứng Xác Thực Về Kinh Thánh",
      "count": 0,
      "isLeaf": null,
      "keyword": null,
      "hash": "U2FsdGVkX19iVnhMqVr1qnjmhX5J4tWQaUoLhwTZUQZLoxe3uAdLASuWWwwkAdO+TL6uzf9waYPWIXePpoCN6A==",
      "khash": "U2FsdGVkX1/yss6jtqJOh9xua01WXP28Dd7wh4tXzCuJpU5lQ83MLCjbjradsFGlpChlFL/g2ypkBSpTR5WU1A==",
      "viewCount": null,
      "duration": "18:13",
      "size": 535315328
    },
    {
      "id": "7a0c96c6-25de-462d-81ab-b5f8950006da",
      "pid": "e3c7d92d-bd17-4321-87e8-d89c4b4eb475",
      "dblevel": 6,
      "location": "/VGMV/01_BaiGiang/HocTheoSachTrongKinhThanh/TimHieuThanhKinh/GioiThieu/03-MacKhai-HaHoi-SoiSang",
      "isVideo": true,
      "url": "01-bai-giang.hoc-theo-sach-trong-kinh-thanh.tim-hieu-thanh-kinh.gioi-thieu.03-mac-khai-ha-hoi-soi-sang",
      "name": "03-Mạc Khải - Hà Hơi - Soi Sáng",
      "count": 0,
      "isLeaf": null,
      "keyword": null,
      "hash": "U2FsdGVkX1/dXbXZQUSGL5MW8lHpucnJNgveWxyWq92/cJqNwKNx48EdSQBLLZFOX9mnuiDYwg7sUV+6PtiZmg==",
      "khash": "U2FsdGVkX1+1JDXZAjIXqxh+Hlur71FG4wOF4sEAOMyAueLbds1Rb8/PN4zkE2E0L9HHxcun/2ljWMuBoEoCXw==",
      "viewCount": null,
      "duration": "22:54",
      "size": 676469864
    },
    {
      "id": "139a8822-5e72-45dc-b949-44857ba1fa7e",
      "pid": "e3c7d92d-bd17-4321-87e8-d89c4b4eb475",
      "dblevel": 6,
      "location": "/VGMV/01_BaiGiang/HocTheoSachTrongKinhThanh/TimHieuThanhKinh/GioiThieu/04-HocKinhThanh-QuanSat",
      "isVideo": true,
      "url": "01-bai-giang.hoc-theo-sach-trong-kinh-thanh.tim-hieu-thanh-kinh.gioi-thieu.04-hoc-kinh-thanh-quan-sat",
      "name": "04-Học Kinh Thánh - Quan Sát",
      "count": 0,
      "isLeaf": null,
      "keyword": null,
      "hash": "U2FsdGVkX18nFkhmm51oEBTrAXCbFMXPAt+ebx1Y/PJsotE2rGOxcQuZQeDFvHV83ug87cqFvFENRNLx/zVirw==",
      "khash": "U2FsdGVkX1/9z73h2JxvQtxLKbDf33fDONa2U+p/hqnJC8FXmaVfTfDnFwjNWq1kpvPLEoXDyEcR/iIiHpsp2g==",
      "viewCount": null,
      "duration": "21:52",
      "size": 646339892
    },
    {
      "id": "45c07e9b-0495-41db-8d5b-a3849dfffe46",
      "pid": "e3c7d92d-bd17-4321-87e8-d89c4b4eb475",
      "dblevel": 6,
      "location": "/VGMV/01_BaiGiang/HocTheoSachTrongKinhThanh/TimHieuThanhKinh/GioiThieu/05-HocKinhThanh-GiaiNghia",
      "isVideo": true,
      "url": "01-bai-giang.hoc-theo-sach-trong-kinh-thanh.tim-hieu-thanh-kinh.gioi-thieu.05-hoc-kinh-thanh-giai-nghia",
      "name": "05-Học Kinh Thánh - Giải Nghĩa",
      "count": 0,
      "isLeaf": null,
      "keyword": null,
      "hash": "U2FsdGVkX18FN2GD40trXwPKyY6J1S8bEBOe7KWR3gYEbm7enODRCpDuCT9lgs5MnDwlgE5Q/69A7tC1FHNOLw==",
      "khash": "U2FsdGVkX18rt8ievcEikAnprvtHRMlM3x/wiq40k/IN13zqly/xcn9v5ygqKTltXoqKhONDg6GOgCUvIYYehA==",
      "viewCount": null,
      "duration": "28:31",
      "size": 842093653
    },
    {
      "id": "820d1ad3-83c6-4f3f-91d9-5e77e7da6e5e",
      "pid": "e3c7d92d-bd17-4321-87e8-d89c4b4eb475",
      "dblevel": 6,
      "location": "/VGMV/01_BaiGiang/HocTheoSachTrongKinhThanh/TimHieuThanhKinh/GioiThieu/06-HocKinhThanh-ApDung",
      "isVideo": true,
      "url": "01-bai-giang.hoc-theo-sach-trong-kinh-thanh.tim-hieu-thanh-kinh.gioi-thieu.06-hoc-kinh-thanh-ap-dung",
      "name": "06-Học Kinh Thánh - Áp Dụng",
      "count": 0,
      "isLeaf": null,
      "keyword": null,
      "hash": "U2FsdGVkX18yLCRnMtnBOf8zFjToacPYA9UCxj6WsiIMsT/DpZ/f9DV/bRYsahtObEw+a26qlQTT4i6FMtACxA==",
      "khash": "U2FsdGVkX1+BJc6zeVnAVViSzHhq7IWg+cB0wTjUdNmvY3qrmAv8+3zmmLSlcrGTOB7GDwZ8tjyZTghIk7H5pA==",
      "viewCount": null,
      "duration": "30:9",
      "size": 892839238
    },
    {
      "id": "61b034c8-9a05-4d2c-b79a-f99047ff94b8",
      "pid": "e3c7d92d-bd17-4321-87e8-d89c4b4eb475",
      "dblevel": 6,
      "location": "/VGMV/01_BaiGiang/HocTheoSachTrongKinhThanh/TimHieuThanhKinh/GioiThieu/07-VangLoiChua",
      "isVideo": true,
      "url": "01-bai-giang.hoc-theo-sach-trong-kinh-thanh.tim-hieu-thanh-kinh.gioi-thieu.07-vang-loi-chua",
      "name": "07-Vâng Lời Chúa",
      "count": 0,
      "isLeaf": null,
      "keyword": null,
      "hash": "U2FsdGVkX18/pQ3UCk9EiOQn3qq3fQx5vBg8MJCiH8Xa6HlggkLdobbCpN6gA+ug5n28kZProt/fpbat7b1M9Q==",
      "khash": "U2FsdGVkX185IWJMgub7N6FDq3WdLWlQoomdGfL//VBxhxTpDdd/JRbfCzk3VFM8cEcIidNyNCgifZI45wbPpg==",
      "viewCount": null,
      "duration": "27:15",
      "size": 806751088
    },
    {
      "id": "8bea9c68-9d76-459c-90d1-d460cefdbe8f",
      "pid": "e3c7d92d-bd17-4321-87e8-d89c4b4eb475",
      "dblevel": 6,
      "location": "/VGMV/01_BaiGiang/HocTheoSachTrongKinhThanh/TimHieuThanhKinh/GioiThieu/08-TruyenDayKinhThanh",
      "isVideo": true,
      "url": "01-bai-giang.hoc-theo-sach-trong-kinh-thanh.tim-hieu-thanh-kinh.gioi-thieu.08-truyen-day-kinh-thanh",
      "name": "08-Truyền Dạy Kinh Thánh",
      "count": 0,
      "isLeaf": null,
      "keyword": null,
      "hash": "U2FsdGVkX19f15JNrC5I5gcUmPrmndIeacoxlM53aV9AMtGgFts3BUSyOSPeGGiHK/BWV7lFYjQGlNXx+45+sQ==",
      "khash": "U2FsdGVkX1/PdizmNvLKKx2uZK3OkF/KS8EK4dlg7a0N3p7WHdZlSbYvnn38EBFGloREY25hnyMY2f5Av39cXQ==",
      "viewCount": null,
      "duration": "28:44",
      "size": 849450946
    }
  ]
}