{
  "id": "af2d4de5-93d1-4c6e-ad79-74899dfd9628",
  "pid": "71832048-cb5a-498b-a6d9-9d1831fd437b",
  "dblevel": 4,
  "location": "/VGMV/01_BaiGiang/HocTheoChuDe/07-SuTaiLamCuaChuaGie-xu-MSThaiPhuocTruong",
  "isVideo": true,
  "url": "01-bai-giang.hoc-theo-chu-de.07-su-tai-lam-cua-chua-gie-xu-ms-thai-phuoc-truong",
  "name": "07-Sự Tái Lâm Của Chúa Giê-xu - MS Thái Phước Trường",
  "count": 6,
  "isLeaf": true,
  "keyword": null,
  "hash": null,
  "khash": null,
  "viewCount": null,
  "duration": null,
  "size": null,
  "children": [
    {
      "id": "d1746349-cd47-4bd1-ae95-ac7f89dff891",
      "pid": "af2d4de5-93d1-4c6e-ad79-74899dfd9628",
      "dblevel": 5,
      "location": "/VGMV/01_BaiGiang/HocTheoChuDe/07-SuTaiLamCuaChuaGie-xu-MSThaiPhuocTruong/SuTaiLamCuaChuaGie-xuP1",
      "isVideo": true,
      "url": "01-bai-giang.hoc-theo-chu-de.07-su-tai-lam-cua-chua-gie-xu-ms-thai-phuoc-truong.su-tai-lam-cua-chua-gie-xu-p1",
      "name": "Sự Tái Lâm Của Chúa Giê-xu P1",
      "count": 0,
      "isLeaf": null,
      "keyword": null,
      "hash": "U2FsdGVkX19zqXT+7LYFtMmR6TObIEKcTADehCJDhtfarbDYIJMim55e1xZmzYZp1/R/2q1xxwAkObvKGiUEPg==",
      "khash": "U2FsdGVkX1/CUXUs+L/FddtAdO3VspUoMU3Ceb8FB4xXiXP+O3yjhm7+23/gNMQReC/441Lzi/M/QInUd01IoQ==",
      "viewCount": null,
      "duration": "37:33",
      "size": 1022428454
    },
    {
      "id": "b8d21251-7104-4bb3-8cea-3d62e2815bd8",
      "pid": "af2d4de5-93d1-4c6e-ad79-74899dfd9628",
      "dblevel": 5,
      "location": "/VGMV/01_BaiGiang/HocTheoChuDe/07-SuTaiLamCuaChuaGie-xu-MSThaiPhuocTruong/SuTaiLamCuaChuaGie-xuP2",
      "isVideo": true,
      "url": "01-bai-giang.hoc-theo-chu-de.07-su-tai-lam-cua-chua-gie-xu-ms-thai-phuoc-truong.su-tai-lam-cua-chua-gie-xu-p2",
      "name": "Sự Tái Lâm Của Chúa Giê-xu P2",
      "count": 0,
      "isLeaf": null,
      "keyword": null,
      "hash": "U2FsdGVkX18GjbEO4zdJ9FGsf9SDG8m/DPal/NywZ10dmluZ7zO40RU7piEViQeiy0ZabpGB0+FlTCpcJU91cA==",
      "khash": "U2FsdGVkX18xuLyIorqBr/oH855oXQDZpB+wqQRgF1VSDVKo7o+CCR4WUtOWfhQTml1VzXc6Gt5rijyzji5oKw==",
      "viewCount": null,
      "duration": "38:13",
      "size": 1041913903
    },
    {
      "id": "7e353026-24e6-48b0-9f97-610e19435efe",
      "pid": "af2d4de5-93d1-4c6e-ad79-74899dfd9628",
      "dblevel": 5,
      "location": "/VGMV/01_BaiGiang/HocTheoChuDe/07-SuTaiLamCuaChuaGie-xu-MSThaiPhuocTruong/SuTaiLamCuaChuaGie-xuP3",
      "isVideo": true,
      "url": "01-bai-giang.hoc-theo-chu-de.07-su-tai-lam-cua-chua-gie-xu-ms-thai-phuoc-truong.su-tai-lam-cua-chua-gie-xu-p3",
      "name": "Sự Tái Lâm Của Chúa Giê-xu P3",
      "count": 0,
      "isLeaf": null,
      "keyword": null,
      "hash": "U2FsdGVkX1/ARxfVpkrlgWUy4/tJ2sa59sGdnOqTARsdN/p4D9EBKEbZjEon53PAqSyaVDa7CFeHSFx4zkyqYw==",
      "khash": "U2FsdGVkX1/+0yA4lQC+c80H/QzEkhdFoIvqn2XbxvSNTMWx8yVj4qwafx2mQYtkoMuHKOd0HlvxzY0rpmvkww==",
      "viewCount": null,
      "duration": "36:24",
      "size": 989477806
    },
    {
      "id": "f607a625-ace9-489d-8448-fc26151d99e4",
      "pid": "af2d4de5-93d1-4c6e-ad79-74899dfd9628",
      "dblevel": 5,
      "location": "/VGMV/01_BaiGiang/HocTheoChuDe/07-SuTaiLamCuaChuaGie-xu-MSThaiPhuocTruong/SuTaiLamCuaChuaGie-xuP4",
      "isVideo": true,
      "url": "01-bai-giang.hoc-theo-chu-de.07-su-tai-lam-cua-chua-gie-xu-ms-thai-phuoc-truong.su-tai-lam-cua-chua-gie-xu-p4",
      "name": "Sự Tái Lâm Của Chúa Giê-xu P4",
      "count": 0,
      "isLeaf": null,
      "keyword": null,
      "hash": "U2FsdGVkX1+4gDpdnIZgXq8Duv5QDQbl+UEWl534CLxEdYwooDr2zgm1F55cuzVHVZbr8ZGoUdc/N8RUZkdMyQ==",
      "khash": "U2FsdGVkX1+Q1950xnBWmV6oV6LdWpfWkqRwMpdQyj1aq5j3dWoFJRzSeCJekGXyIyUjgYTqeQIv0CJeGasCGA==",
      "viewCount": null,
      "duration": "40:30",
      "size": 1099420579
    },
    {
      "id": "a94e74a3-49d8-4525-82a2-ebf38e5b23e3",
      "pid": "af2d4de5-93d1-4c6e-ad79-74899dfd9628",
      "dblevel": 5,
      "location": "/VGMV/01_BaiGiang/HocTheoChuDe/07-SuTaiLamCuaChuaGie-xu-MSThaiPhuocTruong/SuTaiLamCuaChuaGie-xuP5",
      "isVideo": true,
      "url": "01-bai-giang.hoc-theo-chu-de.07-su-tai-lam-cua-chua-gie-xu-ms-thai-phuoc-truong.su-tai-lam-cua-chua-gie-xu-p5",
      "name": "Sự Tái Lâm Của Chúa Giê-xu P5",
      "count": 0,
      "isLeaf": null,
      "keyword": null,
      "hash": "U2FsdGVkX185U5iMa2Eb/UZ112/4HujdlIxB/z4l8zneTdCq5e4M4u5zBGR7OjsF8I4st7zOdn4yzwuaIN0/6w==",
      "khash": "U2FsdGVkX19CUvdvGV1P9RWaLbJtl8qGwR+H0dxvH/Px0hz/6iS/ibA4e4NxbeCXc8kWSCg9RQC3C9fgs7t+6w==",
      "viewCount": null,
      "duration": "36:22",
      "size": 992366879
    },
    {
      "id": "9193b087-6b54-4468-8129-a4a64cf17762",
      "pid": "af2d4de5-93d1-4c6e-ad79-74899dfd9628",
      "dblevel": 5,
      "location": "/VGMV/01_BaiGiang/HocTheoChuDe/07-SuTaiLamCuaChuaGie-xu-MSThaiPhuocTruong/SuTaiLamCuaChuaGie-xuP6",
      "isVideo": true,
      "url": "01-bai-giang.hoc-theo-chu-de.07-su-tai-lam-cua-chua-gie-xu-ms-thai-phuoc-truong.su-tai-lam-cua-chua-gie-xu-p6",
      "name": "Sự Tái Lâm Của Chúa Giê-xu P6",
      "count": 0,
      "isLeaf": null,
      "keyword": null,
      "hash": "U2FsdGVkX1+WRZzKTWor4s/zHjFQauvOsj6pYK+DBugDchO21IxyUMLXC+vPNP2eEjgLaKDM/E2qsbn8BjRBoA==",
      "khash": "U2FsdGVkX1+Wo7rQoaAP1hwiF4BOVrNIIZmxBnTYP0VJMKejf5sEbwkYxKeT8j0kvhgTXQPC1LD/LlEjUQFuSA==",
      "viewCount": null,
      "duration": "40:32",
      "size": 1096928393
    }
  ]
}