{
  "id": "7282ae72-4bd6-47a7-892e-91193270098a",
  "pid": "fc6e547f-514a-4abb-88d7-8a843ad24da2",
  "dblevel": 4,
  "location": "/VGMV/01_BaiGiang/HocTheoSachTrongKinhThanh/PhucAmMa-thi-o-MSNguyenThi",
  "isVideo": true,
  "url": "01-bai-giang.hoc-theo-sach-trong-kinh-thanh.phuc-am-ma-thi-o-ms-nguyen-thi",
  "name": "Phúc Âm Ma-thi-ơ - MS Nguyễn Thỉ",
  "count": 91,
  "isLeaf": true,
  "keyword": null,
  "hash": null,
  "khash": null,
  "viewCount": null,
  "duration": null,
  "size": null,
  "children": [
    {
      "id": "fcd78d92-76cf-47d3-9995-8b12202ac193",
      "pid": "7282ae72-4bd6-47a7-892e-91193270098a",
      "dblevel": 5,
      "location": "/VGMV/01_BaiGiang/HocTheoSachTrongKinhThanh/PhucAmMa-thi-o-MSNguyenThi/01_GioiThieuPhucAmMa-thi-o",
      "isVideo": true,
      "url": "01-bai-giang.hoc-theo-sach-trong-kinh-thanh.phuc-am-ma-thi-o-ms-nguyen-thi.01-gioi-thieu-phuc-am-ma-thi-o",
      "name": "01_Giới Thiệu Phúc Âm Ma-thi-ơ",
      "count": 0,
      "isLeaf": null,
      "keyword": null,
      "hash": "U2FsdGVkX18unASyGNRzXhyqHRDsT7GwnAex0U0Kl2WB7JRLLIWVJtFWiaSZoLPd27SQUq4+i6jZOPkfur9SWQ==",
      "khash": "U2FsdGVkX18JYrWLC6/Awr1tECyeqTZmj/tj48Anjq2wZ/GnQURFZU9bh9OZ6R5db9avWmasgYRFvzyKdLauKA==",
      "viewCount": null,
      "duration": "31:14",
      "size": 265023888
    },
    {
      "id": "9a37e032-c067-4ec8-b1cf-1e8756d72799",
      "pid": "7282ae72-4bd6-47a7-892e-91193270098a",
      "dblevel": 5,
      "location": "/VGMV/01_BaiGiang/HocTheoSachTrongKinhThanh/PhucAmMa-thi-o-MSNguyenThi/02_Mat010117_GiaPhaChuaGie-xu",
      "isVideo": true,
      "url": "01-bai-giang.hoc-theo-sach-trong-kinh-thanh.phuc-am-ma-thi-o-ms-nguyen-thi.02-mat010117-gia-pha-chua-gie-xu",
      "name": "02_Mat010117_Gia Phả Chúa Giê-xu",
      "count": 0,
      "isLeaf": null,
      "keyword": null,
      "hash": "U2FsdGVkX1/Y3gU0CbDuGxefW0C8/gISh7utXaBFgCA+xzci0Obdxfkj2iGz3TT/FTOIPdn5wOHKvA9ypQacLQ==",
      "khash": "U2FsdGVkX19kBwyKQqSNjM0CXEn6OFpsquxXCkVkAtY3Md8+hqA9UF7MsdbfVZQTqCjBR5/wqKaB/L0tzZN/cA==",
      "viewCount": null,
      "duration": "33:3",
      "size": 278416479
    },
    {
      "id": "1fa221ec-f5e9-4502-a6d2-1d3df59dae5d",
      "pid": "7282ae72-4bd6-47a7-892e-91193270098a",
      "dblevel": 5,
      "location": "/VGMV/01_BaiGiang/HocTheoSachTrongKinhThanh/PhucAmMa-thi-o-MSNguyenThi/03_Mat011825_CauChuyenGiangSinh",
      "isVideo": true,
      "url": "01-bai-giang.hoc-theo-sach-trong-kinh-thanh.phuc-am-ma-thi-o-ms-nguyen-thi.03-mat011825-cau-chuyen-giang-sinh",
      "name": "03_Mat011825_Câu Chuyện Giáng Sinh",
      "count": 0,
      "isLeaf": null,
      "keyword": null,
      "hash": "U2FsdGVkX19sUK2iTMlsQOhXUeVQgCiSTqRwzzuk+N8gW+0EPInQUR9mVaSHu+cooQ7+ri0jY1WkI7zfTXIN2w==",
      "khash": "U2FsdGVkX1+1xONU4/09zbet+JIY5r3PNkVVplrBBdKpzTkLUnC5YG+yLTdXpFCJoIfyeWxKvKOVr6oA8dVs5g==",
      "viewCount": null,
      "duration": "47:28",
      "size": 402813889
    },
    {
      "id": "6dc3bdd9-7783-4db7-8289-2d77235ecda0",
      "pid": "7282ae72-4bd6-47a7-892e-91193270098a",
      "dblevel": 5,
      "location": "/VGMV/01_BaiGiang/HocTheoSachTrongKinhThanh/PhucAmMa-thi-o-MSNguyenThi/04_Mat020112_CacNhaThongThaiDongPhuong",
      "isVideo": true,
      "url": "01-bai-giang.hoc-theo-sach-trong-kinh-thanh.phuc-am-ma-thi-o-ms-nguyen-thi.04-mat020112-cac-nha-thong-thai-dong-phuong",
      "name": "04_Mat020112_Các Nhà Thông Thái Đông Phương",
      "count": 0,
      "isLeaf": null,
      "keyword": null,
      "hash": "U2FsdGVkX18kWvHXqMm/RoZsZOseU5cRtCjkw0igdlLCNHDPVlTXTgnavOLFMVQzkvEcFh30yC2BayIwkig6jA==",
      "khash": "U2FsdGVkX1/be4DGAAuzEMGh/d1bULs1k2ypMWivoXvfde5iXhRiFryw7Se8yTJCo85Xl8VH9apaa6aK8/ZcTg==",
      "viewCount": null,
      "duration": "40:38",
      "size": 344031034
    },
    {
      "id": "2241caa1-1ac4-4350-88df-55b0e3f2e60a",
      "pid": "7282ae72-4bd6-47a7-892e-91193270098a",
      "dblevel": 5,
      "location": "/VGMV/01_BaiGiang/HocTheoSachTrongKinhThanh/PhucAmMa-thi-o-MSNguyenThi/05_Mat021323_LanhNanVaHoiHuong",
      "isVideo": true,
      "url": "01-bai-giang.hoc-theo-sach-trong-kinh-thanh.phuc-am-ma-thi-o-ms-nguyen-thi.05-mat021323-lanh-nan-va-hoi-huong",
      "name": "05_Mat021323_Lánh Nạn Và Hồi Hương",
      "count": 0,
      "isLeaf": null,
      "keyword": null,
      "hash": "U2FsdGVkX1+NiEGH166PHVbv6VZT00Bz7FqO4k6BPULA2veBGhiLj9kE6nGHgTwF0ZJ0a5SWAABkcwEFOxde/Q==",
      "khash": "U2FsdGVkX1+q5xk4MtG5cGvpuej/Mj3srhsYz+2rdjPAMR63FXEUSniig207oevCAIML1edmS8l3VD4EnIm9zQ==",
      "viewCount": null,
      "duration": "40:1",
      "size": 336669061
    },
    {
      "id": "f0d06938-aa3a-4d87-abf0-0f2fc1a2a93b",
      "pid": "7282ae72-4bd6-47a7-892e-91193270098a",
      "dblevel": 5,
      "location": "/VGMV/01_BaiGiang/HocTheoSachTrongKinhThanh/PhucAmMa-thi-o-MSNguyenThi/06_Mat030112_ChucVuCuaGiangBap-tit",
      "isVideo": true,
      "url": "01-bai-giang.hoc-theo-sach-trong-kinh-thanh.phuc-am-ma-thi-o-ms-nguyen-thi.06-mat030112-chuc-vu-cua-giang-bap-tit",
      "name": "06_Mat030112_Chức Vụ Của Giăng Báp-tit",
      "count": 0,
      "isLeaf": null,
      "keyword": null,
      "hash": "U2FsdGVkX1+RIi+nRf0PhZqN9AyXT90CgqNofHX27K6ntG12n/4S68pCEpAidjtRhtgmhmkjM7fQOQRSIVlNjg==",
      "khash": "U2FsdGVkX1+fr+9AQ67/qrMgpOreRS5/MhZiL2kDJKwItLq7oh4IaHxZWtd9dwJ+wa4gT605m60a+NqqJmDJkQ==",
      "viewCount": null,
      "duration": "56:3",
      "size": 438396127
    },
    {
      "id": "f5aac95c-92e4-41d5-a59a-226bfb1abfd0",
      "pid": "7282ae72-4bd6-47a7-892e-91193270098a",
      "dblevel": 5,
      "location": "/VGMV/01_BaiGiang/HocTheoSachTrongKinhThanh/PhucAmMa-thi-o-MSNguyenThi/07_Mat031317",
      "isVideo": true,
      "url": "01-bai-giang.hoc-theo-sach-trong-kinh-thanh.phuc-am-ma-thi-o-ms-nguyen-thi.07-mat031317",
      "name": "07_Mat031317",
      "count": 0,
      "isLeaf": null,
      "keyword": null,
      "hash": "U2FsdGVkX1+M6+MhHAg20HoYxaWix1zOQV4cuR0I79f39T1+EyYn15+ESsTqM2h88+Fz+sMC7jc3HxE0SIjFmg==",
      "khash": "U2FsdGVkX1+ObAur9sXMgxc74jSkBuP2z6o0vfUSGBBdP774PZR9XJc+1I2UiS5ZEQzuNlAsuH/rppASMji3wg==",
      "viewCount": null,
      "duration": "29:10",
      "size": 247893990
    },
    {
      "id": "39354beb-5374-458e-b8e0-467bca4a7ad1",
      "pid": "7282ae72-4bd6-47a7-892e-91193270098a",
      "dblevel": 5,
      "location": "/VGMV/01_BaiGiang/HocTheoSachTrongKinhThanh/PhucAmMa-thi-o-MSNguyenThi/08_Mat040111_ChuaChiuCamDo",
      "isVideo": true,
      "url": "01-bai-giang.hoc-theo-sach-trong-kinh-thanh.phuc-am-ma-thi-o-ms-nguyen-thi.08-mat040111-chua-chiu-cam-do",
      "name": "08_Mat040111_Chúa Chịu Cám Dỗ",
      "count": 0,
      "isLeaf": null,
      "keyword": null,
      "hash": "U2FsdGVkX181vCqXEZ/C2ojQ/YPDzkJVKDJmROkxU7zNYmnRWhBLbqGpt98fKgZ6Xkvhf7MhKU/36ZNzn1dqAg==",
      "khash": "U2FsdGVkX18iYLYVnsk1FbRUf1/S2ahNslK/s8jSixPI+Hqe906kMWQcPoe1W5c+nYcZlTN58pqtNIIWqRXK/w==",
      "viewCount": null,
      "duration": "36:37",
      "size": 305611077
    },
    {
      "id": "85c3a46e-79e5-4b34-9e56-b94739ae6950",
      "pid": "7282ae72-4bd6-47a7-892e-91193270098a",
      "dblevel": 5,
      "location": "/VGMV/01_BaiGiang/HocTheoSachTrongKinhThanh/PhucAmMa-thi-o-MSNguyenThi/09_Mat041225_BatDauChucVuTaiGa-li-le",
      "isVideo": true,
      "url": "01-bai-giang.hoc-theo-sach-trong-kinh-thanh.phuc-am-ma-thi-o-ms-nguyen-thi.09-mat041225-bat-dau-chuc-vu-tai-ga-li-le",
      "name": "09_Mat041225_Bắt Đầu Chức Vụ Tại Ga-li-lê",
      "count": 0,
      "isLeaf": null,
      "keyword": null,
      "hash": "U2FsdGVkX1/pvEWV3bGd46O6ClBFQx54LQ3Y3T22o6cvNC3/NLQ+g/p/CTRScdKDdoGvk8NM+GZKEYX7y+C63w==",
      "khash": "U2FsdGVkX1/TILmCLzEuG9aOX9wjPqRpSB/Pm58zRkspoP6b5pvF0d7OhbwKwB91Dz8sVFwN2tQHpUYYjyOWSQ==",
      "viewCount": null,
      "duration": "42:3",
      "size": 341576554
    },
    {
      "id": "8155c50a-e92c-448a-944e-b66b2e27681b",
      "pid": "7282ae72-4bd6-47a7-892e-91193270098a",
      "dblevel": 5,
      "location": "/VGMV/01_BaiGiang/HocTheoSachTrongKinhThanh/PhucAmMa-thi-o-MSNguyenThi/10_Mat050112_CacPhuocLanh-P1",
      "isVideo": true,
      "url": "01-bai-giang.hoc-theo-sach-trong-kinh-thanh.phuc-am-ma-thi-o-ms-nguyen-thi.10-mat050112-cac-phuoc-lanh-p1",
      "name": "10_Mat050112_Các Phước Lành-P1",
      "count": 0,
      "isLeaf": null,
      "keyword": null,
      "hash": "U2FsdGVkX1+ivShlMx3AQuswNgM3laWeEbdoQzKi8HWR8WGekHPWv6oF9daATSlePQjQ89hdzZ5fJfv/uIi38w==",
      "khash": "U2FsdGVkX1/Ki6MZqBelQ4oqT9UscB0R8zqOWYPpijLt54r9rmd21EesLTTP2K19lSes8zEgCsd3zJj1onuwMg==",
      "viewCount": null,
      "duration": "38:19",
      "size": 323126311
    },
    {
      "id": "f25b490a-b76d-4355-8d4a-9c2923d5e2b0",
      "pid": "7282ae72-4bd6-47a7-892e-91193270098a",
      "dblevel": 5,
      "location": "/VGMV/01_BaiGiang/HocTheoSachTrongKinhThanh/PhucAmMa-thi-o-MSNguyenThi/11_Mat050112_CacPhuocLanh-P2",
      "isVideo": true,
      "url": "01-bai-giang.hoc-theo-sach-trong-kinh-thanh.phuc-am-ma-thi-o-ms-nguyen-thi.11-mat050112-cac-phuoc-lanh-p2",
      "name": "11_Mat050112_Các Phước Lành-P2",
      "count": 0,
      "isLeaf": null,
      "keyword": null,
      "hash": "U2FsdGVkX18ef3kHQ3Wd/K9oj1h64iD6Gut425h3aspVXk0rl9siFLdiBoqUApSsZ8/dRtGR6EjXA1ulZDeHRw==",
      "khash": "U2FsdGVkX1/xW0PaD89UHNE4yPMCGKEczIT+A4U/uDpRf1HsaDKvDCpy/df8+y/xEJUrvieG+FzAGaHiSlJe2Q==",
      "viewCount": null,
      "duration": "34:12",
      "size": 285004976
    },
    {
      "id": "ca20c780-7e05-409e-a558-f7e75ec551ce",
      "pid": "7282ae72-4bd6-47a7-892e-91193270098a",
      "dblevel": 5,
      "location": "/VGMV/01_BaiGiang/HocTheoSachTrongKinhThanh/PhucAmMa-thi-o-MSNguyenThi/12_Mat051320_MuoiAnhSangVaTieuChuanCongChinh",
      "isVideo": true,
      "url": "01-bai-giang.hoc-theo-sach-trong-kinh-thanh.phuc-am-ma-thi-o-ms-nguyen-thi.12-mat051320-muoi-anh-sang-va-tieu-chuan-cong-chinh",
      "name": "12_Mat051320_Muối Ánh Sáng Và Tiêu Chuẩn Công Chính",
      "count": 0,
      "isLeaf": null,
      "keyword": null,
      "hash": "U2FsdGVkX18Qe1cFXDDZpnn1AGAMS9dYwkbRPXY3t5jz/RiH9J1m6LLUTT6d6kIwQ2aweKvNiLKgVDEX9fu2Lw==",
      "khash": "U2FsdGVkX1/Nw3YB9lSjlfxnJnxBf8jAqD4O/MTY2zPfprWM2FwnMyEoTxIP27/0jIOs2PhiNo5QaJZsbHLF1Q==",
      "viewCount": null,
      "duration": "43:9",
      "size": 361617054
    },
    {
      "id": "8c80628d-c797-43ab-a1eb-981f71a0f1ef",
      "pid": "7282ae72-4bd6-47a7-892e-91193270098a",
      "dblevel": 5,
      "location": "/VGMV/01_BaiGiang/HocTheoSachTrongKinhThanh/PhucAmMa-thi-o-MSNguyenThi/13_Mat052126_GianMang-DangCuaLe-LamHoa",
      "isVideo": true,
      "url": "01-bai-giang.hoc-theo-sach-trong-kinh-thanh.phuc-am-ma-thi-o-ms-nguyen-thi.13-mat052126-gian-mang-dang-cua-le-lam-hoa",
      "name": "13_Mat052126_Giận Mắng - Dâng Của Lễ - Làm Hòa",
      "count": 0,
      "isLeaf": null,
      "keyword": null,
      "hash": "U2FsdGVkX1/O8Q205fitHsiXtoK5XtpmsHjren8RMkPhoZ+48J0TQzGKthbOvdqZNGEE99Hi8PrBqun086WEEw==",
      "khash": "U2FsdGVkX1+kc6eRu7wX7DzrtW5ylWySGXw+SOaDwPNM74+zsFZCWB4XUcAHxGzMGdyMG+f2n2ZzEBLKXGlOBw==",
      "viewCount": null,
      "duration": "30:49",
      "size": 262102312
    },
    {
      "id": "bc297571-6edd-4160-87e0-8d927c186609",
      "pid": "7282ae72-4bd6-47a7-892e-91193270098a",
      "dblevel": 5,
      "location": "/VGMV/01_BaiGiang/HocTheoSachTrongKinhThanh/PhucAmMa-thi-o-MSNguyenThi/14_Mat052732_DongTinhThamMuon-NgoaiTinhVaLyDi",
      "isVideo": true,
      "url": "01-bai-giang.hoc-theo-sach-trong-kinh-thanh.phuc-am-ma-thi-o-ms-nguyen-thi.14-mat052732-dong-tinh-tham-muon-ngoai-tinh-va-ly-di",
      "name": "14_Mat052732_Động Tình Tham Muốn - Ngoại Tình Và Ly Dị",
      "count": 0,
      "isLeaf": null,
      "keyword": null,
      "hash": "U2FsdGVkX18WtV87SOQD3BnrbZ36KvLifMgGz9uO3q3a+b/bZcIlD6irIpiX0D/z27qZuZTMq0Uol0zy9jo8DA==",
      "khash": "U2FsdGVkX18BkZWXWhsKlVqO1eL/AdQgla0PQkosgFgvHGcsQvSjf5BFr6zaQ2gSvD3IlP9ap+AxqPgJM4xRXA==",
      "viewCount": null,
      "duration": "43:18",
      "size": 368317087
    },
    {
      "id": "34bba61c-f1c5-4585-bf1a-320382c268ef",
      "pid": "7282ae72-4bd6-47a7-892e-91193270098a",
      "dblevel": 5,
      "location": "/VGMV/01_BaiGiang/HocTheoSachTrongKinhThanh/PhucAmMa-thi-o-MSNguyenThi/15_Mat053342_TheThot-TraThu",
      "isVideo": true,
      "url": "01-bai-giang.hoc-theo-sach-trong-kinh-thanh.phuc-am-ma-thi-o-ms-nguyen-thi.15-mat053342-the-thot-tra-thu",
      "name": "15_Mat053342_Thề Thốt - Trả Thù",
      "count": 0,
      "isLeaf": null,
      "keyword": null,
      "hash": "U2FsdGVkX18U2tToA5u5ZqDQPl+qPROsIiGDBFZcAFu6ONePRrJlNnL2tcjeT1KOkm3k6SUYy3v+hT0rsSOo6Q==",
      "khash": "U2FsdGVkX1/Mmy5vIkDZevwrFsK2KEC4wDp7I7vs36Q1sgchLe5CD+SV53CjSHsoBrAveuhgMFRkdfdZALia2w==",
      "viewCount": null,
      "duration": "42:20",
      "size": 296076711
    },
    {
      "id": "95b394ba-56f1-4131-ad18-de2744585091",
      "pid": "7282ae72-4bd6-47a7-892e-91193270098a",
      "dblevel": 5,
      "location": "/VGMV/01_BaiGiang/HocTheoSachTrongKinhThanh/PhucAmMa-thi-o-MSNguyenThi/16_Mat0543-0604_HayNenTronVenVaSuBoThi",
      "isVideo": true,
      "url": "01-bai-giang.hoc-theo-sach-trong-kinh-thanh.phuc-am-ma-thi-o-ms-nguyen-thi.16-mat0543-0604-hay-nen-tron-ven-va-su-bo-thi",
      "name": "16_Mat0543-0604_Hãy Nên Trọn Vẹn Và Sự Bố Thí",
      "count": 0,
      "isLeaf": null,
      "keyword": null,
      "hash": "U2FsdGVkX1/HVyeLciyHduicQT1AB4doSL10h0hYR6AMGIGT/ENsGku2UZnjHkoDu82wFjlcBWQOxkbpbNb53w==",
      "khash": "U2FsdGVkX1/KnoH4utvETcE34D1wxvNtuWd7cTdCsRJ306j1umvtQ00CV3Gscv7H9nDxF1v72mlWoHC2jKLgmQ==",
      "viewCount": null,
      "duration": "33:30",
      "size": 280906603
    },
    {
      "id": "af7a932f-76c6-41dd-9762-7be9c6f274c8",
      "pid": "7282ae72-4bd6-47a7-892e-91193270098a",
      "dblevel": 5,
      "location": "/VGMV/01_BaiGiang/HocTheoSachTrongKinhThanh/PhucAmMa-thi-o-MSNguyenThi/17_Mat060515_CauNguyen",
      "isVideo": true,
      "url": "01-bai-giang.hoc-theo-sach-trong-kinh-thanh.phuc-am-ma-thi-o-ms-nguyen-thi.17-mat060515-cau-nguyen",
      "name": "17_Mat060515_Cầu Nguyện",
      "count": 0,
      "isLeaf": null,
      "keyword": null,
      "hash": "U2FsdGVkX19byem8QBsf0832pcLIYanNZMMylWglsyD61JfN9NE7TtAogDSYA45jM6AnPqn9RvEF2ZSBMZj0+w==",
      "khash": "U2FsdGVkX194RjrVtZp/2NBDvIFXcAEPgbistmcD/2S72aqjzZujLGxGcw2/rax135shIylfdpXXsuLKbkbTvw==",
      "viewCount": null,
      "duration": "55:44",
      "size": 455523928
    },
    {
      "id": "7979d23c-4ab8-48b0-af4a-21d9c51bc685",
      "pid": "7282ae72-4bd6-47a7-892e-91193270098a",
      "dblevel": 5,
      "location": "/VGMV/01_BaiGiang/HocTheoSachTrongKinhThanh/PhucAmMa-thi-o-MSNguyenThi/19_Mat062434_ChimHoaVaNguoi",
      "isVideo": true,
      "url": "01-bai-giang.hoc-theo-sach-trong-kinh-thanh.phuc-am-ma-thi-o-ms-nguyen-thi.19-mat062434-chim-hoa-va-nguoi",
      "name": "19_Mat062434_Chim Hoa Và Người",
      "count": 0,
      "isLeaf": null,
      "keyword": null,
      "hash": "U2FsdGVkX189YbP1tJgEaTw1W49qWOcUiL8n/BVvGHc5XNX2UjEHtkVfSOfVGsw5YNse8q5ERIdJ0ROT4GEVZA==",
      "khash": "U2FsdGVkX1/4OVnePQ4ouHKZ3UOS/IF/W2Yni5x5nsLfd+bAGpU28nR38pzCK4BAzp80ahTIOAH511TZFDNKrw==",
      "viewCount": null,
      "duration": "39:39",
      "size": 338105412
    },
    {
      "id": "ad6647c1-60a6-4217-8034-18e7ff122d7d",
      "pid": "7282ae72-4bd6-47a7-892e-91193270098a",
      "dblevel": 5,
      "location": "/VGMV/01_BaiGiang/HocTheoSachTrongKinhThanh/PhucAmMa-thi-o-MSNguyenThi/20_Mat070111_CaiRacVaCayDa-XinTimVaGoCua",
      "isVideo": true,
      "url": "01-bai-giang.hoc-theo-sach-trong-kinh-thanh.phuc-am-ma-thi-o-ms-nguyen-thi.20-mat070111-cai-rac-va-cay-da-xin-tim-va-go-cua",
      "name": "20_Mat070111_Cái Rác Và Cây Đà - Xin Tìm Và Gõ Cửa",
      "count": 0,
      "isLeaf": null,
      "keyword": null,
      "hash": "U2FsdGVkX19R1P9AcxuRUgvCL+O6V8y4v1Kws5CoRSM+2KAe48wu64QXvOnSKCXX7GMpTFLgg55gqPZknKvm/Q==",
      "khash": "U2FsdGVkX18qHLV7ka4y4VGCaN9REnE5COGOgG1Pr+OG+YyKJ+xgYd5qmsuSwCoDHWt0fuRnsN2z68DIv9/KVw==",
      "viewCount": null,
      "duration": "42:12",
      "size": 354808992
    },
    {
      "id": "1b94a6f6-90d3-47bb-8227-ada12a437ad6",
      "pid": "7282ae72-4bd6-47a7-892e-91193270098a",
      "dblevel": 5,
      "location": "/VGMV/01_BaiGiang/HocTheoSachTrongKinhThanh/PhucAmMa-thi-o-MSNguyenThi/21_Mat071229_LuatVang-QuyetDinhVaCamKet",
      "isVideo": true,
      "url": "01-bai-giang.hoc-theo-sach-trong-kinh-thanh.phuc-am-ma-thi-o-ms-nguyen-thi.21-mat071229-luat-vang-quyet-dinh-va-cam-ket",
      "name": "21_Mat071229_Luật Vàng - Quyết Định Và Cam Kết",
      "count": 0,
      "isLeaf": null,
      "keyword": null,
      "hash": "U2FsdGVkX1/MWEXDBFQGE8e7qtYUgshAADYQyPRsqODkf/R203qVqG6INFacZfUPCBV795Dscpxe0xA+KCcA1w==",
      "khash": "U2FsdGVkX19U7hEJ2HHOHCVQkDEPRL+FmVSvxy3kOANvggNcq+MT2FS9y4Yacg+4Fqi+LbWpLBTvVEpEK4ZA7w==",
      "viewCount": null,
      "duration": "51:2",
      "size": 403319158
    },
    {
      "id": "490e8d90-183f-4105-9389-938832dfb30a",
      "pid": "7282ae72-4bd6-47a7-892e-91193270098a",
      "dblevel": 5,
      "location": "/VGMV/01_BaiGiang/HocTheoSachTrongKinhThanh/PhucAmMa-thi-o-MSNguyenThi/22_Mat080117_BangChungNuocTroi-P1",
      "isVideo": true,
      "url": "01-bai-giang.hoc-theo-sach-trong-kinh-thanh.phuc-am-ma-thi-o-ms-nguyen-thi.22-mat080117-bang-chung-nuoc-troi-p1",
      "name": "22_Mat080117_Bằng Chứng Nước Trời-P1",
      "count": 0,
      "isLeaf": null,
      "keyword": null,
      "hash": "U2FsdGVkX19ZG4r9lTdqJp1xcUl30FyovKkNPT7Egyd3Ee7Gq5r9mu4lBs1WBbMf/ynm5KjP0qDdAL+Y8L8tJA==",
      "khash": "U2FsdGVkX19CGikGJaoFJBGrQSOAdD9BE3cu6BLmG9tiYbr+hX38ki+f+hWEE7N0Uxb8Cj/ep2S3vLPt6Hsalw==",
      "viewCount": null,
      "duration": "36:32",
      "size": 270858858
    },
    {
      "id": "e84f03e0-a2b1-42d2-9d47-e4d793313bdf",
      "pid": "7282ae72-4bd6-47a7-892e-91193270098a",
      "dblevel": 5,
      "location": "/VGMV/01_BaiGiang/HocTheoSachTrongKinhThanh/PhucAmMa-thi-o-MSNguyenThi/23_Mat081834_BangChungNuocTroi-P2",
      "isVideo": true,
      "url": "01-bai-giang.hoc-theo-sach-trong-kinh-thanh.phuc-am-ma-thi-o-ms-nguyen-thi.23-mat081834-bang-chung-nuoc-troi-p2",
      "name": "23_Mat081834_Bằng Chứng Nước Trời-P2",
      "count": 0,
      "isLeaf": null,
      "keyword": null,
      "hash": "U2FsdGVkX19gYtmWCndhXozktw7B+diGDjI7vmUNeGVyPZGXS3ZDm/eYAAeBHmX74H/hxwS7orrNHylsQSIgqw==",
      "khash": "U2FsdGVkX19QWrNPUMXxTOB6X4t7ziR37A4aICnzDMA650dJ6rUbmm9eBVH693VmF423tXGhHTsQRccmJ80cCg==",
      "viewCount": null,
      "duration": "40:43",
      "size": 344446844
    },
    {
      "id": "cd913628-90dc-4ebd-b9fe-2f290bb1b2e5",
      "pid": "7282ae72-4bd6-47a7-892e-91193270098a",
      "dblevel": 5,
      "location": "/VGMV/01_BaiGiang/HocTheoSachTrongKinhThanh/PhucAmMa-thi-o-MSNguyenThi/24_Mat090113_BangChungNuocTroi-P3",
      "isVideo": true,
      "url": "01-bai-giang.hoc-theo-sach-trong-kinh-thanh.phuc-am-ma-thi-o-ms-nguyen-thi.24-mat090113-bang-chung-nuoc-troi-p3",
      "name": "24_Mat090113_Bằng Chứng Nước Trời-P3",
      "count": 0,
      "isLeaf": null,
      "keyword": null,
      "hash": "U2FsdGVkX19ZgtkhGgdRDmiSvgRb+RFyxOi9midOzVyA2RHaG5uovHy9hDiz6Kt47dNngOiNLzjiKbwALlFbGg==",
      "khash": "U2FsdGVkX1+q8H2M41b9MruRkXhEyJpLgVzGfanGYmq43PSwRJe3BtKB7aJ4kXFu+0KZG8fLl6hgc62gLxro5A==",
      "viewCount": null,
      "duration": "50:5",
      "size": 309182300
    },
    {
      "id": "059e35be-d824-4763-8d9f-0e5ef442b17e",
      "pid": "7282ae72-4bd6-47a7-892e-91193270098a",
      "dblevel": 5,
      "location": "/VGMV/01_BaiGiang/HocTheoSachTrongKinhThanh/PhucAmMa-thi-o-MSNguyenThi/25_Mat091426_BangChungNuocTroi-P4",
      "isVideo": true,
      "url": "01-bai-giang.hoc-theo-sach-trong-kinh-thanh.phuc-am-ma-thi-o-ms-nguyen-thi.25-mat091426-bang-chung-nuoc-troi-p4",
      "name": "25_Mat091426_Bằng Chứng Nước Trời-P4",
      "count": 0,
      "isLeaf": null,
      "keyword": null,
      "hash": "U2FsdGVkX186vS0zdtIVfJ+/PsPmFqFV/aX3Oxn4dNOGFy/RmPd6PbZMaUwoXLOBCgyqAMYI356OiIUhZY86cg==",
      "khash": "U2FsdGVkX19VqKTI2WKjejcqchqAWHyRUGXvcCYBG2riqTOlwok+onLJJz/3zoxVEGEUlbcEf4gGQAbGNHUHaQ==",
      "viewCount": null,
      "duration": "46:29",
      "size": 286943278
    },
    {
      "id": "c3860a0a-a7e1-4c03-b77a-83688ade5cb4",
      "pid": "7282ae72-4bd6-47a7-892e-91193270098a",
      "dblevel": 5,
      "location": "/VGMV/01_BaiGiang/HocTheoSachTrongKinhThanh/PhucAmMa-thi-o-MSNguyenThi/26_Mat092738_BangChungNuocTroi-P5",
      "isVideo": true,
      "url": "01-bai-giang.hoc-theo-sach-trong-kinh-thanh.phuc-am-ma-thi-o-ms-nguyen-thi.26-mat092738-bang-chung-nuoc-troi-p5",
      "name": "26_Mat092738_Bằng Chứng Nước Trời-P5",
      "count": 0,
      "isLeaf": null,
      "keyword": null,
      "hash": "U2FsdGVkX1/SSNPtzbc4s9r33H8TzCrhG0Of/ZCIHJluorZfrm9DyWdawsKcxeyRaH4flO7bkyqB+DhxTrUCfQ==",
      "khash": "U2FsdGVkX18Zo01Ygc20NztPQrrGqJn6nWqxAJ399ho2s6dh+rhCQQXZf25b7EbmT1aCleZGfInss0AlqcHHTw==",
      "viewCount": null,
      "duration": "50:25",
      "size": 311250553
    },
    {
      "id": "5d18f524-3f3e-433d-9bcc-255b8acb7712",
      "pid": "7282ae72-4bd6-47a7-892e-91193270098a",
      "dblevel": 5,
      "location": "/VGMV/01_BaiGiang/HocTheoSachTrongKinhThanh/PhucAmMa-thi-o-MSNguyenThi/27_Mat100115_DaiSuCuaNuocTroi",
      "isVideo": true,
      "url": "01-bai-giang.hoc-theo-sach-trong-kinh-thanh.phuc-am-ma-thi-o-ms-nguyen-thi.27-mat100115-dai-su-cua-nuoc-troi",
      "name": "27_Mat100115_Đại Sứ Của Nước Trời",
      "count": 0,
      "isLeaf": null,
      "keyword": null,
      "hash": "U2FsdGVkX1+8dJI5A32zx3ya5SzKLF8QzUeYdru2ybJPgiWisGt16lsRBI6VERwtcObB+JolUrhQEIgEPV46pQ==",
      "khash": "U2FsdGVkX1/u22UYw3giDJVfr7zBzqh1zpcm3fbRjzhqiQZrpdhXU5DmsQpOsJ4AtYGB5zZ5h8SrQLm89BmvRg==",
      "viewCount": null,
      "duration": "44:34",
      "size": 274869944
    },
    {
      "id": "cd950d9a-abd4-4006-aaf7-502bcc7b49fa",
      "pid": "7282ae72-4bd6-47a7-892e-91193270098a",
      "dblevel": 5,
      "location": "/VGMV/01_BaiGiang/HocTheoSachTrongKinhThanh/PhucAmMa-thi-o-MSNguyenThi/28_Mat101623_ChienGiuaBayMuonSoi",
      "isVideo": true,
      "url": "01-bai-giang.hoc-theo-sach-trong-kinh-thanh.phuc-am-ma-thi-o-ms-nguyen-thi.28-mat101623-chien-giua-bay-muon-soi",
      "name": "28_Mat101623_Chiên Giữa Bầy Muôn Sói",
      "count": 0,
      "isLeaf": null,
      "keyword": null,
      "hash": "U2FsdGVkX1/tZWYSkQY7gEns6WdbzEzMXHsaPvP9P4/GbVhtJQ4yH6xcdDNkuGdAZl7B7rmWgnbtTP9N+eiRzA==",
      "khash": "U2FsdGVkX1+A4a1qXTF5zqMvI1OJiv28gobe+z1DqXdJpMPzM5gHasWYjJbfQPypIZgYYhXtPXq+i3wI0TQCuw==",
      "viewCount": null,
      "duration": "32:35",
      "size": 201131216
    },
    {
      "id": "a6268efc-63b8-4952-b11c-f6ef0778b7f1",
      "pid": "7282ae72-4bd6-47a7-892e-91193270098a",
      "dblevel": 5,
      "location": "/VGMV/01_BaiGiang/HocTheoSachTrongKinhThanh/PhucAmMa-thi-o-MSNguyenThi/29_Mat102442_MonDoKhongHonThay",
      "isVideo": true,
      "url": "01-bai-giang.hoc-theo-sach-trong-kinh-thanh.phuc-am-ma-thi-o-ms-nguyen-thi.29-mat102442-mon-do-khong-hon-thay",
      "name": "29_Mat102442_Môn Đồ Không Hơn Thầy",
      "count": 0,
      "isLeaf": null,
      "keyword": null,
      "hash": "U2FsdGVkX1+kX+YhGqmnoAWkr1keyfQ3limg/1fZQkqbxMxNM3xfvFvR5D9+98ckPyHt5PbewzLUJf5sYxVWWA==",
      "khash": "U2FsdGVkX1+VG8MwcffwfIXui3J/nFK9aWqht+z0RQc0e8FIfR4Sr29/T2JMBqDqi9nDkaqpaXHeX/O0HMTQow==",
      "viewCount": null,
      "duration": "58:2",
      "size": 358235349
    },
    {
      "id": "69008fb5-0d58-447b-a99f-68d6b46e2822",
      "pid": "7282ae72-4bd6-47a7-892e-91193270098a",
      "dblevel": 5,
      "location": "/VGMV/01_BaiGiang/HocTheoSachTrongKinhThanh/PhucAmMa-thi-o-MSNguyenThi/30_Mat110119_ChuaGie-xuVaGiangBap-tit",
      "isVideo": true,
      "url": "01-bai-giang.hoc-theo-sach-trong-kinh-thanh.phuc-am-ma-thi-o-ms-nguyen-thi.30-mat110119-chua-gie-xu-va-giang-bap-tit",
      "name": "30_Mat110119_Chúa Giê-xu Và Giăng Báp-tít",
      "count": 0,
      "isLeaf": null,
      "keyword": null,
      "hash": "U2FsdGVkX18thn5WU6AwTvwQfUOJLoh7i4UgoiD41As71zIzBI9LN2dlw1p9JAoH43OjuvwvulN+7QhfN0qngQ==",
      "khash": "U2FsdGVkX1+W4znPvUVXDsuCW9cYnc4b+6yMkBbCVao/Ei+e8AxsygPH6NfQcEs476mJPKD7w5tjmRbUJOkGvg==",
      "viewCount": null,
      "duration": "52:33",
      "size": 324171370
    },
    {
      "id": "8ecfeb24-1d8d-4a6f-9c02-dfc05739b2b0",
      "pid": "7282ae72-4bd6-47a7-892e-91193270098a",
      "dblevel": 5,
      "location": "/VGMV/01_BaiGiang/HocTheoSachTrongKinhThanh/PhucAmMa-thi-o-MSNguyenThi/31_Mat112030_",
      "isVideo": true,
      "url": "01-bai-giang.hoc-theo-sach-trong-kinh-thanh.phuc-am-ma-thi-o-ms-nguyen-thi.31-mat112030-",
      "name": "31_Mat112030_",
      "count": 0,
      "isLeaf": null,
      "keyword": null,
      "hash": "U2FsdGVkX1+p34gfX8/kwwNdhXn0khuLsn1Xo3k77NYqMbXczqMRp7EO/3y6ahC4snOcs+04AWG84MyCdEG5Aw==",
      "khash": "U2FsdGVkX19No04yAkpHEPdbigqjad/Mjol9Jc6sn3yq5qH9NI/k9XGIF7K2GfVs7NJLcOqfDmYVlCruLLU0MA==",
      "viewCount": null,
      "duration": "58:0",
      "size": 357843655
    },
    {
      "id": "9ceab478-e0ab-46bc-99e9-558580db73ae",
      "pid": "7282ae72-4bd6-47a7-892e-91193270098a",
      "dblevel": 5,
      "location": "/VGMV/01_BaiGiang/HocTheoSachTrongKinhThanh/PhucAmMa-thi-o-MSNguyenThi/32_Mat120108_KeThuCuaNuocTroiP1",
      "isVideo": true,
      "url": "01-bai-giang.hoc-theo-sach-trong-kinh-thanh.phuc-am-ma-thi-o-ms-nguyen-thi.32-mat120108-ke-thu-cua-nuoc-troi-p1",
      "name": "32_Mat120108_Kẻ Thù Của Nước Trời P1",
      "count": 0,
      "isLeaf": null,
      "keyword": null,
      "hash": "U2FsdGVkX19HHRZwZpljIZTHd5CNsTsPdmmqRmxh/Wg+/4lVYWGnnYxrGbJeEwgvQQ262ceCbeboWXhkHPWuyQ==",
      "khash": "U2FsdGVkX1/js+z3pqN1wPHh3H9VtfxyoP1NFKuOm/acBIf5/NH2V8JVrWmJbFzZyL0q6ujKZNigTJTvV0bafw==",
      "viewCount": null,
      "duration": "46:38",
      "size": 287526971
    },
    {
      "id": "5f3a3bc4-9440-4ac1-86ce-cc1e4677489b",
      "pid": "7282ae72-4bd6-47a7-892e-91193270098a",
      "dblevel": 5,
      "location": "/VGMV/01_BaiGiang/HocTheoSachTrongKinhThanh/PhucAmMa-thi-o-MSNguyenThi/33_Mat120921_KeThuCuaNuocTroiP2",
      "isVideo": true,
      "url": "01-bai-giang.hoc-theo-sach-trong-kinh-thanh.phuc-am-ma-thi-o-ms-nguyen-thi.33-mat120921-ke-thu-cua-nuoc-troi-p2",
      "name": "33_Mat120921_Kẻ Thù Của Nước Trời P2",
      "count": 0,
      "isLeaf": null,
      "keyword": null,
      "hash": "U2FsdGVkX197sKZ4cpKNpAGwzCLpHxorG+Yht+TcSrwz3bOIJuKyCxnbCXN2rr9rkAbHHemEr6n2lCVRSc4PNA==",
      "khash": "U2FsdGVkX18EiTQACAepFEzIOrI0fn0ZIzmSstlERZ6uuKq32js+1WWoCKF87ZzCV5BFvTy/+YW92qd9y0b+Xw==",
      "viewCount": null,
      "duration": "49:46",
      "size": 306337464
    },
    {
      "id": "4562f439-93df-434d-9580-9f0e41de520b",
      "pid": "7282ae72-4bd6-47a7-892e-91193270098a",
      "dblevel": 5,
      "location": "/VGMV/01_BaiGiang/HocTheoSachTrongKinhThanh/PhucAmMa-thi-o-MSNguyenThi/34_Mat122237_ToiPhamDenDucThanhLinh",
      "isVideo": true,
      "url": "01-bai-giang.hoc-theo-sach-trong-kinh-thanh.phuc-am-ma-thi-o-ms-nguyen-thi.34-mat122237-toi-pham-den-duc-thanh-linh",
      "name": "34_Mat122237_Tội Phạm Đến Đức Thánh Linh",
      "count": 0,
      "isLeaf": null,
      "keyword": null,
      "hash": "U2FsdGVkX1+xnGnFT1x0xf/PouRJjVqkSxlNjdsf2n2QTlMckbvpnqmh+U8/HlsXD1JOzVqHBIkLUrqK4rypTQ==",
      "khash": "U2FsdGVkX1/+tOrJGVWW9nS0gyHp2Nb+5TJQddAYrLIWEQPR+qNOE5fYuFXfTkX/0b/wIJGSW9kI6mKeLZX9DQ==",
      "viewCount": null,
      "duration": "64:18",
      "size": 396159702
    },
    {
      "id": "ba48a525-061c-444e-ac23-28641c5ccbbe",
      "pid": "7282ae72-4bd6-47a7-892e-91193270098a",
      "dblevel": 5,
      "location": "/VGMV/01_BaiGiang/HocTheoSachTrongKinhThanh/PhucAmMa-thi-o-MSNguyenThi/35_Mat123845_DauLaGio-na",
      "isVideo": true,
      "url": "01-bai-giang.hoc-theo-sach-trong-kinh-thanh.phuc-am-ma-thi-o-ms-nguyen-thi.35-mat123845-dau-la-gio-na",
      "name": "35_Mat123845_Dấu Lạ Giô-na",
      "count": 0,
      "isLeaf": null,
      "keyword": null,
      "hash": "U2FsdGVkX1/0bUHv/PUU2ATOe/fDWP92bEiJOMSbbwfhpbkthtzoQaAhLA7CnC3l8y8oVQujecPXgb5u6CwC/A==",
      "khash": "U2FsdGVkX18wIkoyvPQ0KlihY7IywfqbjqoC4I5V8IlfCjGCE/XMFAT90AsmmZzJc/5ye9eVPm68qMniuK2iRA==",
      "viewCount": null,
      "duration": "59:59",
      "size": 368079325
    },
    {
      "id": "e625e2cc-6aab-40a9-a227-e966fc749f74",
      "pid": "7282ae72-4bd6-47a7-892e-91193270098a",
      "dblevel": 5,
      "location": "/VGMV/01_BaiGiang/HocTheoSachTrongKinhThanh/PhucAmMa-thi-o-MSNguyenThi/36_Mat13_ViDuVeNuocTroi",
      "isVideo": true,
      "url": "01-bai-giang.hoc-theo-sach-trong-kinh-thanh.phuc-am-ma-thi-o-ms-nguyen-thi.36-mat13-vi-du-ve-nuoc-troi",
      "name": "36_Mat13_Ví Dụ Về Nước Trời",
      "count": 0,
      "isLeaf": null,
      "keyword": null,
      "hash": "U2FsdGVkX1/UBV1aJwBfh2p1tEaI70j5mQW0sQhHusq48dik7KeHzf4fZ1Uw/W9m9C9AWz2aeJe+lXsLuR9eUw==",
      "khash": "U2FsdGVkX18LwoxkSGeq2HAbavd5eubm15gIhVy/D4VLtU4kkNn0CCyqk/sI0mHWhrnS0IOMr3LPEFzLMfP3Jw==",
      "viewCount": null,
      "duration": "60:19",
      "size": 372110092
    },
    {
      "id": "835725df-b21e-4ac2-b689-0e1ef75b517e",
      "pid": "7282ae72-4bd6-47a7-892e-91193270098a",
      "dblevel": 5,
      "location": "/VGMV/01_BaiGiang/HocTheoSachTrongKinhThanh/PhucAmMa-thi-o-MSNguyenThi/37_Mat130123_ViDuNguoiGieoGiong",
      "isVideo": true,
      "url": "01-bai-giang.hoc-theo-sach-trong-kinh-thanh.phuc-am-ma-thi-o-ms-nguyen-thi.37-mat130123-vi-du-nguoi-gieo-giong",
      "name": "37_Mat130123_Ví Dụ Người Gieo Giống",
      "count": 0,
      "isLeaf": null,
      "keyword": null,
      "hash": "U2FsdGVkX19HO9L99r2XyZ4PfGm7/vhZRld61YErWLM8xPFI7aniWbB4OiER/eaz6dmq6iO5oxBJ8CI0lcD8vw==",
      "khash": "U2FsdGVkX18fNAD3qhC3+AOXlmYtqajjR5iYELyrONlhF7MwdZhjHy/kehQlKL3D4eFucg+F5B/VoluHqmtu4A==",
      "viewCount": null,
      "duration": "50:28",
      "size": 310688684
    },
    {
      "id": "c32a17e7-36a9-4638-9528-a0f9da3f2e0c",
      "pid": "7282ae72-4bd6-47a7-892e-91193270098a",
      "dblevel": 5,
      "location": "/VGMV/01_BaiGiang/HocTheoSachTrongKinhThanh/PhucAmMa-thi-o-MSNguyenThi/39_Mat134458",
      "isVideo": true,
      "url": "01-bai-giang.hoc-theo-sach-trong-kinh-thanh.phuc-am-ma-thi-o-ms-nguyen-thi.39-mat134458",
      "name": "39_Mat134458",
      "count": 0,
      "isLeaf": null,
      "keyword": null,
      "hash": "U2FsdGVkX1+e2x7M5pk4TrXCPRb6UQexzy66Ge3JItZALKRdfiQh5AU9t9jPV88v/f/LzpRFJ1jLQWTfx87fLA==",
      "khash": "U2FsdGVkX1/a+BVHW99dM+Rtsuk+czM7vhZgGPeGDq8d7q8/+F1Pe7kXHkLmw8UW3IUjGnOOPJnc860zYQZiyw==",
      "viewCount": null,
      "duration": "64:31",
      "size": 396158973
    },
    {
      "id": "d4ca1bf0-acb6-4963-8c80-a3967a383f8a",
      "pid": "7282ae72-4bd6-47a7-892e-91193270098a",
      "dblevel": 5,
      "location": "/VGMV/01_BaiGiang/HocTheoSachTrongKinhThanh/PhucAmMa-thi-o-MSNguyenThi/40_Mat140112",
      "isVideo": true,
      "url": "01-bai-giang.hoc-theo-sach-trong-kinh-thanh.phuc-am-ma-thi-o-ms-nguyen-thi.40-mat140112",
      "name": "40_Mat140112",
      "count": 0,
      "isLeaf": null,
      "keyword": null,
      "hash": "U2FsdGVkX1/s2kULfuLv056NXMikOzKVfhSrgYpu4iePS2MVtVnmPUPF4DWBSgRJ4jmyyWBWr5ad9wbA8TJivg==",
      "khash": "U2FsdGVkX1/qk32S7uCjH0hGGiPcKzbuC5PXttf1ghvYxh5Ny05XCQmOJZFbiKmi1daa8+0FVRFH53kKuXMHfA==",
      "viewCount": null,
      "duration": "56:58",
      "size": 348553690
    },
    {
      "id": "06667b4b-31db-41d3-8437-7cb1a08ac73a",
      "pid": "7282ae72-4bd6-47a7-892e-91193270098a",
      "dblevel": 5,
      "location": "/VGMV/01_BaiGiang/HocTheoSachTrongKinhThanh/PhucAmMa-thi-o-MSNguyenThi/41_Mat141321",
      "isVideo": true,
      "url": "01-bai-giang.hoc-theo-sach-trong-kinh-thanh.phuc-am-ma-thi-o-ms-nguyen-thi.41-mat141321",
      "name": "41_Mat141321",
      "count": 0,
      "isLeaf": null,
      "keyword": null,
      "hash": "U2FsdGVkX1+dEdFGM0/Q6M8DnxKVm8/FGOatsZNVRqGGCqNOUBArSLJdREJouVklRzZgMrTV/3c3/HF7b8D1tA==",
      "khash": "U2FsdGVkX1+2DXmzo1/KpgfmSLeiGlF3Qd6pCFekaAZF+R42N/scZbsEZy/BF5c9hZWYVjnQiodTUhk5+ze3RA==",
      "viewCount": null,
      "duration": "41:26",
      "size": 253449304
    },
    {
      "id": "9c0021f4-d4d1-4f6b-942a-1fc10967b1a5",
      "pid": "7282ae72-4bd6-47a7-892e-91193270098a",
      "dblevel": 5,
      "location": "/VGMV/01_BaiGiang/HocTheoSachTrongKinhThanh/PhucAmMa-thi-o-MSNguyenThi/42_Mat142236",
      "isVideo": true,
      "url": "01-bai-giang.hoc-theo-sach-trong-kinh-thanh.phuc-am-ma-thi-o-ms-nguyen-thi.42-mat142236",
      "name": "42_Mat142236",
      "count": 0,
      "isLeaf": null,
      "keyword": null,
      "hash": "U2FsdGVkX18bXalChcWCnNAEqgGOsUI6oRaZsnj2nCSsmEPsu44Y2XKz1MV4EhyKRpd19QM5Mo9FtcIW1RbRBA==",
      "khash": "U2FsdGVkX18GjUbYWf4HHr4iaXuOSNwOKxQcH/a6Adg69UqSf9aRXiCqU/3mFlnXmAIKjTwb0BNEwOB9tl2i2Q==",
      "viewCount": null,
      "duration": "67:29",
      "size": 415056892
    },
    {
      "id": "af4e33b8-d0a6-41d3-8d12-977530015341",
      "pid": "7282ae72-4bd6-47a7-892e-91193270098a",
      "dblevel": 5,
      "location": "/VGMV/01_BaiGiang/HocTheoSachTrongKinhThanh/PhucAmMa-thi-o-MSNguyenThi/43_Mat152128",
      "isVideo": true,
      "url": "01-bai-giang.hoc-theo-sach-trong-kinh-thanh.phuc-am-ma-thi-o-ms-nguyen-thi.43-mat152128",
      "name": "43_Mat152128",
      "count": 0,
      "isLeaf": null,
      "keyword": null,
      "hash": "U2FsdGVkX18vIjNZ8qhyXfrFUKDPEHIxD3ZrazzcPLVdkT/jbwZizA1IMzHUQl1rM28YIkqlhKOZIvkAt5Kzkg==",
      "khash": "U2FsdGVkX1+2fpUn8FzkTiEsZ0O21c1HzCvWUbmGgyUWPUN8kZRdNootgohs1wKpXDZ8PSFUyciogzePeuwO8w==",
      "viewCount": null,
      "duration": "26:41",
      "size": 163698098
    },
    {
      "id": "f9d86f4f-d9e3-45d9-a3ff-0835ed4ec6a1",
      "pid": "7282ae72-4bd6-47a7-892e-91193270098a",
      "dblevel": 5,
      "location": "/VGMV/01_BaiGiang/HocTheoSachTrongKinhThanh/PhucAmMa-thi-o-MSNguyenThi/44_Mat152939",
      "isVideo": true,
      "url": "01-bai-giang.hoc-theo-sach-trong-kinh-thanh.phuc-am-ma-thi-o-ms-nguyen-thi.44-mat152939",
      "name": "44_Mat152939",
      "count": 0,
      "isLeaf": null,
      "keyword": null,
      "hash": "U2FsdGVkX1/wtQ/ejeiw2UCy1NCweHtnBUF8ahUK4gv5ZW4PPPO6eYUTpujV1tZilJTWTiKcp6ZEqhC1HbnbnA==",
      "khash": "U2FsdGVkX1+d+v8GwjUtywGuCR4BohreJpfUI0JRxLaIyHI0VfnHG5kFtah23uY1acmh6aqzW8RQQfcLnpssMA==",
      "viewCount": null,
      "duration": "60:10",
      "size": 325006940
    },
    {
      "id": "92c39c89-0c05-4a85-8b88-82d741eb52c4",
      "pid": "7282ae72-4bd6-47a7-892e-91193270098a",
      "dblevel": 5,
      "location": "/VGMV/01_BaiGiang/HocTheoSachTrongKinhThanh/PhucAmMa-thi-o-MSNguyenThi/45_Mat160112",
      "isVideo": true,
      "url": "01-bai-giang.hoc-theo-sach-trong-kinh-thanh.phuc-am-ma-thi-o-ms-nguyen-thi.45-mat160112",
      "name": "45_Mat160112",
      "count": 0,
      "isLeaf": null,
      "keyword": null,
      "hash": "U2FsdGVkX18SsSGPPytONL1a7WQ+4aCD7PcCfZw6muA/NOlbw518cybjUmjbb8H2OApqIvXaeiw5pB+r4N3oLg==",
      "khash": "U2FsdGVkX1+2gaPY/e36/MzPl5SEK//f2a3S+c4iIMNFqVa2tSvLLNqVpEz1BfcW+p/IyvKUrKclHfbIR9p6nA==",
      "viewCount": null,
      "duration": "49:44",
      "size": 305170479
    },
    {
      "id": "0dd2cf16-6352-4607-9e00-f864be4a8f4c",
      "pid": "7282ae72-4bd6-47a7-892e-91193270098a",
      "dblevel": 5,
      "location": "/VGMV/01_BaiGiang/HocTheoSachTrongKinhThanh/PhucAmMa-thi-o-MSNguyenThi/46_Mat161323_LoiXungNhanCuaPhi-e-ro",
      "isVideo": true,
      "url": "01-bai-giang.hoc-theo-sach-trong-kinh-thanh.phuc-am-ma-thi-o-ms-nguyen-thi.46-mat161323-loi-xung-nhan-cua-phi-e-ro",
      "name": "46_Mat161323_Lời Xưng Nhận Của Phi-e-rơ",
      "count": 0,
      "isLeaf": null,
      "keyword": null,
      "hash": "U2FsdGVkX18jByk/MHdipWM7yVpkeywpyVJc9UUAPYRsfw3whlrNyy1XRskByoC6MWM39R8QAUyNlahVeCPcQw==",
      "khash": "U2FsdGVkX19rwX7fIFqkRGY+fU0EzMIWs7uFvQJ7O6BOuEbWzKTpsPX9WjwAN522dGNBb/NVVr6FFY5jvlyiIA==",
      "viewCount": null,
      "duration": "58:37",
      "size": 361703134
    },
    {
      "id": "9bf66103-7eb6-49a0-9400-a52f98325971",
      "pid": "7282ae72-4bd6-47a7-892e-91193270098a",
      "dblevel": 5,
      "location": "/VGMV/01_BaiGiang/HocTheoSachTrongKinhThanh/PhucAmMa-thi-o-MSNguyenThi/47_Mat162028_LamMonDe",
      "isVideo": true,
      "url": "01-bai-giang.hoc-theo-sach-trong-kinh-thanh.phuc-am-ma-thi-o-ms-nguyen-thi.47-mat162028-lam-mon-de",
      "name": "47_Mat162028_Làm Môn Đệ",
      "count": 0,
      "isLeaf": null,
      "keyword": null,
      "hash": "U2FsdGVkX1+NWvsvizoVtg4mDlWFLXLcFKH2kEgg/dga3ABBqNjTluTVXamn3X8T3Z0VF01Y/UgDnneaUoogJw==",
      "khash": "U2FsdGVkX1++Uc/1vJPEhN/j6hVtKUlzSaJxIuJNS2/lcUuLslzRrBvTYa8fuCrMB3kr11JTrKIEyDJMAGLWZg==",
      "viewCount": null,
      "duration": "48:6",
      "size": 295622978
    },
    {
      "id": "ce2ec642-1508-427f-a680-cac22cefa0f7",
      "pid": "7282ae72-4bd6-47a7-892e-91193270098a",
      "dblevel": 5,
      "location": "/VGMV/01_BaiGiang/HocTheoSachTrongKinhThanh/PhucAmMa-thi-o-MSNguyenThi/48_Mat170113_ConyeudaucuaTa",
      "isVideo": true,
      "url": "01-bai-giang.hoc-theo-sach-trong-kinh-thanh.phuc-am-ma-thi-o-ms-nguyen-thi.48-mat170113-con-yeu-dau-cua-ta",
      "name": "48_Mat170113_Con yêu dấu của Ta",
      "count": 0,
      "isLeaf": null,
      "keyword": null,
      "hash": "U2FsdGVkX19pQKH1K5BBf/TBJQzfCSQ5dtSWwzs9q1qvMG3FczaFXLlWId3yeQmOo58eepW0Qf3XwiuMsbrPbw==",
      "khash": "U2FsdGVkX1+sstpXiw5MyTrZR4tiUKkaRZn5ju7rbwyV8GF5pymTYfWi5LigNuqRq65tKo8Ecj0WBmrbI9C+/Q==",
      "viewCount": null,
      "duration": "57:50",
      "size": 355752030
    },
    {
      "id": "f55587e8-e6ce-4b37-af4a-d6ca74e54e48",
      "pid": "7282ae72-4bd6-47a7-892e-91193270098a",
      "dblevel": 5,
      "location": "/VGMV/01_BaiGiang/HocTheoSachTrongKinhThanh/PhucAmMa-thi-o-MSNguyenThi/49_Mat171328",
      "isVideo": true,
      "url": "01-bai-giang.hoc-theo-sach-trong-kinh-thanh.phuc-am-ma-thi-o-ms-nguyen-thi.49-mat171328",
      "name": "49_Mat171328",
      "count": 0,
      "isLeaf": null,
      "keyword": null,
      "hash": "U2FsdGVkX1+8ZfDfjSKy6gEBTyH6if1uqrlEHC22t7CPpkufToo1Ie/P/7hLadn9DUPIxFyLXfqQAymQVqbkFA==",
      "khash": "U2FsdGVkX1/PCOQUBhk+Sx8CKfQYKyHwmCOqKCg5csTHD1sd/ux8CTYnaw4KsVR5NfzTWjYvs48QIOKRJ2pu8Q==",
      "viewCount": null,
      "duration": "44:53",
      "size": 276981010
    },
    {
      "id": "6d0d5274-4496-47c3-9228-80f735d64475",
      "pid": "7282ae72-4bd6-47a7-892e-91193270098a",
      "dblevel": 5,
      "location": "/VGMV/01_BaiGiang/HocTheoSachTrongKinhThanh/PhucAmMa-thi-o-MSNguyenThi/50_Mat172227_NoiTruocVeSuChetVaPhucSinh",
      "isVideo": true,
      "url": "01-bai-giang.hoc-theo-sach-trong-kinh-thanh.phuc-am-ma-thi-o-ms-nguyen-thi.50-mat172227-noi-truoc-ve-su-chet-va-phuc-sinh",
      "name": "50_Mat172227_Nói Trước Về Sự Chết Và Phục Sinh",
      "count": 0,
      "isLeaf": null,
      "keyword": null,
      "hash": "U2FsdGVkX18M/r8b9kQeMFOG4QqRFOkyXf3o5VW+Kf30im5ILBqPDpcCjPJGE4DRc/jZKnhQBTttnGo72UKVMg==",
      "khash": "U2FsdGVkX18HVhkn2ujjG/H0KNcP6rzMPm9YWxiEiMQR3GC6PzOkZRrS6q8HAmglX2LdZtrkdLk6aLw6KbOqLw==",
      "viewCount": null,
      "duration": "36:17",
      "size": 222513475
    },
    {
      "id": "93dcb000-5358-41fa-904d-76b36458c819",
      "pid": "7282ae72-4bd6-47a7-892e-91193270098a",
      "dblevel": 5,
      "location": "/VGMV/01_BaiGiang/HocTheoSachTrongKinhThanh/PhucAmMa-thi-o-MSNguyenThi/51_Mat180106_BaiHocQuaMotDuaTre",
      "isVideo": true,
      "url": "01-bai-giang.hoc-theo-sach-trong-kinh-thanh.phuc-am-ma-thi-o-ms-nguyen-thi.51-mat180106-bai-hoc-qua-mot-dua-tre",
      "name": "51_Mat180106_Bài Học Qua Một Đứa Trẻ",
      "count": 0,
      "isLeaf": null,
      "keyword": null,
      "hash": "U2FsdGVkX18JnqAs+3I3rthN7RALlwiEvW/kmTgB4p9M4UvybwEecq4rUl8QMSq6Xuxb73DI0htWvXxHmgxIqQ==",
      "khash": "U2FsdGVkX19o3gO+zOW626Gur06b1QuTkvLoLwki1a9UTF/qIiSnXd08OD0wgJrpxvn1c15S/h+P3U8Fcmk5tQ==",
      "viewCount": null,
      "duration": "48:43",
      "size": 299502116
    },
    {
      "id": "367b9ace-831a-4966-ba51-db88a2c517cc",
      "pid": "7282ae72-4bd6-47a7-892e-91193270098a",
      "dblevel": 5,
      "location": "/VGMV/01_BaiGiang/HocTheoSachTrongKinhThanh/PhucAmMa-thi-o-MSNguyenThi/52_Mat180614",
      "isVideo": true,
      "url": "01-bai-giang.hoc-theo-sach-trong-kinh-thanh.phuc-am-ma-thi-o-ms-nguyen-thi.52-mat180614",
      "name": "52_Mat180614",
      "count": 0,
      "isLeaf": null,
      "keyword": null,
      "hash": "U2FsdGVkX19UCk1NYagFvyio5ym+YJ0kfHw2ZZfL2U4P7+p6bNYi1K6/b4rxZUeiGyzKGzCa6F4BBa/NsfX06w==",
      "khash": "U2FsdGVkX19iCTtxrb+JBrMXyoNsYuMRwvQIWzFxG84pqYCXeiefpTVAku19IAK5Kl+N0i6hTzD7qvBbE4VZiQ==",
      "viewCount": null,
      "duration": "51:20",
      "size": 316222291
    },
    {
      "id": "637c4c69-0592-4cd1-9a98-23b9f0c4a033",
      "pid": "7282ae72-4bd6-47a7-892e-91193270098a",
      "dblevel": 5,
      "location": "/VGMV/01_BaiGiang/HocTheoSachTrongKinhThanh/PhucAmMa-thi-o-MSNguyenThi/53_Mat181520_GiaiHoaVoiAnhEm",
      "isVideo": true,
      "url": "01-bai-giang.hoc-theo-sach-trong-kinh-thanh.phuc-am-ma-thi-o-ms-nguyen-thi.53-mat181520-giai-hoa-voi-anh-em",
      "name": "53_Mat181520_Giải Hòa Với Anh Em",
      "count": 0,
      "isLeaf": null,
      "keyword": null,
      "hash": "U2FsdGVkX1/piA3S2cWlAo0HEMyVnGWYASuA2wP4cLPY8CCylz7RVz+Yua2OsH4k7h6x61ZtCrFfsdY3HlEnLA==",
      "khash": "U2FsdGVkX1/5hbsvtGK25M6w3lh0IsFfoQqnGiBD3ZZVRdQiaYh48wHiS9v1YV1O73IkAq0Rkp9/x62+eWCW2A==",
      "viewCount": null,
      "duration": "45:38",
      "size": 281677036
    },
    {
      "id": "05d93c67-325c-4d1c-9deb-a3329247c67e",
      "pid": "7282ae72-4bd6-47a7-892e-91193270098a",
      "dblevel": 5,
      "location": "/VGMV/01_BaiGiang/HocTheoSachTrongKinhThanh/PhucAmMa-thi-o-MSNguyenThi/54_Mat182135",
      "isVideo": true,
      "url": "01-bai-giang.hoc-theo-sach-trong-kinh-thanh.phuc-am-ma-thi-o-ms-nguyen-thi.54-mat182135",
      "name": "54_Mat182135",
      "count": 0,
      "isLeaf": null,
      "keyword": null,
      "hash": "U2FsdGVkX19QbOmXxrRBYfDrE7isohfW8s1pFuvSKzqMBzQLCntrUzBuWu0IOo+pG0lbbJqGHF1zCfstAUySYA==",
      "khash": "U2FsdGVkX1+qhvUseV+GknxcKWK6iGb1L1A/yVflOyonTiohK1ylAxFviQJzrYbh+BQphymgxVoT4M6YbCywRw==",
      "viewCount": null,
      "duration": "40:37",
      "size": 250617828
    },
    {
      "id": "c0c274e6-31db-4332-8353-c938f64fd719",
      "pid": "7282ae72-4bd6-47a7-892e-91193270098a",
      "dblevel": 5,
      "location": "/VGMV/01_BaiGiang/HocTheoSachTrongKinhThanh/PhucAmMa-thi-o-MSNguyenThi/55Mat190120",
      "isVideo": true,
      "url": "01-bai-giang.hoc-theo-sach-trong-kinh-thanh.phuc-am-ma-thi-o-ms-nguyen-thi.55mat190120",
      "name": "55Mat190120",
      "count": 0,
      "isLeaf": null,
      "keyword": null,
      "hash": "U2FsdGVkX183NaD+IdZcHUj2SkHt7pRuE02TUaoKR+mmIsme8sc/8RufOUs6xmvysp0ZTdNVIxDqsukdjS+u6Q==",
      "khash": "U2FsdGVkX18nwLtmozYk051ZTiUAk5nGp+7mBeBKxb/Y0HhRYJW1WFUFpg5uQV/Hp5uialm6rXZR+6K+wlp2Eg==",
      "viewCount": null,
      "duration": "56:19",
      "size": 346496708
    },
    {
      "id": "767f637a-b538-4c90-9538-62aa61c548e2",
      "pid": "7282ae72-4bd6-47a7-892e-91193270098a",
      "dblevel": 5,
      "location": "/VGMV/01_BaiGiang/HocTheoSachTrongKinhThanh/PhucAmMa-thi-o-MSNguyenThi/56_Mat191315",
      "isVideo": true,
      "url": "01-bai-giang.hoc-theo-sach-trong-kinh-thanh.phuc-am-ma-thi-o-ms-nguyen-thi.56-mat191315",
      "name": "56_Mat191315",
      "count": 0,
      "isLeaf": null,
      "keyword": null,
      "hash": "",
      "khash": "U2FsdGVkX1/cgwETJAL3dIxtEZMYUmrpYPQY/5XrkTMoFk0ztf3vbax/WDl+VQo7u8uACT2Tyxi0EkofpZ5MEA==",
      "viewCount": null,
      "duration": "53:31",
      "size": 410486645
    },
    {
      "id": "37692bc9-d6ff-40d8-9342-bf591b3c2617",
      "pid": "7282ae72-4bd6-47a7-892e-91193270098a",
      "dblevel": 5,
      "location": "/VGMV/01_BaiGiang/HocTheoSachTrongKinhThanh/PhucAmMa-thi-o-MSNguyenThi/57_Mat191622",
      "isVideo": true,
      "url": "01-bai-giang.hoc-theo-sach-trong-kinh-thanh.phuc-am-ma-thi-o-ms-nguyen-thi.57-mat191622",
      "name": "57_Mat191622",
      "count": 0,
      "isLeaf": null,
      "keyword": null,
      "hash": "U2FsdGVkX1/cpMV69RHLIdjEVtx1TZX43I9FAmnMrUXuWy4K6TaaZftM7pyChRhPKLxhhuaRoF9G2WaArwsR3w==",
      "khash": "U2FsdGVkX1+OVjZS1LKBwCaKR56+bJTjRGn1cZ6tenkB9LAbEhfh9Q7QyJUdl5JgCxsLREzCELfdJJT6DHoq8w==",
      "viewCount": null,
      "duration": "56:6",
      "size": 438830098
    },
    {
      "id": "f33f333b-cc26-4bc4-93d1-24a3d0d3a68a",
      "pid": "7282ae72-4bd6-47a7-892e-91193270098a",
      "dblevel": 5,
      "location": "/VGMV/01_BaiGiang/HocTheoSachTrongKinhThanh/PhucAmMa-thi-o-MSNguyenThi/58_Mat192230",
      "isVideo": true,
      "url": "01-bai-giang.hoc-theo-sach-trong-kinh-thanh.phuc-am-ma-thi-o-ms-nguyen-thi.58-mat192230",
      "name": "58_Mat192230",
      "count": 0,
      "isLeaf": null,
      "keyword": null,
      "hash": "U2FsdGVkX18SIvu6ObMDltaqDN0gwOyeMGy1ek7RZCCMZ4DXLYDxM/04hdIGe1uctL1j5I/7EpAZ0Ruac4VkKQ==",
      "khash": "U2FsdGVkX19/4XpNO9hfV0f4H4GWVgOj5m6CIQVDFdZSNiQ8exGWfSm3UKxEfrdoLEQSt4uk+K41msEqexTLYA==",
      "viewCount": null,
      "duration": "53:23",
      "size": 481398944
    },
    {
      "id": "c6901792-d029-441a-b051-36af9fe78f41",
      "pid": "7282ae72-4bd6-47a7-892e-91193270098a",
      "dblevel": 5,
      "location": "/VGMV/01_BaiGiang/HocTheoSachTrongKinhThanh/PhucAmMa-thi-o-MSNguyenThi/59_Mat200116",
      "isVideo": true,
      "url": "01-bai-giang.hoc-theo-sach-trong-kinh-thanh.phuc-am-ma-thi-o-ms-nguyen-thi.59-mat200116",
      "name": "59_Mat200116",
      "count": 0,
      "isLeaf": null,
      "keyword": null,
      "hash": "U2FsdGVkX18r+PEMA+lBI86+OVRwMuxOi8C00MXABz8TTjTzVp9lJP6NW49wHVuPOX0YwTMjQUzeIJHsyJ7XfQ==",
      "khash": "U2FsdGVkX19t2MgJa46GUi6H2/OzLAWacn//nNP/fqEDvtnLFkBn0NqjPPVuhTIN6LMGlQuzG6z4MMjeZONBNA==",
      "viewCount": null,
      "duration": "42:59",
      "size": 137979209
    },
    {
      "id": "22e77e31-236f-42f4-8f27-d78dd977f1c4",
      "pid": "7282ae72-4bd6-47a7-892e-91193270098a",
      "dblevel": 5,
      "location": "/VGMV/01_BaiGiang/HocTheoSachTrongKinhThanh/PhucAmMa-thi-o-MSNguyenThi/60_Mat201728",
      "isVideo": true,
      "url": "01-bai-giang.hoc-theo-sach-trong-kinh-thanh.phuc-am-ma-thi-o-ms-nguyen-thi.60-mat201728",
      "name": "60_Mat201728",
      "count": 0,
      "isLeaf": null,
      "keyword": null,
      "hash": "U2FsdGVkX18XCc1LkUZQSHKDU0ESyOGfCNj2AjuKSCMld+yYat+hmnZDbhhx7efzjvOk2/VBQLQMDZyMf73tyg==",
      "khash": "U2FsdGVkX1/mqC60vZVIR0nYjw3GmTREDoq7GUB6Oupav1WeFcbbU8Rnj94qtfNtdy/5QZuxdVA6yezzLHbv4g==",
      "viewCount": null,
      "duration": "47:56",
      "size": 429996563
    },
    {
      "id": "2c8e3411-d4f4-4786-89e9-229882c363fd",
      "pid": "7282ae72-4bd6-47a7-892e-91193270098a",
      "dblevel": 5,
      "location": "/VGMV/01_BaiGiang/HocTheoSachTrongKinhThanh/PhucAmMa-thi-o-MSNguyenThi/61_Mat202934",
      "isVideo": true,
      "url": "01-bai-giang.hoc-theo-sach-trong-kinh-thanh.phuc-am-ma-thi-o-ms-nguyen-thi.61-mat202934",
      "name": "61_Mat202934",
      "count": 0,
      "isLeaf": null,
      "keyword": null,
      "hash": "U2FsdGVkX1+jrEDajF4cE5oWI/5ams9VkvK9rHuyk9KTLDxp0rlJ8CjTVWJlpactMheePHSq2G52DUPdrHe1OA==",
      "khash": "U2FsdGVkX19Hh67MTc6cfWGsZ8QPzoSoWUmcCJgY/JkvjVgqfdUOLcReiKuA/UEcnueALbvioocZRYNy/1I/iQ==",
      "viewCount": null,
      "duration": "47:36",
      "size": 428026099
    },
    {
      "id": "18ceb3d9-b351-420d-9b2c-2fde2741c57f",
      "pid": "7282ae72-4bd6-47a7-892e-91193270098a",
      "dblevel": 5,
      "location": "/VGMV/01_BaiGiang/HocTheoSachTrongKinhThanh/PhucAmMa-thi-o-MSNguyenThi/62_Mat210111",
      "isVideo": true,
      "url": "01-bai-giang.hoc-theo-sach-trong-kinh-thanh.phuc-am-ma-thi-o-ms-nguyen-thi.62-mat210111",
      "name": "62_Mat210111",
      "count": 0,
      "isLeaf": null,
      "keyword": null,
      "hash": "U2FsdGVkX1+Y6bcUosgVUL8uYEde/lR+mxSxiq8a2S7YejSrpY69Xaaoz8nYq6BD//5hzVUKhwHbwmUKthrXpg==",
      "khash": "U2FsdGVkX19inpAUw2GJsiMisXXmA069cm/I5S4oyiZzfzfk6/OIg3CyKDQPZUILWYXuJglPRFIC9jERDLXDIQ==",
      "viewCount": null,
      "duration": "50:33",
      "size": 427183339
    },
    {
      "id": "a55e5746-129f-4d0f-8b54-bc167aa9e31f",
      "pid": "7282ae72-4bd6-47a7-892e-91193270098a",
      "dblevel": 5,
      "location": "/VGMV/01_BaiGiang/HocTheoSachTrongKinhThanh/PhucAmMa-thi-o-MSNguyenThi/63_Mat211217",
      "isVideo": true,
      "url": "01-bai-giang.hoc-theo-sach-trong-kinh-thanh.phuc-am-ma-thi-o-ms-nguyen-thi.63-mat211217",
      "name": "63_Mat211217",
      "count": 0,
      "isLeaf": null,
      "keyword": null,
      "hash": "U2FsdGVkX19PMhcVTczWKoL1SfJHkBZgU1LReJiQW6T3RjtTrX9IJC5Xl4uzXD2BfBIlijdyLLRqXF4+S0U16w==",
      "khash": "U2FsdGVkX1/JIP2dh3JzFq4/qFejBf9E388PFYvZTalvfPk3wcAGM85CFRz4bI2HYSN2dOiTdLVhrmje5kM+0Q==",
      "viewCount": null,
      "duration": "52:52",
      "size": 167691769
    },
    {
      "id": "9723ba38-336d-4084-bfcb-8138965477ac",
      "pid": "7282ae72-4bd6-47a7-892e-91193270098a",
      "dblevel": 5,
      "location": "/VGMV/01_BaiGiang/HocTheoSachTrongKinhThanh/PhucAmMa-thi-o-MSNguyenThi/64_Mat211827",
      "isVideo": true,
      "url": "01-bai-giang.hoc-theo-sach-trong-kinh-thanh.phuc-am-ma-thi-o-ms-nguyen-thi.64-mat211827",
      "name": "64_Mat211827",
      "count": 0,
      "isLeaf": null,
      "keyword": null,
      "hash": "U2FsdGVkX1/xFdlttz7HRU5NnsVypu0KihnqbYWBfzeaOoKw6+g7MHXErlUrp9F350XvcwGXvNte0cio+t0s0A==",
      "khash": "U2FsdGVkX19RxCciIr5smaINCq2jM3ntmwz/+tUyU+goBuMp9Sr7gzu73xUq3XSLUJvUQDMEmpJDm4+Ylre+Yg==",
      "viewCount": null,
      "duration": "64:55",
      "size": 350445622
    },
    {
      "id": "89c26d50-e188-499e-bd92-c6391c5878ec",
      "pid": "7282ae72-4bd6-47a7-892e-91193270098a",
      "dblevel": 5,
      "location": "/VGMV/01_BaiGiang/HocTheoSachTrongKinhThanh/PhucAmMa-thi-o-MSNguyenThi/65_Mat212832",
      "isVideo": true,
      "url": "01-bai-giang.hoc-theo-sach-trong-kinh-thanh.phuc-am-ma-thi-o-ms-nguyen-thi.65-mat212832",
      "name": "65_Mat212832",
      "count": 0,
      "isLeaf": null,
      "keyword": null,
      "hash": "U2FsdGVkX1/jbDLOLDIuEir/fhfSHNKj6+WwWhmQQ8bOPsih4CkdzrBK2kGK61dcGMbZrZsrrHlvFyNi6Nw9Jg==",
      "khash": "U2FsdGVkX18PJs4lXKorgIynQBO1+XvslZ2sa1Dw2TBa+9emb59eozzZcnkMidiW+txkCjDoaLoZE0oE1qc2qA==",
      "viewCount": null,
      "duration": "64:54",
      "size": 138795817
    },
    {
      "id": "9f733344-5a1c-4682-96ea-39f5296f37d4",
      "pid": "7282ae72-4bd6-47a7-892e-91193270098a",
      "dblevel": 5,
      "location": "/VGMV/01_BaiGiang/HocTheoSachTrongKinhThanh/PhucAmMa-thi-o-MSNguyenThi/66_Mat220114",
      "isVideo": true,
      "url": "01-bai-giang.hoc-theo-sach-trong-kinh-thanh.phuc-am-ma-thi-o-ms-nguyen-thi.66-mat220114",
      "name": "66_Mat220114",
      "count": 0,
      "isLeaf": null,
      "keyword": null,
      "hash": "U2FsdGVkX19fBoTBZaMbF6HhkLV7rgQd6rNGyIdarkOTd//v0NRhjKcBkKsjFLi3QMFPus2BLD7NkEtsePss1Q==",
      "khash": "U2FsdGVkX1+LivIxVVbaMILvCbopHDLx6ahgVepC2yYaoPam+3qDxPHBzVGdqY0CqB4mqtKm5x7D8idMLnqPqQ==",
      "viewCount": null,
      "duration": "59:54",
      "size": 811137830
    },
    {
      "id": "29d9a61d-c5f3-4ae6-88d5-0e4a9f756d3a",
      "pid": "7282ae72-4bd6-47a7-892e-91193270098a",
      "dblevel": 5,
      "location": "/VGMV/01_BaiGiang/HocTheoSachTrongKinhThanh/PhucAmMa-thi-o-MSNguyenThi/67_Mat221522",
      "isVideo": true,
      "url": "01-bai-giang.hoc-theo-sach-trong-kinh-thanh.phuc-am-ma-thi-o-ms-nguyen-thi.67-mat221522",
      "name": "67_Mat221522",
      "count": 0,
      "isLeaf": null,
      "keyword": null,
      "hash": "U2FsdGVkX1+M/2TWYKveKfwbIGnwQL2lVwDCXcrybCTWwCHMumyj9Bxvag+BPy6/6uPz+NJU2A2rFOZT2cpCdA==",
      "khash": "U2FsdGVkX1/n2fxwXXzQjUhnvz1IjAF7JSfd3OdfDBGoOfb9u7x4s8ZOi39/lMZUgYRuOx6hBN/3aKMNtq4SyA==",
      "viewCount": null,
      "duration": "46:34",
      "size": 267206813
    },
    {
      "id": "70c43c5b-c8d9-43b4-bf76-8100410538d3",
      "pid": "7282ae72-4bd6-47a7-892e-91193270098a",
      "dblevel": 5,
      "location": "/VGMV/01_BaiGiang/HocTheoSachTrongKinhThanh/PhucAmMa-thi-o-MSNguyenThi/68_Mat222335",
      "isVideo": true,
      "url": "01-bai-giang.hoc-theo-sach-trong-kinh-thanh.phuc-am-ma-thi-o-ms-nguyen-thi.68-mat222335",
      "name": "68_Mat222335",
      "count": 0,
      "isLeaf": null,
      "keyword": null,
      "hash": "U2FsdGVkX1+m6XUrvqI/qIqGLTShiyvc7b1XcoByUvAj78OJ4eDNy+7Z5Isr4+eszD2DIP1ZitB7uzvyzM4IBg==",
      "khash": "U2FsdGVkX1+EFMg9OmbW7ftlYoqQEWWBNwddBgzFxmzwc7rtRDR8ENPrt6SbXWlYSNbPxiC7t9VkUSm1mSwwuA==",
      "viewCount": null,
      "duration": "59:25",
      "size": 320803610
    },
    {
      "id": "738988e7-e174-49f4-a0d8-d45d09d2161c",
      "pid": "7282ae72-4bd6-47a7-892e-91193270098a",
      "dblevel": 5,
      "location": "/VGMV/01_BaiGiang/HocTheoSachTrongKinhThanh/PhucAmMa-thi-o-MSNguyenThi/69_Mat223440",
      "isVideo": true,
      "url": "01-bai-giang.hoc-theo-sach-trong-kinh-thanh.phuc-am-ma-thi-o-ms-nguyen-thi.69-mat223440",
      "name": "69_Mat223440",
      "count": 0,
      "isLeaf": null,
      "keyword": null,
      "hash": "U2FsdGVkX1/Qflxz4U4XQFeXoCLiyX6qKVWacnQJQJpo3qwGypDitp55Hq8kEaYwCZdG8qNLTSI+MkVQMprKPg==",
      "khash": "U2FsdGVkX1/mmvo0oKgQL8cXEtol2gMI/1HLEQUcb/e2eyM7qaVeTgUhbTm/nu4TrKGS2vsqwyJ0H3JElJZhQQ==",
      "viewCount": null,
      "duration": "49:46",
      "size": 231377058
    },
    {
      "id": "cd12c0ea-0d0d-4c5a-b3c5-c3d783260106",
      "pid": "7282ae72-4bd6-47a7-892e-91193270098a",
      "dblevel": 5,
      "location": "/VGMV/01_BaiGiang/HocTheoSachTrongKinhThanh/PhucAmMa-thi-o-MSNguyenThi/70_Mat224146",
      "isVideo": true,
      "url": "01-bai-giang.hoc-theo-sach-trong-kinh-thanh.phuc-am-ma-thi-o-ms-nguyen-thi.70-mat224146",
      "name": "70_Mat224146",
      "count": 0,
      "isLeaf": null,
      "keyword": null,
      "hash": "U2FsdGVkX1+WUrVcYBIEwg8o3NtpsV+jMyOxgk21TvyDsqvw5n09qewq/bupRTVKh0i714RUVzu/bWlongq9ow==",
      "khash": "U2FsdGVkX1+SEdkkn9oMLZ/16hfoipX2O0K0QywG0J9ugP8xC8AO82BFpvdpcIPCOVYNzsHpGICbv+EdLVp48Q==",
      "viewCount": null,
      "duration": "48:59",
      "size": 227602278
    },
    {
      "id": "dfa1feee-69b7-43e6-83d7-9bf4f707c04d",
      "pid": "7282ae72-4bd6-47a7-892e-91193270098a",
      "dblevel": 5,
      "location": "/VGMV/01_BaiGiang/HocTheoSachTrongKinhThanh/PhucAmMa-thi-o-MSNguyenThi/71_Mat230112",
      "isVideo": true,
      "url": "01-bai-giang.hoc-theo-sach-trong-kinh-thanh.phuc-am-ma-thi-o-ms-nguyen-thi.71-mat230112",
      "name": "71_Mat230112",
      "count": 0,
      "isLeaf": null,
      "keyword": null,
      "hash": "U2FsdGVkX1/ly/o3HdVJH29hxhDcYVr0IOiMw2N/mK00EC55ir3zZpxT20J4WkWiu95MgvBI54H9axyoR3A+vw==",
      "khash": "U2FsdGVkX19mMyUWhpTAtlAUm076phkh6spt2sF86ZmMhB0UKwfLgj9CsR+30iD2860hKk3MsHFyDI1d8fZQ/g==",
      "viewCount": null,
      "duration": "68:24",
      "size": 317880770
    },
    {
      "id": "d794e2a6-3c6b-4d5f-b2b4-951705c81eb3",
      "pid": "7282ae72-4bd6-47a7-892e-91193270098a",
      "dblevel": 5,
      "location": "/VGMV/01_BaiGiang/HocTheoSachTrongKinhThanh/PhucAmMa-thi-o-MSNguyenThi/72_Mat231315",
      "isVideo": true,
      "url": "01-bai-giang.hoc-theo-sach-trong-kinh-thanh.phuc-am-ma-thi-o-ms-nguyen-thi.72-mat231315",
      "name": "72_Mat231315",
      "count": 0,
      "isLeaf": null,
      "keyword": null,
      "hash": "U2FsdGVkX1+VWf6ZPEf0enKqbVp0wiY627KmSSlqtRvzTOM64RH9NrQ2bmDEJ5KnSkNLg2nUS8HqvxklmlLSgQ==",
      "khash": "U2FsdGVkX1/UxoqSkNvkpRcv6xaDkrDoCPRC2ypeal5mGp/+Vugu6yGuigBdEK+rAcqcAGo3FaCQQP9MXiFLQw==",
      "viewCount": null,
      "duration": "48:19",
      "size": 333364420
    },
    {
      "id": "2d7fd472-2096-4a8c-ae92-807b813fa18d",
      "pid": "7282ae72-4bd6-47a7-892e-91193270098a",
      "dblevel": 5,
      "location": "/VGMV/01_BaiGiang/HocTheoSachTrongKinhThanh/PhucAmMa-thi-o-MSNguyenThi/73_Mat231624",
      "isVideo": true,
      "url": "01-bai-giang.hoc-theo-sach-trong-kinh-thanh.phuc-am-ma-thi-o-ms-nguyen-thi.73-mat231624",
      "name": "73_Mat231624",
      "count": 0,
      "isLeaf": null,
      "keyword": null,
      "hash": "U2FsdGVkX1+eN1VLNi++LouLEv4rf8YijTpougrkJv+T1+u7AF4w4HzE8vH+KNmzqp9WaZpx+Mnwzz4j7Qlucw==",
      "khash": "U2FsdGVkX19FbWjXT4tmy/I1/VO+RBn382vwfO1StQSGAPkrbNjLnQPP3Gr8RJGU06XK1F77DvrsYcdAstMp+g==",
      "viewCount": null,
      "duration": "50:32",
      "size": 348637174
    },
    {
      "id": "9d33a6e1-b572-4f0a-9217-bda23e4829eb",
      "pid": "7282ae72-4bd6-47a7-892e-91193270098a",
      "dblevel": 5,
      "location": "/VGMV/01_BaiGiang/HocTheoSachTrongKinhThanh/PhucAmMa-thi-o-MSNguyenThi/74_Mat232533",
      "isVideo": true,
      "url": "01-bai-giang.hoc-theo-sach-trong-kinh-thanh.phuc-am-ma-thi-o-ms-nguyen-thi.74-mat232533",
      "name": "74_Mat232533",
      "count": 0,
      "isLeaf": null,
      "keyword": null,
      "hash": "U2FsdGVkX19XCe+wst3Xogzc0CTW+tSlvcJl9RtLt3mgn0ATNYluJrXaYXBDnzcKPIrup1p1xp6W4AzkXSTIZA==",
      "khash": "U2FsdGVkX19uhqIlJgYgK1ScW2E0PY6bDjYrdtWPl3ZlxEaZfmb992bPd9u8cueFy9TnvTOM8ouaMkjSmwmkAQ==",
      "viewCount": null,
      "duration": "48:38",
      "size": 656087717
    },
    {
      "id": "f1476dbf-50c9-4a2d-9fee-7dadf3daadcd",
      "pid": "7282ae72-4bd6-47a7-892e-91193270098a",
      "dblevel": 5,
      "location": "/VGMV/01_BaiGiang/HocTheoSachTrongKinhThanh/PhucAmMa-thi-o-MSNguyenThi/75_Mat233439",
      "isVideo": true,
      "url": "01-bai-giang.hoc-theo-sach-trong-kinh-thanh.phuc-am-ma-thi-o-ms-nguyen-thi.75-mat233439",
      "name": "75_Mat233439",
      "count": 0,
      "isLeaf": null,
      "keyword": null,
      "hash": "U2FsdGVkX19ktud+XK9TTxWVx5+4/zptiDNHpV0qaQV0pHLu2kHgsrSsOLQZ6KVgs33E44tbPxRkVztbQNUrjw==",
      "khash": "U2FsdGVkX18u8tYT3yrgAbLsvNx0ORaw2o1W1Spefixq4gfEHdvdUam3pLBEzW33A+nFJi1h8XDOzKgNmzBkHA==",
      "viewCount": null,
      "duration": "56:7",
      "size": 555311890
    },
    {
      "id": "bfde3279-2a31-45be-b681-66103c95e96b",
      "pid": "7282ae72-4bd6-47a7-892e-91193270098a",
      "dblevel": 5,
      "location": "/VGMV/01_BaiGiang/HocTheoSachTrongKinhThanh/PhucAmMa-thi-o-MSNguyenThi/76_Mat240114",
      "isVideo": true,
      "url": "01-bai-giang.hoc-theo-sach-trong-kinh-thanh.phuc-am-ma-thi-o-ms-nguyen-thi.76-mat240114",
      "name": "76_Mat240114",
      "count": 0,
      "isLeaf": null,
      "keyword": null,
      "hash": "U2FsdGVkX19jdHtvvZoz+4/kaq0TWcl3qhtWpNJN9M2iec9o3sSU0q8JVOfn5LiWnh3qfybWcBwZKdgPd0DoNA==",
      "khash": "U2FsdGVkX194j2iYdgqUwIEqYsmc9np74Id9Xi9E/IYywIQI89BfpV8Dx9sA/LAPSX3TygxYu2ZWDQ/23ALxbw==",
      "viewCount": null,
      "duration": "50:23",
      "size": 498588907
    },
    {
      "id": "018839e0-ecc0-412e-8c90-f8c5f2766868",
      "pid": "7282ae72-4bd6-47a7-892e-91193270098a",
      "dblevel": 5,
      "location": "/VGMV/01_BaiGiang/HocTheoSachTrongKinhThanh/PhucAmMa-thi-o-MSNguyenThi/77_Mat241528",
      "isVideo": true,
      "url": "01-bai-giang.hoc-theo-sach-trong-kinh-thanh.phuc-am-ma-thi-o-ms-nguyen-thi.77-mat241528",
      "name": "77_Mat241528",
      "count": 0,
      "isLeaf": null,
      "keyword": null,
      "hash": "U2FsdGVkX19Mabuj03T4co8BAYxNtBQBxWXQc7WulqpeytU+STwD1mMzTWsDM9YTOhWQaz4/9f3DStQJc2ur+g==",
      "khash": "U2FsdGVkX19By15+fnOACVpSyteUHBeOQpxhZ76UdvH4pt2jC6CGy6duHoxUvKhSkPjrUdyU8/KggFUjmFA+Iw==",
      "viewCount": null,
      "duration": "62:7",
      "size": 704650572
    },
    {
      "id": "96afcd72-55dd-41db-bb46-9103b75f39b6",
      "pid": "7282ae72-4bd6-47a7-892e-91193270098a",
      "dblevel": 5,
      "location": "/VGMV/01_BaiGiang/HocTheoSachTrongKinhThanh/PhucAmMa-thi-o-MSNguyenThi/78_Mat242835",
      "isVideo": true,
      "url": "01-bai-giang.hoc-theo-sach-trong-kinh-thanh.phuc-am-ma-thi-o-ms-nguyen-thi.78-mat242835",
      "name": "78_Mat242835",
      "count": 0,
      "isLeaf": null,
      "keyword": null,
      "hash": "U2FsdGVkX19meV8caJ5sKP3XAkSAi4per8JN7D1NpYh3aCN6Ci4tI5Th0gGxOG4Aq93iz9A5cgWBkKzldn+fjQ==",
      "khash": "U2FsdGVkX19T7qqYStXzGFXVH40XFKtTN6zOD078iNlvFSxZpkH6vtqAVYjup/IXJMXvM3xbXsAcGrScK4P0UQ==",
      "viewCount": null,
      "duration": "55:10",
      "size": 442699247
    },
    {
      "id": "13427225-f19a-44da-87fb-33d599ae26a6",
      "pid": "7282ae72-4bd6-47a7-892e-91193270098a",
      "dblevel": 5,
      "location": "/VGMV/01_BaiGiang/HocTheoSachTrongKinhThanh/PhucAmMa-thi-o-MSNguyenThi/79_Mat243651",
      "isVideo": true,
      "url": "01-bai-giang.hoc-theo-sach-trong-kinh-thanh.phuc-am-ma-thi-o-ms-nguyen-thi.79-mat243651",
      "name": "79_Mat243651",
      "count": 0,
      "isLeaf": null,
      "keyword": null,
      "hash": "U2FsdGVkX18DDGzKnbeHPTLhZzq2zZaFCVgh3+1u/vJ5N9KNFLApxGaIM/M9tKmo6CyWBImKjx7D0iNtjoRuAg==",
      "khash": "U2FsdGVkX18Ryp32s28yqT1sjyUbrrvs7wLilwXyzcBdkGnE0chOEH5Jfq8Wgku4TUEojfgUURyGK0QS8u3mng==",
      "viewCount": null,
      "duration": "51:34",
      "size": 691397095
    },
    {
      "id": "c046b950-7702-4526-b4cf-c7c097869b12",
      "pid": "7282ae72-4bd6-47a7-892e-91193270098a",
      "dblevel": 5,
      "location": "/VGMV/01_BaiGiang/HocTheoSachTrongKinhThanh/PhucAmMa-thi-o-MSNguyenThi/80_Mat250113",
      "isVideo": true,
      "url": "01-bai-giang.hoc-theo-sach-trong-kinh-thanh.phuc-am-ma-thi-o-ms-nguyen-thi.80-mat250113",
      "name": "80_Mat250113",
      "count": 0,
      "isLeaf": null,
      "keyword": null,
      "hash": "U2FsdGVkX19TuNQogA9peVdDRFDoXykEwm042l4WZ+bXV1SuKzslBrKxM4dOvx6pd+xgBQ1nvfNzzmJai7svxQ==",
      "khash": "U2FsdGVkX19uhVP2gn6c2lBnc1oqZzOawDY94+LoDRk84U/oZ3ODOiS+7LGfCVHtsFbkKupZvrWvF1caCznWHw==",
      "viewCount": null,
      "duration": "52:23",
      "size": 667759061
    },
    {
      "id": "b447a38f-0cd7-4c77-a01b-a8e5e4cae35d",
      "pid": "7282ae72-4bd6-47a7-892e-91193270098a",
      "dblevel": 5,
      "location": "/VGMV/01_BaiGiang/HocTheoSachTrongKinhThanh/PhucAmMa-thi-o-MSNguyenThi/81_Mat251430",
      "isVideo": true,
      "url": "01-bai-giang.hoc-theo-sach-trong-kinh-thanh.phuc-am-ma-thi-o-ms-nguyen-thi.81-mat251430",
      "name": "81_Mat251430",
      "count": 0,
      "isLeaf": null,
      "keyword": null,
      "hash": "U2FsdGVkX1+rK78mUBbWwxQBHb1Dx0jMrjBbXaKXxi8VSoM7i3cKsgEVIyDZ+bjlyvsbW+9J5I0rPAW5m7qZLg==",
      "khash": "U2FsdGVkX193j7L4fLX4c0DXq6MDn1Cct9T/+mLqbtO/XhRI/dJ5N0kiQlh0okC46VUkzAFf/bg1PSVBB4l9SA==",
      "viewCount": null,
      "duration": "60:15",
      "size": 370499409
    },
    {
      "id": "71fcf460-2762-4fb8-8515-1aa473c5a742",
      "pid": "7282ae72-4bd6-47a7-892e-91193270098a",
      "dblevel": 5,
      "location": "/VGMV/01_BaiGiang/HocTheoSachTrongKinhThanh/PhucAmMa-thi-o-MSNguyenThi/82_Mat253146",
      "isVideo": true,
      "url": "01-bai-giang.hoc-theo-sach-trong-kinh-thanh.phuc-am-ma-thi-o-ms-nguyen-thi.82-mat253146",
      "name": "82_Mat253146",
      "count": 0,
      "isLeaf": null,
      "keyword": null,
      "hash": "U2FsdGVkX1+bXkD4huEMuSfZfduZg9KOXJmfTQMPjmNujJJqxefVrhij/P/oWadevy7BQw/dUwKXYJLU7dSwrw==",
      "khash": "U2FsdGVkX1867koQaQzbqUyYFaCOf7cgbTvbRGUrcJYzb9u3fSeepg8gLfhTMQOGxxyl3vgyRgDeEAi/jne34A==",
      "viewCount": null,
      "duration": "56:34",
      "size": 517527706
    },
    {
      "id": "75f169e9-c614-4365-a393-24f80b0ef634",
      "pid": "7282ae72-4bd6-47a7-892e-91193270098a",
      "dblevel": 5,
      "location": "/VGMV/01_BaiGiang/HocTheoSachTrongKinhThanh/PhucAmMa-thi-o-MSNguyenThi/83_Mat260116",
      "isVideo": true,
      "url": "01-bai-giang.hoc-theo-sach-trong-kinh-thanh.phuc-am-ma-thi-o-ms-nguyen-thi.83-mat260116",
      "name": "83_Mat260116",
      "count": 0,
      "isLeaf": null,
      "keyword": null,
      "hash": "U2FsdGVkX19hg7cqEvyFyrGCJEx4R+RvDZV+Dc91ByJ0xae+KN7dJS9O0MdmcSL1r18FE+Vt7mZ5jq9EP+A8qQ==",
      "khash": "U2FsdGVkX1/0b9wCsXL27Cpt1zLi5CAfTavHRjR4LlnCQdL0crTjmSb2+VlluP6ONc4KR3b2bu2/50nQVyLZBQ==",
      "viewCount": null,
      "duration": "55:47",
      "size": 510388035
    },
    {
      "id": "67d9b080-9b03-476c-9123-13a7f6a2e1e1",
      "pid": "7282ae72-4bd6-47a7-892e-91193270098a",
      "dblevel": 5,
      "location": "/VGMV/01_BaiGiang/HocTheoSachTrongKinhThanh/PhucAmMa-thi-o-MSNguyenThi/84_Mat261729",
      "isVideo": true,
      "url": "01-bai-giang.hoc-theo-sach-trong-kinh-thanh.phuc-am-ma-thi-o-ms-nguyen-thi.84-mat261729",
      "name": "84_Mat261729",
      "count": 0,
      "isLeaf": null,
      "keyword": null,
      "hash": "U2FsdGVkX183GikXnv9oO9duAWJwQ4O5s3H3PMtSEcTy87KAcl5dySpWAbunU8HiviK4uvaSIVmobU2lupALMw==",
      "khash": "U2FsdGVkX19oR9gkT/demelmWiDx0fFygL1bo5ZArpKxd+zPAyWs5dbdvXefKOV694ZUs9B+NsRWbD3eDz/kFQ==",
      "viewCount": null,
      "duration": "63:54",
      "size": 440850173
    },
    {
      "id": "bc63102d-896f-4439-94b4-7a39450420b8",
      "pid": "7282ae72-4bd6-47a7-892e-91193270098a",
      "dblevel": 5,
      "location": "/VGMV/01_BaiGiang/HocTheoSachTrongKinhThanh/PhucAmMa-thi-o-MSNguyenThi/85_Mat263046",
      "isVideo": true,
      "url": "01-bai-giang.hoc-theo-sach-trong-kinh-thanh.phuc-am-ma-thi-o-ms-nguyen-thi.85-mat263046",
      "name": "85_Mat263046",
      "count": 0,
      "isLeaf": null,
      "keyword": null,
      "hash": "U2FsdGVkX1+amgDd5paKPZvhcCZA4O5rBK55yPTzSwWA/5NgoA0H/31a+EPVDusG9mjLr01SaN9mOOStAbgx/A==",
      "khash": "U2FsdGVkX182o8/kUYll34e48r/CZe/9zZFd+LlcymPbvjPxLm5TqLv3JAa2t9syhCsXEQxgg3epk398s8UTJQ==",
      "viewCount": null,
      "duration": "55:31",
      "size": 383043630
    },
    {
      "id": "3e1036cf-f855-4377-8f00-23ed42b1e1c0",
      "pid": "7282ae72-4bd6-47a7-892e-91193270098a",
      "dblevel": 5,
      "location": "/VGMV/01_BaiGiang/HocTheoSachTrongKinhThanh/PhucAmMa-thi-o-MSNguyenThi/86_Mat264756",
      "isVideo": true,
      "url": "01-bai-giang.hoc-theo-sach-trong-kinh-thanh.phuc-am-ma-thi-o-ms-nguyen-thi.86-mat264756",
      "name": "86_Mat264756",
      "count": 0,
      "isLeaf": null,
      "keyword": null,
      "hash": "U2FsdGVkX1/Mszb6XyZJg1Rv5q7YJfxTA0QMWS+OSiev8SW8FeXK4KTNOr+r+xuavVjeojOzEeYdiprhTrsieA==",
      "khash": "U2FsdGVkX180Mqg7HPpMBT5/u9NDBX5Xa2PiMxb9oLnEbnHXJ3seylKyGYKUg7uXcalBrh6aB0AhjSwif2R/Gg==",
      "viewCount": null,
      "duration": "49:20",
      "size": 340388642
    },
    {
      "id": "8fbd5300-3555-4116-9ab5-18f9f23d764d",
      "pid": "7282ae72-4bd6-47a7-892e-91193270098a",
      "dblevel": 5,
      "location": "/VGMV/01_BaiGiang/HocTheoSachTrongKinhThanh/PhucAmMa-thi-o-MSNguyenThi/87_Mat265775",
      "isVideo": true,
      "url": "01-bai-giang.hoc-theo-sach-trong-kinh-thanh.phuc-am-ma-thi-o-ms-nguyen-thi.87-mat265775",
      "name": "87_Mat265775",
      "count": 0,
      "isLeaf": null,
      "keyword": null,
      "hash": "U2FsdGVkX18axI406o67xLVXTdNOqsUcYd6P6qyQVEnIQ2U3Ca3fm+QKKCfD8sPl1r8QywU86JAsRLTmmfFgaQ==",
      "khash": "U2FsdGVkX19fWhPf1Hr5wT/IQxYjpELA1ZuY/1IyCZsSyytReKR91j3wjuwIRjOZ6apy/Ra/GKNxS59/lE2h5A==",
      "viewCount": null,
      "duration": "52:9",
      "size": 281622992
    },
    {
      "id": "7cee548e-f4e1-4e2a-a562-2d7dec1ba601",
      "pid": "7282ae72-4bd6-47a7-892e-91193270098a",
      "dblevel": 5,
      "location": "/VGMV/01_BaiGiang/HocTheoSachTrongKinhThanh/PhucAmMa-thi-o-MSNguyenThi/88_Mat270110",
      "isVideo": true,
      "url": "01-bai-giang.hoc-theo-sach-trong-kinh-thanh.phuc-am-ma-thi-o-ms-nguyen-thi.88-mat270110",
      "name": "88_Mat270110",
      "count": 0,
      "isLeaf": null,
      "keyword": null,
      "hash": "U2FsdGVkX19DM5P6/1xWMS+HueXaqvxBzpHGBKSB1LcXnRCreTe6PNc0bp3DDVSUtXH89VppGxvKQoE6K5r8Ig==",
      "khash": "U2FsdGVkX19a1mfkFskuxoowHnP2fbgdaiawbOQm29TCsqeFgJcocj16ezauUisXh/bPUYwQklMg1Ir2k6N9PQ==",
      "viewCount": null,
      "duration": "39:59",
      "size": 275801074
    },
    {
      "id": "7eb6c983-0dfa-4578-bf2e-961cda9ac132",
      "pid": "7282ae72-4bd6-47a7-892e-91193270098a",
      "dblevel": 5,
      "location": "/VGMV/01_BaiGiang/HocTheoSachTrongKinhThanh/PhucAmMa-thi-o-MSNguyenThi/89_Mat271131",
      "isVideo": true,
      "url": "01-bai-giang.hoc-theo-sach-trong-kinh-thanh.phuc-am-ma-thi-o-ms-nguyen-thi.89-mat271131",
      "name": "89_Mat271131",
      "count": 0,
      "isLeaf": null,
      "keyword": null,
      "hash": "U2FsdGVkX187vFhocNnE/SO8Pl0H+sgA5rVBy/W1BsCD7Wq0kWNwyGd+paNvbDsblnQsMhY8g19CwRCI+0eo6g==",
      "khash": "U2FsdGVkX18xxhpySomiJoED+Rg8nmqhLVBEWw55+b9/mo6iBISGr0Vl9hJQMUS3KzE7Mej42OoXfVQ/v8Ovvw==",
      "viewCount": null,
      "duration": "55:24",
      "size": 340709430
    },
    {
      "id": "3e2ef441-826e-4151-8356-77323b84278f",
      "pid": "7282ae72-4bd6-47a7-892e-91193270098a",
      "dblevel": 5,
      "location": "/VGMV/01_BaiGiang/HocTheoSachTrongKinhThanh/PhucAmMa-thi-o-MSNguyenThi/90_Mat273254",
      "isVideo": true,
      "url": "01-bai-giang.hoc-theo-sach-trong-kinh-thanh.phuc-am-ma-thi-o-ms-nguyen-thi.90-mat273254",
      "name": "90_Mat273254",
      "count": 0,
      "isLeaf": null,
      "keyword": null,
      "hash": "U2FsdGVkX1+16Zdp5Umz2Px2jkD98Of+r4X3pIDeJFCXla+GxcvyeN7E7DCAbxD+31LprYOh7Ocs9weBBEHdlw==",
      "khash": "U2FsdGVkX19eHb8QuN2baH6OTiknCDiC7CFISTxh9gQi71GybYkj9LH+hrx+WHjms4pDX9ZPDnHkWKUN3cLT7w==",
      "viewCount": null,
      "duration": "57:21",
      "size": 352753485
    },
    {
      "id": "28e8b48d-ee0f-4e58-addc-37e93e9154a8",
      "pid": "7282ae72-4bd6-47a7-892e-91193270098a",
      "dblevel": 5,
      "location": "/VGMV/01_BaiGiang/HocTheoSachTrongKinhThanh/PhucAmMa-thi-o-MSNguyenThi/91_Mat275566",
      "isVideo": true,
      "url": "01-bai-giang.hoc-theo-sach-trong-kinh-thanh.phuc-am-ma-thi-o-ms-nguyen-thi.91-mat275566",
      "name": "91_Mat275566",
      "count": 0,
      "isLeaf": null,
      "keyword": null,
      "hash": "U2FsdGVkX19gHpS9CFXXi2sRUqYHHAPu4vj3qiM7IjMtryhk6icqPzu+OoZOAR7OFkbFBVSqsPE2kQyiovNXug==",
      "khash": "U2FsdGVkX19BfQlGitzesF1YMIfQ2pWdiZbyxITX0bCsp5oDYdFnctTFL5cFRVmA9gpppHPqkKWV7q3R4O9b3w==",
      "viewCount": null,
      "duration": "42:38",
      "size": 262238292
    },
    {
      "id": "38fb3144-0243-41f4-ab81-c29065cc5703",
      "pid": "7282ae72-4bd6-47a7-892e-91193270098a",
      "dblevel": 5,
      "location": "/VGMV/01_BaiGiang/HocTheoSachTrongKinhThanh/PhucAmMa-thi-o-MSNguyenThi/92_Mat280110",
      "isVideo": true,
      "url": "01-bai-giang.hoc-theo-sach-trong-kinh-thanh.phuc-am-ma-thi-o-ms-nguyen-thi.92-mat280110",
      "name": "92_Mat280110",
      "count": 0,
      "isLeaf": null,
      "keyword": null,
      "hash": "U2FsdGVkX18Y07GgV87sj26+TAxX+Ug9UBhzyH0SuLEDWjuQyAIp0/5T6ulukqO4mVfIjSZ8kwPq10anU2PNQg==",
      "khash": "U2FsdGVkX19ZiCAB1Q8sz5oppmcD163c7lwguftkfwB7CBsf0weZ62j2zZ5cwbnXkacVGWnTO/AAI82C9A4KwA==",
      "viewCount": null,
      "duration": "42:15",
      "size": 275670123
    },
    {
      "id": "9588d309-588a-4eae-9cf1-f700c37c5546",
      "pid": "7282ae72-4bd6-47a7-892e-91193270098a",
      "dblevel": 5,
      "location": "/VGMV/01_BaiGiang/HocTheoSachTrongKinhThanh/PhucAmMa-thi-o-MSNguyenThi/93_Mat281120",
      "isVideo": true,
      "url": "01-bai-giang.hoc-theo-sach-trong-kinh-thanh.phuc-am-ma-thi-o-ms-nguyen-thi.93-mat281120",
      "name": "93_Mat281120",
      "count": 0,
      "isLeaf": null,
      "keyword": null,
      "hash": "U2FsdGVkX1+ICIXRT6EIm6L0y5PNx09+HnoOpdJxqT31e5ImNCObAEryt9vd0i8CXQ+KtMrHl4LjjbEDvicysQ==",
      "khash": "U2FsdGVkX1+chZmUeazLSweQ32DbN94Hg6vzTm4RUq92OZujqXAwfdzV21JCVLezxQdN9kxWAPIt62z9ViLkUg==",
      "viewCount": null,
      "duration": "49:33",
      "size": 341836076
    }
  ]
}