{
  "id": "d1d2e3f8-eb62-486a-b4fc-b83c8b51ad7a",
  "pid": "898cfb55-51f0-4444-aebd-db94d9c550d8",
  "dblevel": 4,
  "location": "/VGMV/01_BaiGiang/MucsuNguyenThi/Nam2015",
  "isVideo": true,
  "url": "01-bai-giang.muc-su-nguyen-thi.nam-2015",
  "name": "Năm 2015",
  "count": 36,
  "isLeaf": true,
  "keyword": null,
  "hash": null,
  "khash": null,
  "viewCount": null,
  "duration": null,
  "size": null,
  "children": [
    {
      "id": "fb139406-6c9a-469c-943b-9486b94e9e28",
      "pid": "d1d2e3f8-eb62-486a-b4fc-b83c8b51ad7a",
      "dblevel": 5,
      "location": "/VGMV/01_BaiGiang/MucsuNguyenThi/Nam2015/01042015HanhTrinhVaoDatHuaIXu120113",
      "isVideo": true,
      "url": "01-bai-giang.muc-su-nguyen-thi.nam-2015.01042015-hanh-trinh-vao-dat-hua-i-xu120113",
      "name": "01042015 Hành Trình Vào Đất Hứa I Xu120113",
      "count": 0,
      "isLeaf": null,
      "keyword": null,
      "hash": "",
      "khash": "U2FsdGVkX19DfFKtPDU/miUn604wb7jpCa0LHv0+kxixH0lyQmpXSKynhInlw0Me8UlGfHDEkr4x01xTGSrubQ==",
      "viewCount": null,
      "duration": "30:53",
      "size": 378308445
    },
    {
      "id": "7e07bc54-1507-45f7-9faf-4a4ffe44b765",
      "pid": "d1d2e3f8-eb62-486a-b4fc-b83c8b51ad7a",
      "dblevel": 5,
      "location": "/VGMV/01_BaiGiang/MucsuNguyenThi/Nam2015/01112015HanhTrinhVaoDatHuaIIVuotBienDoXu140131",
      "isVideo": true,
      "url": "01-bai-giang.muc-su-nguyen-thi.nam-2015.01112015-hanh-trinh-vao-dat-hua-ii-vuotbiendo-xu140131",
      "name": "01112015 Hành Trình Vào Đất Hứa II VuotBienDo Xu140131",
      "count": 0,
      "isLeaf": null,
      "keyword": null,
      "hash": "",
      "khash": "U2FsdGVkX1+zSh9iCMMbd3AuGyXlIXchTYk0/ODMhnwjULHSjmeYR7mKERlW9GnWUFaLcpfDGQYcgj32+M5tvA==",
      "viewCount": null,
      "duration": "39:27",
      "size": 403834301
    },
    {
      "id": "b7394f7c-7de2-4d41-b662-6ba158ee34b0",
      "pid": "d1d2e3f8-eb62-486a-b4fc-b83c8b51ad7a",
      "dblevel": 5,
      "location": "/VGMV/01_BaiGiang/MucsuNguyenThi/Nam2015/01182015HanhTrinhVaoDatHuaIIIVaoSaMacXu142227",
      "isVideo": true,
      "url": "01-bai-giang.muc-su-nguyen-thi.nam-2015.01182015-hanh-trinh-vao-dat-hua-iii-vaosamac-xu142227",
      "name": "01182015 Hành Trình Vào Đất Hứa III VaoSaMac Xu142227",
      "count": 0,
      "isLeaf": null,
      "keyword": null,
      "hash": "",
      "khash": "U2FsdGVkX1++XwbN0DwtYTRyTa8SlwoK1yHtUbUCSzISv9/K27ZtmU1hvrqeoJR6t5b4BORRNzOk2aICogv6lw==",
      "viewCount": null,
      "duration": "46:46",
      "size": 420798744
    },
    {
      "id": "83d6d35f-810e-4501-804c-c20b8fe0852e",
      "pid": "d1d2e3f8-eb62-486a-b4fc-b83c8b51ad7a",
      "dblevel": 5,
      "location": "/VGMV/01_BaiGiang/MucsuNguyenThi/Nam2015/02012015HanhTrinhVaoDatHuaIVDoiDienQuanThuXu170116",
      "isVideo": true,
      "url": "01-bai-giang.muc-su-nguyen-thi.nam-2015.02012015-hanh-trinh-vao-dat-hua-iv-doidienquanthu-xu170116",
      "name": "02012015 Hành Trình Vào Đất Hứa IV DoiDienQuanThu Xu170116",
      "count": 0,
      "isLeaf": null,
      "keyword": null,
      "hash": "",
      "khash": "U2FsdGVkX1/B418VddAjyDUB1OBJ5UO+vkqHCY8rwCVcdf9GvAd7gGo8+ZmSiie7WsT1bTXXQabahsCyab3QXQ==",
      "viewCount": null,
      "duration": "35:53",
      "size": 439916848
    },
    {
      "id": "45373362-2881-448c-8162-4ed58b2e85ba",
      "pid": "d1d2e3f8-eb62-486a-b4fc-b83c8b51ad7a",
      "dblevel": 5,
      "location": "/VGMV/01_BaiGiang/MucsuNguyenThi/Nam2015/02082015HanhTrinhVaoDatHua-BanDoHanhTrinhXu200117",
      "isVideo": true,
      "url": "01-bai-giang.muc-su-nguyen-thi.nam-2015.02082015-hanh-trinh-vao-dat-hua-ban-do-hanh-trinh-xu200117",
      "name": "02082015 Hành Trình Vào Đất Hứa-Bản Đồ Hành Trình Xu200117",
      "count": 0,
      "isLeaf": null,
      "keyword": null,
      "hash": "",
      "khash": "U2FsdGVkX1+QZn893XVFxZpC3XnwFQ9P+HFkXoGOvTYZ8gyBv9Br1KmerEsv26ang8CgzW4qrRcwpFyiWjhCHg==",
      "viewCount": null,
      "duration": "35:45",
      "size": 435230546
    },
    {
      "id": "7847a32b-a7c8-4a6e-8e0d-2082387d8d19",
      "pid": "d1d2e3f8-eb62-486a-b4fc-b83c8b51ad7a",
      "dblevel": 5,
      "location": "/VGMV/01_BaiGiang/MucsuNguyenThi/Nam2015/02152015SuPhucVuCuaHoiThanhMat281620",
      "isVideo": true,
      "url": "01-bai-giang.muc-su-nguyen-thi.nam-2015.02152015-su-phuc-vu-cua-hoi-thanh-mat-281620",
      "name": "02152015 Sự Phục Vụ Của Hội Thánh Mat 281620",
      "count": 0,
      "isLeaf": null,
      "keyword": null,
      "hash": "",
      "khash": "U2FsdGVkX1+VQAs2AHeNsf0NPO2cWRZ7F2GbSJCeWM9i2ScUa/ZmyJgcZLhCw9ExjxPWgIVhSH/U+5D0Mg/zRg==",
      "viewCount": null,
      "duration": "26:20",
      "size": 312208097
    },
    {
      "id": "cd88da39-1ab0-4622-8c34-81b204316722",
      "pid": "d1d2e3f8-eb62-486a-b4fc-b83c8b51ad7a",
      "dblevel": 5,
      "location": "/VGMV/01_BaiGiang/MucsuNguyenThi/Nam2015/02222015MungXuanMoiCh030110",
      "isVideo": true,
      "url": "01-bai-giang.muc-su-nguyen-thi.nam-2015.02222015-mung-xuan-moi-ch030110",
      "name": "02222015 Mừng Xuân Mới Ch030110",
      "count": 0,
      "isLeaf": null,
      "keyword": null,
      "hash": "",
      "khash": "U2FsdGVkX1+S69aXQwxDVMkGG3kn4cgOjp/6/YElmsjF/7BkPOgkG1udKQ8xngOkbhk7yaCYcno0pGkGpVtOdg==",
      "viewCount": null,
      "duration": "26:30",
      "size": 384674465
    },
    {
      "id": "99027939-de42-47e6-a1d0-9a203cc30a07",
      "pid": "d1d2e3f8-eb62-486a-b4fc-b83c8b51ad7a",
      "dblevel": 5,
      "location": "/VGMV/01_BaiGiang/MucsuNguyenThi/Nam2015/03212015ChuaSongTrongToiGa0220",
      "isVideo": true,
      "url": "01-bai-giang.muc-su-nguyen-thi.nam-2015.03212015-chua-song-trong-toi-ga0220",
      "name": "03212015 Chúa Sống Trong Tôi Ga0220",
      "count": 0,
      "isLeaf": null,
      "keyword": null,
      "hash": "",
      "khash": "U2FsdGVkX19q4AX+QhkWG70Dqv6xtgc9Dyxp0pZbnFH/bFRtUDTaQHqFTLzH1kvCb9h7Ei6skdkgJtdYo1lnPg==",
      "viewCount": null,
      "duration": "46:51",
      "size": 712059039
    },
    {
      "id": "7c92032d-f83a-4ae4-a1cc-985853d60950",
      "pid": "d1d2e3f8-eb62-486a-b4fc-b83c8b51ad7a",
      "dblevel": 5,
      "location": "/VGMV/01_BaiGiang/MucsuNguyenThi/Nam2015/03292015MotTienTrinhThoPhuongLu192944",
      "isVideo": true,
      "url": "01-bai-giang.muc-su-nguyen-thi.nam-2015.03292015-mot-tien-trinh-tho-phuong-lu192944",
      "name": "03292015 Một Tiến Trình Thờ Phượng Lu192944",
      "count": 0,
      "isLeaf": null,
      "keyword": null,
      "hash": "",
      "khash": "U2FsdGVkX1/HFJxS/vNBIXtSc/PD6brkc5coGt6SISzyyH641fwX9VJyyPWEKS93YmC0/vmmw++hIYhyn2fuqw==",
      "viewCount": null,
      "duration": "31:22",
      "size": 453793631
    },
    {
      "id": "d4a15b38-556c-431b-91cd-3a3bc1b001b2",
      "pid": "d1d2e3f8-eb62-486a-b4fc-b83c8b51ad7a",
      "dblevel": 5,
      "location": "/VGMV/01_BaiGiang/MucsuNguyenThi/Nam2015/04032015ThuongKho-HoanTat",
      "isVideo": true,
      "url": "01-bai-giang.muc-su-nguyen-thi.nam-2015.04032015-thuong-kho-hoan-tat",
      "name": "04032015 Thương Khó-Hoàn Tất",
      "count": 0,
      "isLeaf": null,
      "keyword": null,
      "hash": "",
      "khash": "U2FsdGVkX19ZXiJJVZerbiPt2pwjo41QQwqW2otqcQios21BAKMVAUs8eCW4JWp6bJNUS4VaElxBDoBwppZnmg==",
      "viewCount": null,
      "duration": "46:47",
      "size": 706487961
    },
    {
      "id": "19ef7f76-ca2a-4593-ad95-7fabd2a9b142",
      "pid": "d1d2e3f8-eb62-486a-b4fc-b83c8b51ad7a",
      "dblevel": 5,
      "location": "/VGMV/01_BaiGiang/MucsuNguyenThi/Nam2015/04052015GapChuaPhucSinhLu241335",
      "isVideo": true,
      "url": "01-bai-giang.muc-su-nguyen-thi.nam-2015.04052015-gap-chua-phuc-sinh-lu241335",
      "name": "04052015 Gặp Chúa Phục Sinh Lu241335",
      "count": 0,
      "isLeaf": null,
      "keyword": null,
      "hash": "",
      "khash": "U2FsdGVkX18CNsJhX4Wh5nideUnlpNWEPRGYwdZziAdfXltFVeW6Cs3S+dbqvgDHNq7iRunLgYwAAek0of1gUg==",
      "viewCount": null,
      "duration": "32:57",
      "size": 502821609
    },
    {
      "id": "147f69a7-cd2f-4415-a17e-3ca2621f3ba6",
      "pid": "d1d2e3f8-eb62-486a-b4fc-b83c8b51ad7a",
      "dblevel": 5,
      "location": "/VGMV/01_BaiGiang/MucsuNguyenThi/Nam2015/04192015DemAnhSangChoTranTheCong3-4",
      "isVideo": true,
      "url": "01-bai-giang.muc-su-nguyen-thi.nam-2015.04192015-dem-anh-sang-cho-tran-the-cong3-4",
      "name": "04192015 Đem Ánh Sáng Cho Trần Thế Cong3-4",
      "count": 0,
      "isLeaf": null,
      "keyword": null,
      "hash": "",
      "khash": "U2FsdGVkX18mj7Bll3M28xR5agmiueip7B85uthVlR91Tl7O5PiqHlvkn9jMSeaWK60Uh09Tj90QfVapllGMOA==",
      "viewCount": null,
      "duration": "38:16",
      "size": 587882992
    },
    {
      "id": "2f16bb6f-92b8-4a84-b51f-4bb8395bf2fd",
      "pid": "d1d2e3f8-eb62-486a-b4fc-b83c8b51ad7a",
      "dblevel": 5,
      "location": "/VGMV/01_BaiGiang/MucsuNguyenThi/Nam2015/05032015BonMuoiNamNhinLaiPhu080110",
      "isVideo": true,
      "url": "01-bai-giang.muc-su-nguyen-thi.nam-2015.05032015-bon-muoi-nam-nhin-lai-phu080110",
      "name": "05032015 Bốn Mươi Năm Nhìn Lại Phu080110",
      "count": 0,
      "isLeaf": null,
      "keyword": null,
      "hash": "",
      "khash": "U2FsdGVkX1+rDdJek8caT8CXscnCiV56VdKqNsov7eTdeAaxAVCFyUqjnpCdxhUfgBUeb+7Y7/iTHd9f1lpCwA==",
      "viewCount": null,
      "duration": "26:5",
      "size": 377173072
    },
    {
      "id": "39a7483c-0c2b-48c5-b62c-4452e449764a",
      "pid": "d1d2e3f8-eb62-486a-b4fc-b83c8b51ad7a",
      "dblevel": 5,
      "location": "/VGMV/01_BaiGiang/MucsuNguyenThi/Nam2015/05102015XayDungTheKy21Phu060109",
      "isVideo": true,
      "url": "01-bai-giang.muc-su-nguyen-thi.nam-2015.05102015-xay-dung-the-ky21-phu060109",
      "name": "05102015 Xây Dựng Thế Kỷ21 Phu060109",
      "count": 0,
      "isLeaf": null,
      "keyword": null,
      "hash": "",
      "khash": "U2FsdGVkX1/MkXiIX7pYx3X0AjkmkiIVOSZAg5i/A4YsaH6h+fTo67NZl7bKGLqTivM19b027fvVkv8I9eDvOw==",
      "viewCount": null,
      "duration": "30:41",
      "size": 415807153
    },
    {
      "id": "f580c4d4-462c-4711-baf2-c3d82f03f0e0",
      "pid": "d1d2e3f8-eb62-486a-b4fc-b83c8b51ad7a",
      "dblevel": 5,
      "location": "/VGMV/01_BaiGiang/MucsuNguyenThi/Nam2015/05172015HanhTrinhTruyenGiaoIICong16",
      "isVideo": true,
      "url": "01-bai-giang.muc-su-nguyen-thi.nam-2015.05172015-hanh-trinh-truyen-giaoii-cong16",
      "name": "05172015 Hành Trình Truyền GiáoII Cong16",
      "count": 0,
      "isLeaf": null,
      "keyword": null,
      "hash": "",
      "khash": "U2FsdGVkX1/VWmcAoZb9Gb235TfHtvCa3n4rmG+VykIZ91nQCzUKlGNJof+12ruV9vCEwSnA931/+I3QtuJW8w==",
      "viewCount": null,
      "duration": "45:6",
      "size": 540490293
    },
    {
      "id": "02d14119-b028-422d-8d64-e66a521f4c2a",
      "pid": "d1d2e3f8-eb62-486a-b4fc-b83c8b51ad7a",
      "dblevel": 5,
      "location": "/VGMV/01_BaiGiang/MucsuNguyenThi/Nam2015/05242015DucThanhLinhGiangLamCong020116",
      "isVideo": true,
      "url": "01-bai-giang.muc-su-nguyen-thi.nam-2015.05242015-duc-thanh-linh-giang-lam-cong020116",
      "name": "05242015 Đức Thánh Linh Giáng Lâm Cong020116",
      "count": 0,
      "isLeaf": null,
      "keyword": null,
      "hash": "",
      "khash": "U2FsdGVkX1+BrV3EN4tTMZTz6FVIUFvAWpPWFRMlelFf5mnZBu0uo8XR0a51He7UJ2GVjgZlslNYiNVMc7i9BA==",
      "viewCount": null,
      "duration": "34:4",
      "size": 414719542
    },
    {
      "id": "14df87b3-14a5-4976-b2f1-c0b1627640ac",
      "pid": "d1d2e3f8-eb62-486a-b4fc-b83c8b51ad7a",
      "dblevel": 5,
      "location": "/VGMV/01_BaiGiang/MucsuNguyenThi/Nam2015/06142015BieuDuongQuyenLucCong161634",
      "isVideo": true,
      "url": "01-bai-giang.muc-su-nguyen-thi.nam-2015.06142015-bieu-duong-quyen-luc-cong161634",
      "name": "06142015 Biểu Dương Quyền Lực Cong161634",
      "count": 0,
      "isLeaf": null,
      "keyword": null,
      "hash": "",
      "khash": "U2FsdGVkX18GEQz6rDayt4hsh5IxEnIclo7LLZ48RUD0BUj2vwiFdjmijBgRoIcMX8vLXZdHTnBQ3+9SjZW/Jw==",
      "viewCount": null,
      "duration": "31:49",
      "size": 458425258
    },
    {
      "id": "0be67b3c-0d24-4921-b9f2-faabdef18946",
      "pid": "d1d2e3f8-eb62-486a-b4fc-b83c8b51ad7a",
      "dblevel": 5,
      "location": "/VGMV/01_BaiGiang/MucsuNguyenThi/Nam2015/06212015TinhChaLu151132",
      "isVideo": true,
      "url": "01-bai-giang.muc-su-nguyen-thi.nam-2015.06212015-tinh-cha-lu151132",
      "name": "06212015 Tình Cha Lu151132",
      "count": 0,
      "isLeaf": null,
      "keyword": null,
      "hash": "",
      "khash": "U2FsdGVkX18w9mVp23HN/WKtaW01AAC+aUPK6uZzDcdpCNyJBhjq9Xi5+gp6rBConD+BMojJklz7JphRDDCwKQ==",
      "viewCount": null,
      "duration": "36:14",
      "size": 552167081
    },
    {
      "id": "f177d4be-48cf-4cd0-b006-bcc3e4a59600",
      "pid": "d1d2e3f8-eb62-486a-b4fc-b83c8b51ad7a",
      "dblevel": 5,
      "location": "/VGMV/01_BaiGiang/MucsuNguyenThi/Nam2015/06282015ChuyenBaThanhPhoCong170134",
      "isVideo": true,
      "url": "01-bai-giang.muc-su-nguyen-thi.nam-2015.06282015-chuyen-ba-thanh-pho-cong170134",
      "name": "06282015 Chuyện Ba Thành Phố Cong170134",
      "count": 0,
      "isLeaf": null,
      "keyword": null,
      "hash": "",
      "khash": "U2FsdGVkX1+hte4nVNXKvx5MQrvGmAlQJMVwtGh240B6Rx4JkUj30al+56XVNre9gcVnrfvNaYv2YlURnRYG9g==",
      "viewCount": null,
      "duration": "31:49",
      "size": 452690342
    },
    {
      "id": "51189292-e62a-4cea-810d-0818364cb11e",
      "pid": "d1d2e3f8-eb62-486a-b4fc-b83c8b51ad7a",
      "dblevel": 5,
      "location": "/VGMV/01_BaiGiang/MucsuNguyenThi/Nam2015/07122015HoiThanhVaPhucAm1Te010110",
      "isVideo": true,
      "url": "01-bai-giang.muc-su-nguyen-thi.nam-2015.07122015-hoi-thanh-va-phuc-am-1te010110",
      "name": "07122015 Hội Thánh Và Phúc Âm 1Te010110",
      "count": 0,
      "isLeaf": null,
      "keyword": null,
      "hash": "",
      "khash": "U2FsdGVkX1/z8NNAONzw/Eqj9DC53MkCk8hEbDFnxvees8Q6VkFPjO9SNiZPOJEdNyRlWzPb+TW4202/+nNQhg==",
      "viewCount": null,
      "duration": "31:53",
      "size": 431010468
    },
    {
      "id": "dfb53580-976a-4214-a6d5-984c946e01c9",
      "pid": "d1d2e3f8-eb62-486a-b4fc-b83c8b51ad7a",
      "dblevel": 5,
      "location": "/VGMV/01_BaiGiang/MucsuNguyenThi/Nam2015/07192015TamTinhPhucVu1Te020112",
      "isVideo": true,
      "url": "01-bai-giang.muc-su-nguyen-thi.nam-2015.07192015-tam-tinh-phuc-vu-1te020112",
      "name": "07192015 Tâm Tình Phục Vụ 1Te020112",
      "count": 0,
      "isLeaf": null,
      "keyword": null,
      "hash": "",
      "khash": "U2FsdGVkX18h7DbRbDL0GhqqVnorlOX/a+FgqvDab4ZnopL9/rPJwn8pK/AraqMGsurBN2IjaWMyjMaAGspkNg==",
      "viewCount": null,
      "duration": "35:2",
      "size": 511244241
    },
    {
      "id": "20cc9bf2-774d-4986-9bf2-4fae85207130",
      "pid": "d1d2e3f8-eb62-486a-b4fc-b83c8b51ad7a",
      "dblevel": 5,
      "location": "/VGMV/01_BaiGiang/MucsuNguyenThi/Nam2015/07262015TamTinhKhichLe1Te0213-0313",
      "isVideo": true,
      "url": "01-bai-giang.muc-su-nguyen-thi.nam-2015.07262015-tam-tinh-khich-le-1te0213-0313",
      "name": "07262015 Tâm Tình Khích Lệ 1Te0213-0313",
      "count": 0,
      "isLeaf": null,
      "keyword": null,
      "hash": "",
      "khash": "U2FsdGVkX1+L1kpbPgV0g1LNDLfbDp3lfZUhSZ7imDDUdYvsYIs/qT6T+9GzQ+WXOfcvENvMMOwfHMmrXEMPJQ==",
      "viewCount": null,
      "duration": "34:0",
      "size": 479399218
    },
    {
      "id": "dbfba7bd-13bf-4e8a-a333-80fa2abd991d",
      "pid": "d1d2e3f8-eb62-486a-b4fc-b83c8b51ad7a",
      "dblevel": 5,
      "location": "/VGMV/01_BaiGiang/MucsuNguyenThi/Nam2015/08092015SongPhucAm1Te040112",
      "isVideo": true,
      "url": "01-bai-giang.muc-su-nguyen-thi.nam-2015.08092015-song-phuc-am-1te040112",
      "name": "08092015 Sống Phúc Âm 1Te040112",
      "count": 0,
      "isLeaf": null,
      "keyword": null,
      "hash": "",
      "khash": "U2FsdGVkX1+vynPUOWt3HHwZUoLNyrQNRolDma+qx8cJvEVls8kWOI/EFGzkM4Sz5pfC5zzGE37W6eWcthqZ6A==",
      "viewCount": null,
      "duration": "29:40",
      "size": 448098796
    },
    {
      "id": "95685e61-c40b-4a37-8db0-6df6cc01c469",
      "pid": "d1d2e3f8-eb62-486a-b4fc-b83c8b51ad7a",
      "dblevel": 5,
      "location": "/VGMV/01_BaiGiang/MucsuNguyenThi/Nam2015/08162015KyChuaDen1Te041318",
      "isVideo": true,
      "url": "01-bai-giang.muc-su-nguyen-thi.nam-2015.08162015-ky-chua-den-1te041318",
      "name": "08162015 Kỳ Chúa Đến 1Te041318",
      "count": 0,
      "isLeaf": null,
      "keyword": null,
      "hash": "",
      "khash": "U2FsdGVkX1+DnS8xk/Az0VIYeqrIq7zAVLOZ5+6HgZpyZFoUDtSaqfjJnklIqwsIEjm6shtHyq6edKoU0/tU4Q==",
      "viewCount": null,
      "duration": "34:27",
      "size": 677483454
    },
    {
      "id": "2a58077c-2507-4d8a-9849-98d237273562",
      "pid": "d1d2e3f8-eb62-486a-b4fc-b83c8b51ad7a",
      "dblevel": 5,
      "location": "/VGMV/01_BaiGiang/MucsuNguyenThi/Nam2015/09062015NgayCuaChua1Te050111",
      "isVideo": true,
      "url": "01-bai-giang.muc-su-nguyen-thi.nam-2015.09062015-ngay-cua-chua-1te050111",
      "name": "09062015 Ngày Của Chúa 1Te050111",
      "count": 0,
      "isLeaf": null,
      "keyword": null,
      "hash": "",
      "khash": "U2FsdGVkX18GR28mwK2+3PYr2ysOZc9cuQf4hMDidOfTob4e7RJeeLXh4S+aKUzKB9GxwyxL63JqtZchobZa6w==",
      "viewCount": null,
      "duration": "30:55",
      "size": 471842374
    },
    {
      "id": "a5b13f5c-8bd6-45e0-b7eb-8d500984423a",
      "pid": "d1d2e3f8-eb62-486a-b4fc-b83c8b51ad7a",
      "dblevel": 5,
      "location": "/VGMV/01_BaiGiang/MucsuNguyenThi/Nam2015/09132015LoiChuaTrongDoiSongPhu060109",
      "isVideo": true,
      "url": "01-bai-giang.muc-su-nguyen-thi.nam-2015.09132015-loi-chua-trong-doi-song-phu060109",
      "name": "09132015 Lời Chúa Trong Đời Sống Phu060109",
      "count": 0,
      "isLeaf": null,
      "keyword": null,
      "hash": "",
      "khash": "U2FsdGVkX18OBk27e87xbZY7Md8dJCDjmekt6Mha7DSGvCzEa8sRSIWK2FRODeKv/jbTElMvg2WhsaV8Q5/+gA==",
      "viewCount": null,
      "duration": "62:39",
      "size": 954571571
    },
    {
      "id": "5e3f594f-e68e-482c-afab-5ab2315d478d",
      "pid": "d1d2e3f8-eb62-486a-b4fc-b83c8b51ad7a",
      "dblevel": 5,
      "location": "/VGMV/01_BaiGiang/MucsuNguyenThi/Nam2015/09202015MuoiDieutamNiem2Te051228",
      "isVideo": true,
      "url": "01-bai-giang.muc-su-nguyen-thi.nam-2015.09202015-muoi-dieu-tam-niem-2te051228",
      "name": "09202015 Mười Điều tâm Niệm 2Te051228",
      "count": 0,
      "isLeaf": null,
      "keyword": null,
      "hash": "",
      "khash": "U2FsdGVkX18UYQkPsmWIDBJWf5I24pE5c/CoFPuam31UmAONvgA4ipG6HgQxV8nhXMJUCweYJVEeDoQ76+mp6Q==",
      "viewCount": null,
      "duration": "37:27",
      "size": 600465995
    },
    {
      "id": "7037429b-980e-4e2f-bcb0-cc29ebdc64e4",
      "pid": "d1d2e3f8-eb62-486a-b4fc-b83c8b51ad7a",
      "dblevel": 5,
      "location": "/VGMV/01_BaiGiang/MucsuNguyenThi/Nam2015/10042015ChungHuuBao2Te010112",
      "isVideo": true,
      "url": "01-bai-giang.muc-su-nguyen-thi.nam-2015.10042015-chung-huu-bao-2te010112",
      "name": "10042015 Chung Hữu Bảo 2Te010112",
      "count": 0,
      "isLeaf": null,
      "keyword": null,
      "hash": "",
      "khash": "U2FsdGVkX18ZHBYsowxmbd8qmlrCLxICuz8gZ84CunwjvgNALNGPS8SvGbq4n0IX0COzdgaXGnms0Vct5DzuVQ==",
      "viewCount": null,
      "duration": "79:46",
      "size": 1752271545
    },
    {
      "id": "97b01854-e800-43a3-8070-750426f71bbe",
      "pid": "d1d2e3f8-eb62-486a-b4fc-b83c8b51ad7a",
      "dblevel": 5,
      "location": "/VGMV/01_BaiGiang/MucsuNguyenThi/Nam2015/10182015KhiNaoChuaTroLai2Te020117",
      "isVideo": true,
      "url": "01-bai-giang.muc-su-nguyen-thi.nam-2015.10182015-khi-nao-chua-tro-lai-2te020117",
      "name": "10182015 Khi Nào Chúa Trở Lại 2Te020117",
      "count": 0,
      "isLeaf": null,
      "keyword": null,
      "hash": "",
      "khash": "U2FsdGVkX18u1hrKQvdCVz6QY6GSWAh3UTkxkotcriONdLj9KW69I1Dq3zvlooRaNsRJip/BYSkxiIGXIfPqmA==",
      "viewCount": null,
      "duration": "33:47",
      "size": 513688336
    },
    {
      "id": "7d514fb9-5511-43b0-8ac6-6a9bcbdb807c",
      "pid": "d1d2e3f8-eb62-486a-b4fc-b83c8b51ad7a",
      "dblevel": 5,
      "location": "/VGMV/01_BaiGiang/MucsuNguyenThi/Nam2015/10252015HoiThanhCuaDucChuaTroi1Co030915",
      "isVideo": true,
      "url": "01-bai-giang.muc-su-nguyen-thi.nam-2015.10252015-hoi-thanh-cua-duc-chua-troi-1co030915",
      "name": "10252015 Hội Thánh Của Đức Chúa Trời 1Co030915",
      "count": 0,
      "isLeaf": null,
      "keyword": null,
      "hash": "",
      "khash": "U2FsdGVkX1/yMReXJslaogZBnxcE7KvPiaA2yZkhqYEI9zU8unmFUl3jKN7UgUX0WPYUNacmj1K8F/ls+i/SzQ==",
      "viewCount": null,
      "duration": "37:12",
      "size": 567141769
    },
    {
      "id": "5574b6b9-96ed-480e-8868-47b000e5c501",
      "pid": "d1d2e3f8-eb62-486a-b4fc-b83c8b51ad7a",
      "dblevel": 5,
      "location": "/VGMV/01_BaiGiang/MucsuNguyenThi/Nam2015/11082015HayYenLangThi46",
      "isVideo": true,
      "url": "01-bai-giang.muc-su-nguyen-thi.nam-2015.11082015-hay-yen-lang-thi46",
      "name": "11082015 Hãy Yên Lặng Thi46",
      "count": 0,
      "isLeaf": null,
      "keyword": null,
      "hash": "",
      "khash": "U2FsdGVkX18rHcmksCBR9CPzBF4+xMpqjErgcYs0CJemwsn4cB7SScc9+dPlIrWV/TrTljzfy5YhmVzJRCMtWA==",
      "viewCount": null,
      "duration": "32:35",
      "size": 497463990
    },
    {
      "id": "d1e79f94-ee88-496b-9702-4ee5a4761a72",
      "pid": "d1d2e3f8-eb62-486a-b4fc-b83c8b51ad7a",
      "dblevel": 5,
      "location": "/VGMV/01_BaiGiang/MucsuNguyenThi/Nam2015/11152015XinHayThuongXotToiThi51",
      "isVideo": true,
      "url": "01-bai-giang.muc-su-nguyen-thi.nam-2015.11152015-xin-hay-thuong-xot-toi-thi51",
      "name": "11152015 Xin Hãy Thương Xót Tôi Thi51",
      "count": 0,
      "isLeaf": null,
      "keyword": null,
      "hash": "",
      "khash": "U2FsdGVkX1/gkV1dDxo9pxHEsdzc22ZZ00O1ts2iK2+fk+RWPxQSKBM00ZEOSjUv6J3nekDcv+AVwN1qvLt1Cw==",
      "viewCount": null,
      "duration": "41:47",
      "size": 639460277
    },
    {
      "id": "2a7481ac-b6a1-4d8c-bdd1-5d8666b156ab",
      "pid": "d1d2e3f8-eb62-486a-b4fc-b83c8b51ad7a",
      "dblevel": 5,
      "location": "/VGMV/01_BaiGiang/MucsuNguyenThi/Nam2015/11222015LamNguoiGiuCuaThi84",
      "isVideo": true,
      "url": "01-bai-giang.muc-su-nguyen-thi.nam-2015.11222015-lam-nguoi-giu-cua-thi84",
      "name": "11222015 Làm Người Giữ Của Thi84",
      "count": 0,
      "isLeaf": null,
      "keyword": null,
      "hash": "",
      "khash": "U2FsdGVkX1+IXgR52r45kJXtbbMZgqYK/wj8kvnxwqyaG/QZPkT5w5ByL29MENwDWO9B5kMpzxt0xzrBCyEaYA==",
      "viewCount": null,
      "duration": "33:24",
      "size": 512504398
    },
    {
      "id": "d96fc19d-6985-47fd-b847-22b2da50a6b9",
      "pid": "d1d2e3f8-eb62-486a-b4fc-b83c8b51ad7a",
      "dblevel": 5,
      "location": "/VGMV/01_BaiGiang/MucsuNguyenThi/Nam2015/11272015TaOn",
      "isVideo": true,
      "url": "01-bai-giang.muc-su-nguyen-thi.nam-2015.11272015-ta-on",
      "name": "11272015 Tạ Ơn",
      "count": 0,
      "isLeaf": null,
      "keyword": null,
      "hash": "",
      "khash": "U2FsdGVkX1+zPJ1EadGR1Q9xiqrxDXUKyoJOzP2UoaZgq6VsCReEQpRsbs1BOpbrFMbSU6im+b8macWJyv194g==",
      "viewCount": null,
      "duration": "29:13",
      "size": 446957247
    },
    {
      "id": "5f7487ac-3e6c-4b24-851e-0ae13b59eae5",
      "pid": "d1d2e3f8-eb62-486a-b4fc-b83c8b51ad7a",
      "dblevel": 5,
      "location": "/VGMV/01_BaiGiang/MucsuNguyenThi/Nam2015/12062015ThienSuBaoTinLu010538bb",
      "isVideo": true,
      "url": "01-bai-giang.muc-su-nguyen-thi.nam-2015.12062015-thien-su-bao-tin-lu010538-bb",
      "name": "12062015 Thiên Sứ Báo Tin Lu010538 bb",
      "count": 0,
      "isLeaf": null,
      "keyword": null,
      "hash": "",
      "khash": "U2FsdGVkX19bAPiHSpUEyH5bp68Y20yqtOmu/WUjg6eQEv4ldibH6nbAKN571AoBEKFDVSfV5ro6pWBTpJ07Hw==",
      "viewCount": null,
      "duration": "27:15",
      "size": 435091381
    },
    {
      "id": "93d1cdc9-9fdc-42bb-9f84-a4fc1e54c4a0",
      "pid": "d1d2e3f8-eb62-486a-b4fc-b83c8b51ad7a",
      "dblevel": 5,
      "location": "/VGMV/01_BaiGiang/MucsuNguyenThi/Nam2015/12132015NhungBaiCaGiangSinhLu014655",
      "isVideo": true,
      "url": "01-bai-giang.muc-su-nguyen-thi.nam-2015.12132015-nhung-bai-ca-giang-sinh-lu-014655",
      "name": "12132015 Những Bài Ca Giáng Sinh Lu 014655",
      "count": 0,
      "isLeaf": null,
      "keyword": null,
      "hash": "",
      "khash": "U2FsdGVkX1+X4J65cY0dGEgIlAhc47ITcMqAsKtnwtAzUFZgfF/2gPO522F/D+DA25DQ/IoP7YcJLpZGp5LX9A==",
      "viewCount": null,
      "duration": "31:45",
      "size": 266847247
    }
  ]
}