{
  "id": "2be856c9-d1b7-4822-a94c-2f624f00c00b",
  "pid": "71832048-cb5a-498b-a6d9-9d1831fd437b",
  "dblevel": 4,
  "location": "/VGMV/01_BaiGiang/HocTheoChuDe/12-SongTrongTinhYeu",
  "isVideo": true,
  "url": "01-bai-giang.hoc-theo-chu-de.12-song-trong-tinh-yeu",
  "name": "12-Sống Trong Tình Yêu",
  "count": 4,
  "isLeaf": true,
  "keyword": null,
  "hash": null,
  "khash": null,
  "viewCount": null,
  "duration": null,
  "size": null,
  "children": [
    {
      "id": "a9bdedcf-cbbe-491a-9c06-1b7357f72ab0",
      "pid": "2be856c9-d1b7-4822-a94c-2f624f00c00b",
      "dblevel": 5,
      "location": "/VGMV/01_BaiGiang/HocTheoChuDe/12-SongTrongTinhYeu/01-SongTrongTinhYeuKhongDieuKien",
      "isVideo": true,
      "url": "01-bai-giang.hoc-theo-chu-de.12-song-trong-tinh-yeu.01-song-trong-tinh-yeu-khong-dieu-kien",
      "name": "01-Sống Trong Tình Yêu Không Điều Kiện",
      "count": 0,
      "isLeaf": null,
      "keyword": null,
      "hash": "U2FsdGVkX18ul3Qeii7GjvXdYjNGo4UfiJ73sr7BxOhhHFUhi/pV6UVAIZEMlj24KaNaxj3x4qmTwJq95Y/c2Q==",
      "khash": "U2FsdGVkX19mkLzMO4XgVFcqVavQ1LDAZGYYA/QR8ThvRjGIEs/CZloyKfkZG9SRN4LATsNqdPE8eSeEFUjrLg==",
      "viewCount": null,
      "duration": "71:6",
      "size": 707415664
    },
    {
      "id": "7b11159f-1731-4fef-bf0b-b25339faac84",
      "pid": "2be856c9-d1b7-4822-a94c-2f624f00c00b",
      "dblevel": 5,
      "location": "/VGMV/01_BaiGiang/HocTheoChuDe/12-SongTrongTinhYeu/02-SongTrongTinhYeuKhongThayDoi-KhongGioiHan",
      "isVideo": true,
      "url": "01-bai-giang.hoc-theo-chu-de.12-song-trong-tinh-yeu.02-song-trong-tinh-yeu-khong-thay-doi-khong-gioi-han",
      "name": "02-Sống Trong Tình Yêu Không Thay Đổi - Không Giới Hạn",
      "count": 0,
      "isLeaf": null,
      "keyword": null,
      "hash": "U2FsdGVkX18jy+uX4cJA9PSFjDoqfpsRylDzV2+LxzvvPuoZmNsOnJx8uUnEKX9zQ1T+hao9noXqmk27ZdqFSQ==",
      "khash": "U2FsdGVkX18g4BMrIsqnvRiHmqXGI0vRlGbjzCbDfGf0DG+XsFir3NPsrV/D9gvjk5ik95C2WtMHkI8G8ADn9A==",
      "viewCount": null,
      "duration": "71:4",
      "size": 1936388865
    },
    {
      "id": "71fc8692-359e-42a4-95b5-62064307bb79",
      "pid": "2be856c9-d1b7-4822-a94c-2f624f00c00b",
      "dblevel": 5,
      "location": "/VGMV/01_BaiGiang/HocTheoChuDe/12-SongTrongTinhYeu/03-SongTrongTinhYeuCuaDangCongChinh",
      "isVideo": true,
      "url": "01-bai-giang.hoc-theo-chu-de.12-song-trong-tinh-yeu.03-song-trong-tinh-yeu-cua-dang-cong-chinh",
      "name": "03-Sống Trong Tình Yêu Của Đấng Công Chính",
      "count": 0,
      "isLeaf": null,
      "keyword": null,
      "hash": "U2FsdGVkX18AGC1/tVoOJupMFp3Vu/9AEjZAPp3sdddI2/As8voFOn8Li70tz801velVAu9ZRgkmxWWgSSatcw==",
      "khash": "U2FsdGVkX1/Ceh9NeUWRe0e4+lkrq+0rrzZUV1De01OLW7J9aeaIuvzGUzHZDng8IMVCgcoKEiOHHIQ3jM9UAQ==",
      "viewCount": null,
      "duration": "59:36",
      "size": 1624451709
    },
    {
      "id": "2771461c-0f06-4ccd-80f2-eeead4489353",
      "pid": "2be856c9-d1b7-4822-a94c-2f624f00c00b",
      "dblevel": 5,
      "location": "/VGMV/01_BaiGiang/HocTheoChuDe/12-SongTrongTinhYeu/04-SongVoiChuaLaNguonTinhyeu",
      "isVideo": true,
      "url": "01-bai-giang.hoc-theo-chu-de.12-song-trong-tinh-yeu.04-song-voi-chua-la-nguon-tinh-yeu",
      "name": "04-Sống Với Chúa Là Nguồn Tình yêu",
      "count": 0,
      "isLeaf": null,
      "keyword": null,
      "hash": "U2FsdGVkX18moPe31BaykbnPgexqRyqNXpZHimHYfuRfK6zBHS2gfx82FkgO2C+Q9KwWH/99cCH5UBR8a3Dlbg==",
      "khash": "U2FsdGVkX1//5OHLNbRq0J5/9LaXHTODrNgpnNRZ1s1Ip+HDWE/nYxTVnUIEDh5fLlLxvLPEYjKRvSqBBsO4LA==",
      "viewCount": null,
      "duration": "60:54",
      "size": 1658307804
    }
  ]
}