{
  "id": "5da3382e-14b1-43be-8dfc-a5d9aab3e7b9",
  "pid": "898cfb55-51f0-4444-aebd-db94d9c550d8",
  "dblevel": 4,
  "location": "/VGMV/01_BaiGiang/MucsuNguyenThi/Nam2022",
  "isVideo": true,
  "url": "01-bai-giang.muc-su-nguyen-thi.nam-2022",
  "name": "Năm 2022",
  "count": 4,
  "isLeaf": true,
  "keyword": null,
  "hash": null,
  "khash": null,
  "viewCount": null,
  "duration": null,
  "size": null,
  "children": [
    {
      "id": "a747c699-0a7c-4d01-8ee6-9fb20c94b3c0",
      "pid": "5da3382e-14b1-43be-8dfc-a5d9aab3e7b9",
      "dblevel": 5,
      "location": "/VGMV/01_BaiGiang/MucsuNguyenThi/Nam2022/01022022_QuyetTamDauNam",
      "isVideo": true,
      "url": "01-bai-giang.muc-su-nguyen-thi.nam-2022.01022022-quyet-tam-dau-nam",
      "name": "01022022_Quyết Tâm Đầu Năm",
      "count": 0,
      "isLeaf": null,
      "keyword": null,
      "hash": "",
      "khash": "U2FsdGVkX18BjdaHxgWNjfp/vBg1g2hXGxiPhUgyOAvcmX3Tw5LBRt0eb+hrmze4z4pY2TjCkyZCTDvigjpMgg==",
      "viewCount": null,
      "duration": "36:39",
      "size": 1074494097
    },
    {
      "id": "14ce35fd-08ff-4d3f-941e-a793fdfea839",
      "pid": "5da3382e-14b1-43be-8dfc-a5d9aab3e7b9",
      "dblevel": 5,
      "location": "/VGMV/01_BaiGiang/MucsuNguyenThi/Nam2022/01092022_TonThoThienChua",
      "isVideo": true,
      "url": "01-bai-giang.muc-su-nguyen-thi.nam-2022.01092022-ton-tho-thien-chua",
      "name": "01092022_Tôn Thờ Thiên Chúa",
      "count": 0,
      "isLeaf": null,
      "keyword": null,
      "hash": "",
      "khash": null,
      "viewCount": null,
      "duration": "33:50",
      "size": 1034441001
    },
    {
      "id": "24f5288f-a36c-48e9-b502-af1a7ce79c81",
      "pid": "5da3382e-14b1-43be-8dfc-a5d9aab3e7b9",
      "dblevel": 5,
      "location": "/VGMV/01_BaiGiang/MucsuNguyenThi/Nam2022/01302022_NamMoi-NguoiMoi",
      "isVideo": true,
      "url": "01-bai-giang.muc-su-nguyen-thi.nam-2022.01302022-nam-moi-nguoi-moi",
      "name": "01302022_Năm Mới - Người Mới",
      "count": 0,
      "isLeaf": null,
      "keyword": null,
      "hash": "U2FsdGVkX19by2IuJEqst70HH7i9IlZvqvPMzbLGpwRFXNjj5kOFSK5ZaqelJQYaBWU4rkyq3WTmMzjRxUjwqQ==",
      "khash": null,
      "viewCount": null,
      "duration": "29:21",
      "size": 899917343
    },
    {
      "id": "69d1ec32-8893-4139-addc-2c8cb11541ca",
      "pid": "5da3382e-14b1-43be-8dfc-a5d9aab3e7b9",
      "dblevel": 5,
      "location": "/VGMV/01_BaiGiang/MucsuNguyenThi/Nam2022/02202022_TaOnDauNam",
      "isVideo": true,
      "url": "01-bai-giang.muc-su-nguyen-thi.nam-2022.02202022-ta-on-dau-nam",
      "name": "02202022_Tạ Ơn Đầu Năm",
      "count": 0,
      "isLeaf": null,
      "keyword": null,
      "hash": "",
      "khash": null,
      "viewCount": null,
      "duration": "37:54",
      "size": 1158793085
    }
  ]
}