{
  "id": "fa1c316d-7b68-4c4f-9d2f-bd9e8877ddf0",
  "pid": "418791c8-58d8-464d-8d6a-263831368705",
  "dblevel": 5,
  "location": "/VGMV/01_BaiGiang/HocTheoSachTrongKinhThanh/TimHieuThanhKinh/THTK32-SachGio-na",
  "isVideo": true,
  "url": "01-bai-giang.hoc-theo-sach-trong-kinh-thanh.tim-hieu-thanh-kinh.thtk32-sach-gio-na",
  "name": "THTK32-Sách Giô-na",
  "count": 11,
  "isLeaf": true,
  "keyword": null,
  "hash": null,
  "khash": null,
  "viewCount": null,
  "duration": null,
  "size": null,
  "children": [
    {
      "id": "4ab9e044-0649-47fd-970d-7b3554ab3a9d",
      "pid": "fa1c316d-7b68-4c4f-9d2f-bd9e8877ddf0",
      "dblevel": 6,
      "location": "/VGMV/01_BaiGiang/HocTheoSachTrongKinhThanh/TimHieuThanhKinh/THTK32-SachGio-na/Gion01_GioiThieu",
      "isVideo": true,
      "url": "01-bai-giang.hoc-theo-sach-trong-kinh-thanh.tim-hieu-thanh-kinh.thtk32-sach-gio-na.gion01-gioi-thieu",
      "name": "Gion01_Giới Thiệu",
      "count": 0,
      "isLeaf": null,
      "keyword": null,
      "hash": "U2FsdGVkX1+hsEb4FGMZ3dPU3+3da5jWIITDrcPqZV0xUfmCeEIV0MqSHcBSfHOLxzAEK+z2PmBMj7Ilne18gQ==",
      "khash": "U2FsdGVkX18mb+vzYJoFW5kMIbARErbGYMNhgJH9crDCCPKxhGExsp+jIur9/+jQ14nfeZYDzD/BBrK36kD0Mw==",
      "viewCount": null,
      "duration": "15:0",
      "size": 368196834
    },
    {
      "id": "7412d7a2-b067-461c-b18e-aef5b321c308",
      "pid": "fa1c316d-7b68-4c4f-9d2f-bd9e8877ddf0",
      "dblevel": 6,
      "location": "/VGMV/01_BaiGiang/HocTheoSachTrongKinhThanh/TimHieuThanhKinh/THTK32-SachGio-na/Gion02-010103-ToiToKhongVangLoi",
      "isVideo": true,
      "url": "01-bai-giang.hoc-theo-sach-trong-kinh-thanh.tim-hieu-thanh-kinh.thtk32-sach-gio-na.gion02-010103-toi-to-khong-vang-loi",
      "name": "Gion02-010103-Tôi Tớ Không Vâng Lời",
      "count": 0,
      "isLeaf": null,
      "keyword": null,
      "hash": "U2FsdGVkX1/5v8EXn9jcUy8c49Uevo8VABwWFsilFL5saBGJ0NOcT3XxkCqnKJL8tllkbQviYogCpxEKhf6ujQ==",
      "khash": "U2FsdGVkX1/I0st2k7tt9ed8IZcsQ2BayHyWHGGMMs/22tCVvqQ7bzvc9NPD/ugQsJL5DWg/+EDy/2MDCAMV+g==",
      "viewCount": null,
      "duration": "19:2",
      "size": 560939542
    },
    {
      "id": "a0f49991-346e-4201-834c-0fc5b3d2129b",
      "pid": "fa1c316d-7b68-4c4f-9d2f-bd9e8877ddf0",
      "dblevel": 6,
      "location": "/VGMV/01_BaiGiang/HocTheoSachTrongKinhThanh/TimHieuThanhKinh/THTK32-SachGio-na/Gion03-010416-NguoiDiDuongSai-P1",
      "isVideo": true,
      "url": "01-bai-giang.hoc-theo-sach-trong-kinh-thanh.tim-hieu-thanh-kinh.thtk32-sach-gio-na.gion03-010416-nguoi-di-duong-sai-p1",
      "name": "Gion03-010416-Người Đi Đường Sai-P1",
      "count": 0,
      "isLeaf": null,
      "keyword": null,
      "hash": "U2FsdGVkX1/FGJDwmUFFdvNV45adDpzdk/yRWB/m6MCA0gA0srkApHwlUC27ZD9u+ud8+tDtvbZfVgV2SaFedA==",
      "khash": "U2FsdGVkX19sejVXtolGwCqQycj4AEVXPV2BRaUPbkQMNjk35GGC3WNjeB4oYm+gb1xkbqATRAkFKCJhbJtArQ==",
      "viewCount": null,
      "duration": "22:34",
      "size": 561337159
    },
    {
      "id": "77b29e1a-07fd-40ea-8348-f728abff76b4",
      "pid": "fa1c316d-7b68-4c4f-9d2f-bd9e8877ddf0",
      "dblevel": 6,
      "location": "/VGMV/01_BaiGiang/HocTheoSachTrongKinhThanh/TimHieuThanhKinh/THTK32-SachGio-na/Gion04-010416-NguoiDiDuongSai-P2",
      "isVideo": true,
      "url": "01-bai-giang.hoc-theo-sach-trong-kinh-thanh.tim-hieu-thanh-kinh.thtk32-sach-gio-na.gion04-010416-nguoi-di-duong-sai-p2",
      "name": "Gion04-010416-Người Đi Đường Sai-P2",
      "count": 0,
      "isLeaf": null,
      "keyword": null,
      "hash": "U2FsdGVkX1+25aWr8QJiKFR5MbnJaq8gzbzqU4WEF8CMS8D9+fjqlmz4KTguGuayJkJ5zlqIvVjkz9tlTxMmug==",
      "khash": "U2FsdGVkX19zzUKZ6+Hb3eujQMRTdCR2ktJsvXa2jEX73l+tanlrXGwG2pQnzlTNdIlA6DmHPeaeBc9H/Kl6Gw==",
      "viewCount": null,
      "duration": "34:40",
      "size": 863591699
    },
    {
      "id": "dcf15900-670d-4b3b-89ba-b87143005b5e",
      "pid": "fa1c316d-7b68-4c4f-9d2f-bd9e8877ddf0",
      "dblevel": 6,
      "location": "/VGMV/01_BaiGiang/HocTheoSachTrongKinhThanh/TimHieuThanhKinh/THTK32-SachGio-na/Gion05-020111-SuKyLuatCuaChuaTrenToiToKhongVangLoi",
      "isVideo": true,
      "url": "01-bai-giang.hoc-theo-sach-trong-kinh-thanh.tim-hieu-thanh-kinh.thtk32-sach-gio-na.gion05-020111-su-ky-luat-cua-chua-tren-toi-to-khong-vang-loi",
      "name": "Gion05-020111-Sự Kỷ Luật Của Chúa Trên Tôi Tớ Không Vâng Lời",
      "count": 0,
      "isLeaf": null,
      "keyword": null,
      "hash": "U2FsdGVkX19bPXVpv0arOJ3qVhq+GTfzTmQ4OZ37KIphVI0KDDQiv0sCUuJPhTlQMQi8d3x5A/TYPkv2ArvPaA==",
      "khash": "U2FsdGVkX18IrsnljLJ91FpDJkeIg1bTlL8NDlNHNz4auNENUwQn3f/43pLIW6cZWb/ZxcX48FC68cpNaQH0fw==",
      "viewCount": null,
      "duration": "23:27",
      "size": 583842376
    },
    {
      "id": "b2d8cc5c-17d6-44a5-bca1-e67f52e4475d",
      "pid": "fa1c316d-7b68-4c4f-9d2f-bd9e8877ddf0",
      "dblevel": 6,
      "location": "/VGMV/01_BaiGiang/HocTheoSachTrongKinhThanh/TimHieuThanhKinh/THTK32-SachGio-na/Gion06-020111-LoiCauNguyenAnNan",
      "isVideo": true,
      "url": "01-bai-giang.hoc-theo-sach-trong-kinh-thanh.tim-hieu-thanh-kinh.thtk32-sach-gio-na.gion06-020111-loi-cau-nguyen-an-nan",
      "name": "Gion06-020111-Lời Cầu Nguyện Ăn Năn",
      "count": 0,
      "isLeaf": null,
      "keyword": null,
      "hash": "U2FsdGVkX1/bASe6F+ulkUKODKk4TISwEt1Ax/o3rq69qs4s/FgxajoMjREtAKwRtKD1dy8WQFuuUF+paSByFA==",
      "khash": "U2FsdGVkX19cI3phBbQaxO5YGlEwyyRJ+KmTWU1+z30x5bNjLBx72LTFewFid2WBSn5BJu3mPQHpvCb5234mpA==",
      "viewCount": null,
      "duration": "39:32",
      "size": 1164298468
    },
    {
      "id": "a4d9919d-d13c-465b-b112-bce86ec11e0f",
      "pid": "fa1c316d-7b68-4c4f-9d2f-bd9e8877ddf0",
      "dblevel": 6,
      "location": "/VGMV/01_BaiGiang/HocTheoSachTrongKinhThanh/TimHieuThanhKinh/THTK32-SachGio-na/Gion07-030110-SuGiaVaSuDiep",
      "isVideo": true,
      "url": "01-bai-giang.hoc-theo-sach-trong-kinh-thanh.tim-hieu-thanh-kinh.thtk32-sach-gio-na.gion07-030110-su-gia-va-su-diep",
      "name": "Gion07-030110-Sứ Giả Và Sứ Điệp",
      "count": 0,
      "isLeaf": null,
      "keyword": null,
      "hash": "U2FsdGVkX18uYcZoWEHGlAmBxOl3AEx6YGAfQsKj0ArFBp66fTzebYoGsb1VVAPzN/yerMSa9DE8P43Mink+HA==",
      "khash": "U2FsdGVkX1+YbOpBRLBfrwO6N/FSwDo7S5YioC+a+yTkS2tUMTlcu0YU01bd8jNJL1F6Q0YpHu1JaXyaeaRMHw==",
      "viewCount": null,
      "duration": "32:29",
      "size": 960471645
    },
    {
      "id": "d625cff7-e9ed-4a38-8104-1b099ca4f334",
      "pid": "fa1c316d-7b68-4c4f-9d2f-bd9e8877ddf0",
      "dblevel": 6,
      "location": "/VGMV/01_BaiGiang/HocTheoSachTrongKinhThanh/TimHieuThanhKinh/THTK32-SachGio-na/Gion08-030110-AnNanVaDuocThaThu",
      "isVideo": true,
      "url": "01-bai-giang.hoc-theo-sach-trong-kinh-thanh.tim-hieu-thanh-kinh.thtk32-sach-gio-na.gion08-030110-an-nan-va-duoc-tha-thu",
      "name": "Gion08-030110-Ăn Năn Và Được Tha Thứ",
      "count": 0,
      "isLeaf": null,
      "keyword": null,
      "hash": "U2FsdGVkX1/G+8toDb6q9mDG6SgkGo5ixNIzgDHf2KqjGm+tWs1z5Rk3XcWTXs//WzizX/tRzHua59RPLXL2ag==",
      "khash": "U2FsdGVkX19NYazjs/FP1zHHENR5Ls+gKP7wykzxx8mtvjjsiwtH87Je3xtoiRPbytiHzFgcKTFSDxHNbDn5ag==",
      "viewCount": null,
      "duration": "33:49",
      "size": 1001019306
    },
    {
      "id": "9b38ccad-3b6d-4ba0-854c-0e0aba23ed9a",
      "pid": "fa1c316d-7b68-4c4f-9d2f-bd9e8877ddf0",
      "dblevel": 6,
      "location": "/VGMV/01_BaiGiang/HocTheoSachTrongKinhThanh/TimHieuThanhKinh/THTK32-SachGio-na/Gion09-040111-TamLongSaiTrat",
      "isVideo": true,
      "url": "01-bai-giang.hoc-theo-sach-trong-kinh-thanh.tim-hieu-thanh-kinh.thtk32-sach-gio-na.gion09-040111-tam-long-sai-trat",
      "name": "Gion09-040111-Tấm Lòng Sai Trật",
      "count": 0,
      "isLeaf": null,
      "keyword": null,
      "hash": "U2FsdGVkX1+J4r/k1gnEdXOOnNYthWjRgo+UhhVEwnWn+2uhAkqu81k8VoeNfQh25ycdaOMyo0aZFcliWNYQhA==",
      "khash": "U2FsdGVkX1+rjGgRs0x0Gm2/vufcQAsxINSylE4qRNADW57AOLR0i5TXY5fsIeVvUO/BTV3DQHYoO1okCRfhJA==",
      "viewCount": null,
      "duration": "36:35",
      "size": 1081564919
    },
    {
      "id": "3ae6ee60-6a32-4593-a195-d4a4788382c5",
      "pid": "fa1c316d-7b68-4c4f-9d2f-bd9e8877ddf0",
      "dblevel": 6,
      "location": "/VGMV/01_BaiGiang/HocTheoSachTrongKinhThanh/TimHieuThanhKinh/THTK32-SachGio-na/Gion10-040111-TamLongThienChua",
      "isVideo": true,
      "url": "01-bai-giang.hoc-theo-sach-trong-kinh-thanh.tim-hieu-thanh-kinh.thtk32-sach-gio-na.gion10-040111-tam-long-thien-chua",
      "name": "Gion10-040111-Tấm Lòng Thiên Chúa",
      "count": 0,
      "isLeaf": null,
      "keyword": null,
      "hash": "U2FsdGVkX1/argbMGqf4ylWnvmGmexeDrJsDAutXFkCs/vMzz5bjWTyDX2jilBBWyt8MkazjYGvIvOC2/iMfVA==",
      "khash": "U2FsdGVkX19ZcOgZ8QOdxqwJ5X6802dJdvJ/PfTFUI4qJge9qKXFOPdBkxt4QG6hNn5KZ1DyJ+oZI6dy/eMQrg==",
      "viewCount": null,
      "duration": "34:21",
      "size": 1014856403
    },
    {
      "id": "d5b8758d-5985-4b63-9341-6bdf9b2d35b3",
      "pid": "fa1c316d-7b68-4c4f-9d2f-bd9e8877ddf0",
      "dblevel": 6,
      "location": "/VGMV/01_BaiGiang/HocTheoSachTrongKinhThanh/TimHieuThanhKinh/THTK32-SachGio-na/Gion11-TongKetSachGio-na-ToBayChinhChua",
      "isVideo": true,
      "url": "01-bai-giang.hoc-theo-sach-trong-kinh-thanh.tim-hieu-thanh-kinh.thtk32-sach-gio-na.gion11-tong-ket-sach-gio-na-to-bay-chinh-chua",
      "name": "Gion11-Tổng Kết Sách Giô-na - Tỏ Bày Chính Chúa",
      "count": 0,
      "isLeaf": null,
      "keyword": null,
      "hash": "U2FsdGVkX1+4yYoGSRATqQk7mqlLFBZkNVGGvbM/QYWIP/iUZehS+YyFda4RY8afsDmA3W94r6tqYQCs1RD9Ew==",
      "khash": "U2FsdGVkX1+skwO9/naV/6v3scgf8MJsM/lFXR6bsEjZG2Oi0kNq67nCfURcki4Om83pbNpR03PcdFLPZqyhEg==",
      "viewCount": null,
      "duration": "35:51",
      "size": 1058084317
    }
  ]
}