{
  "id": "dd494879-da36-4932-9390-bf2209f5ef33",
  "pid": "71832048-cb5a-498b-a6d9-9d1831fd437b",
  "dblevel": 4,
  "location": "/VGMV/01_BaiGiang/HocTheoChuDe/06-MotPhutSauKhiChet",
  "isVideo": true,
  "url": "01-bai-giang.hoc-theo-chu-de.06-mot-phut-sau-khi-chet",
  "name": "06-Một Phút Sau Khi Chết",
  "count": 8,
  "isLeaf": true,
  "keyword": null,
  "hash": null,
  "khash": null,
  "viewCount": null,
  "duration": null,
  "size": null,
  "children": [
    {
      "id": "c30560b0-790f-4dca-9697-b4107f267b00",
      "pid": "dd494879-da36-4932-9390-bf2209f5ef33",
      "dblevel": 5,
      "location": "/VGMV/01_BaiGiang/HocTheoChuDe/06-MotPhutSauKhiChet/01-MotPhutSauKhiChet",
      "isVideo": true,
      "url": "01-bai-giang.hoc-theo-chu-de.06-mot-phut-sau-khi-chet.01-mot-phut-sau-khi-chet",
      "name": "01-Một Phút Sau Khi Chết",
      "count": 0,
      "isLeaf": null,
      "keyword": null,
      "hash": "U2FsdGVkX19HbJz+TIYOUOKBrY8ul5xK6uJ/G38sPCmmT6/4QbAEK1U2Rs8vsMCOCuGuV8H/H2kcOD1wLzQFzQ==",
      "khash": "U2FsdGVkX18N/Jqb5kTGvh9ED0ORm2QnNLWwAX3x/kFg8KYGd2E//vBb0yepYqFBqxlHhxrK4zW8WFwdF8Slzg==",
      "viewCount": null,
      "duration": "25:4",
      "size": 685746827
    },
    {
      "id": "d1e390e7-cd0d-4dd7-b434-5bf67e799051",
      "pid": "dd494879-da36-4932-9390-bf2209f5ef33",
      "dblevel": 5,
      "location": "/VGMV/01_BaiGiang/HocTheoChuDe/06-MotPhutSauKhiChet/02-MotPhutSauKhiChet",
      "isVideo": true,
      "url": "01-bai-giang.hoc-theo-chu-de.06-mot-phut-sau-khi-chet.02-mot-phut-sau-khi-chet",
      "name": "02-Một Phút Sau Khi Chết",
      "count": 0,
      "isLeaf": null,
      "keyword": null,
      "hash": "U2FsdGVkX18eJDNjcCiTAc2GOXYtokK9JDOI5oi2dgIfY7XUzvDhlKkvpjuV1uJ/Tn6ZUQVDeTNfKFiw1oi+Ew==",
      "khash": "U2FsdGVkX1+yXdsey8hWIfEkXZlWnZej8We6DjmpohOesBUfpQNZaQeTkrJTnHIr/ol3CzlI0fRKvV1U3sXwOg==",
      "viewCount": null,
      "duration": "24:29",
      "size": 669748194
    },
    {
      "id": "204c0e9b-cbeb-4525-8f5e-14cec6959573",
      "pid": "dd494879-da36-4932-9390-bf2209f5ef33",
      "dblevel": 5,
      "location": "/VGMV/01_BaiGiang/HocTheoChuDe/06-MotPhutSauKhiChet/03-MotPhutSauKhiChet",
      "isVideo": true,
      "url": "01-bai-giang.hoc-theo-chu-de.06-mot-phut-sau-khi-chet.03-mot-phut-sau-khi-chet",
      "name": "03-Một Phút Sau Khi Chết",
      "count": 0,
      "isLeaf": null,
      "keyword": null,
      "hash": "U2FsdGVkX1/0z1LTRYBAUXA3MjEyVv77AiggyoDiRgu/awRMClWwuAJ9F6iWnhKR3GNyk+geo92d43nqAJ3luA==",
      "khash": "U2FsdGVkX1/4gbteju7LN3787gGjViQjRk9P5+XWWhmrO/le/+/idDX+TpLPqjYqtnXcbC6aHiBu1R1kX/H6Ug==",
      "viewCount": null,
      "duration": "23:38",
      "size": 645975667
    },
    {
      "id": "6c2f73af-cfe8-44ce-8659-8926486a9a5e",
      "pid": "dd494879-da36-4932-9390-bf2209f5ef33",
      "dblevel": 5,
      "location": "/VGMV/01_BaiGiang/HocTheoChuDe/06-MotPhutSauKhiChet/04-MotPhutSauKhiChet",
      "isVideo": true,
      "url": "01-bai-giang.hoc-theo-chu-de.06-mot-phut-sau-khi-chet.04-mot-phut-sau-khi-chet",
      "name": "04-Một Phút Sau Khi Chết",
      "count": 0,
      "isLeaf": null,
      "keyword": null,
      "hash": "U2FsdGVkX1+ckntA9TmwR6eimbFKdFbdSvQk1EBRUPWUejlOB8TnqgeSrHYTqaNsATcJIm4dbxiE6PeU/30FVg==",
      "khash": "U2FsdGVkX19gj6F6iqraziEAnDihQvhYVsiLz5Dpf+OLRS6pQduriUWLSuEo2biL7QbmXpuf/18s3EXQkIQMdg==",
      "viewCount": null,
      "duration": "24:22",
      "size": 665446312
    },
    {
      "id": "89f7fc6c-051c-413e-afdb-2ec91762fdf0",
      "pid": "dd494879-da36-4932-9390-bf2209f5ef33",
      "dblevel": 5,
      "location": "/VGMV/01_BaiGiang/HocTheoChuDe/06-MotPhutSauKhiChet/05-MotPhutSauKhiChet",
      "isVideo": true,
      "url": "01-bai-giang.hoc-theo-chu-de.06-mot-phut-sau-khi-chet.05-mot-phut-sau-khi-chet",
      "name": "05-Một Phút Sau Khi Chết",
      "count": 0,
      "isLeaf": null,
      "keyword": null,
      "hash": "U2FsdGVkX18GNQAHEHrjxC/IIKhskuZkKiOL/QCCvhGiv846dpLb/WTyP7O3BawXeXPY/t1Lds+c2EjMTW2sug==",
      "khash": "U2FsdGVkX1+HldSzZyAAax4+yRJEDkbus6+4J4NRK8gFnazElcD8S24816kU0JVePFXW1bILHxYoiRaEwHHMGw==",
      "viewCount": null,
      "duration": "24:56",
      "size": 674608708
    },
    {
      "id": "1d3a8ed9-bb39-4439-809d-9d6ad059028c",
      "pid": "dd494879-da36-4932-9390-bf2209f5ef33",
      "dblevel": 5,
      "location": "/VGMV/01_BaiGiang/HocTheoChuDe/06-MotPhutSauKhiChet/06-MotPhutSauKhiChet",
      "isVideo": true,
      "url": "01-bai-giang.hoc-theo-chu-de.06-mot-phut-sau-khi-chet.06-mot-phut-sau-khi-chet",
      "name": "06-Một Phút Sau Khi Chết",
      "count": 0,
      "isLeaf": null,
      "keyword": null,
      "hash": "U2FsdGVkX18e6JaYecWZxret+Iuls1OfqavPs32cmbYcimMT69aybEdiVWCtomvttzxHn+4i0w1W8Ur5u2T7Lw==",
      "khash": "U2FsdGVkX1+7mS3d4e/3E9HN67JEe+sirRJM36ofz3bCMQ5Qaufk0v8aiAwUhDr4/OJKnCTgrfuE36/+XR5ywg==",
      "viewCount": null,
      "duration": "24:42",
      "size": 674901853
    },
    {
      "id": "e39c840d-3276-4863-ad7b-7c2637fad00b",
      "pid": "dd494879-da36-4932-9390-bf2209f5ef33",
      "dblevel": 5,
      "location": "/VGMV/01_BaiGiang/HocTheoChuDe/06-MotPhutSauKhiChet/07-MotPhutSauKhiChet",
      "isVideo": true,
      "url": "01-bai-giang.hoc-theo-chu-de.06-mot-phut-sau-khi-chet.07-mot-phut-sau-khi-chet",
      "name": "07-Một Phút Sau Khi Chết",
      "count": 0,
      "isLeaf": null,
      "keyword": null,
      "hash": "U2FsdGVkX18sLy5I7F8W9gHxMHs1zfoT7OIPHXk4IWE8VyofBAdI0m3m/+vPay/ZJWE8Fnl+78SaAM7FkLQ+QQ==",
      "khash": "U2FsdGVkX1+01kOPN7AJbK/QAnX+B9cdLLw8/d+8V7nTaQwX1L2pa8VeZMKQWGkHxGryb8LeN0skTgsg+J+ELA==",
      "viewCount": null,
      "duration": "24:45",
      "size": 675861102
    },
    {
      "id": "aefb2601-c6ef-461c-aa4e-132414c133e8",
      "pid": "dd494879-da36-4932-9390-bf2209f5ef33",
      "dblevel": 5,
      "location": "/VGMV/01_BaiGiang/HocTheoChuDe/06-MotPhutSauKhiChet/08-MotPhutSauKhiChet",
      "isVideo": true,
      "url": "01-bai-giang.hoc-theo-chu-de.06-mot-phut-sau-khi-chet.08-mot-phut-sau-khi-chet",
      "name": "08-Một Phút Sau Khi Chết",
      "count": 0,
      "isLeaf": null,
      "keyword": null,
      "hash": "U2FsdGVkX1/SzjSi6MJ46Dl3EdH+lY9a4SeyCe9c5nvXPPobX1BQT5X37XEzRZjwMZ0jCUqMl+JyGiwD0cgyoQ==",
      "khash": "U2FsdGVkX18ZJy9Cf4xApG85cPWHM2nISJJWbxhFDM1IrfN+KbxGWkN6NuxbOdwLSRV1OOp2E9dLtWCiepDWfA==",
      "viewCount": null,
      "duration": "24:50",
      "size": 678450011
    }
  ]
}