{
  "id": "478cabe4-d847-4be1-b625-3d0d769f9061",
  "pid": "898cfb55-51f0-4444-aebd-db94d9c550d8",
  "dblevel": 4,
  "location": "/VGMV/01_BaiGiang/MucsuNguyenThi/Nam2017",
  "isVideo": true,
  "url": "01-bai-giang.muc-su-nguyen-thi.nam-2017",
  "name": "Năm 2017",
  "count": 43,
  "isLeaf": true,
  "keyword": null,
  "hash": null,
  "khash": null,
  "viewCount": null,
  "duration": null,
  "size": null,
  "children": [
    {
      "id": "ba061e67-c1a3-4cc8-b52d-60952d7e1789",
      "pid": "478cabe4-d847-4be1-b625-3d0d769f9061",
      "dblevel": 5,
      "location": "/VGMV/01_BaiGiang/MucsuNguyenThi/Nam2017/01012017-NhungQuyetDinhDauNam",
      "isVideo": true,
      "url": "01-bai-giang.muc-su-nguyen-thi.nam-2017.01012017-nhung-quyet-dinh-dau-nam",
      "name": "01012017-Những Quyết Định Đầu Năm",
      "count": 0,
      "isLeaf": null,
      "keyword": null,
      "hash": "",
      "khash": "U2FsdGVkX19UXNSZMdzXIQKV3e2SjoUZA888MU2RFyKVaTQ5CuXdZUz9iOq/0UrT9tq0TYH9eW4xldlDn29STw==",
      "viewCount": null,
      "duration": "35:49",
      "size": 177086541
    },
    {
      "id": "92f48fab-864a-4c27-9ebb-3babf1cd1edc",
      "pid": "478cabe4-d847-4be1-b625-3d0d769f9061",
      "dblevel": 5,
      "location": "/VGMV/01_BaiGiang/MucsuNguyenThi/Nam2017/01082017-TinLanhLaGi?",
      "isVideo": true,
      "url": "01-bai-giang.muc-su-nguyen-thi.nam-2017.01082017-tin-lanh-la-gi-",
      "name": "01082017-Tin Lành Là Gì ?",
      "count": 0,
      "isLeaf": null,
      "keyword": null,
      "hash": "",
      "khash": "U2FsdGVkX1//x0t0Tsz4bKaVFbJp50OxCR4nYyh3HVecnp9yPHj10TMc6d10TOaYzeTu/n4Lyj/NjOwUdj2JiA==",
      "viewCount": null,
      "duration": "36:31",
      "size": 178920073
    },
    {
      "id": "e62ab3a1-ab07-4bca-8f0a-d532b5fec5e8",
      "pid": "478cabe4-d847-4be1-b625-3d0d769f9061",
      "dblevel": 5,
      "location": "/VGMV/01_BaiGiang/MucsuNguyenThi/Nam2017/01152017-MotDoiSongCoYNghia",
      "isVideo": true,
      "url": "01-bai-giang.muc-su-nguyen-thi.nam-2017.01152017-mot-doi-song-co-y-nghia",
      "name": "01152017-Một Đời Sống Có Ý Nghĩa",
      "count": 0,
      "isLeaf": null,
      "keyword": null,
      "hash": "",
      "khash": "U2FsdGVkX18vFBlmz7T7Hv3JOi0s+a5AJ9SfUnwFOO6P0mOZyDn2kW9PxGIYaWzpDuJv6ZrD5QAr7hjaMTtLrg==",
      "viewCount": null,
      "duration": "38:52",
      "size": 229219520
    },
    {
      "id": "f9d18e55-26a9-4b2d-8327-5ef858fe7547",
      "pid": "478cabe4-d847-4be1-b625-3d0d769f9061",
      "dblevel": 5,
      "location": "/VGMV/01_BaiGiang/MucsuNguyenThi/Nam2017/02052017-CoDocNhanVaThaNhan_Ga020114",
      "isVideo": true,
      "url": "01-bai-giang.muc-su-nguyen-thi.nam-2017.02052017-co-doc-nhan-va-tha-nhan-ga020114",
      "name": "02052017-Cơ Đốc Nhân Và Tha Nhân_Ga020114",
      "count": 0,
      "isLeaf": null,
      "keyword": null,
      "hash": "",
      "khash": "U2FsdGVkX19lusJc88T92R5dBFX3mwNOC+/lUONxw9We/3wxflWbSE+pP02j5vRPbFdu0hSMjhh6Z1IbfKzldA==",
      "viewCount": null,
      "duration": "38:0",
      "size": 234558122
    },
    {
      "id": "81a734d5-1035-4ba3-9808-860d006702bf",
      "pid": "478cabe4-d847-4be1-b625-3d0d769f9061",
      "dblevel": 5,
      "location": "/VGMV/01_BaiGiang/MucsuNguyenThi/Nam2017/02122017_ChuaSongTrongToi_Ga021521",
      "isVideo": true,
      "url": "01-bai-giang.muc-su-nguyen-thi.nam-2017.02122017-chua-song-trong-toi-ga021521",
      "name": "02122017_Chúa Sống Trong Tôi_Ga021521",
      "count": 0,
      "isLeaf": null,
      "keyword": null,
      "hash": "",
      "khash": "U2FsdGVkX1+rHECGowAdRmWlY/0oDLBS0NpQFgzkb8CjA2/Bq+jQ9IOpDJoaMRuoKFhcv2kehy/oGFGjSFYCnA==",
      "viewCount": null,
      "duration": "32:13",
      "size": 464809626
    },
    {
      "id": "f17e4036-266c-4859-ae72-f97a1514dd6a",
      "pid": "478cabe4-d847-4be1-b625-3d0d769f9061",
      "dblevel": 5,
      "location": "/VGMV/01_BaiGiang/MucsuNguyenThi/Nam2017/02192017_HanhPhucCuaNguoiTinChua_Ga032129",
      "isVideo": true,
      "url": "01-bai-giang.muc-su-nguyen-thi.nam-2017.02192017-hanh-phuc-cua-nguoi-tin-chua-ga032129",
      "name": "02192017_Hạnh Phúc Của Người Tin Chúa_Ga032129",
      "count": 0,
      "isLeaf": null,
      "keyword": null,
      "hash": "",
      "khash": "U2FsdGVkX19r3zbErbwhNPaPimO0LgTnbhgXf5WL2edxvf6wy2QmbQYnJW3OU/+livtKz9mlwRm8kqfwivRVuw==",
      "viewCount": null,
      "duration": "29:6",
      "size": 179278942
    },
    {
      "id": "cd4ce93e-e0af-44ef-824c-2a257a1c3b55",
      "pid": "478cabe4-d847-4be1-b625-3d0d769f9061",
      "dblevel": 5,
      "location": "/VGMV/01_BaiGiang/MucsuNguyenThi/Nam2017/02252017_01KyNiem500NamNgayCaiCachGiaoHoi",
      "isVideo": true,
      "url": "01-bai-giang.muc-su-nguyen-thi.nam-2017.02252017-01ky-niem-500-nam-ngay-cai-cach-giao-hoi",
      "name": "02252017_01Kỷ Niệm 500 Năm Ngày Cải Cách Giáo Hội",
      "count": 0,
      "isLeaf": null,
      "keyword": null,
      "hash": "",
      "khash": "U2FsdGVkX18UtyGVZ6QW+P0nobIjYZSQmFv4+fl3rAVH0NNx36kMHqQm07TKIkxxvtYRxV9ZfiQUTrdnEPyS3g==",
      "viewCount": null,
      "duration": "41:58",
      "size": 196089003
    },
    {
      "id": "944d359e-6107-4c8b-aa70-03cc06874e6a",
      "pid": "478cabe4-d847-4be1-b625-3d0d769f9061",
      "dblevel": 5,
      "location": "/VGMV/01_BaiGiang/MucsuNguyenThi/Nam2017/02252017_02NenTangCuocCaiCach",
      "isVideo": true,
      "url": "01-bai-giang.muc-su-nguyen-thi.nam-2017.02252017-02nen-tang-cuoc-cai-cach",
      "name": "02252017_02Nền Tảng Cuộc Cải Cách",
      "count": 0,
      "isLeaf": null,
      "keyword": null,
      "hash": "",
      "khash": "U2FsdGVkX1+ZsqvXuThTHV40V05/45vfnGbsV0ovDg8Yp5ejMt66IrivzobQj3Ufw6D6tUJMQZj22gAhJ4JV6w==",
      "viewCount": null,
      "duration": "41:47",
      "size": 195204430
    },
    {
      "id": "411e52be-e775-4ff4-a258-b2070948778e",
      "pid": "478cabe4-d847-4be1-b625-3d0d769f9061",
      "dblevel": 5,
      "location": "/VGMV/01_BaiGiang/MucsuNguyenThi/Nam2017/03052017_BuocDiTheoThanhLinh_Ga051326",
      "isVideo": true,
      "url": "01-bai-giang.muc-su-nguyen-thi.nam-2017.03052017-buoc-di-theo-thanh-linh-ga051326",
      "name": "03052017_Bước Đi Theo Thánh Linh_Ga051326",
      "count": 0,
      "isLeaf": null,
      "keyword": null,
      "hash": "",
      "khash": "U2FsdGVkX193bX1h7Do2ZbyxAF/wsP1cSAojyIMk3oKDST74d+eW0piAiozEFJaZrSfd8WgVtwmfRZnf4ecJYw==",
      "viewCount": null,
      "duration": "38:52",
      "size": 181449844
    },
    {
      "id": "08bd2173-8c6d-4569-8438-16357cb50b2e",
      "pid": "478cabe4-d847-4be1-b625-3d0d769f9061",
      "dblevel": 5,
      "location": "/VGMV/01_BaiGiang/MucsuNguyenThi/Nam2017/03122017_CaNhanTrongDoiSongCongDong_Ga0526-0605",
      "isVideo": true,
      "url": "01-bai-giang.muc-su-nguyen-thi.nam-2017.03122017-ca-nhan-trong-doi-song-cong-dong-ga0526-0605",
      "name": "03122017_Cá Nhân Trong Đời Sống Cộng Đồng_Ga0526-0605",
      "count": 0,
      "isLeaf": null,
      "keyword": null,
      "hash": "",
      "khash": "U2FsdGVkX1+yL1ZBQsLEMq58hNFlVlLN1she6ZWOEV2JorL1PPdTjTYMWEoMaxjJ5Azd2eCE/9d7ssSPADA3WA==",
      "viewCount": null,
      "duration": "NaN:NaN",
      "size": null
    },
    {
      "id": "9e2e0d47-0eec-4e7f-afad-afe19b4e8464",
      "pid": "478cabe4-d847-4be1-b625-3d0d769f9061",
      "dblevel": 5,
      "location": "/VGMV/01_BaiGiang/MucsuNguyenThi/Nam2017/03192017_HoiThanh,XaHoivaToi_Ga0526-0610",
      "isVideo": true,
      "url": "01-bai-giang.muc-su-nguyen-thi.nam-2017.03192017-hoi-thanh-xa-hoi-va-toi-ga0526-0610",
      "name": "03192017_Hội Thánh, Xã Hội và Tôi_Ga0526-0610",
      "count": 0,
      "isLeaf": null,
      "keyword": null,
      "hash": "",
      "khash": "U2FsdGVkX1/KhqvikXFx2YbGcJklRTBlxF3olQp5ZFKxnmakJGUBB//j2CcD+K4tOHkmUWljNMljY1Al8hg4sg==",
      "viewCount": null,
      "duration": "NaN:NaN",
      "size": null
    },
    {
      "id": "9435dbb1-5a2b-4976-9a24-6a28fff27fcc",
      "pid": "478cabe4-d847-4be1-b625-3d0d769f9061",
      "dblevel": 5,
      "location": "/VGMV/01_BaiGiang/MucsuNguyenThi/Nam2017/04022017_GuongPhucVu_Gi130107",
      "isVideo": true,
      "url": "01-bai-giang.muc-su-nguyen-thi.nam-2017.04022017-guong-phuc-vu-gi130107",
      "name": "04022017_Gương Phục Vụ_Gi130107",
      "count": 0,
      "isLeaf": null,
      "keyword": null,
      "hash": "",
      "khash": "U2FsdGVkX1/HsTSW14nWQUW/R1urJQ7bkjWutm4WLqNqR2swtLbyxsSts1KLzOHVThF7Qh/eU1wvcRXH5K8nqQ==",
      "viewCount": null,
      "duration": "NaN:NaN",
      "size": null
    },
    {
      "id": "66074bc7-3d48-45a1-a7b7-626457316dfc",
      "pid": "478cabe4-d847-4be1-b625-3d0d769f9061",
      "dblevel": 5,
      "location": "/VGMV/01_BaiGiang/MucsuNguyenThi/Nam2017/04122017_Bayloicuoi",
      "isVideo": true,
      "url": "01-bai-giang.muc-su-nguyen-thi.nam-2017.04122017-bay-loi-cuoi",
      "name": "04122017_Bảy lời cuối",
      "count": 0,
      "isLeaf": null,
      "keyword": null,
      "hash": "",
      "khash": "U2FsdGVkX187yXJqbtWE0BqhFbfz4J8ELQEQkliDsIrDTDMI/cc334MX9chqKxoAgrYRtKbAn/oeyCHwrpwolA==",
      "viewCount": null,
      "duration": "NaN:NaN",
      "size": null
    },
    {
      "id": "871090aa-671f-4a66-81aa-90876d1c2ec8",
      "pid": "478cabe4-d847-4be1-b625-3d0d769f9061",
      "dblevel": 5,
      "location": "/VGMV/01_BaiGiang/MucsuNguyenThi/Nam2017/04142017_TrenThapGia",
      "isVideo": true,
      "url": "01-bai-giang.muc-su-nguyen-thi.nam-2017.04142017-tren-thap-gia",
      "name": "04142017_Trên Thập Giá",
      "count": 0,
      "isLeaf": null,
      "keyword": null,
      "hash": "",
      "khash": "U2FsdGVkX1+K81VEUo4R5au92aZxEctMovtbe9zs2k5mJ4LjdhA9l6145skA5HNTqno+1Bb281X0Wr3Yv4ljHA==",
      "viewCount": null,
      "duration": "NaN:NaN",
      "size": null
    },
    {
      "id": "36d94fb0-a608-4bb9-8ddf-2d41bad722b6",
      "pid": "478cabe4-d847-4be1-b625-3d0d769f9061",
      "dblevel": 5,
      "location": "/VGMV/01_BaiGiang/MucsuNguyenThi/Nam2017/04162017_KinhNghiemChuaPhucSinh",
      "isVideo": true,
      "url": "01-bai-giang.muc-su-nguyen-thi.nam-2017.04162017-kinh-nghiem-chua-phuc-sinh",
      "name": "04162017_Kinh Nghiệm Chúa Phục Sinh",
      "count": 0,
      "isLeaf": null,
      "keyword": null,
      "hash": "",
      "khash": "U2FsdGVkX1/r8jtrg4jNc9NYOF8JMrro9oVd0FQ0g00+BVZRvx7C/75P3ZOjGFS5uy1dOj/Vyx6RUD8Vi4S5cg==",
      "viewCount": null,
      "duration": "NaN:NaN",
      "size": null
    },
    {
      "id": "fbbf7d3d-c3d8-4a88-a264-c46735ba6917",
      "pid": "478cabe4-d847-4be1-b625-3d0d769f9061",
      "dblevel": 5,
      "location": "/VGMV/01_BaiGiang/MucsuNguyenThi/Nam2017/05072017_TiengNoiSauCung",
      "isVideo": true,
      "url": "01-bai-giang.muc-su-nguyen-thi.nam-2017.05072017-tieng-noi-sau-cung",
      "name": "05072017_Tiếng Nói Sau Cùng",
      "count": 0,
      "isLeaf": null,
      "keyword": null,
      "hash": "",
      "khash": "U2FsdGVkX19b0jxTqpnCE+uLBqfuorrXp+oGDKjZaoWAdnIZdr4PSTZpMgMZkrtQ5lLXxJ0y4Ohmt6G/L8+lvA==",
      "viewCount": null,
      "duration": "NaN:NaN",
      "size": null
    },
    {
      "id": "4b98ef0f-37ff-4e6f-aab4-1ac20c954bca",
      "pid": "478cabe4-d847-4be1-b625-3d0d769f9061",
      "dblevel": 5,
      "location": "/VGMV/01_BaiGiang/MucsuNguyenThi/Nam2017/05142017_TinhMauTu",
      "isVideo": true,
      "url": "01-bai-giang.muc-su-nguyen-thi.nam-2017.05142017-tinh-mau-tu",
      "name": "05142017_Tình Mẫu Tử",
      "count": 0,
      "isLeaf": null,
      "keyword": null,
      "hash": "",
      "khash": "U2FsdGVkX18MNYkd2DQRPPMP3P5lWkVkP04IFK+L3dYHTjd5cS0KyeGZW48riO/G+EEuNxJMw4tZquCPMhm/+Q==",
      "viewCount": null,
      "duration": "NaN:NaN",
      "size": null
    },
    {
      "id": "709bcc82-278e-4005-8e26-419b037424cc",
      "pid": "478cabe4-d847-4be1-b625-3d0d769f9061",
      "dblevel": 5,
      "location": "/VGMV/01_BaiGiang/MucsuNguyenThi/Nam2017/05212017_ChuaGie-xu-NguoiAnhCa_He020918",
      "isVideo": true,
      "url": "01-bai-giang.muc-su-nguyen-thi.nam-2017.05212017-chua-gie-xu-nguoi-anh-ca-he020918",
      "name": "05212017_Chúa Giê-xu-Người Anh Cả_He020918",
      "count": 0,
      "isLeaf": null,
      "keyword": null,
      "hash": "",
      "khash": "U2FsdGVkX1/A6BGbsIhkkmOH5bjJbAkA4uI2AIps0nZ+Whp/43d1yhG1pGpxxOp5bCq0OUHDod137B8715pVIA==",
      "viewCount": null,
      "duration": "NaN:NaN",
      "size": null
    },
    {
      "id": "9105d8bd-58d9-4b6d-b6e2-4f4ba59debbb",
      "pid": "478cabe4-d847-4be1-b625-3d0d769f9061",
      "dblevel": 5,
      "location": "/VGMV/01_BaiGiang/MucsuNguyenThi/Nam2017/06042017_SayThanhLinh_Eph051521",
      "isVideo": true,
      "url": "01-bai-giang.muc-su-nguyen-thi.nam-2017.06042017-say-thanh-linh-eph051521",
      "name": "06042017_Say Thánh Linh_Eph051521",
      "count": 0,
      "isLeaf": null,
      "keyword": null,
      "hash": "",
      "khash": "U2FsdGVkX19S/Mnipo4GLYmLkfisouSZmwMPDmLeQeZ+Rt4iKaDANUnLF+sC4uX9E4yn4E3WBKmyVJS/gA9rTA==",
      "viewCount": null,
      "duration": "38:18",
      "size": 235591029
    },
    {
      "id": "38ada1d5-9b28-4162-853a-6f79d27c2572",
      "pid": "478cabe4-d847-4be1-b625-3d0d769f9061",
      "dblevel": 5,
      "location": "/VGMV/01_BaiGiang/MucsuNguyenThi/Nam2017/06112017_AnNghiTrongChua_He040113",
      "isVideo": true,
      "url": "01-bai-giang.muc-su-nguyen-thi.nam-2017.06112017-an-nghi-trong-chua-he040113",
      "name": "06112017_An Nghỉ Trong Chúa_He040113",
      "count": 0,
      "isLeaf": null,
      "keyword": null,
      "hash": "",
      "khash": "U2FsdGVkX1/WJWWTSMm/pxA3zg46VcSZ2ZUcDadCo/ybUWtAZTO1j/aRRgQgJ190SG0AZlKr+wh4Xk1GPouvbg==",
      "viewCount": null,
      "duration": "43:14",
      "size": 265918063
    },
    {
      "id": "9059849f-dc57-43a5-93bd-69c91596672a",
      "pid": "478cabe4-d847-4be1-b625-3d0d769f9061",
      "dblevel": 5,
      "location": "/VGMV/01_BaiGiang/MucsuNguyenThi/Nam2017/06182017_NguoiNamTaiDuc_Ch311031",
      "isVideo": true,
      "url": "01-bai-giang.muc-su-nguyen-thi.nam-2017.06182017-nguoi-nam-tai-duc-ch311031",
      "name": "06182017_Người Nam Tài Đức_Ch311031",
      "count": 0,
      "isLeaf": null,
      "keyword": null,
      "hash": "",
      "khash": "U2FsdGVkX19HHii2BF7AbC/I4AhunfN782c+irNc8dB/pHvOOrOrbLsT4+/R5aCfjgp+d7yliYNt+dNvl/JdTA==",
      "viewCount": null,
      "duration": "NaN:NaN",
      "size": null
    },
    {
      "id": "606df3df-4382-49c5-be83-70413f091102",
      "pid": "478cabe4-d847-4be1-b625-3d0d769f9061",
      "dblevel": 5,
      "location": "/VGMV/01_BaiGiang/MucsuNguyenThi/Nam2017/07092017_DuMoiThuPhuocThiengLieng",
      "isVideo": true,
      "url": "01-bai-giang.muc-su-nguyen-thi.nam-2017.07092017-du-moi-thu-phuoc-thieng-lieng",
      "name": "07092017_Đủ Mọi Thứ Phước Thiêng Liêng",
      "count": 0,
      "isLeaf": null,
      "keyword": null,
      "hash": "",
      "khash": "U2FsdGVkX1+2FShXNqkEl6XLlEaVCQ6K7pjYnUoSryBkL4fnFrPmoAJ3Yerm9hVI3ImlSLGjQ8q2CHja1qmf2g==",
      "viewCount": null,
      "duration": "NaN:NaN",
      "size": null
    },
    {
      "id": "52c53d9b-afcb-4c54-ac80-2c68a6285342",
      "pid": "478cabe4-d847-4be1-b625-3d0d769f9061",
      "dblevel": 5,
      "location": "/VGMV/01_BaiGiang/MucsuNguyenThi/Nam2017/07162017_LoiCauNguyenChoHoiThanh",
      "isVideo": true,
      "url": "01-bai-giang.muc-su-nguyen-thi.nam-2017.07162017-loi-cau-nguyen-cho-hoi-thanh",
      "name": "07162017_Lời Cầu Nguyện Cho Hội Thánh",
      "count": 0,
      "isLeaf": null,
      "keyword": null,
      "hash": "",
      "khash": "U2FsdGVkX18CaWX8T8BgbHW7iIJBKr4QpFC1TpNZcvj9uS+WK3EB4/61kj8uAZ8/qSNU2iN2CmAE3vV/0h2juw==",
      "viewCount": null,
      "duration": "NaN:NaN",
      "size": null
    },
    {
      "id": "62fde8c3-a5bb-498e-a347-1bf305060660",
      "pid": "478cabe4-d847-4be1-b625-3d0d769f9061",
      "dblevel": 5,
      "location": "/VGMV/01_BaiGiang/MucsuNguyenThi/Nam2017/07232017_NhanLoaiMoi",
      "isVideo": true,
      "url": "01-bai-giang.muc-su-nguyen-thi.nam-2017.07232017-nhan-loai-moi",
      "name": "07232017_Nhân Loại Mới",
      "count": 0,
      "isLeaf": null,
      "keyword": null,
      "hash": "",
      "khash": "U2FsdGVkX1+dBAbNVLpbDTgaDN39zF+aUWVkZCJzunUQsvGzV1+ve6yxnCkHSYQt5hGQE9x3CkklIjtFjO7EcQ==",
      "viewCount": null,
      "duration": "NaN:NaN",
      "size": null
    },
    {
      "id": "9012bf9b-7547-4a34-ac00-89f5213ba096",
      "pid": "478cabe4-d847-4be1-b625-3d0d769f9061",
      "dblevel": 5,
      "location": "/VGMV/01_BaiGiang/MucsuNguyenThi/Nam2017/08062017_HoiThanhTrongChuongTrinhCuaDucChuaTroi",
      "isVideo": true,
      "url": "01-bai-giang.muc-su-nguyen-thi.nam-2017.08062017-hoi-thanh-trong-chuong-trinh-cua-duc-chua-troi",
      "name": "08062017_Hội Thánh Trong Chương Trình Của Đức Chúa Trời",
      "count": 0,
      "isLeaf": null,
      "keyword": null,
      "hash": "",
      "khash": "U2FsdGVkX1+F4CtCZvSrRMNOaZANRYJAdDx9qZBu9xN8Qixr5Pkwe0NxlR8sr4DM5dpbD+nVBTsgiQnSXHovAQ==",
      "viewCount": null,
      "duration": "NaN:NaN",
      "size": null
    },
    {
      "id": "3c55bbd8-2520-455a-9975-86088950418c",
      "pid": "478cabe4-d847-4be1-b625-3d0d769f9061",
      "dblevel": 5,
      "location": "/VGMV/01_BaiGiang/MucsuNguyenThi/Nam2017/08202017_SongDao",
      "isVideo": true,
      "url": "01-bai-giang.muc-su-nguyen-thi.nam-2017.08202017-song-dao",
      "name": "08202017_Sống Đạo",
      "count": 0,
      "isLeaf": null,
      "keyword": null,
      "hash": "",
      "khash": "U2FsdGVkX1/5+e0536/t6pFBgPmL6p7xmdIqOLfgjLGeooVA4IdZ6Z7Cy9oiUrdGJ1JD2UCYkDcYUCoNQjVeDw==",
      "viewCount": null,
      "duration": "NaN:NaN",
      "size": null
    },
    {
      "id": "7d2cfa8d-df15-4484-be33-544457dcabd1",
      "pid": "478cabe4-d847-4be1-b625-3d0d769f9061",
      "dblevel": 5,
      "location": "/VGMV/01_BaiGiang/MucsuNguyenThi/Nam2017/08272017_BatChuocDucChuaTroi",
      "isVideo": true,
      "url": "01-bai-giang.muc-su-nguyen-thi.nam-2017.08272017-bat-chuoc-duc-chua-troi",
      "name": "08272017_Bắt Chước Đức Chúa Trời",
      "count": 0,
      "isLeaf": null,
      "keyword": null,
      "hash": "",
      "khash": "U2FsdGVkX18wBO/S/r9FIw3jRw4siNaViHZ7PCPFk51bUxf4arXio25ZFZPEHEdhM1W7jQmgscvm4bat65NG3w==",
      "viewCount": null,
      "duration": "NaN:NaN",
      "size": null
    },
    {
      "id": "20023056-3dfd-418a-af3d-ec9233915cf4",
      "pid": "478cabe4-d847-4be1-b625-3d0d769f9061",
      "dblevel": 5,
      "location": "/VGMV/01_BaiGiang/MucsuNguyenThi/Nam2017/09102017_CuocChienTamLinh",
      "isVideo": true,
      "url": "01-bai-giang.muc-su-nguyen-thi.nam-2017.09102017-cuoc-chien-tam-linh",
      "name": "09102017_Cuộc Chiến Tâm Linh",
      "count": 0,
      "isLeaf": null,
      "keyword": null,
      "hash": "",
      "khash": "U2FsdGVkX1/iqOpAquX7zA3fc8d6liOUv9xTi2ojg6Tpt3Mfr5mhj5uT/9oK3rCNVtwhycGIwIv5XYP9fzig+w==",
      "viewCount": null,
      "duration": "NaN:NaN",
      "size": null
    },
    {
      "id": "955af089-e164-4269-8bed-86d176c5a97e",
      "pid": "478cabe4-d847-4be1-b625-3d0d769f9061",
      "dblevel": 5,
      "location": "/VGMV/01_BaiGiang/MucsuNguyenThi/Nam2017/09172017_KhuonMauMuonDoi",
      "isVideo": true,
      "url": "01-bai-giang.muc-su-nguyen-thi.nam-2017.09172017-khuon-mau-muon-doi",
      "name": "09172017_Khuôn Mẫu Muôn Đời",
      "count": 0,
      "isLeaf": null,
      "keyword": null,
      "hash": "",
      "khash": "U2FsdGVkX1+co+X36tQ1/Xm1qnFOkMT/+Ua+EUoY6uEYindtc5/r/1raxjp8qlN77kDv5kqsih1Y9TqofEVasw==",
      "viewCount": null,
      "duration": "NaN:NaN",
      "size": null
    },
    {
      "id": "d7cf8e0e-455c-4df3-9038-9474ec4f102c",
      "pid": "478cabe4-d847-4be1-b625-3d0d769f9061",
      "dblevel": 5,
      "location": "/VGMV/01_BaiGiang/MucsuNguyenThi/Nam2017/10082017_MotKhuonMauThoPhuong",
      "isVideo": true,
      "url": "01-bai-giang.muc-su-nguyen-thi.nam-2017.10082017-mot-khuon-mau-tho-phuong",
      "name": "10082017_Một Khuôn Mẫu Thờ Phượng",
      "count": 0,
      "isLeaf": null,
      "keyword": null,
      "hash": "",
      "khash": "U2FsdGVkX1+VYjOWD03lLb8mhIokRrlTXPZxRvKY/JZ56Oi4jSF9uYvupxudqw1Bj8R1x1zGBAvRyxje5QcbDQ==",
      "viewCount": null,
      "duration": "NaN:NaN",
      "size": null
    },
    {
      "id": "c5daaf33-dcc3-47b6-9dc7-df8e708e47be",
      "pid": "478cabe4-d847-4be1-b625-3d0d769f9061",
      "dblevel": 5,
      "location": "/VGMV/01_BaiGiang/MucsuNguyenThi/Nam2017/10152017_BayChienCuaDongCoNgai",
      "isVideo": true,
      "url": "01-bai-giang.muc-su-nguyen-thi.nam-2017.10152017-bay-chien-cua-dong-co-ngai",
      "name": "10152017_Bầy Chiên Của Đồng Cỏ Ngài",
      "count": 0,
      "isLeaf": null,
      "keyword": null,
      "hash": "",
      "khash": "U2FsdGVkX1+Crkgleo3s05j73tgxz7b5gWu+kaD1OZLgrkZNbqPPViweeFz7orWWQIweXWhIU+6XYvOxwsz3ww==",
      "viewCount": null,
      "duration": "NaN:NaN",
      "size": null
    },
    {
      "id": "0bc72814-acd3-4a10-a1cc-2e685d6b11d0",
      "pid": "478cabe4-d847-4be1-b625-3d0d769f9061",
      "dblevel": 5,
      "location": "/VGMV/01_BaiGiang/MucsuNguyenThi/Nam2017/10222017_NenTangCuocCaiChanh",
      "isVideo": true,
      "url": "01-bai-giang.muc-su-nguyen-thi.nam-2017.10222017-nen-tang-cuoc-cai-chanh",
      "name": "10222017_Nền Tảng Cuộc Cải Chánh",
      "count": 0,
      "isLeaf": null,
      "keyword": null,
      "hash": "",
      "khash": "U2FsdGVkX1+utA3ZMHeZE6JaKU+6Fi6u4WNqhklFpHrvdL5FR8+YbELc4CRI6SWkUC/7nFLnNZmITOjDQgNGRQ==",
      "viewCount": null,
      "duration": "NaN:NaN",
      "size": null
    },
    {
      "id": "438a54e9-20ca-4fef-a107-daf3e64478d4",
      "pid": "478cabe4-d847-4be1-b625-3d0d769f9061",
      "dblevel": 5,
      "location": "/VGMV/01_BaiGiang/MucsuNguyenThi/Nam2017/10292017_CongTacTruyenGiao",
      "isVideo": true,
      "url": "01-bai-giang.muc-su-nguyen-thi.nam-2017.10292017-cong-tac-truyen-giao",
      "name": "10292017_Công Tác Truyền Giáo",
      "count": 0,
      "isLeaf": null,
      "keyword": null,
      "hash": "",
      "khash": "U2FsdGVkX18H83Jj2qz8bnaKP+crhrzdyaXJPohB4cV2NaxfVCCtxWJx+dg5Dh9noAJRdp4690uuAhUxf4Kb1g==",
      "viewCount": null,
      "duration": "NaN:NaN",
      "size": null
    },
    {
      "id": "8a4fdb8b-14ab-4cf4-9265-b681f90442d3",
      "pid": "478cabe4-d847-4be1-b625-3d0d769f9061",
      "dblevel": 5,
      "location": "/VGMV/01_BaiGiang/MucsuNguyenThi/Nam2017/11052017_ToiCamTaChua",
      "isVideo": true,
      "url": "01-bai-giang.muc-su-nguyen-thi.nam-2017.11052017-toi-cam-ta-chua",
      "name": "11052017_Tôi Cảm Tạ Chúa",
      "count": 0,
      "isLeaf": null,
      "keyword": null,
      "hash": "",
      "khash": "U2FsdGVkX19tlwbOQP3GWejStoge74CM7cQ8Ql++AurZPbgKmI96VnwUQycTBTUFCqvu7cwmHCEeKhFCdSlu+w==",
      "viewCount": null,
      "duration": "NaN:NaN",
      "size": null
    },
    {
      "id": "c05311e8-e868-480f-8b0d-cb5f97595ea2",
      "pid": "478cabe4-d847-4be1-b625-3d0d769f9061",
      "dblevel": 5,
      "location": "/VGMV/01_BaiGiang/MucsuNguyenThi/Nam2017/11122017_NayLaNgayDucGie-ho-vaLamNen",
      "isVideo": true,
      "url": "01-bai-giang.muc-su-nguyen-thi.nam-2017.11122017-nay-la-ngay-duc-gie-ho-va-lam-nen",
      "name": "11122017_Này Là Ngày Đức Giê-hô-va Làm Nên",
      "count": 0,
      "isLeaf": null,
      "keyword": null,
      "hash": "",
      "khash": "U2FsdGVkX18rzKHTkgDnMXaqUfWbZOGzrnnMJm2/wydjVSoustmNIExXnaHsfiXc1fV6PZh7d1yCpMBXSW99tw==",
      "viewCount": null,
      "duration": "NaN:NaN",
      "size": null
    },
    {
      "id": "98443a3c-3579-412b-ab5e-ca9cb4f55557",
      "pid": "478cabe4-d847-4be1-b625-3d0d769f9061",
      "dblevel": 5,
      "location": "/VGMV/01_BaiGiang/MucsuNguyenThi/Nam2017/11192017_CanThanTheoLoiChua",
      "isVideo": true,
      "url": "01-bai-giang.muc-su-nguyen-thi.nam-2017.11192017-can-than-theo-loi-chua",
      "name": "11192017_Cẩn Thận Theo Lời Chúa",
      "count": 0,
      "isLeaf": null,
      "keyword": null,
      "hash": "",
      "khash": "U2FsdGVkX183zUiuGdw628uao5JoPrjJMW6wugnscHnG1LtXZA36tZ3YzSykNAsVjgvdjItNr7+kbAOKxa8VoA==",
      "viewCount": null,
      "duration": "NaN:NaN",
      "size": null
    },
    {
      "id": "0ba12a0d-8de6-42c6-82a7-62e989256f0f",
      "pid": "478cabe4-d847-4be1-b625-3d0d769f9061",
      "dblevel": 5,
      "location": "/VGMV/01_BaiGiang/MucsuNguyenThi/Nam2017/11242017_TaOn",
      "isVideo": true,
      "url": "01-bai-giang.muc-su-nguyen-thi.nam-2017.11242017-ta-on",
      "name": "11242017_Tạ Ơn",
      "count": 0,
      "isLeaf": null,
      "keyword": null,
      "hash": "",
      "khash": "U2FsdGVkX1+uvivTFm/IcfRbbn6Lli5TH+TXKVhwT3ZHCBteKOeyBKh/nAsyJm8BXzlRYazbQlQnWc9C66km1A==",
      "viewCount": null,
      "duration": "17:12",
      "size": 247957318
    },
    {
      "id": "2d8051e4-3eb3-49cd-8ffc-5e91c3757815",
      "pid": "478cabe4-d847-4be1-b625-3d0d769f9061",
      "dblevel": 5,
      "location": "/VGMV/01_BaiGiang/MucsuNguyenThi/Nam2017/12032017_MotConTreSinhChoChungTa",
      "isVideo": true,
      "url": "01-bai-giang.muc-su-nguyen-thi.nam-2017.12032017-mot-con-tre-sinh-cho-chung-ta",
      "name": "12032017_Một Con Trẻ Sinh Cho Chúng Ta",
      "count": 0,
      "isLeaf": null,
      "keyword": null,
      "hash": "",
      "khash": "U2FsdGVkX1+VGF0MhFvGfg4CTuZBUMhkj3jLlS6SEx8bndOJiYN/SWtZtinQ/K8Ap9UBtvWZPc6jXkRmzFLc9w==",
      "viewCount": null,
      "duration": "37:29",
      "size": 367786474
    },
    {
      "id": "f781d780-f1c4-4755-82b8-3b9cff6675fe",
      "pid": "478cabe4-d847-4be1-b625-3d0d769f9061",
      "dblevel": 5,
      "location": "/VGMV/01_BaiGiang/MucsuNguyenThi/Nam2017/12102017_BaiCaTruocGiangSinh",
      "isVideo": true,
      "url": "01-bai-giang.muc-su-nguyen-thi.nam-2017.12102017-bai-ca-truoc-giang-sinh",
      "name": "12102017_Bài Ca Trước Giáng Sinh",
      "count": 0,
      "isLeaf": null,
      "keyword": null,
      "hash": "",
      "khash": "U2FsdGVkX1+HRdC4P1a0SO3oJXr/wYYWPavGKTVcovNkelXpHcOOzrUp369ce7NE1BOsjm0JyTocLh3XvcF2dw==",
      "viewCount": null,
      "duration": "29:17",
      "size": 246147689
    },
    {
      "id": "4cd4732a-6c58-4deb-baaf-34268a8436c7",
      "pid": "478cabe4-d847-4be1-b625-3d0d769f9061",
      "dblevel": 5,
      "location": "/VGMV/01_BaiGiang/MucsuNguyenThi/Nam2017/12102017_BaiHatGiangSinhCuaCaoNien",
      "isVideo": true,
      "url": "01-bai-giang.muc-su-nguyen-thi.nam-2017.12102017-bai-hat-giang-sinh-cua-cao-nien",
      "name": "12102017_Bài Hát Giáng Sinh Của Cao Niên",
      "count": 0,
      "isLeaf": null,
      "keyword": null,
      "hash": "",
      "khash": "U2FsdGVkX1+NWRYz1psSL92a2wkdVzp76rw50C2Wyrx5j5peBqQ8PCDGLSTv+PV7URq3K5EMYI9qJZbFFLM2rA==",
      "viewCount": null,
      "duration": "23:54",
      "size": 469934212
    },
    {
      "id": "d93723ac-be66-466d-9299-d4995952aa5b",
      "pid": "478cabe4-d847-4be1-b625-3d0d769f9061",
      "dblevel": 5,
      "location": "/VGMV/01_BaiGiang/MucsuNguyenThi/Nam2017/12202017_NhungBaiCaGiangSinh",
      "isVideo": true,
      "url": "01-bai-giang.muc-su-nguyen-thi.nam-2017.12202017-nhung-bai-ca-giang-sinh",
      "name": "12202017_Những Bài Ca Giáng Sinh",
      "count": 0,
      "isLeaf": null,
      "keyword": null,
      "hash": "",
      "khash": "U2FsdGVkX19mZ5zhivlbNEtZsg4gR295PIChBbRFCXzhf4Vbt40gHEdkCjdSjbvWZLSy38shh6TtY8Ap+fBSqg==",
      "viewCount": null,
      "duration": "20:51",
      "size": 145483087
    },
    {
      "id": "435cfe4c-d0cb-4fd0-8eda-a030496fd271",
      "pid": "478cabe4-d847-4be1-b625-3d0d769f9061",
      "dblevel": 5,
      "location": "/VGMV/01_BaiGiang/MucsuNguyenThi/Nam2017/12242017_NoelDauTien",
      "isVideo": true,
      "url": "01-bai-giang.muc-su-nguyen-thi.nam-2017.12242017-noel-dau-tien",
      "name": "12242017_Noel Đầu Tiên",
      "count": 0,
      "isLeaf": null,
      "keyword": null,
      "hash": "",
      "khash": "U2FsdGVkX19SXduFNiC0uX2d0U5z4nZKNvM5cwskWKRFg2qb2opXhk2t1pPNE1GFkGOV0/1xqol964V6wBwJ+Q==",
      "viewCount": null,
      "duration": "27:44",
      "size": 295613398
    },
    {
      "id": "ff03ddc7-9ec2-42f5-a603-786321bb40b9",
      "pid": "478cabe4-d847-4be1-b625-3d0d769f9061",
      "dblevel": 5,
      "location": "/VGMV/01_BaiGiang/MucsuNguyenThi/Nam2017/12252017_YNghiaGiangSinh",
      "isVideo": true,
      "url": "01-bai-giang.muc-su-nguyen-thi.nam-2017.12252017-y-nghia-giang-sinh",
      "name": "12252017_Ý Nghĩa Giáng Sinh",
      "count": 0,
      "isLeaf": null,
      "keyword": null,
      "hash": "",
      "khash": "U2FsdGVkX18Prf/glJIkL2OMWvbU6r00Lwj2oqXwUGPUE/80p1zgWjBZdQMQUEk7sW0+JQ8KwMUgtGASdo3SAg==",
      "viewCount": null,
      "duration": "27:19",
      "size": 352557218
    }
  ]
}