{
  "id": "e1703655-b78b-4607-bf80-03a4c1a6a1f1",
  "pid": "71832048-cb5a-498b-a6d9-9d1831fd437b",
  "dblevel": 4,
  "location": "/VGMV/01_BaiGiang/HocTheoChuDe/16-SuThuongKhoVaPhucSinhCuaChuaCuuThe",
  "isVideo": true,
  "url": "01-bai-giang.hoc-theo-chu-de.16-su-thuong-kho-va-phuc-sinh-cua-chua-cuu-the",
  "name": "16-Sự Thương Khó Và Phục Sinh Của Chúa Cứu Thế",
  "count": 10,
  "isLeaf": true,
  "keyword": null,
  "hash": null,
  "khash": null,
  "viewCount": null,
  "duration": null,
  "size": null,
  "children": [
    {
      "id": "fc88b1b0-fffe-413f-93f8-ef064bea5fa1",
      "pid": "e1703655-b78b-4607-bf80-03a4c1a6a1f1",
      "dblevel": 5,
      "location": "/VGMV/01_BaiGiang/HocTheoChuDe/16-SuThuongKhoVaPhucSinhCuaChuaCuuThe/20170409_Mat210111_NgayVuaDen",
      "isVideo": true,
      "url": "01-bai-giang.hoc-theo-chu-de.16-su-thuong-kho-va-phuc-sinh-cua-chua-cuu-the.20170409-mat210111-ngay-vua-den",
      "name": "20170409_Mat210111_Ngày Vua Đến",
      "count": 0,
      "isLeaf": null,
      "keyword": null,
      "hash": "U2FsdGVkX1+BiV2QrIkuEpEhaG68lgmZNd5emupahV6OCoUqGK36FvXuIy7v3bpqyyczjOn/rK80BhyygjbsfQ==",
      "khash": "U2FsdGVkX18jyUaV0peuUUWIhiw+89cH3+3edeW5411f3krsYatCf9OfsTU1EJ8nHDu/jcH76xQbNPgvpYtd0A==",
      "viewCount": null,
      "duration": "77:8",
      "size": 2031762407
    },
    {
      "id": "ecf3f0bc-f869-4c7d-b2c0-bfde941f38e2",
      "pid": "e1703655-b78b-4607-bf80-03a4c1a6a1f1",
      "dblevel": 5,
      "location": "/VGMV/01_BaiGiang/HocTheoChuDe/16-SuThuongKhoVaPhucSinhCuaChuaCuuThe/20170416_Gi211519_ConTimLaiSong",
      "isVideo": true,
      "url": "01-bai-giang.hoc-theo-chu-de.16-su-thuong-kho-va-phuc-sinh-cua-chua-cuu-the.20170416-gi211519-con-tim-lai-song",
      "name": "20170416_Gi211519_Con Tim Lại Sống",
      "count": 0,
      "isLeaf": null,
      "keyword": null,
      "hash": "U2FsdGVkX18zxTqbGyW5eOXeoiaElnV9ceGmgsGhUc8IssQ5uFIweW8XUmnHbF96+DuqMc7b9yPHy4mPDx75Zg==",
      "khash": "U2FsdGVkX19jvNv9CJ5HysffGo9GkikSR9XD5oa+fV3SD/upuAmJBvoqVCHkmrmgA1YS2A9YEuD5ywmJT2HFWg==",
      "viewCount": null,
      "duration": "81:54",
      "size": 2162754385
    },
    {
      "id": "ebaba6d6-73c0-40a3-a56c-4b3871722702",
      "pid": "e1703655-b78b-4607-bf80-03a4c1a6a1f1",
      "dblevel": 5,
      "location": "/VGMV/01_BaiGiang/HocTheoChuDe/16-SuThuongKhoVaPhucSinhCuaChuaCuuThe/20190414_Lu183134_HuongVeThapTu",
      "isVideo": true,
      "url": "01-bai-giang.hoc-theo-chu-de.16-su-thuong-kho-va-phuc-sinh-cua-chua-cuu-the.20190414-lu183134-huong-ve-thap-tu",
      "name": "20190414_Lu183134_Hướng Về Thập Tự",
      "count": 0,
      "isLeaf": null,
      "keyword": null,
      "hash": "U2FsdGVkX19buFeaN8nvqtC+rYdYt93AUOL3Wooj7fM1wITtzk/Y+5bWKt3XDlw6uc9LPBrC5Qyv5jguFxa6Aw==",
      "khash": "U2FsdGVkX1+2gvZMLgbA+6/ie7fWbHsunlbqdyyc+k9NTh/QaEv1xd/RfqjWGsj84g8k+V2QDzXorcMSibiw1w==",
      "viewCount": null,
      "duration": "73:37",
      "size": 1039009931
    },
    {
      "id": "aea359ff-7118-4e56-84d2-3ecb85b450fc",
      "pid": "e1703655-b78b-4607-bf80-03a4c1a6a1f1",
      "dblevel": 5,
      "location": "/VGMV/01_BaiGiang/HocTheoChuDe/16-SuThuongKhoVaPhucSinhCuaChuaCuuThe/20190419_Es530112_CoAiSuyXet",
      "isVideo": true,
      "url": "01-bai-giang.hoc-theo-chu-de.16-su-thuong-kho-va-phuc-sinh-cua-chua-cuu-the.20190419-es530112-co-ai-suy-xet",
      "name": "20190419_Es530112_Có Ai Suy Xét",
      "count": 0,
      "isLeaf": null,
      "keyword": null,
      "hash": "U2FsdGVkX18j0gbWfZJRQB0YEErmy+Gio2odValkDmXLPVrmPnPYwHy3jgKeahbOReG2cpQYuOuwzfk0fhaACg==",
      "khash": "U2FsdGVkX1/0CCkH9jROJmWcFA199kg8kbos6M0EKG5+gQv7oBtR1C1tnedsoPOU6czRSNdnaFhPLbSBtmwitQ==",
      "viewCount": null,
      "duration": "56:17",
      "size": 1495342752
    },
    {
      "id": "0b75c379-fc3d-4dbc-b0b9-d77224355e06",
      "pid": "e1703655-b78b-4607-bf80-03a4c1a6a1f1",
      "dblevel": 5,
      "location": "/VGMV/01_BaiGiang/HocTheoChuDe/16-SuThuongKhoVaPhucSinhCuaChuaCuuThe/20190421_Lu241335_GapGoChuaPhucSinh",
      "isVideo": true,
      "url": "01-bai-giang.hoc-theo-chu-de.16-su-thuong-kho-va-phuc-sinh-cua-chua-cuu-the.20190421-lu241335-gap-go-chua-phuc-sinh",
      "name": "20190421_Lu241335_Gặp Gỡ Chúa Phục Sinh",
      "count": 0,
      "isLeaf": null,
      "keyword": null,
      "hash": "U2FsdGVkX1+DsPur7EHot1Gy79PPteFnnctTg7kmKFptI0VHC7jiMPbdl0wCfdRoNBAtwjQmiMuPuz+AKmpWZQ==",
      "khash": "U2FsdGVkX1+JmUHDI/Tsq49A1hLBbPbukolYI9vZtuuGYXobrGDQZKm98Lwbw3O7H/YKTw0w2e6WiwUvo/DGIQ==",
      "viewCount": null,
      "duration": "76:58",
      "size": 2041745523
    },
    {
      "id": "23e24640-124c-4f8b-b797-bbbb8bf6444b",
      "pid": "e1703655-b78b-4607-bf80-03a4c1a6a1f1",
      "dblevel": 5,
      "location": "/VGMV/01_BaiGiang/HocTheoChuDe/16-SuThuongKhoVaPhucSinhCuaChuaCuuThe/20200405_Mac140110-Gi120108_ChonLuaCuaTamLong",
      "isVideo": true,
      "url": "01-bai-giang.hoc-theo-chu-de.16-su-thuong-kho-va-phuc-sinh-cua-chua-cuu-the.20200405-mac140110-gi120108-chon-lua-cua-tam-long",
      "name": "20200405_Mac140110-Gi120108_Chọn Lựa Của Tấm Lòng",
      "count": 0,
      "isLeaf": null,
      "keyword": null,
      "hash": "U2FsdGVkX1+ozVUGCK6YO8FjXrAn8l7WuNwj8Zg76YvEg97TC9qa1D2CfgiXHiQNI5UrBt0xX1Li+VFE+WVSwA==",
      "khash": "U2FsdGVkX1+TpA9wQpmvmNJDYcX12NHYAfUhU3AsgTbYY/iN16/jC/0kvMkr/cyWzp8It+ozsvctC/Fy3T/TAw==",
      "viewCount": null,
      "duration": "71:53",
      "size": 1904505344
    },
    {
      "id": "658173b6-4c69-450f-9a68-9cdb061f5650",
      "pid": "e1703655-b78b-4607-bf80-03a4c1a6a1f1",
      "dblevel": 5,
      "location": "/VGMV/01_BaiGiang/HocTheoChuDe/16-SuThuongKhoVaPhucSinhCuaChuaCuuThe/20200410_Lu234449_XuyenQuaBucMan",
      "isVideo": true,
      "url": "01-bai-giang.hoc-theo-chu-de.16-su-thuong-kho-va-phuc-sinh-cua-chua-cuu-the.20200410-lu234449-xuyen-qua-buc-man",
      "name": "20200410_Lu234449_Xuyên Qua Bức Màn",
      "count": 0,
      "isLeaf": null,
      "keyword": null,
      "hash": "U2FsdGVkX19Yir9BPnmVC/iWzyDS8/+CtG4TCiYHHEUM1BqJdoGQIJhJxLCkOo5scTHpcRjkOIsza4FStjoD+g==",
      "khash": "U2FsdGVkX1/UONiT1FAme66G13Ru+TR7Qo+RjXYZ0ofG/LkCSLestLFN8cQwMNcOAnJUokhoSb8Gt1ENQa1TKA==",
      "viewCount": null,
      "duration": "69:10",
      "size": 2020316475
    },
    {
      "id": "6c9d5734-30fd-423e-9d77-e28dca6b2456",
      "pid": "e1703655-b78b-4607-bf80-03a4c1a6a1f1",
      "dblevel": 5,
      "location": "/VGMV/01_BaiGiang/HocTheoChuDe/16-SuThuongKhoVaPhucSinhCuaChuaCuuThe/20200412_Gi211519_GapGoChuaPhucSinh",
      "isVideo": true,
      "url": "01-bai-giang.hoc-theo-chu-de.16-su-thuong-kho-va-phuc-sinh-cua-chua-cuu-the.20200412-gi211519-gap-go-chua-phuc-sinh",
      "name": "20200412_Gi211519_Gặp Gỡ Chúa Phục Sinh",
      "count": 0,
      "isLeaf": null,
      "keyword": null,
      "hash": "U2FsdGVkX1/m+al3LotwDxnz2iofuG6wBCqsNfwnEkv1uNFX1nl+PrGm3Dzjs0I/S7VVpiqAq1G057gns/XN1A==",
      "khash": "U2FsdGVkX1/UFMSsEFgLmBE/1Atqs1LBNQIfzovs9Eoam/6ISNoDsaovaClSL/6GZJl+v/NH8SGtGg94Zk1gxQ==",
      "viewCount": null,
      "duration": "68:47",
      "size": 2028904086
    },
    {
      "id": "333de80e-7f37-4b9d-9395-f2cc1fbe65f3",
      "pid": "e1703655-b78b-4607-bf80-03a4c1a6a1f1",
      "dblevel": 5,
      "location": "/VGMV/01_BaiGiang/HocTheoChuDe/16-SuThuongKhoVaPhucSinhCuaChuaCuuThe/20210328_Lu092125_ConDuongThapTu",
      "isVideo": true,
      "url": "01-bai-giang.hoc-theo-chu-de.16-su-thuong-kho-va-phuc-sinh-cua-chua-cuu-the.20210328-lu092125-con-duong-thap-tu",
      "name": "20210328_Lu092125_Con Đường Thập Tự",
      "count": 0,
      "isLeaf": null,
      "keyword": null,
      "hash": "U2FsdGVkX1+39u0KWopytWtwH8vFEkU3iM7iRG4Vg7in0WI8FUaqjla7fNM3XJ/eDt7Atse5YoeV+6+1C2BzrA==",
      "khash": "U2FsdGVkX1+7KE0Uf8Qh1vqmXpvq+9nPuMxB6TwEFxsVahR0rLslOk9Lxeux/YoLgx1+EZulRPWxvi3Hw75vLg==",
      "viewCount": null,
      "duration": "66:12",
      "size": 2033920860
    },
    {
      "id": "7eae3a72-9295-43dd-bba7-8e2c3ea9e349",
      "pid": "e1703655-b78b-4607-bf80-03a4c1a6a1f1",
      "dblevel": 5,
      "location": "/VGMV/01_BaiGiang/HocTheoChuDe/16-SuThuongKhoVaPhucSinhCuaChuaCuuThe/20210405_Eph011523_DuocThaySoDayTronCuaChuaPhucSinh",
      "isVideo": true,
      "url": "01-bai-giang.hoc-theo-chu-de.16-su-thuong-kho-va-phuc-sinh-cua-chua-cuu-the.20210405-eph011523-duoc-thay-so-day-tron-cua-chua-phuc-sinh",
      "name": "20210405_Eph011523_Được Thấy Sợ Đầy Trọn Của Chúa Phục Sinh",
      "count": 0,
      "isLeaf": null,
      "keyword": null,
      "hash": "U2FsdGVkX19EgIMdqSzv8rXLl2uPQViMD5dS49cys9bhq2uo33bW76A+Z6FUtmKO6RG535mIpuLmoHCod2KPBw==",
      "khash": "U2FsdGVkX19QoqgSyLDDvSLOqp93gIo9jmQyrgf+i+CfastL+LpZmjUAp6Db1y0l48euxpVjQYUhlmdLQeNOvQ==",
      "viewCount": null,
      "duration": "90:32",
      "size": 2793665587
    }
  ]
}