{
  "id": "9ab4a05c-b40f-48ca-a640-27b9a0f1055c",
  "pid": "a5d0dca7-9e00-4d8d-8c1e-6d68ed1f0496",
  "dblevel": 5,
  "location": "/VGMV/01_BaiGiang/HocTheoChuDe/15-ChuaGiangSinh/SuDiepGiangSinh-MucsuHuaTrungTin",
  "isVideo": true,
  "url": "01-bai-giang.hoc-theo-chu-de.15-chua-giang-sinh.su-diep-giang-sinh-muc-su-hua-trung-tin",
  "name": "Sứ Điệp Giáng Sinh - Mục sư Hứa Trung Tín",
  "count": 6,
  "isLeaf": true,
  "keyword": null,
  "hash": null,
  "khash": null,
  "viewCount": null,
  "duration": null,
  "size": null,
  "children": [
    {
      "id": "c856fea8-137e-4fbf-8222-918ce1e638c5",
      "pid": "9ab4a05c-b40f-48ca-a640-27b9a0f1055c",
      "dblevel": 6,
      "location": "/VGMV/01_BaiGiang/HocTheoChuDe/15-ChuaGiangSinh/SuDiepGiangSinh-MucsuHuaTrungTin/20171203_GiangSinhThat",
      "isVideo": true,
      "url": "01-bai-giang.hoc-theo-chu-de.15-chua-giang-sinh.su-diep-giang-sinh-muc-su-hua-trung-tin.20171203-giang-sinh-that",
      "name": "20171203_Giáng Sinh Thật",
      "count": 0,
      "isLeaf": null,
      "keyword": null,
      "hash": "U2FsdGVkX1+KU8huaVHbBApwkK8Ld5yJqSY+UYNRKBmo/SevvkXKUHexs9cn+XOTvwSER8bY+c0qO9mRCvU/pg==",
      "khash": "U2FsdGVkX1/AweMnypGTN2rubss9Uva8KjJeDiGnguazIvs+UbwrjxCALtVlA+NnPfotmmo42s21lTJY1rt6Kg==",
      "viewCount": null,
      "duration": "33:18",
      "size": 409941238
    },
    {
      "id": "c574a9a9-549d-4769-91d4-b9a6625a0de3",
      "pid": "9ab4a05c-b40f-48ca-a640-27b9a0f1055c",
      "dblevel": 6,
      "location": "/VGMV/01_BaiGiang/HocTheoChuDe/15-ChuaGiangSinh/SuDiepGiangSinh-MucsuHuaTrungTin/20171217_TG-GiangSinhLaGi",
      "isVideo": true,
      "url": "01-bai-giang.hoc-theo-chu-de.15-chua-giang-sinh.su-diep-giang-sinh-muc-su-hua-trung-tin.20171217-tg-giang-sinh-la-gi",
      "name": "20171217_TG-Giáng Sinh Là Gì",
      "count": 0,
      "isLeaf": null,
      "keyword": null,
      "hash": "U2FsdGVkX1+dzkeD3H5mm5cbQ7TOpmpeaMCaQdpesJQxHD/lywObt/P4GdZXMgMDFJNmRyinMkavLyz0kKD3Tw==",
      "khash": "U2FsdGVkX1+3lLVkpi/BaBrPF2of/9iCDMPu/vYTPUu7y6pnz04MChcCi6VEekPA3rJVdiTL4Enb5hbnFkxeYQ==",
      "viewCount": null,
      "duration": "40:0",
      "size": 492861021
    },
    {
      "id": "c9ebf630-5117-4165-9ddf-cac83925fe45",
      "pid": "9ab4a05c-b40f-48ca-a640-27b9a0f1055c",
      "dblevel": 6,
      "location": "/VGMV/01_BaiGiang/HocTheoChuDe/15-ChuaGiangSinh/SuDiepGiangSinh-MucsuHuaTrungTin/20171231_CanhCuaThoiGian",
      "isVideo": true,
      "url": "01-bai-giang.hoc-theo-chu-de.15-chua-giang-sinh.su-diep-giang-sinh-muc-su-hua-trung-tin.20171231-canh-cua-thoi-gian",
      "name": "20171231_Cánh Cửa Thời Gian",
      "count": 0,
      "isLeaf": null,
      "keyword": null,
      "hash": "U2FsdGVkX1/L7QAu0WmBtPW1rxjM+xLvMUP79RjxH9RMU/OZfY0XLINxRtRQtCDqu2qwPe86M0DMXZ9BS6ZoUw==",
      "khash": "U2FsdGVkX18OMMkRCkDHixp3adxtVBD6lNm4a81JuprTSp3w29Q83gYopGUvpS0j3kJ5kiRO4s9xC4xR1EpNaQ==",
      "viewCount": null,
      "duration": "18:42",
      "size": 228970356
    },
    {
      "id": "0dd0cf5a-b6ba-4f33-8bb0-56df1689da26",
      "pid": "9ab4a05c-b40f-48ca-a640-27b9a0f1055c",
      "dblevel": 6,
      "location": "/VGMV/01_BaiGiang/HocTheoChuDe/15-ChuaGiangSinh/SuDiepGiangSinh-MucsuHuaTrungTin/20181216_NiemVuiGiangSinh",
      "isVideo": true,
      "url": "01-bai-giang.hoc-theo-chu-de.15-chua-giang-sinh.su-diep-giang-sinh-muc-su-hua-trung-tin.20181216-niem-vui-giang-sinh",
      "name": "20181216_Niềm Vui Giáng Sinh",
      "count": 0,
      "isLeaf": null,
      "keyword": null,
      "hash": "U2FsdGVkX1/wvU9YzFb6hAoE2eTIdRIFzTAcLrg3LJz4svw81Ie0GGsEExzE4LtElpkLqZPArA4OKtWwF8DU4g==",
      "khash": "U2FsdGVkX1/btdqpJJRjDrLKcDkK4j/L9+suz0i16byMQ6DP1ukxTtFIsXsgHKnhykI5LsHbm5sxIMOE+P6kyg==",
      "viewCount": null,
      "duration": "47:40",
      "size": 583541813
    },
    {
      "id": "e17c973e-ccaf-4f66-b3db-fb6fefa9f171",
      "pid": "9ab4a05c-b40f-48ca-a640-27b9a0f1055c",
      "dblevel": 6,
      "location": "/VGMV/01_BaiGiang/HocTheoChuDe/15-ChuaGiangSinh/SuDiepGiangSinh-MucsuHuaTrungTin/20181223_SuKienGiangSinh",
      "isVideo": true,
      "url": "01-bai-giang.hoc-theo-chu-de.15-chua-giang-sinh.su-diep-giang-sinh-muc-su-hua-trung-tin.20181223-su-kien-giang-sinh",
      "name": "20181223_Sự Kiện Giáng Sinh",
      "count": 0,
      "isLeaf": null,
      "keyword": null,
      "hash": "U2FsdGVkX1/yWooh1wANWIe5Q98Ts0LJZ6ynfIyB9fDk2/gCtEMGWf0rLWOcc9k3MM07t2kcgpFw/z31zhQzng==",
      "khash": "U2FsdGVkX18s2Vi3JXCbCeHl+V4mVNDMl7rdh06avmYjnLBh+K8I3U2QzhDgrDAuSt3mGZvCTngeu4KB65CvKQ==",
      "viewCount": null,
      "duration": "35:56",
      "size": 440618140
    },
    {
      "id": "c860acd7-cfbc-40bb-a002-faba166c1265",
      "pid": "9ab4a05c-b40f-48ca-a640-27b9a0f1055c",
      "dblevel": 6,
      "location": "/VGMV/01_BaiGiang/HocTheoChuDe/15-ChuaGiangSinh/SuDiepGiangSinh-MucsuHuaTrungTin/20181224_KinhNghiemDoiMoiTuChuaGiangSinh",
      "isVideo": true,
      "url": "01-bai-giang.hoc-theo-chu-de.15-chua-giang-sinh.su-diep-giang-sinh-muc-su-hua-trung-tin.20181224-kinh-nghiem-doi-moi-tu-chua-giang-sinh",
      "name": "20181224_Kinh Nghiệm Đổi Mới Từ Chúa Giáng Sinh",
      "count": 0,
      "isLeaf": null,
      "keyword": null,
      "hash": "U2FsdGVkX19XRL+Bpn6rb2FMGK9D5GQIVjp3R8XDiq7SH2S9kbzMOkHo2QuP8ljCP66ZD6KoBkxTNurPKY/M1w==",
      "khash": "U2FsdGVkX18RmRB71/098R5089RSxHPlZ7FRKCxsXCBSB0bdtycKHpw0lIkeVX5bHkNlvQXfXluZJrd8QOYiGA==",
      "viewCount": null,
      "duration": "26:3",
      "size": 319686869
    }
  ]
}