{
  "id": "26472814-e6bd-4361-8042-20ea4f1be758",
  "pid": "71832048-cb5a-498b-a6d9-9d1831fd437b",
  "dblevel": 4,
  "location": "/VGMV/01_BaiGiang/HocTheoChuDe/23-HienChuongNuocTroi",
  "isVideo": true,
  "url": "01-bai-giang.hoc-theo-chu-de.23-hien-chuong-nuoc-troi",
  "name": "23-Hiến Chương Nước Trời",
  "count": 23,
  "isLeaf": true,
  "keyword": null,
  "hash": null,
  "khash": null,
  "viewCount": null,
  "duration": null,
  "size": null,
  "children": [
    {
      "id": "d9b6a571-b8f4-4da3-acdc-79ab8631d079",
      "pid": "26472814-e6bd-4361-8042-20ea4f1be758",
      "dblevel": 5,
      "location": "/VGMV/01_BaiGiang/HocTheoChuDe/23-HienChuongNuocTroi/Mat050104_HanhPhuocThat-P1",
      "isVideo": true,
      "url": "01-bai-giang.hoc-theo-chu-de.23-hien-chuong-nuoc-troi.mat050104-hanh-phuoc-that-p1",
      "name": "Mat050104_Hạnh Phước Thật-P1",
      "count": 0,
      "isLeaf": null,
      "keyword": null,
      "hash": "U2FsdGVkX1/xEdMCXslXlETyV9Oi3mI+JnWzhhNgGuTLL+yndp0M2nsBq5/Nw8S+EbqnZ5NvA46aWioWwnv1Cg==",
      "khash": "U2FsdGVkX1/dMacH1i4v0p9ca1ZrpEMuCLWuuKkSHTruey/KdoqSFOhw9PaWgeKk+WZeR4Ei8IS6sUFTGshSTw==",
      "viewCount": null,
      "duration": "37:14",
      "size": 933684875
    },
    {
      "id": "a2a08a23-51fd-4353-8c20-b66af8591479",
      "pid": "26472814-e6bd-4361-8042-20ea4f1be758",
      "dblevel": 5,
      "location": "/VGMV/01_BaiGiang/HocTheoChuDe/23-HienChuongNuocTroi/Mat050506_HanhPhuocThat-P2",
      "isVideo": true,
      "url": "01-bai-giang.hoc-theo-chu-de.23-hien-chuong-nuoc-troi.mat050506-hanh-phuoc-that-p2",
      "name": "Mat050506_Hạnh Phước Thật-P2",
      "count": 0,
      "isLeaf": null,
      "keyword": null,
      "hash": "U2FsdGVkX18E05Y/AGkaOy+ZNkWvgHcP/VBwH2keeLTY9F9EH1xoH9+b8NpkyZPkOFN1SDIKUDf6P1i82jOAjA==",
      "khash": "U2FsdGVkX18OJTuR0FlGDnMz7RKOLSXu+jPvPnZh2xMEIpRzOeihvTLZlNASxZDYj3arzNUJnpdzdoToC9ep8A==",
      "viewCount": null,
      "duration": "41:59",
      "size": 1269803041
    },
    {
      "id": "754131b0-36c4-4c8f-8cd0-ee1922327b5c",
      "pid": "26472814-e6bd-4361-8042-20ea4f1be758",
      "dblevel": 5,
      "location": "/VGMV/01_BaiGiang/HocTheoChuDe/23-HienChuongNuocTroi/Mat050708_HanhPhuocThat-P3",
      "isVideo": true,
      "url": "01-bai-giang.hoc-theo-chu-de.23-hien-chuong-nuoc-troi.mat050708-hanh-phuoc-that-p3",
      "name": "Mat050708_Hạnh Phước Thật-P3",
      "count": 0,
      "isLeaf": null,
      "keyword": null,
      "hash": "U2FsdGVkX18WtG+JvU9tnNXI/p83ZoNFp0FmEmX+OIDUVYcVXuPYEAmLuIV/yfyZE174rCrWMcCP0Z/kwgFuMQ==",
      "khash": "U2FsdGVkX18zcBn+0TU9PzfasMfNfe+ohV4MdXcavIXxhjoVJNqn6J+OUnmTIHRKCZngqMUKVlCjG3cIhEU/bg==",
      "viewCount": null,
      "duration": "33:35",
      "size": 1016474765
    },
    {
      "id": "11d7803a-38be-448a-8392-5aecbbbdea21",
      "pid": "26472814-e6bd-4361-8042-20ea4f1be758",
      "dblevel": 5,
      "location": "/VGMV/01_BaiGiang/HocTheoChuDe/23-HienChuongNuocTroi/Mat050912_HanhPhuocThat-P4",
      "isVideo": true,
      "url": "01-bai-giang.hoc-theo-chu-de.23-hien-chuong-nuoc-troi.mat050912-hanh-phuoc-that-p4",
      "name": "Mat050912_Hạnh Phước Thật-P4",
      "count": 0,
      "isLeaf": null,
      "keyword": null,
      "hash": "U2FsdGVkX1+grvaDUzPzXVQmFHSlOSVQSni+TSzerbQDCeSkPdJNKIsv6MzX8Row7vD0B8YXhv6//5tn7QFtgQ==",
      "khash": "U2FsdGVkX1/biOx/zkvNQ7fLEwIN4QtzMni2PO2hzuXK06dTMeUJ8qmv+fbCHSpyyKKPaYX7If/e2K8cSwkRVg==",
      "viewCount": null,
      "duration": "42:23",
      "size": 1286412635
    },
    {
      "id": "5b3e4122-675e-4a35-8d54-0bbc36e042ba",
      "pid": "26472814-e6bd-4361-8042-20ea4f1be758",
      "dblevel": 5,
      "location": "/VGMV/01_BaiGiang/HocTheoChuDe/23-HienChuongNuocTroi/Mat051316_HoaTanVaToaSang",
      "isVideo": true,
      "url": "01-bai-giang.hoc-theo-chu-de.23-hien-chuong-nuoc-troi.mat051316-hoa-tan-va-toa-sang",
      "name": "Mat051316_Hòa Tan Và Tỏa Sáng",
      "count": 0,
      "isLeaf": null,
      "keyword": null,
      "hash": "U2FsdGVkX1/MwZumzGd5ZFaJSUMzOj+iTXCnPbU1wLM5KAZIfkSIZ7r6oQsRXZhHjuJLsuTukVQ7aaAHs6G1pA==",
      "khash": "U2FsdGVkX1/dgqnPM796hMBHreWjc2CkM7zNb4VLA/K68kQtVyMTdIT/GqfO5EgUQJqyPCE7rOQQX9ZV5nfWeA==",
      "viewCount": null,
      "duration": "52:9",
      "size": 1593868529
    },
    {
      "id": "d3362847-8862-4d62-944c-8ee2afa1f8d1",
      "pid": "26472814-e6bd-4361-8042-20ea4f1be758",
      "dblevel": 5,
      "location": "/VGMV/01_BaiGiang/HocTheoChuDe/23-HienChuongNuocTroi/Mat051720_NenTangCuaCongChinhVaChanLy",
      "isVideo": true,
      "url": "01-bai-giang.hoc-theo-chu-de.23-hien-chuong-nuoc-troi.mat051720-nen-tang-cua-cong-chinh-va-chan-ly",
      "name": "Mat051720_Nền Tảng Của Công Chính Và Chân Lý",
      "count": 0,
      "isLeaf": null,
      "keyword": null,
      "hash": "U2FsdGVkX191ZMWk3aINsA5vrZI+Jg9mSy79ngbJPhAhsDHlgJgOSqZFny/dBA2Fe60DaZW2XwKYJCkPjoOn3A==",
      "khash": "U2FsdGVkX18iId6ygj106xrlAXGZL08iVc9Lqns14aI7ZvZxUYZCItQCgMwxHm95L9+/5rNpbkIwsiRJwd9idg==",
      "viewCount": null,
      "duration": "49:30",
      "size": 1517521715
    },
    {
      "id": "7ce07462-009c-4f5f-aed0-8abfe0f5c8e0",
      "pid": "26472814-e6bd-4361-8042-20ea4f1be758",
      "dblevel": 5,
      "location": "/VGMV/01_BaiGiang/HocTheoChuDe/23-HienChuongNuocTroi/Mat052126_HiemHoaCuaHonGian",
      "isVideo": true,
      "url": "01-bai-giang.hoc-theo-chu-de.23-hien-chuong-nuoc-troi.mat052126-hiem-hoa-cua-hon-gian",
      "name": "Mat052126_Hiểm Họa Của Hờn Giận",
      "count": 0,
      "isLeaf": null,
      "keyword": null,
      "hash": "U2FsdGVkX18iMJQ9CH6JO0zTdSYE29g90yL2VQaFYUQhlSciAUJ110h9zHg3dKVJVQF+hY5OkFQ8cCCo9qlnCw==",
      "khash": "U2FsdGVkX18F46jPALHNf91bHkFeNKV8QDRXySFaQTxXQDf7QI6DcGZLg6C6ZGTirCUR21niXQ/2huZU79n8RA==",
      "viewCount": null,
      "duration": "40:32",
      "size": 1239694269
    },
    {
      "id": "05d7cf13-dae9-40de-98eb-e9682a66cceb",
      "pid": "26472814-e6bd-4361-8042-20ea4f1be758",
      "dblevel": 5,
      "location": "/VGMV/01_BaiGiang/HocTheoChuDe/23-HienChuongNuocTroi/Mat052730_CanhGiuCuaSoTamHon",
      "isVideo": true,
      "url": "01-bai-giang.hoc-theo-chu-de.23-hien-chuong-nuoc-troi.mat052730-canh-giu-cua-so-tam-hon",
      "name": "Mat052730_Canh Giữ Cửa Sổ Tâm Hồn",
      "count": 0,
      "isLeaf": null,
      "keyword": null,
      "hash": "U2FsdGVkX1/Qm7HiGfg2EF8o64P4ePesSgDjRP7MTcY+GZIEryFLtui9YTsOznJ9zxQIkhdtDDhPFyNYZfi3mg==",
      "khash": "U2FsdGVkX1+a7ihZeVNeznIZXxGo6LK5TK7Orw2HM5mgeq69vBEceAR+sOghESrrP7hKhz9NnZDJ/VO3u8Cl5w==",
      "viewCount": null,
      "duration": "41:52",
      "size": 1292769538
    },
    {
      "id": "3a4654f7-0f0d-48a1-b7f1-191c5102ceb0",
      "pid": "26472814-e6bd-4361-8042-20ea4f1be758",
      "dblevel": 5,
      "location": "/VGMV/01_BaiGiang/HocTheoChuDe/23-HienChuongNuocTroi/Mat053132-190109_GiaoUocHonNhan",
      "isVideo": true,
      "url": "01-bai-giang.hoc-theo-chu-de.23-hien-chuong-nuoc-troi.mat053132-190109-giao-uoc-hon-nhan",
      "name": "Mat053132-190109_Giao Ước Hôn Nhân",
      "count": 0,
      "isLeaf": null,
      "keyword": null,
      "hash": "U2FsdGVkX1+oOddN7hUn2pMDXW1rgjiHoR+ZUOA9JSaVY0QdxeZ9JXNDPHh+s3JHY8oFGKNBZy49ZYD1yRQrWA==",
      "khash": "U2FsdGVkX19ee3wv03yzq0/RHZnrrbgitwv9cdUMpY+NLdZcuvn9qxYHXBtk3A8zJp3MFV9YoeyRX52rjipEnQ==",
      "viewCount": null,
      "duration": "36:23",
      "size": 463954467
    },
    {
      "id": "d9de72f9-3895-4f03-96ca-beed45dd77f6",
      "pid": "26472814-e6bd-4361-8042-20ea4f1be758",
      "dblevel": 5,
      "location": "/VGMV/01_BaiGiang/HocTheoChuDe/23-HienChuongNuocTroi/Mat053337_ChuTinTrongDoiSong",
      "isVideo": true,
      "url": "01-bai-giang.hoc-theo-chu-de.23-hien-chuong-nuoc-troi.mat053337-chu-tin-trong-doi-song",
      "name": "Mat053337_Chữ Tín Trong Đời Sống",
      "count": 0,
      "isLeaf": null,
      "keyword": null,
      "hash": "U2FsdGVkX1+hI11AZqKvtNrlFiM9akpCCVwmAhyroPNmO18p40ACrJBffBYfQE7IG/O/DuF3J45CVBBQxHDFBg==",
      "khash": "U2FsdGVkX1/OHAb3kVf6bUif+vDvPFwZ6yhHCeOLgBGKZwQ7ewOexz7FaXZBnLwAa7Ht7MDnlPsP6zaLZsc1Lg==",
      "viewCount": null,
      "duration": "34:3",
      "size": 1045148880
    },
    {
      "id": "5c9f3fee-f9c3-4af2-8d56-776ed79c9cdd",
      "pid": "26472814-e6bd-4361-8042-20ea4f1be758",
      "dblevel": 5,
      "location": "/VGMV/01_BaiGiang/HocTheoChuDe/23-HienChuongNuocTroi/Mat053842_DiThemMotDam",
      "isVideo": true,
      "url": "01-bai-giang.hoc-theo-chu-de.23-hien-chuong-nuoc-troi.mat053842-di-them-mot-dam",
      "name": "Mat053842_Đi Thêm Một Dặm",
      "count": 0,
      "isLeaf": null,
      "keyword": null,
      "hash": "U2FsdGVkX19NAZRa7atNZNiFxh9vGlN9ihAQUzW2VZuHLIZnWmCrwuKkSpghqT0cp2gGaPv59jlbyHB76NMJmQ==",
      "khash": "U2FsdGVkX1/3Gxy/nF0Ar6ig7ZYSPoAeAWLexlrnvRHNtOUFREInJPbZv8+AUP6rcpzViVJNetzq6YPNS2dfXQ==",
      "viewCount": null,
      "duration": "41:7",
      "size": 1255055786
    },
    {
      "id": "11ac698e-1cc6-4357-81be-ef567f429c4b",
      "pid": "26472814-e6bd-4361-8042-20ea4f1be758",
      "dblevel": 5,
      "location": "/VGMV/01_BaiGiang/HocTheoChuDe/23-HienChuongNuocTroi/Mat054348_TinhYeuKhongBienGioi",
      "isVideo": true,
      "url": "01-bai-giang.hoc-theo-chu-de.23-hien-chuong-nuoc-troi.mat054348-tinh-yeu-khong-bien-gioi",
      "name": "Mat054348_Tình Yêu Không Biên Giới",
      "count": 0,
      "isLeaf": null,
      "keyword": null,
      "hash": "U2FsdGVkX1/r2i4gPFIq/t94giVCqUMgtfRX2IwUEwCfJXtJQczW37gYKp2tS5qYNqx/wcRPPdd7t3ATluzFWA==",
      "khash": "U2FsdGVkX1+koBsj3jiJj2yRzFlU4FlvKdZLPsf7QBpcRjxAvnzhMpJCe0KKdtlv/gzXTGIp2aGcYSxODo1EmA==",
      "viewCount": null,
      "duration": "41:52",
      "size": 1282797842
    },
    {
      "id": "04840881-b508-4e91-aafe-7ed28d536fe1",
      "pid": "26472814-e6bd-4361-8042-20ea4f1be758",
      "dblevel": 5,
      "location": "/VGMV/01_BaiGiang/HocTheoChuDe/23-HienChuongNuocTroi/Mat0601061618_PhanThuongTrenTroi",
      "isVideo": true,
      "url": "01-bai-giang.hoc-theo-chu-de.23-hien-chuong-nuoc-troi.mat060106-1618-phan-thuong-tren-troi",
      "name": "Mat060106 1618_Phần Thưởng Trên Trời",
      "count": 0,
      "isLeaf": null,
      "keyword": null,
      "hash": "U2FsdGVkX1/jvb4q/YmakLV5BXv2LwY9+re+ihJg0yMQ/GCod+Q+OzdvgY1Hc3FZu1UDBHKMBtG8mszONrz6ag==",
      "khash": "U2FsdGVkX1+4iEDi/jiUSQeXl/bPkhCWCxZvv1XxkjHMFWOWNXD0u5ZH/E+wp09RM+eM9EByVuuTI1U1gVpN2Q==",
      "viewCount": null,
      "duration": "50:12",
      "size": 1535663579
    },
    {
      "id": "23fe5575-5b23-4d34-9a06-6a020d901868",
      "pid": "26472814-e6bd-4361-8042-20ea4f1be758",
      "dblevel": 5,
      "location": "/VGMV/01_BaiGiang/HocTheoChuDe/23-HienChuongNuocTroi/Mat060715_HoHapThuocLinh",
      "isVideo": true,
      "url": "01-bai-giang.hoc-theo-chu-de.23-hien-chuong-nuoc-troi.mat060715-ho-hap-thuoc-linh",
      "name": "Mat060715_Hô Hấp Thuộc Linh",
      "count": 0,
      "isLeaf": null,
      "keyword": null,
      "hash": "U2FsdGVkX1+Oqm0RfMw4g43N+V5DkjPr7Q/DJSzso6GmhWJe+BpGaUybzpDx55DG3bynSiOmlzDiEJypf+oTdQ==",
      "khash": "U2FsdGVkX1+JuV4U7kG9F1rcmn+dB38c4DF52TP2VJhb/nh+lya4DqS2WNJKCJyfX/033W9+SmhG2xCrrCTxEA==",
      "viewCount": null,
      "duration": "54:14",
      "size": 1668402088
    },
    {
      "id": "0e6e9290-0af0-4f0d-8dd5-edaddb287882",
      "pid": "26472814-e6bd-4361-8042-20ea4f1be758",
      "dblevel": 5,
      "location": "/VGMV/01_BaiGiang/HocTheoChuDe/23-HienChuongNuocTroi/Mat061924_ChuaHayCua",
      "isVideo": true,
      "url": "01-bai-giang.hoc-theo-chu-de.23-hien-chuong-nuoc-troi.mat061924-chua-hay-cua",
      "name": "Mat061924_Chúa Hay Của",
      "count": 0,
      "isLeaf": null,
      "keyword": null,
      "hash": "U2FsdGVkX1/RDTHRxCm1C1T/MbmW8A3P77wTuAG0mApxOqxn4lY2zIa8+e+fHSCzgau/rIqgFGb+jhN0opx+IA==",
      "khash": "U2FsdGVkX1817Y+39NZstEYV5/+k8CLTE11+z0SE6Um33Ge3W73jnQ09iwIVHHX6kQe6vgqIxkwqw00u4Fx9qQ==",
      "viewCount": null,
      "duration": "39:44",
      "size": 1207064320
    },
    {
      "id": "1bc05949-597f-4cad-8b97-23b68c7023f9",
      "pid": "26472814-e6bd-4361-8042-20ea4f1be758",
      "dblevel": 5,
      "location": "/VGMV/01_BaiGiang/HocTheoChuDe/23-HienChuongNuocTroi/Mat062534_LoGi",
      "isVideo": true,
      "url": "01-bai-giang.hoc-theo-chu-de.23-hien-chuong-nuoc-troi.mat062534-lo-gi",
      "name": "Mat062534_Lo Gì",
      "count": 0,
      "isLeaf": null,
      "keyword": null,
      "hash": "U2FsdGVkX19LLoom50Y9S1xHUY2AAiaTUyIFS15/WGk7240i+Jmhru8Ige7L+P+mMSOUuqUSUBJPl/Dvc9cEPg==",
      "khash": "U2FsdGVkX19tiYJhlQuM2Ak0ClzNsTlcy+CpR90y1K9ixdUmYK2Sb6bTNg71MvhiThF9G4PpcQPBYu85NciuMg==",
      "viewCount": null,
      "duration": "35:18",
      "size": 509426905
    },
    {
      "id": "7776449a-e666-45e1-a8c7-ba398a3560d7",
      "pid": "26472814-e6bd-4361-8042-20ea4f1be758",
      "dblevel": 5,
      "location": "/VGMV/01_BaiGiang/HocTheoChuDe/23-HienChuongNuocTroi/Mat070106_CayDaVaCaiRac",
      "isVideo": true,
      "url": "01-bai-giang.hoc-theo-chu-de.23-hien-chuong-nuoc-troi.mat070106-cay-da-va-cai-rac",
      "name": "Mat070106_Cây Đà Và Cái Rác",
      "count": 0,
      "isLeaf": null,
      "keyword": null,
      "hash": "U2FsdGVkX18F2ZGNrWwmlzAREUscdwW6qxsQ8qhrx5vwtZj6twyjvhPb00GmfI9YzMa3UKTJzai8LNe34IKrCA==",
      "khash": "U2FsdGVkX1+jMondjU/hwC8fFHVmOiEOu0lOse8zdtlrTwQi5gMnCmYzE7YeJJQ447HHuXcMD0tyL6ERNj1Qxw==",
      "viewCount": null,
      "duration": "46:14",
      "size": 1420446499
    },
    {
      "id": "ff079a32-befe-4425-9a8a-5db7916c87ae",
      "pid": "26472814-e6bd-4361-8042-20ea4f1be758",
      "dblevel": 5,
      "location": "/VGMV/01_BaiGiang/HocTheoChuDe/23-HienChuongNuocTroi/Mat070711_CauNguyenDacAnVoGia",
      "isVideo": true,
      "url": "01-bai-giang.hoc-theo-chu-de.23-hien-chuong-nuoc-troi.mat070711-cau-nguyen-dac-an-vo-gia",
      "name": "Mat070711_Cầu Nguyện Đặc Ân Vô Giá",
      "count": 0,
      "isLeaf": null,
      "keyword": null,
      "hash": "U2FsdGVkX1+jdl/slwEZOvH0Ta/WCPVjkAWi+HItVT4xTVVWdvvjolQdkploQJfUYU6q1b2IcZxSuZHPXcs3sQ==",
      "khash": "U2FsdGVkX1/HDfGoDYTA9byxEgsEchp7mYB8B77ojP8AmZ5rZ6B1uODVelmS7dKr51TA3aKgs/SLQfZpqkhu/w==",
      "viewCount": null,
      "duration": "42:12",
      "size": 1296701666
    },
    {
      "id": "327ef97e-2ac9-4831-a064-7a585687734d",
      "pid": "26472814-e6bd-4361-8042-20ea4f1be758",
      "dblevel": 5,
      "location": "/VGMV/01_BaiGiang/HocTheoChuDe/23-HienChuongNuocTroi/Mat071212_KhuonVangThuocNgoc",
      "isVideo": true,
      "url": "01-bai-giang.hoc-theo-chu-de.23-hien-chuong-nuoc-troi.mat071212-khuon-vang-thuoc-ngoc",
      "name": "Mat071212_Khuôn Vàng Thước Ngọc",
      "count": 0,
      "isLeaf": null,
      "keyword": null,
      "hash": "U2FsdGVkX1+cYYIMl754d/BPPI9e5T3bCRf7v5VADoTIiLG3yOSZoXF5iJ2ywNMJ40Cz9GnMQQkccn/KUr5bPQ==",
      "khash": "U2FsdGVkX1/lbJp+D3Cl5htXEeeuTTZFZNaF7CDGHxQSxA7Y3DylcgAhXiVhVC3efrpouCr+s3FgwE1jtCEluw==",
      "viewCount": null,
      "duration": "41:14",
      "size": 1261776392
    },
    {
      "id": "96575667-9b6a-4a79-8d0b-30c0c1d98ac5",
      "pid": "26472814-e6bd-4361-8042-20ea4f1be758",
      "dblevel": 5,
      "location": "/VGMV/01_BaiGiang/HocTheoChuDe/23-HienChuongNuocTroi/Mat071314_DangDiDungDuong",
      "isVideo": true,
      "url": "01-bai-giang.hoc-theo-chu-de.23-hien-chuong-nuoc-troi.mat071314-dang-di-dung-duong",
      "name": "Mat071314_Đang Đi Đúng Đường",
      "count": 0,
      "isLeaf": null,
      "keyword": null,
      "hash": "U2FsdGVkX1826olhaSRRkSIshuJrx5Wi2OBVSLTALM1LAjgt2S8f8iJQGGGpgi2oc/CkZnC5l3RJMT2h7SjtqA==",
      "khash": "U2FsdGVkX1/X6X8qc9mSvcS30cb/uybzspmYFYRlHkghahyHVR4kl3Pi3yk/gRLXe/zwv7Sii7sXLXZVzoNK4A==",
      "viewCount": null,
      "duration": "46:18",
      "size": 1426077528
    },
    {
      "id": "d0d70529-78e1-4587-98ce-2e94055c2a3d",
      "pid": "26472814-e6bd-4361-8042-20ea4f1be758",
      "dblevel": 5,
      "location": "/VGMV/01_BaiGiang/HocTheoChuDe/23-HienChuongNuocTroi/Mat071520_XemTraiBietCay",
      "isVideo": true,
      "url": "01-bai-giang.hoc-theo-chu-de.23-hien-chuong-nuoc-troi.mat071520-xem-trai-biet-cay",
      "name": "Mat071520_Xem Trái Biết Cây",
      "count": 0,
      "isLeaf": null,
      "keyword": null,
      "hash": "U2FsdGVkX19RkRt844lgZGgaF0TNxjo744Sp0lNNHqppfaoaVfhE3h8tBvReqpabafftowjRZQxFN38uzk6C8g==",
      "khash": "U2FsdGVkX18uVorUiZqPvYd2gDigUFyQwKOFT2leDWh5C2Z79A9fvtQmRyyibISbuAZ2tezXg73pOuFiQ6iT6A==",
      "viewCount": null,
      "duration": "45:18",
      "size": 1387679281
    },
    {
      "id": "92e40669-05e2-4fd5-b48b-fa108b2980ae",
      "pid": "26472814-e6bd-4361-8042-20ea4f1be758",
      "dblevel": 5,
      "location": "/VGMV/01_BaiGiang/HocTheoChuDe/23-HienChuongNuocTroi/Mat072123_BiKichTaiCongThienDang",
      "isVideo": true,
      "url": "01-bai-giang.hoc-theo-chu-de.23-hien-chuong-nuoc-troi.mat072123-bi-kich-tai-cong-thien-dang",
      "name": "Mat072123_Bi Kịch Tại Cổng Thiên Đàng",
      "count": 0,
      "isLeaf": null,
      "keyword": null,
      "hash": "U2FsdGVkX1/bsVT2QJiROXyJ/CQME4GPZkG1OvqnKI4Nk928l+3Qq9D7aMVl15nsKvvDGserAzmJs3fWWpQjxQ==",
      "khash": "U2FsdGVkX186QMOzWZQMZxQfBHQiG/1R7V5glw9R0T6XS2SVI2OjJNTM+PC18P/vN1TFM/KasLDxFq4CfD2juA==",
      "viewCount": null,
      "duration": "43:31",
      "size": 1331002162
    },
    {
      "id": "90d055e5-fd2a-4e65-a0e6-7bf091d120ec",
      "pid": "26472814-e6bd-4361-8042-20ea4f1be758",
      "dblevel": 5,
      "location": "/VGMV/01_BaiGiang/HocTheoChuDe/23-HienChuongNuocTroi/Mat072429_XayNhaThuocLinh",
      "isVideo": true,
      "url": "01-bai-giang.hoc-theo-chu-de.23-hien-chuong-nuoc-troi.mat072429-xay-nha-thuoc-linh",
      "name": "Mat072429_Xây Nhà Thuộc Linh",
      "count": 0,
      "isLeaf": null,
      "keyword": null,
      "hash": "U2FsdGVkX1+tVNFU+ujnXSDQdCQYb6EE+w/H4CeS/ZhAxBJfR6vnh/CItA4LoPD1xL+JptMy6u0HOefC73s5xw==",
      "khash": "U2FsdGVkX1/HdIC6BrxhQuklLNcKZmLy4G58T8QVxvK0Tf7TWyeqyLAsIHV6zl0hhLZ9C+utzaG0dqOdjE7G2A==",
      "viewCount": null,
      "duration": "45:43",
      "size": 1403881436
    }
  ]
}