{
  "id": "0f9e5679-8b31-413a-a5ae-28db8135cf9c",
  "pid": "418791c8-58d8-464d-8d6a-263831368705",
  "dblevel": 5,
  "location": "/VGMV/01_BaiGiang/HocTheoSachTrongKinhThanh/TimHieuThanhKinh/THTK57-ThuPhi-le-mon",
  "isVideo": true,
  "url": "01-bai-giang.hoc-theo-sach-trong-kinh-thanh.tim-hieu-thanh-kinh.thtk57-thu-phi-le-mon",
  "name": "THTK57 - Thư Phi-lê-môn",
  "count": 2,
  "isLeaf": true,
  "keyword": null,
  "hash": null,
  "khash": null,
  "viewCount": null,
  "duration": null,
  "size": null,
  "children": [
    {
      "id": "ede4c880-c6f1-41ef-a858-993005f74a53",
      "pid": "0f9e5679-8b31-413a-a5ae-28db8135cf9c",
      "dblevel": 6,
      "location": "/VGMV/01_BaiGiang/HocTheoSachTrongKinhThanh/TimHieuThanhKinh/THTK57-ThuPhi-le-mon/Phi-le-mon01",
      "isVideo": true,
      "url": "01-bai-giang.hoc-theo-sach-trong-kinh-thanh.tim-hieu-thanh-kinh.thtk57-thu-phi-le-mon.phi-le-mon-01",
      "name": "Phi-lê-môn 01",
      "count": 0,
      "isLeaf": null,
      "keyword": null,
      "hash": "U2FsdGVkX1/c1kngEoqLK4lmzdeO/nlG1/I4vpOsUdqz6vWS9siaAkj/+WBwZW1+sOhz+hWFqBWxnSxZEXiXnQ==",
      "khash": "U2FsdGVkX188/2i2M6+Rnys3/B9KkrXl/n98HzaqGNeQWMucW9sVdqEswUtq2gTN64GWMcQQ4NM+FpaMQ/R/UA==",
      "viewCount": null,
      "duration": "18:11",
      "size": 534912226
    },
    {
      "id": "3bb2ef64-f63c-454d-ad4d-c457f4d33d34",
      "pid": "0f9e5679-8b31-413a-a5ae-28db8135cf9c",
      "dblevel": 6,
      "location": "/VGMV/01_BaiGiang/HocTheoSachTrongKinhThanh/TimHieuThanhKinh/THTK57-ThuPhi-le-mon/Phi-le-mon02",
      "isVideo": true,
      "url": "01-bai-giang.hoc-theo-sach-trong-kinh-thanh.tim-hieu-thanh-kinh.thtk57-thu-phi-le-mon.phi-le-mon-02",
      "name": "Phi-lê-môn 02",
      "count": 0,
      "isLeaf": null,
      "keyword": null,
      "hash": "U2FsdGVkX1+4vdA/6OrPlAfAmvRikIaw01GkPW1FJXc5mDP2SZ1DaAY/8jQzQr3v2dP1hlBzWWsp6lsvx0WYfA==",
      "khash": "U2FsdGVkX1+yB2IxEJ3XYtmbOcg/iMFgzuMGdUj7EQh2Ipai1q8GVvk9Sn0iQa6ZO0cs0CCNahhUaETeFrX5aQ==",
      "viewCount": null,
      "duration": "22:24",
      "size": 559690640
    }
  ]
}