{
  "id": "7a24c85d-3983-436f-b880-0e94c4056dc3",
  "pid": "fc6e547f-514a-4abb-88d7-8a843ad24da2",
  "dblevel": 4,
  "location": "/VGMV/01_BaiGiang/HocTheoSachTrongKinhThanh/Thu1Te-sa-lo-ni-ca-MSNguyenThi",
  "isVideo": true,
  "url": "01-bai-giang.hoc-theo-sach-trong-kinh-thanh.thu-1te-sa-lo-ni-ca-ms-nguyen-thi",
  "name": "Thư 1Tê-sa-lô-ni-ca - MS Nguyễn Thỉ",
  "count": 10,
  "isLeaf": true,
  "keyword": null,
  "hash": null,
  "khash": null,
  "viewCount": null,
  "duration": null,
  "size": null,
  "children": [
    {
      "id": "93525d46-9cbf-4921-a510-f82df4d44500",
      "pid": "7a24c85d-3983-436f-b880-0e94c4056dc3",
      "dblevel": 5,
      "location": "/VGMV/01_BaiGiang/HocTheoSachTrongKinhThanh/Thu1Te-sa-lo-ni-ca-MSNguyenThi/01_1Te010103",
      "isVideo": true,
      "url": "01-bai-giang.hoc-theo-sach-trong-kinh-thanh.thu-1te-sa-lo-ni-ca-ms-nguyen-thi.01-1te010103",
      "name": "01_1Te010103",
      "count": 0,
      "isLeaf": null,
      "keyword": null,
      "hash": "U2FsdGVkX1+lluY5lQnRyIxSLkgYa/LbZw50ITQsuFM6bUxwVW5Gno5BaTs0i5X/3wLk8Zyij2CRxe0sSHn3MA==",
      "khash": "U2FsdGVkX18c9cJF+3WUFPrzbK4zH7XxI1xbvz9AVSTHm7lBwX36qkW7VnKg1QG9tb4PItRlUuYTdwoK1xqR3g==",
      "viewCount": null,
      "duration": "36:20",
      "size": 360249872
    },
    {
      "id": "127aae64-5c96-472b-bb9f-4eedc3fc80d4",
      "pid": "7a24c85d-3983-436f-b880-0e94c4056dc3",
      "dblevel": 5,
      "location": "/VGMV/01_BaiGiang/HocTheoSachTrongKinhThanh/Thu1Te-sa-lo-ni-ca-MSNguyenThi/02_1Te010410",
      "isVideo": true,
      "url": "01-bai-giang.hoc-theo-sach-trong-kinh-thanh.thu-1te-sa-lo-ni-ca-ms-nguyen-thi.02-1te010410",
      "name": "02_1Te010410",
      "count": 0,
      "isLeaf": null,
      "keyword": null,
      "hash": "U2FsdGVkX1/3qWJpUIR4FQl5nRqaIaEI7QDR4gPJmHFBaQS4n2COBM/XYUfbaAwgYN4qkzp/tvM8qCilmNO69w==",
      "khash": "U2FsdGVkX19efL/940c0b6La/oe3pph5XKsXnHw8cfuljEexxapmzYRO7IeOFVlGMYcQReHkaWRj4qqTnqn4Jg==",
      "viewCount": null,
      "duration": "51:4",
      "size": 396393287
    },
    {
      "id": "b1706db2-8056-4072-b257-45ed8e3fe618",
      "pid": "7a24c85d-3983-436f-b880-0e94c4056dc3",
      "dblevel": 5,
      "location": "/VGMV/01_BaiGiang/HocTheoSachTrongKinhThanh/Thu1Te-sa-lo-ni-ca-MSNguyenThi/03_1Te020112",
      "isVideo": true,
      "url": "01-bai-giang.hoc-theo-sach-trong-kinh-thanh.thu-1te-sa-lo-ni-ca-ms-nguyen-thi.03-1te020112",
      "name": "03_1Te020112",
      "count": 0,
      "isLeaf": null,
      "keyword": null,
      "hash": "U2FsdGVkX19C1Dwr0CL1HWCJMjVdYY6u3n+WTMSIGQEWGEuu4EU/OJLaYaWQx84Obs3JWK4K6VLR06AAUN05Og==",
      "khash": "U2FsdGVkX1/Di/0Fsi3l9scWDBaYN7MFSnMEdQ+drawzBt05XtHIiHm8vCOeU+4gQNQCUfWXRwjTjbu0lsCV+A==",
      "viewCount": null,
      "duration": "55:13",
      "size": 548358635
    },
    {
      "id": "98090489-8f33-4254-9457-d8676061890f",
      "pid": "7a24c85d-3983-436f-b880-0e94c4056dc3",
      "dblevel": 5,
      "location": "/VGMV/01_BaiGiang/HocTheoSachTrongKinhThanh/Thu1Te-sa-lo-ni-ca-MSNguyenThi/04_1Te021320",
      "isVideo": true,
      "url": "01-bai-giang.hoc-theo-sach-trong-kinh-thanh.thu-1te-sa-lo-ni-ca-ms-nguyen-thi.04-1te021320",
      "name": "04_1Te021320",
      "count": 0,
      "isLeaf": null,
      "keyword": null,
      "hash": "U2FsdGVkX1+Es0Nfv+5cyujP3wQjvjAY1WdJReY/xSynJAJIO0sFA+4SAVD0wWeBcEHJMZSOLUzwONHjX1wlJw==",
      "khash": "U2FsdGVkX1/+rY3Wx1Z74K4/P4TsGkAx5tECjct8Wz4V58uz81CyQNiq+pxsjylDVIG0GcfxAsX9CsCqRheshg==",
      "viewCount": null,
      "duration": "47:50",
      "size": 475875579
    },
    {
      "id": "14cce179-51f2-4829-aad2-99819ded7e15",
      "pid": "7a24c85d-3983-436f-b880-0e94c4056dc3",
      "dblevel": 5,
      "location": "/VGMV/01_BaiGiang/HocTheoSachTrongKinhThanh/Thu1Te-sa-lo-ni-ca-MSNguyenThi/05_1Te030113",
      "isVideo": true,
      "url": "01-bai-giang.hoc-theo-sach-trong-kinh-thanh.thu-1te-sa-lo-ni-ca-ms-nguyen-thi.05-1te030113",
      "name": "05_1Te030113",
      "count": 0,
      "isLeaf": null,
      "keyword": null,
      "hash": "U2FsdGVkX19V8ZHrmfRrzrQqpiwHZJeUPKRgyS+XdPuWE1FbksTU2PqY6VWWfxfrudY5Zwafk4v+lKK0T9pdTQ==",
      "khash": "U2FsdGVkX1/Idi6ATjYqVoRvco+MAZcMNHg87T2QYlWSoK7Xnmwa5Q3u41vfCW9brmHqlxoOeHhIEbNYde5B6Q==",
      "viewCount": null,
      "duration": "52:7",
      "size": 521012386
    },
    {
      "id": "da13081f-e396-4059-95f7-6e0b998cf934",
      "pid": "7a24c85d-3983-436f-b880-0e94c4056dc3",
      "dblevel": 5,
      "location": "/VGMV/01_BaiGiang/HocTheoSachTrongKinhThanh/Thu1Te-sa-lo-ni-ca-MSNguyenThi/06_1Te040112",
      "isVideo": true,
      "url": "01-bai-giang.hoc-theo-sach-trong-kinh-thanh.thu-1te-sa-lo-ni-ca-ms-nguyen-thi.06-1te040112",
      "name": "06_1Te040112",
      "count": 0,
      "isLeaf": null,
      "keyword": null,
      "hash": "U2FsdGVkX18+/v/oCDpsNBKm1W2Lvoy3JDWA2GMtRJUk3ttQGd6Tk+aaPHzYQ9IPgF/hyPTV0/0rezn684Y4rQ==",
      "khash": "U2FsdGVkX18uDCldKX8fpjrRX126Wbg1YBpiVaqm732Kv1FSrxryC8n490p6hC66EED+P1skr8Afl6AmzcL5Lw==",
      "viewCount": null,
      "duration": "41:42",
      "size": 417033447
    },
    {
      "id": "58c0202d-5509-42d8-9487-762c69062760",
      "pid": "7a24c85d-3983-436f-b880-0e94c4056dc3",
      "dblevel": 5,
      "location": "/VGMV/01_BaiGiang/HocTheoSachTrongKinhThanh/Thu1Te-sa-lo-ni-ca-MSNguyenThi/07_1Te041318",
      "isVideo": true,
      "url": "01-bai-giang.hoc-theo-sach-trong-kinh-thanh.thu-1te-sa-lo-ni-ca-ms-nguyen-thi.07-1te041318",
      "name": "07_1Te041318",
      "count": 0,
      "isLeaf": null,
      "keyword": null,
      "hash": "U2FsdGVkX1++iZhAnad9UNaI7FJIng5JRp4JDbjxV3KovQcjm2tm6Fkm2LMxmSrVMaIkmlsUYtULID3xQXFZ2A==",
      "khash": "U2FsdGVkX1/dfS/Hcfn6WilMtcD8gbkuCVsUYZkTGrAjcPNJg/zqoZ+jfKdQr49nqYEGKoQtt3EWBg3oI9wnqw==",
      "viewCount": null,
      "duration": "50:22",
      "size": 504719703
    },
    {
      "id": "3380fe87-8d0b-49c4-ad0e-8cb0e1ffd7ac",
      "pid": "7a24c85d-3983-436f-b880-0e94c4056dc3",
      "dblevel": 5,
      "location": "/VGMV/01_BaiGiang/HocTheoSachTrongKinhThanh/Thu1Te-sa-lo-ni-ca-MSNguyenThi/08_1Te050111",
      "isVideo": true,
      "url": "01-bai-giang.hoc-theo-sach-trong-kinh-thanh.thu-1te-sa-lo-ni-ca-ms-nguyen-thi.08-1te050111",
      "name": "08_1Te050111",
      "count": 0,
      "isLeaf": null,
      "keyword": null,
      "hash": "U2FsdGVkX1+dTYa4Zr1IbZcQxz8Wq0Lmyu3gxCdh1DaP+VwtTDW1VM+h29W88wdRNNaQ8OZiZo1qN/lwv49LOw==",
      "khash": "U2FsdGVkX19qK5vmL8Bk8VafQjewD/+/I0YkEun/70GsjERrb6AWWH5ZbO/CAGKoJ2LkILwoSBemNpKW6thFYg==",
      "viewCount": null,
      "duration": "33:49",
      "size": 337977958
    },
    {
      "id": "480822a7-993c-4afc-93f3-87106cd80202",
      "pid": "7a24c85d-3983-436f-b880-0e94c4056dc3",
      "dblevel": 5,
      "location": "/VGMV/01_BaiGiang/HocTheoSachTrongKinhThanh/Thu1Te-sa-lo-ni-ca-MSNguyenThi/09_1Te051222",
      "isVideo": true,
      "url": "01-bai-giang.hoc-theo-sach-trong-kinh-thanh.thu-1te-sa-lo-ni-ca-ms-nguyen-thi.09-1te051222",
      "name": "09_1Te051222",
      "count": 0,
      "isLeaf": null,
      "keyword": null,
      "hash": "U2FsdGVkX1+AdcKEJBc8xPz8zwhxd6bfsJmt8d7AO3Y10xfFdonw5vG620yJiDSEDoe28YSwQ0R7XP77Cd6D6A==",
      "khash": "U2FsdGVkX1/fJeVo2ldKkKCYVwpkhfGj/5vM50XLcULNeazEf+nErb1IIGiI88nwNQU/mhHd5aNHb+aF+43P2w==",
      "viewCount": null,
      "duration": "50:26",
      "size": 505982198
    },
    {
      "id": "2cb007e5-1331-4b7d-8d11-8c860fc369c5",
      "pid": "7a24c85d-3983-436f-b880-0e94c4056dc3",
      "dblevel": 5,
      "location": "/VGMV/01_BaiGiang/HocTheoSachTrongKinhThanh/Thu1Te-sa-lo-ni-ca-MSNguyenThi/10_1Te052328",
      "isVideo": true,
      "url": "01-bai-giang.hoc-theo-sach-trong-kinh-thanh.thu-1te-sa-lo-ni-ca-ms-nguyen-thi.10-1te052328",
      "name": "10_1Te052328",
      "count": 0,
      "isLeaf": null,
      "keyword": null,
      "hash": "U2FsdGVkX18ldzHtro8N1jlXq5JHA5pa4lrWHPuIk8Ho/JItWYDVttjH4oJTdZgM89BpNQJUPQMoRY7KFzbaSw==",
      "khash": "U2FsdGVkX188yClTCXOHp1DRxpbcTEOhTd7ZAOX/tdmaTcTS8lObLOSpgAmL2A/9/+saINy2OJdFNJeqpOxM1w==",
      "viewCount": null,
      "duration": "47:38",
      "size": 472450935
    }
  ]
}