{
  "id": "acb12f26-83b3-4f4b-80d1-a06ebf5b8c76",
  "pid": "71832048-cb5a-498b-a6d9-9d1831fd437b",
  "dblevel": 4,
  "location": "/VGMV/01_BaiGiang/HocTheoChuDe/10-NguyenTacDoiSong",
  "isVideo": true,
  "url": "01-bai-giang.hoc-theo-chu-de.10-nguyen-tac-doi-song",
  "name": "10-Nguyên Tắc Đời Sống",
  "count": 30,
  "isLeaf": true,
  "keyword": null,
  "hash": null,
  "khash": null,
  "viewCount": null,
  "duration": null,
  "size": null,
  "children": [
    {
      "id": "c9832e61-2281-412c-ba31-420e43d0133b",
      "pid": "acb12f26-83b3-4f4b-80d1-a06ebf5b8c76",
      "dblevel": 5,
      "location": "/VGMV/01_BaiGiang/HocTheoChuDe/10-NguyenTacDoiSong/01-SuMatThietCuaChungTaVoiDucChuaTroi",
      "isVideo": true,
      "url": "01-bai-giang.hoc-theo-chu-de.10-nguyen-tac-doi-song.01-su-mat-thiet-cua-chung-ta-voi-duc-chua-troi",
      "name": "01-Sự Mật Thiết Của Chúng Ta Với Đức Chúa Trời",
      "count": 0,
      "isLeaf": null,
      "keyword": null,
      "hash": "U2FsdGVkX19rVsj8TGHXGhZBEa7qPwIBrvem9CIZAJGquGdSCIsU+UQ8zBEGnuFtwRhINvkhuNKv2LIjuluX6Q==",
      "khash": "U2FsdGVkX1+GI2PxCMRnAuM62uFjGgyxmym40BTqpQgiZo366oZNCNexNsoZ2TYseOZduuDyt4Q/bEJfQCrDJQ==",
      "viewCount": null,
      "duration": "26:13",
      "size": 775780780
    },
    {
      "id": "e2b8d247-7078-4955-aa30-9e1e344f162b",
      "pid": "acb12f26-83b3-4f4b-80d1-a06ebf5b8c76",
      "dblevel": 5,
      "location": "/VGMV/01_BaiGiang/HocTheoChuDe/10-NguyenTacDoiSong/02-DoiSongDauPhuc",
      "isVideo": true,
      "url": "01-bai-giang.hoc-theo-chu-de.10-nguyen-tac-doi-song.02-doi-song-dau-phuc",
      "name": "02-Đời Sống Đầu Phục",
      "count": 0,
      "isLeaf": null,
      "keyword": null,
      "hash": "U2FsdGVkX1/pZIE3XqqAKXQ2gQXhVujc68ZJlpGf3rst5PHsC5HCEhHa/jcG8rVFJSsc+vvgRxroOVHVa+Er7A==",
      "khash": "U2FsdGVkX18e0iVlDg+l+KNfrlIYfPqmVhG/Bf9Kh0oUqdWuFLc/i/FZtEJHR1mSq0j5MhD+qMbE+VllkIJDKQ==",
      "viewCount": null,
      "duration": "26:11",
      "size": 733368097
    },
    {
      "id": "3bd17eaf-67a7-4e01-bd2c-64d9d0728ffc",
      "pid": "acb12f26-83b3-4f4b-80d1-a06ebf5b8c76",
      "dblevel": 5,
      "location": "/VGMV/01_BaiGiang/HocTheoChuDe/10-NguyenTacDoiSong/03-ChiecNeoTrongBaoTo",
      "isVideo": true,
      "url": "01-bai-giang.hoc-theo-chu-de.10-nguyen-tac-doi-song.03-chiec-neo-trong-bao-to",
      "name": "03-Chiếc Neo Trong Bão Tố",
      "count": 0,
      "isLeaf": null,
      "keyword": null,
      "hash": "U2FsdGVkX1+o92ZH5bqMJsQ1E8OcoZsTq/JEPeCvoi/DYQwaNcbfy2anCu9KN+F/rD5pbVNK/mEIvwq/hY2Skg==",
      "khash": "U2FsdGVkX1+/rG8DV5tu7G4UmiIm6OfxV1EheOJ8PTyGYy5TXxl+v4QxF4fusSqs2ktn7/q5ol3kbmDifB2NsQ==",
      "viewCount": null,
      "duration": "26:13",
      "size": 733098210
    },
    {
      "id": "658f8371-9b8c-4e67-a607-d5fd0acd3a62",
      "pid": "acb12f26-83b3-4f4b-80d1-a06ebf5b8c76",
      "dblevel": 5,
      "location": "/VGMV/01_BaiGiang/HocTheoChuDe/10-NguyenTacDoiSong/04-DuocThemNangLucNhoSuHienDienCuaNgai",
      "isVideo": true,
      "url": "01-bai-giang.hoc-theo-chu-de.10-nguyen-tac-doi-song.04-duoc-them-nang-luc-nho-su-hien-dien-cua-ngai",
      "name": "04-Được Thêm Năng Lực Nhờ Sự Hiện Diện Của Ngài",
      "count": 0,
      "isLeaf": null,
      "keyword": null,
      "hash": "U2FsdGVkX1/MLz4GfhAcFPfLODlREfLdv0IuAg+XFETWYTvHLeh/ZrvwXb2q7EwV5aAEnuJ8aUPLjgOBVZj7FQ==",
      "khash": "U2FsdGVkX18sDWybTGCxYOt0MqSUVgBxnRqoYm8wDTuU2oQlzV4GBfKScA7lZkM8nK+vJUONGdMkCPFDP77ocw==",
      "viewCount": null,
      "duration": "26:13",
      "size": 734990525
    },
    {
      "id": "3e752810-927c-46a7-a1cd-e9d12d3746a7",
      "pid": "acb12f26-83b3-4f4b-80d1-a06ebf5b8c76",
      "dblevel": 5,
      "location": "/VGMV/01_BaiGiang/HocTheoChuDe/10-NguyenTacDoiSong/05-YMuonVoLyCuaDucChuaTroi",
      "isVideo": true,
      "url": "01-bai-giang.hoc-theo-chu-de.10-nguyen-tac-doi-song.05-y-muon-vo-ly-cua-duc-chua-troi",
      "name": "05-Ý Muốn Vô Lý Của Đức Chúa Trời",
      "count": 0,
      "isLeaf": null,
      "keyword": null,
      "hash": "U2FsdGVkX19M0UCADOt+a0BufMVhtnpZqXZNQAuQ/vw7CJxkU+lskpQHFQWgYcc40DTpZ5lOJyVP3X8kV8nhUQ==",
      "khash": "U2FsdGVkX1+o2zGGm/PNhkizmTd05Rv5mYigZtMH0Boj+X/R6Met5TeiTn0wfmxDpWGzwX2jhXkoPp/MzgkEuw==",
      "viewCount": null,
      "duration": "26:19",
      "size": 736486795
    },
    {
      "id": "b502bef0-8883-47aa-9109-3ef911573c68",
      "pid": "acb12f26-83b3-4f4b-80d1-a06ebf5b8c76",
      "dblevel": 5,
      "location": "/VGMV/01_BaiGiang/HocTheoChuDe/10-NguyenTacDoiSong/06-NguyenTacGieoVaGat",
      "isVideo": true,
      "url": "01-bai-giang.hoc-theo-chu-de.10-nguyen-tac-doi-song.06-nguyen-tac-gieo-va-gat",
      "name": "06-Nguyên Tắc Gieo Và Gặt",
      "count": 0,
      "isLeaf": null,
      "keyword": null,
      "hash": "U2FsdGVkX1+yDUOrcDjow4Ly8Yy9rzxZHYzlKshWunblEnR0K7Aza0pfkF67YXKUdNNYo78ANqeLHBgTnPrKfQ==",
      "khash": "U2FsdGVkX19EWRbwMoIPKgSt0QCTSwCf1aHCpwZRDmbLFGWzZ3TMy+FqTUd1Ruy4JmjeFDTJX+Zg5BUeY4b6Yw==",
      "viewCount": null,
      "duration": "26:8",
      "size": 733399302
    },
    {
      "id": "82865eed-d648-45eb-ae5b-888f4ce6649d",
      "pid": "acb12f26-83b3-4f4b-80d1-a06ebf5b8c76",
      "dblevel": 5,
      "location": "/VGMV/01_BaiGiang/HocTheoChuDe/10-NguyenTacDoiSong/07-NhungKhoangKhacDenToiTrongCuocDoi",
      "isVideo": true,
      "url": "01-bai-giang.hoc-theo-chu-de.10-nguyen-tac-doi-song.07-nhung-khoang-khac-den-toi-trong-cuoc-doi",
      "name": "07-Những Khoảng Khắc Đen Tối Trong Cuộc Đời",
      "count": 0,
      "isLeaf": null,
      "keyword": null,
      "hash": "U2FsdGVkX19Alny7glGlAHTZRLhtUhAblWVCMP5O0qn9XTLRdnYjcNemyQerlo/Joz81tSH+O9bmqJ0CzraksQ==",
      "khash": "U2FsdGVkX18f/ZOQ3hAErBzRxl9kreetisczuynSVKFaqWNtlVL25sk8Uojkmph2uB5cq/8jJEQk3SOdfWrOrw==",
      "viewCount": null,
      "duration": "26:21",
      "size": 737760406
    },
    {
      "id": "fc8082af-849f-404c-9ec2-6bfab945f0a8",
      "pid": "acb12f26-83b3-4f4b-80d1-a06ebf5b8c76",
      "dblevel": 5,
      "location": "/VGMV/01_BaiGiang/HocTheoChuDe/10-NguyenTacDoiSong/08-ChienDauTrenDauGoi",
      "isVideo": true,
      "url": "01-bai-giang.hoc-theo-chu-de.10-nguyen-tac-doi-song.08-chien-dau-tren-dau-goi",
      "name": "08-Chiến Đấu Trên Đầu Gối",
      "count": 0,
      "isLeaf": null,
      "keyword": null,
      "hash": "U2FsdGVkX1+Nt0RcIESw9BlS6GMgWFzRYwnANamQljRcCnqix6rOypsQ0J2kEW6/dbHFLlnljI59tRpmi2/hOw==",
      "khash": "U2FsdGVkX1/1P1JbUAjuEfHKimFtUCLE3TC/tAqLR1IL1gVzXSyKskCqki/92TecnRYnjCULzwfIdkWnrrPjhQ==",
      "viewCount": null,
      "duration": "26:29",
      "size": 742347871
    },
    {
      "id": "54a842f1-fb86-421b-afe0-51237ed62b6a",
      "pid": "acb12f26-83b3-4f4b-80d1-a06ebf5b8c76",
      "dblevel": 5,
      "location": "/VGMV/01_BaiGiang/HocTheoChuDe/10-NguyenTacDoiSong/09-NiemVuiSuongTinCayChua",
      "isVideo": true,
      "url": "01-bai-giang.hoc-theo-chu-de.10-nguyen-tac-doi-song.09-niem-vui-suong-tin-cay-chua",
      "name": "09-Niềm Vui Sướng Tin Cậy Chúa",
      "count": 0,
      "isLeaf": null,
      "keyword": null,
      "hash": "U2FsdGVkX18YqPhknuEetuDZgnmqMAiv29zdzLUYPO4Grisx1twE46RonTxjDblKeiGXyx6WEnVz7WZF3iKpOw==",
      "khash": "U2FsdGVkX19Bf/GZbUhuOSTS1PWFMc6kCYVEh74SUBoSnog/+z6WJRfNoGlTwVSJVpbxp9jxh0OMOJl7QgMesg==",
      "viewCount": null,
      "duration": "26:20",
      "size": 737823371
    },
    {
      "id": "443955a4-a864-42a7-9abb-ad2c0e3e5aa4",
      "pid": "acb12f26-83b3-4f4b-80d1-a06ebf5b8c76",
      "dblevel": 5,
      "location": "/VGMV/01_BaiGiang/HocTheoChuDe/10-NguyenTacDoiSong/10-ChuaSeBayToChoBanYMuonCuaNgai",
      "isVideo": true,
      "url": "01-bai-giang.hoc-theo-chu-de.10-nguyen-tac-doi-song.10-chua-se-bay-to-cho-ban-y-muon-cua-ngai",
      "name": "10-Chúa Sẽ Bày Tỏ Cho Bạn Ý Muốn Của Ngài",
      "count": 0,
      "isLeaf": null,
      "keyword": null,
      "hash": "U2FsdGVkX1/0AP2jzY/rnN7sD3+U6JGGfWYWs0fSE8G+RSE4ik6f3mJGMzOCRJJpLck0wVoFBvyIqC4CjSr7xQ==",
      "khash": "U2FsdGVkX1+wQctcHN/0yxdY9b49TJn6agbQKiXU4SveClRBZziFNWb84Ex8NeqfgNosPXCI6K4Sl668B1ndXA==",
      "viewCount": null,
      "duration": "26:53",
      "size": 754751630
    },
    {
      "id": "9fe636d9-d4f3-418f-a7c1-75c12c35ea73",
      "pid": "acb12f26-83b3-4f4b-80d1-a06ebf5b8c76",
      "dblevel": 5,
      "location": "/VGMV/01_BaiGiang/HocTheoChuDe/10-NguyenTacDoiSong/11-DucChuaTroiHuaChuCap",
      "isVideo": true,
      "url": "01-bai-giang.hoc-theo-chu-de.10-nguyen-tac-doi-song.11-duc-chua-troi-hua-chu-cap",
      "name": "11-Đức Chúa Trời Hứa Chu Cấp",
      "count": 0,
      "isLeaf": null,
      "keyword": null,
      "hash": "U2FsdGVkX18i7zVTtmwCukKW4Lp6D1NLy1F+MN3f9jGCamfgYqHhDrGjfdgyJYCFoyoG1JtIIfRxsLEB29bF3Q==",
      "khash": "U2FsdGVkX1/t6A83vQN9KNYEUCoUiFjPBDGjc3BWPSBF55dnh4H6sLJWXr+/qZn/x2BP8tMC1PInk6HLlzKOeg==",
      "viewCount": null,
      "duration": "26:15",
      "size": 735257926
    },
    {
      "id": "9dfadfa9-909b-4ee0-950f-23af989ca7c9",
      "pid": "acb12f26-83b3-4f4b-80d1-a06ebf5b8c76",
      "dblevel": 5,
      "location": "/VGMV/01_BaiGiang/HocTheoChuDe/10-NguyenTacDoiSong/12-ChiaKhoaDanDenSuBinhAnTruongTon",
      "isVideo": true,
      "url": "01-bai-giang.hoc-theo-chu-de.10-nguyen-tac-doi-song.12-chia-khoa-dan-den-su-binh-an-truong-ton",
      "name": "12-Chìa Khóa Dẫn Đến Sự Bình An Trường Tồn",
      "count": 0,
      "isLeaf": null,
      "keyword": null,
      "hash": "U2FsdGVkX197/eFqLE2WBS5D10l4c3IGN2BDpV0AzlUCb+QB1k1cYN3PW4Qyq3LHMUW4D/VPD73pMdET0hnXIA==",
      "khash": "U2FsdGVkX1+o+HRRyj0b8hoBysJbJDcW4tSWDATN6TuLXtDA+LYV0TftXYNNrgnJolQrCaaNI3peIDAaPHqJNg==",
      "viewCount": null,
      "duration": "26:22",
      "size": 736878944
    },
    {
      "id": "30a6a7ad-c8b4-4204-a96b-0cde9ccd2f89",
      "pid": "acb12f26-83b3-4f4b-80d1-a06ebf5b8c76",
      "dblevel": 5,
      "location": "/VGMV/01_BaiGiang/HocTheoChuDe/10-NguyenTacDoiSong/13-LangNgheChuaBuocDiVoiNgai",
      "isVideo": true,
      "url": "01-bai-giang.hoc-theo-chu-de.10-nguyen-tac-doi-song.13-lang-nghe-chua-buoc-di-voi-ngai",
      "name": "13-Lắng Nghe Chúa Bước Đi Với Ngài",
      "count": 0,
      "isLeaf": null,
      "keyword": null,
      "hash": "U2FsdGVkX18bvM1erLbE6zXYfm6uMDx8i1OuOw56rhUq8vdLliQ2lkIWc+PBbh9Ujbi9vfTEJ7gp0YYeuo8lyw==",
      "khash": "U2FsdGVkX1+62Jbtwf6ZJlKCfKeay4ENgUl+HiYl4bXyQ/4XwxlQGgko6MJ8CsxQdxqXVw+ij8oUbGyarJC1gA==",
      "viewCount": null,
      "duration": "26:54",
      "size": 753666725
    },
    {
      "id": "95c24702-73af-4a67-9186-31c77c38a063",
      "pid": "acb12f26-83b3-4f4b-80d1-a06ebf5b8c76",
      "dblevel": 5,
      "location": "/VGMV/01_BaiGiang/HocTheoChuDe/10-NguyenTacDoiSong/14-DucChuaTroiHanhDongViLoiIchCuaChungTa",
      "isVideo": true,
      "url": "01-bai-giang.hoc-theo-chu-de.10-nguyen-tac-doi-song.14-duc-chua-troi-hanh-dong-vi-loi-ich-cua-chung-ta",
      "name": "14-Đức Chúa Trời Hành Động Vì Lợi Ích Của Chúng Ta",
      "count": 0,
      "isLeaf": null,
      "keyword": null,
      "hash": "U2FsdGVkX1+gGYTgHHsEAvNKj5PesYFHBzDFRYIuyZLsNrAZPJmCtv0OqqDJTml2Bs8qDNRmeWG1yDijbqhHBQ==",
      "khash": "U2FsdGVkX19muP1Z2F8K9gb+7eOY9JT8OgYAMnTSQ/IH0dbhNp1rQvru7vxjqk7AIEx5GYnDKn6v7cJL0z3ZNA==",
      "viewCount": null,
      "duration": "27:18",
      "size": 765373207
    },
    {
      "id": "2be81d84-e21f-4b1c-beda-4c2569acf1f0",
      "pid": "acb12f26-83b3-4f4b-80d1-a06ebf5b8c76",
      "dblevel": 5,
      "location": "/VGMV/01_BaiGiang/HocTheoChuDe/10-NguyenTacDoiSong/15-ConDuongTanVoTheoYDucChuaTroi",
      "isVideo": true,
      "url": "01-bai-giang.hoc-theo-chu-de.10-nguyen-tac-doi-song.15-con-duong-tan-vo-theo-y-duc-chua-troi",
      "name": "15-Con Đường Tan Vỡ Theo Ý Đức Chúa Trời",
      "count": 0,
      "isLeaf": null,
      "keyword": null,
      "hash": "U2FsdGVkX1/2o6eD5V6h1JD3i8N7HZd+LNSZID7Qd6ts/1ZAQEOG7mZwsa0tO2bRghFajz9j+X0amxn2JpuR7A==",
      "khash": "U2FsdGVkX19dA6kLBITjF1PlLZfRS+44G9X79j2h7Q9lf8Po4uSKR4sYCeLPOdxhF2/SAHN7vH5mpiz2DLNdkg==",
      "viewCount": null,
      "duration": "27:29",
      "size": 772733109
    },
    {
      "id": "6601ad77-eaf9-4ec0-8cd4-fb5dd05d34dd",
      "pid": "acb12f26-83b3-4f4b-80d1-a06ebf5b8c76",
      "dblevel": 5,
      "location": "/VGMV/01_BaiGiang/HocTheoChuDe/10-NguyenTacDoiSong/16-KhiNhungDuDinhTanThanhTroBui",
      "isVideo": true,
      "url": "01-bai-giang.hoc-theo-chu-de.10-nguyen-tac-doi-song.16-khi-nhung-du-dinh-tan-thanh-tro-bui",
      "name": "16-Khi Những Dự Định Tan Thành Tro Bụi",
      "count": 0,
      "isLeaf": null,
      "keyword": null,
      "hash": "U2FsdGVkX1+CtRemeAd5UoFwRUy66eNA9vHxf0uWpcso2DrDksuFMEtPzxngBCgpFxNM5lgH5eGw0jmGm2Hs7A==",
      "khash": "U2FsdGVkX19/hnROS92Fd1ijJIFYiiyLjJrkjrU5smCyzG02kJGzK51hf6K6xEj+5BTIma6KKfSNKA2d3cjw5g==",
      "viewCount": null,
      "duration": "26:30",
      "size": 743201344
    },
    {
      "id": "925a05ef-5d3e-4d7c-a913-573a7b3007db",
      "pid": "acb12f26-83b3-4f4b-80d1-a06ebf5b8c76",
      "dblevel": 5,
      "location": "/VGMV/01_BaiGiang/HocTheoChuDe/10-NguyenTacDoiSong/17-DungVungVangKienDinhDoLoiCauNguyen",
      "isVideo": true,
      "url": "01-bai-giang.hoc-theo-chu-de.10-nguyen-tac-doi-song.17-dung-vung-vang-kien-dinh-do-loi-cau-nguyen",
      "name": "17-Đứng Vững Vàng Kiên Định Do Lời Cầu Nguyện",
      "count": 0,
      "isLeaf": null,
      "keyword": null,
      "hash": "U2FsdGVkX18Z2BVLzpYNsQmw7XzI7EFjUmUkyiLvwKdNS4rsk6h+1MQfEytdLSA+FFF3X1Kfp1Lu61Sgq3vnbw==",
      "khash": "U2FsdGVkX1+mYsmfiILxTu0gb6VHQpqtap/iwDJ0zKw8TQy8ks7rDY8k1cTswz+R7zQB9Pa6OTDWufz60pvNwg==",
      "viewCount": null,
      "duration": "26:33",
      "size": 744370187
    },
    {
      "id": "72f0f9fa-99ea-4c9c-87cc-103d978e1110",
      "pid": "acb12f26-83b3-4f4b-80d1-a06ebf5b8c76",
      "dblevel": 5,
      "location": "/VGMV/01_BaiGiang/HocTheoChuDe/10-NguyenTacDoiSong/18-KeBiHaiHayNguoiChienThang",
      "isVideo": true,
      "url": "01-bai-giang.hoc-theo-chu-de.10-nguyen-tac-doi-song.18-ke-bi-hai-hay-nguoi-chien-thang",
      "name": "18-Kẻ Bị Hại Hay Người Chiến Thắng",
      "count": 0,
      "isLeaf": null,
      "keyword": null,
      "hash": "U2FsdGVkX19XXSt/ldXdRApMEVWN/NaOIrnsRAOsObhqQZrP6B01os8X0mAkFq8dTBejJPYjLvSLxYX3lNs35g==",
      "khash": "U2FsdGVkX197c/EqFOWENoqFBekzSRV3/SJW7YPINTf5vzQ/CRyzrH/sUrLpH+cDAAUCIRfLo4zSJm8JPux8BQ==",
      "viewCount": null,
      "duration": "27:49",
      "size": 783293479
    },
    {
      "id": "e307a2b7-53b6-4e42-8b06-63da981a4954",
      "pid": "acb12f26-83b3-4f4b-80d1-a06ebf5b8c76",
      "dblevel": 5,
      "location": "/VGMV/01_BaiGiang/HocTheoChuDe/10-NguyenTacDoiSong/19-NamGiuQuaChat",
      "isVideo": true,
      "url": "01-bai-giang.hoc-theo-chu-de.10-nguyen-tac-doi-song.19-nam-giu-qua-chat",
      "name": "19-Nắm Giữ Quá Chặt",
      "count": 0,
      "isLeaf": null,
      "keyword": null,
      "hash": "U2FsdGVkX19FIlwmhL+nq4PYzmtEgZIGEF8ndj9VKypZSTNIu7ZkLbDBkST0PzOkGpRBKz5aFhPFpip8Q4FmRw==",
      "khash": "U2FsdGVkX19MMfh54dvb5oiy1V2dxFDtG77LQhm7CYCPZQ+YEboNHH1xZGmDhDyQGz4hW6N+eoYvUrhED7jbmA==",
      "viewCount": null,
      "duration": "27:4",
      "size": 759773085
    },
    {
      "id": "8cb8c86f-c3ba-48c6-984e-e23183e04760",
      "pid": "acb12f26-83b3-4f4b-80d1-a06ebf5b8c76",
      "dblevel": 5,
      "location": "/VGMV/01_BaiGiang/HocTheoChuDe/10-NguyenTacDoiSong/20-ChienThangSuNanLong",
      "isVideo": true,
      "url": "01-bai-giang.hoc-theo-chu-de.10-nguyen-tac-doi-song.20-chien-thang-su-nan-long",
      "name": "20-Chiến Thắng Sự Nản Lòng",
      "count": 0,
      "isLeaf": null,
      "keyword": null,
      "hash": "U2FsdGVkX1+D8LVqPhIBp075JFBqW0qpo2vKftdrhwriH/8ZnxtaGC9r10GuZg/UGa1js3jKrVzYHtQoE1EMzA==",
      "khash": "U2FsdGVkX1/ErnW67t6rCNJI2S1AE2hIy8dyEYc8Z85bxjLk0e7HOUELnqVr9+5Y9/8kpgn2YF+Xi4J5g+Fi9Q==",
      "viewCount": null,
      "duration": "26:59",
      "size": 756642674
    },
    {
      "id": "108245f9-41af-400f-ad6b-0a12caa9a0ad",
      "pid": "acb12f26-83b3-4f4b-80d1-a06ebf5b8c76",
      "dblevel": 5,
      "location": "/VGMV/01_BaiGiang/HocTheoChuDe/10-NguyenTacDoiSong/21-SuVangLoiLuonDemDenPhuocHanh",
      "isVideo": true,
      "url": "01-bai-giang.hoc-theo-chu-de.10-nguyen-tac-doi-song.21-su-vang-loi-luon-dem-den-phuoc-hanh",
      "name": "21-Sự Vâng Lời Luôn Đem Đến Phước Hạnh",
      "count": 0,
      "isLeaf": null,
      "keyword": null,
      "hash": "U2FsdGVkX19e7+6glnZVtcVvgeYj08cqO+avTBdy8bBnrP7hdXQ7s6NyNEeCqk++rq2v0Klu56Fe4/CO5YRH0Q==",
      "khash": "U2FsdGVkX1+b0gNErgNJ6eVz7ny3nEWHs/JUZHRMFKUnHo3GYtVQd7E9uJSMWc9cULAMnbuc8Gv9MGptuwyM/A==",
      "viewCount": null,
      "duration": "27:4",
      "size": 759862562
    },
    {
      "id": "671fed58-c21a-47a3-bb44-d29023a87d83",
      "pid": "acb12f26-83b3-4f4b-80d1-a06ebf5b8c76",
      "dblevel": 5,
      "location": "/VGMV/01_BaiGiang/HocTheoChuDe/10-NguyenTacDoiSong/22-BuocDiTrongThanhLinh",
      "isVideo": true,
      "url": "01-bai-giang.hoc-theo-chu-de.10-nguyen-tac-doi-song.22-buoc-di-trong-thanh-linh",
      "name": "22-Bước Đi Trong Thánh Linh",
      "count": 0,
      "isLeaf": null,
      "keyword": null,
      "hash": "U2FsdGVkX18DouJnKwLZZY3VJMv0C7g/SqFfBevZH/6ue71RuCSs8vF5YjdJqRTrRVEn+RbD18OVKdn6Ej8VkA==",
      "khash": "U2FsdGVkX18YPi7a9EkUYEclXH/mldjMGnzpUKpobc5RXW8BwwcQKxfOPOzs1gTRtbi2x5rMuOHOtlwH535jpQ==",
      "viewCount": null,
      "duration": "26:37",
      "size": 746715248
    },
    {
      "id": "af75a09f-02a7-4fbf-935a-4ea960d4d74f",
      "pid": "acb12f26-83b3-4f4b-80d1-a06ebf5b8c76",
      "dblevel": 5,
      "location": "/VGMV/01_BaiGiang/HocTheoChuDe/10-NguyenTacDoiSong/23-SuBanChoCuaDucChuaTroiKhongXietKe",
      "isVideo": true,
      "url": "01-bai-giang.hoc-theo-chu-de.10-nguyen-tac-doi-song.23-su-ban-cho-cua-duc-chua-troi-khong-xiet-ke",
      "name": "23-Sự Ban Cho Của Đức Chúa Trời Không Xiết Kể",
      "count": 0,
      "isLeaf": null,
      "keyword": null,
      "hash": "U2FsdGVkX192apoA9CD2GVxhHxWQ32fic0ZJELknu33a9IB4aIVrUHoGf6l7DBiqQd9NZMc0UOSyZ9Q36tTgZQ==",
      "khash": "U2FsdGVkX18yI7sDYSNS1yT+ZCyDBwW/iNrMCrDdJUe9wp1n/OIJJgYqhr//b+/g8zIHl9PI2I3A9YyWSM9NBA==",
      "viewCount": null,
      "duration": "26:51",
      "size": 754363926
    },
    {
      "id": "9cf54292-216c-4bca-980e-7d478db23e4b",
      "pid": "acb12f26-83b3-4f4b-80d1-a06ebf5b8c76",
      "dblevel": 5,
      "location": "/VGMV/01_BaiGiang/HocTheoChuDe/10-NguyenTacDoiSong/24-ChiaKhoaDeSongDoiSongTheoChua",
      "isVideo": true,
      "url": "01-bai-giang.hoc-theo-chu-de.10-nguyen-tac-doi-song.24-chia-khoa-de-song-doi-song-theo-chua",
      "name": "24-Chìa Khóa Để Sống Đời Sống Theo Chúa",
      "count": 0,
      "isLeaf": null,
      "keyword": null,
      "hash": "U2FsdGVkX18hJhpUWPOkEIbyeztlOrt9ccosAzS3Bs8p1iExQcWrwfwiRU7LjS6DQVqKcN6a8K8gxDGE7tNZdQ==",
      "khash": "U2FsdGVkX19BEybb8quKDcWHwcF8Qo2EQxO9tNieJxiYTsNlgoBNGLoT1ogC/evxfNjp+bzDV5rAELvNHWenmw==",
      "viewCount": null,
      "duration": "26:26",
      "size": 739049317
    },
    {
      "id": "4d501558-fc0c-4076-b893-42b338e9c67c",
      "pid": "acb12f26-83b3-4f4b-80d1-a06ebf5b8c76",
      "dblevel": 5,
      "location": "/VGMV/01_BaiGiang/HocTheoChuDe/10-NguyenTacDoiSong/25-ChiaSeNhungOnPhuocCuaDucChuaTroi",
      "isVideo": true,
      "url": "01-bai-giang.hoc-theo-chu-de.10-nguyen-tac-doi-song.25-chia-se-nhung-on-phuoc-cua-duc-chua-troi",
      "name": "25-Chia Sẻ Những Ơn Phước Của Đức Chúa Trời",
      "count": 0,
      "isLeaf": null,
      "keyword": null,
      "hash": "U2FsdGVkX19YxC8eXjwPwzArM+IE3btP6zZiTy7+67QNcE02ESf189YHx33GD8tJtmWeOQxxPFf39GXuyWPgFw==",
      "khash": "U2FsdGVkX1+J7jlaNKwpUU9to3tdsY1t73wt2jv8SXVDi6XzNde4GXaRnnQsTqrHZXGj+xyaPFyXduPdjYdvdA==",
      "viewCount": null,
      "duration": "26:25",
      "size": 743348561
    },
    {
      "id": "01e11156-4de5-40c2-94d3-8fd53fd66142",
      "pid": "acb12f26-83b3-4f4b-80d1-a06ebf5b8c76",
      "dblevel": 5,
      "location": "/VGMV/01_BaiGiang/HocTheoChuDe/10-NguyenTacDoiSong/26-NgichCanh:GanhNangHayCauNoi",
      "isVideo": true,
      "url": "01-bai-giang.hoc-theo-chu-de.10-nguyen-tac-doi-song.26-ngich-canh-ganh-nang-hay-cau-noi",
      "name": "26-Ngịch Cảnh: Gánh Nặng Hay Cầu Nối",
      "count": 0,
      "isLeaf": null,
      "keyword": null,
      "hash": "U2FsdGVkX1+EPK+kpVladczhTtwycjWrHdKZUk+aTNdAPGqBnq3NkRSomYzUEAZgLFmwcGCLBV6u8ZWJ4MWoqg==",
      "khash": "U2FsdGVkX1+I+H4gJNKOeW51gPC7mFcU6odn65CL6DZDyFsc4QNsbd4+O6aNVaq9M1BF5xOeZdv9JM1rgAy08w==",
      "viewCount": null,
      "duration": "26:31",
      "size": 742583322
    },
    {
      "id": "f1dc9e8b-a8d9-4b6f-92f3-d57e2dc97aa5",
      "pid": "acb12f26-83b3-4f4b-80d1-a06ebf5b8c76",
      "dblevel": 5,
      "location": "/VGMV/01_BaiGiang/HocTheoChuDe/10-NguyenTacDoiSong/27-CauNguyenTanDungThiGio",
      "isVideo": true,
      "url": "01-bai-giang.hoc-theo-chu-de.10-nguyen-tac-doi-song.27-cau-nguyen-tan-dung-thi-gio",
      "name": "27-Cầu Nguyện Tận Dụng Thì Giờ",
      "count": 0,
      "isLeaf": null,
      "keyword": null,
      "hash": "U2FsdGVkX1//6446ShnfIB7IFLlQtnTe04m2Gw4+yH0qSRKknLSA2agEQiMPFt4d03Xz1PZ7T+/PmmIkfgPhvA==",
      "khash": "U2FsdGVkX1+S0mf8p0xv/sHhDbzepXb+3zgDj37LlJjObbMMlsGXaH8t8x2KG2qmgdAfmEB47r8CA9vGzKgR0w==",
      "viewCount": null,
      "duration": "27:10",
      "size": 762467491
    },
    {
      "id": "0c4f5335-0357-4ba9-9b10-8e8fd62b630c",
      "pid": "acb12f26-83b3-4f4b-80d1-a06ebf5b8c76",
      "dblevel": 5,
      "location": "/VGMV/01_BaiGiang/HocTheoChuDe/10-NguyenTacDoiSong/28-MoiThongCongTrongCongDongCoDoc",
      "isVideo": true,
      "url": "01-bai-giang.hoc-theo-chu-de.10-nguyen-tac-doi-song.28-moi-thong-cong-trong-cong-dong-co-doc",
      "name": "28-Mối Thông Công Trong Cộng Đồng Cơ Đốc",
      "count": 0,
      "isLeaf": null,
      "keyword": null,
      "hash": "U2FsdGVkX18AGvYAxB671bWqOfHuM2bRvFU9QGXAI3fhJ76flcuzIW0p8Io+xigHqeV4FewKmyEvuyz5Qa2QSQ==",
      "khash": "U2FsdGVkX1/kZ0gXGgVJCwU0w8LCT/2Z5ILpXdfC7ZEjdgtBq8RhzRqqD2bgmOSuabSzYfR3YVkz6+4KoCJ4Kg==",
      "viewCount": null,
      "duration": "26:15",
      "size": 735386499
    },
    {
      "id": "7230218f-8c07-4632-8a79-49c6e874d9b2",
      "pid": "acb12f26-83b3-4f4b-80d1-a06ebf5b8c76",
      "dblevel": 5,
      "location": "/VGMV/01_BaiGiang/HocTheoChuDe/10-NguyenTacDoiSong/29-TrungBongChet",
      "isVideo": true,
      "url": "01-bai-giang.hoc-theo-chu-de.10-nguyen-tac-doi-song.29-trung-bong-chet",
      "name": "29-Trũng Bóng Chết",
      "count": 0,
      "isLeaf": null,
      "keyword": null,
      "hash": "U2FsdGVkX18gEU+tTcS1vghncelDJSmKkatEOMp55FzKLzYMbg48rgb5rXS9xNQixAnjT43aijbkrBIGxUuTsw==",
      "khash": "U2FsdGVkX1+7yKoQsJii5/bke1nGv7SatN5Vc4aTjrP+YTQp7jgoLx56NkMj4PT1v668QEFVBk2kUxzY/xqDFw==",
      "viewCount": null,
      "duration": "26:28",
      "size": 741919830
    },
    {
      "id": "7d4ffc79-f839-4553-864b-0582ce1d6ff4",
      "pid": "acb12f26-83b3-4f4b-80d1-a06ebf5b8c76",
      "dblevel": 5,
      "location": "/VGMV/01_BaiGiang/HocTheoChuDe/10-NguyenTacDoiSong/30-MongDoiChuaTroLai",
      "isVideo": true,
      "url": "01-bai-giang.hoc-theo-chu-de.10-nguyen-tac-doi-song.30-mong-doi-chua-tro-lai",
      "name": "30-Mong Đợi Chúa Trở Lại",
      "count": 0,
      "isLeaf": null,
      "keyword": null,
      "hash": "U2FsdGVkX19caOaIY6UqeZs6MJzxa2NoZXmcL1+aSrkBwHOIdTXEvQb5JsFmXFNuZ7xA04ndm265hn8Vwe0cBA==",
      "khash": "U2FsdGVkX1/pc612Y05tKSu+W0Tg05TEixCHacKmJjB9Moyrcty9AVxeuFjVv9sJw6Y0CgNbqqIcqf5zMulp0Q==",
      "viewCount": null,
      "duration": "26:16",
      "size": 735489620
    }
  ]
}