{
  "id": "b3cd0b8c-ee85-4f8b-b5a3-5da0119d1d58",
  "pid": "71832048-cb5a-498b-a6d9-9d1831fd437b",
  "dblevel": 4,
  "location": "/VGMV/01_BaiGiang/HocTheoChuDe/04-TuongGiaoVoiChua",
  "isVideo": true,
  "url": "01-bai-giang.hoc-theo-chu-de.04-tuong-giao-voi-chua",
  "name": "04-Tương Giao Với Chúa",
  "count": 6,
  "isLeaf": true,
  "keyword": null,
  "hash": null,
  "khash": null,
  "viewCount": null,
  "duration": null,
  "size": null,
  "children": [
    {
      "id": "481c94a7-d7d0-4025-8312-d8d3e5e0e5f3",
      "pid": "b3cd0b8c-ee85-4f8b-b5a3-5da0119d1d58",
      "dblevel": 5,
      "location": "/VGMV/01_BaiGiang/HocTheoChuDe/04-TuongGiaoVoiChua/TuongGiaoVoiChua-P1",
      "isVideo": true,
      "url": "01-bai-giang.hoc-theo-chu-de.04-tuong-giao-voi-chua.tuong-giao-voi-chua-p1",
      "name": "Tương Giao Với Chúa-P1",
      "count": 0,
      "isLeaf": null,
      "keyword": null,
      "hash": "U2FsdGVkX1/l48qTF31zpKc1/N/XGDDKHznBja6pnHoC9KFijVYRcLx+h0eJnLOp0DJlxJgG+xQCT7OJKnzxlg==",
      "khash": "U2FsdGVkX19VX85uV42gXrp5MkNPaJsmf67GICPZ9AJEjjrybS1h9CVV8YvAy5dKq+yQ3Opjso8ygjAjfqaJYA==",
      "viewCount": null,
      "duration": "33:8",
      "size": 329705614
    },
    {
      "id": "10137a72-4bb2-4e9b-a033-bd4638bb4fbc",
      "pid": "b3cd0b8c-ee85-4f8b-b5a3-5da0119d1d58",
      "dblevel": 5,
      "location": "/VGMV/01_BaiGiang/HocTheoChuDe/04-TuongGiaoVoiChua/TuongGiaoVoiChua-P2",
      "isVideo": true,
      "url": "01-bai-giang.hoc-theo-chu-de.04-tuong-giao-voi-chua.tuong-giao-voi-chua-p2",
      "name": "Tương Giao Với Chúa-P2",
      "count": 0,
      "isLeaf": null,
      "keyword": null,
      "hash": "U2FsdGVkX1+l/ev1+x+DYr0v28tTjYgnhM40qjAV7O8uq69MdV6o4lE2fSe8CiX+gXXZkhI6v1REJ+2Uo2Gs9g==",
      "khash": "U2FsdGVkX19xbqwkqNrMuoA9K4rrheTPgmKShNR6jbU947Ruy56Uoy4oWhOA+KCwAQd+7c6Ainb6e44uIlt+DA==",
      "viewCount": null,
      "duration": "33:21",
      "size": 331822863
    },
    {
      "id": "fa939771-3adf-482b-b6af-d8ce275d8df2",
      "pid": "b3cd0b8c-ee85-4f8b-b5a3-5da0119d1d58",
      "dblevel": 5,
      "location": "/VGMV/01_BaiGiang/HocTheoChuDe/04-TuongGiaoVoiChua/TuongGiaoVoiChua-P3",
      "isVideo": true,
      "url": "01-bai-giang.hoc-theo-chu-de.04-tuong-giao-voi-chua.tuong-giao-voi-chua-p3",
      "name": "Tương Giao Với Chúa-P3",
      "count": 0,
      "isLeaf": null,
      "keyword": null,
      "hash": "U2FsdGVkX1/uLDGIAAwXgD5oGPRTdmFQF4AUND2s5HGE2QJ0rd1qr9eptm7W9YpGpVet9da9xYIxOamoqn5ZIg==",
      "khash": "U2FsdGVkX1+phJ4WYLCFkx5yNPtbnAsm4qqrcwtKS0sfCCB/1ovNiOjq+xlswY1w4AmWaUDsgA6lpLnBgNAnsw==",
      "viewCount": null,
      "duration": "44:20",
      "size": 440894370
    },
    {
      "id": "05c21e30-8643-4de3-9d01-b9df624c5d4e",
      "pid": "b3cd0b8c-ee85-4f8b-b5a3-5da0119d1d58",
      "dblevel": 5,
      "location": "/VGMV/01_BaiGiang/HocTheoChuDe/04-TuongGiaoVoiChua/TuongGiaoVoiChua-P4",
      "isVideo": true,
      "url": "01-bai-giang.hoc-theo-chu-de.04-tuong-giao-voi-chua.tuong-giao-voi-chua-p4",
      "name": "Tương Giao Với Chúa-P4",
      "count": 0,
      "isLeaf": null,
      "keyword": null,
      "hash": "U2FsdGVkX1+eGZ5nWXP8VaBLVIQAdKHW/9ZMeO4mXrx+YsVSlaBEHkDjg7VmoZgZ/K2EZCTNzNVoLAlLd2REHg==",
      "khash": "U2FsdGVkX18a+2o5Di0WHPRtQPPZZ9uCNSL7NQ+RJRjXx7OM2C2Yk8VhOccWT22amKZmq+RlLsKxBtCEP0W+Wg==",
      "viewCount": null,
      "duration": "29:57",
      "size": 298065683
    },
    {
      "id": "92875530-0126-41c1-922b-35b625c55000",
      "pid": "b3cd0b8c-ee85-4f8b-b5a3-5da0119d1d58",
      "dblevel": 5,
      "location": "/VGMV/01_BaiGiang/HocTheoChuDe/04-TuongGiaoVoiChua/TuongGiaoVoiChua-P5",
      "isVideo": true,
      "url": "01-bai-giang.hoc-theo-chu-de.04-tuong-giao-voi-chua.tuong-giao-voi-chua-p5",
      "name": "Tương Giao Với Chúa-P5",
      "count": 0,
      "isLeaf": null,
      "keyword": null,
      "hash": "U2FsdGVkX18lSsdPswC6eSUirl0VaW3We38DyJZV4ykEHuY6UMu/+FfVJ7sY+lcbcx3ssIFR3wf7jtrePyi31g==",
      "khash": "U2FsdGVkX188bq7YAh9niKkeZaP3Jm2YGGxU9oZyJz1DF7D6JDgfW2lmOeeN8567GTtol1b7MtuWG5mfDyy3SA==",
      "viewCount": null,
      "duration": "48:11",
      "size": 479117188
    },
    {
      "id": "2749cc7b-cde7-44d2-8dd9-7f4a70057f8d",
      "pid": "b3cd0b8c-ee85-4f8b-b5a3-5da0119d1d58",
      "dblevel": 5,
      "location": "/VGMV/01_BaiGiang/HocTheoChuDe/04-TuongGiaoVoiChua/TuongGiaoVoiChua-P6",
      "isVideo": true,
      "url": "01-bai-giang.hoc-theo-chu-de.04-tuong-giao-voi-chua.tuong-giao-voi-chua-p6",
      "name": "Tương Giao Với Chúa-P6",
      "count": 0,
      "isLeaf": null,
      "keyword": null,
      "hash": "U2FsdGVkX1/0CVJgpYgqwXrHfHv3SC6wFzjiaPjSYb7IedfC8wtR4tgu1b845lipD3/PLjGGGMD0NffKakDGMg==",
      "khash": "U2FsdGVkX18aGtqnHvDETK+69mUQxJdF0cyWECOIR01pE3Y+xFNFRUIq9XGATR2Fyt8tdNsRG2AAZaHn3icZhw==",
      "viewCount": null,
      "duration": "31:12",
      "size": 308922590
    }
  ]
}