{
  "id": "93e60200-b113-4239-9ec5-d5d7df05d177",
  "pid": "3c99cef1-0b91-4cff-a01b-2aa3cc0ca1d4",
  "dblevel": 3,
  "location": "/VGMV/01_BaiGiang/CacDienGia",
  "isVideo": true,
  "url": "01-bai-giang.cac-dien-gia",
  "name": "Các Diễn Giả",
  "count": 69,
  "isLeaf": true,
  "keyword": null,
  "hash": null,
  "khash": null,
  "viewCount": null,
  "duration": null,
  "size": null,
  "children": [
    {
      "id": "5c1325ff-64ba-4a97-80d0-6de9d09edd39",
      "pid": "93e60200-b113-4239-9ec5-d5d7df05d177",
      "dblevel": 4,
      "location": "/VGMV/01_BaiGiang/CacDienGia/MSMPH_ChuToanHayKhongChuToanChucVuChuaGiao",
      "isVideo": true,
      "url": "01-bai-giang.cac-dien-gia.msmph-chu-toan-hay-khong-chu-toan-chuc-vu-chua-giao",
      "name": "MSMPH_Chu Toàn Hay Không Chu Toàn Chức Vụ Chúa Giao",
      "count": 0,
      "isLeaf": null,
      "keyword": null,
      "hash": "U2FsdGVkX19gwgij+05eP8C2avGGWOVUhrTRbJoweAZ/olkP1Y2Nc/NariO97CkwTLhyS9amX5fgXAbkswINsA==",
      "khash": "U2FsdGVkX19ru5wwiEBUJ1c9e6c+X8LzM5TGRNcgLrBrlO2KrBZo5iQ1B/ZYIXqXStjX+81WA0r4OptXm7K6Ag==",
      "viewCount": null,
      "duration": "46:17",
      "size": 1013979790
    },
    {
      "id": "ed3c866e-3b0c-4bf7-a50c-efa6563bf935",
      "pid": "93e60200-b113-4239-9ec5-d5d7df05d177",
      "dblevel": 4,
      "location": "/VGMV/01_BaiGiang/CacDienGia/MSMPH_TrongDoiDucGie-ho-va",
      "isVideo": true,
      "url": "01-bai-giang.cac-dien-gia.msmph-trong-doi-duc-gie-ho-va",
      "name": "MSMPH_Trông Đợi Đức Giê-hô-va",
      "count": 0,
      "isLeaf": null,
      "keyword": null,
      "hash": "U2FsdGVkX1+LjH+Ue9+u2MO6jgK1nCWqmVjyzV+pCSAaTX7mKPrhp6/eiq/4eja9Bnh1mXkeat4zliL11WARbw==",
      "khash": "U2FsdGVkX1+qRBf1smxJTNYkHduvUqahbXpjrV66c+1eG21l++w+1QJRUubV7v5LObQWD71dUz4BInt6e0AAmw==",
      "viewCount": null,
      "duration": "32:32",
      "size": 961086927
    },
    {
      "id": "7a45417d-2b07-43d6-82fa-e35ce4f8804c",
      "pid": "93e60200-b113-4239-9ec5-d5d7df05d177",
      "dblevel": 4,
      "location": "/VGMV/01_BaiGiang/CacDienGia/MSNHB_BongTraiThanhLinh",
      "isVideo": true,
      "url": "01-bai-giang.cac-dien-gia.msnhb-bong-trai-thanh-linh",
      "name": "MSNHB_Bông Trái Thánh Linh",
      "count": 0,
      "isLeaf": null,
      "keyword": null,
      "hash": "U2FsdGVkX18M3DvnJ3YL737OyVWTo28Zf3jp9BrgF3mkbUc8llCC4plSmrrIMFUdjiJkWo+Qhco7CEATofPJnA==",
      "khash": "U2FsdGVkX1/WgBWfTF1cCbhskf0/YRZ2vsHFyZldEyKlsA8Mxj0YsQvBekYWVB+l0iOpaYzgvsgcU4Edf84+fQ==",
      "viewCount": null,
      "duration": "56:58",
      "size": 1129457247
    },
    {
      "id": "00c937b4-1ac9-4361-945a-55dee767a9be",
      "pid": "93e60200-b113-4239-9ec5-d5d7df05d177",
      "dblevel": 4,
      "location": "/VGMV/01_BaiGiang/CacDienGia/MSNHB_ChuaLamChoLonLen",
      "isVideo": true,
      "url": "01-bai-giang.cac-dien-gia.msnhb-chua-lam-cho-lon-len",
      "name": "MSNHB_Chúa Làm Cho Lớn Lên",
      "count": 0,
      "isLeaf": null,
      "keyword": null,
      "hash": "U2FsdGVkX1/B3a1eSF3aX6FOq6sw0ibSUmYeJiCl8esYGv/6Rf8uck/VzQA/YK5I+FsrpASkZOxqlpgWmYX7JQ==",
      "khash": "U2FsdGVkX18F0IZQ8wBCW6fnNCdfbpAwWUB2njw/slI+vA4ppjCzJvVOABG/O3nR/kr403pRLx6RoKOVkG7lkg==",
      "viewCount": null,
      "duration": "47:14",
      "size": 1353637898
    },
    {
      "id": "500bb56c-bbaf-4177-9a8e-873269971180",
      "pid": "93e60200-b113-4239-9ec5-d5d7df05d177",
      "dblevel": 4,
      "location": "/VGMV/01_BaiGiang/CacDienGia/MSNHB_CauNguyen",
      "isVideo": true,
      "url": "01-bai-giang.cac-dien-gia.msnhb-cau-nguyen",
      "name": "MSNHB_Cầu Nguyện",
      "count": 0,
      "isLeaf": null,
      "keyword": null,
      "hash": "U2FsdGVkX19Gru1ZqvF9z5XdQ/XZXAdJYEK67PR4ORvBz+8w+lYnDCV1TfwnRLnzqRxisFjl9CFWv5wcLdO1nQ==",
      "khash": "U2FsdGVkX1+OkMoV43bCvcLKIKkuYS7QbF3nnPFDVzfm05Tl0NYo8jXq+FeF6WuneGPy9CfABK2d8La8kYtnQQ==",
      "viewCount": null,
      "duration": "50:15",
      "size": 572671262
    },
    {
      "id": "d42e5082-f55f-49da-801e-562bd9f08f5b",
      "pid": "93e60200-b113-4239-9ec5-d5d7df05d177",
      "dblevel": 4,
      "location": "/VGMV/01_BaiGiang/CacDienGia/MSNHB_GapChuaPhucSinh",
      "isVideo": true,
      "url": "01-bai-giang.cac-dien-gia.msnhb-gap-chua-phuc-sinh",
      "name": "MSNHB_Gặp Chúa Phục Sinh",
      "count": 0,
      "isLeaf": null,
      "keyword": null,
      "hash": "U2FsdGVkX19Mb8DwfkOtli2ZeVdzZyUMcnKC27S5CRaIm49qYCkOQczHWJ4MsIJtm2d7T3nGr2kxg6X76Vjhyg==",
      "khash": "U2FsdGVkX1/dwHHs7ghVwDrzb4ogcf1L5JAT9z6oCUP7lM30AE552ajl3LcB7g6UkLt4tAtJX7zQ2AWV6/pQyA==",
      "viewCount": null,
      "duration": "28:55",
      "size": 461868944
    },
    {
      "id": "18f04daa-3ac4-4d09-928f-dd197932e58f",
      "pid": "93e60200-b113-4239-9ec5-d5d7df05d177",
      "dblevel": 4,
      "location": "/VGMV/01_BaiGiang/CacDienGia/MSNHB_HDLT01_NangQuyenTuThanhLinh",
      "isVideo": true,
      "url": "01-bai-giang.cac-dien-gia.msnhb-hdlt01-nang-quyen-tu-thanh-linh",
      "name": "MSNHB_HDLT01_Năng Quyền Từ Thánh Linh",
      "count": 0,
      "isLeaf": null,
      "keyword": null,
      "hash": "U2FsdGVkX181yKGIcxT0UVoDan7zgYj2UxKacNundWglsEUExhkcSSflBYEK2FK8JDiv4NdZuRJZm7IuFO+LUw==",
      "khash": "U2FsdGVkX1+ZhoG41fJlYSBFHMBTh/h3D5OVWDMHNIvDCfVSu49CRPvBpNXx7NKOuYil/PQ5/FyCcIHt+YKckA==",
      "viewCount": null,
      "duration": "44:10",
      "size": 1166317664
    },
    {
      "id": "2c54a48a-fa1d-40b3-b154-967202de292e",
      "pid": "93e60200-b113-4239-9ec5-d5d7df05d177",
      "dblevel": 4,
      "location": "/VGMV/01_BaiGiang/CacDienGia/MSNHB_HDLT02_KhiNangQuyenDaoSuSongVanHanh",
      "isVideo": true,
      "url": "01-bai-giang.cac-dien-gia.msnhb-hdlt02-khi-nang-quyen-dao-su-song-van-hanh",
      "name": "MSNHB_HDLT02_Khi Năng Quyền Đạo Sự Sống Vận Hành",
      "count": 0,
      "isLeaf": null,
      "keyword": null,
      "hash": "U2FsdGVkX18GHEfZSPNKzZ0yh3YudWdcMOMJW4oShapWf9sQiS0WsUIutyDMnN22Zhjea6pCHV6Tfapdg1hmZg==",
      "khash": "U2FsdGVkX1/KhaSM3iKU7zBMUWeRFRAqD2OFl6ZkeEtMSikScVVUvKPhTu3M7YfB2u8Fe1YGQ9A2dd8ES0BNyQ==",
      "viewCount": null,
      "duration": "38:22",
      "size": 1013109255
    },
    {
      "id": "8d3514b6-8909-4326-9f46-0ae705ef0a53",
      "pid": "93e60200-b113-4239-9ec5-d5d7df05d177",
      "dblevel": 4,
      "location": "/VGMV/01_BaiGiang/CacDienGia/MSNHB_HDLT03_ChungNhanTrongLinhQuyen",
      "isVideo": true,
      "url": "01-bai-giang.cac-dien-gia.msnhb-hdlt03-chung-nhan-trong-linh-quyen",
      "name": "MSNHB_HDLT03_Chứng Nhân Trong Linh Quyền",
      "count": 0,
      "isLeaf": null,
      "keyword": null,
      "hash": "U2FsdGVkX18g2wyCUNpdbdzg6wEWtNLclVHrnQG7cFt/c6q8S7uBw8iGRnR6lai1+rl32Ltt+Dr/md3xGezOqg==",
      "khash": "U2FsdGVkX18own9/0OmLtaDKL4ZxS5IqMzVjiCCT6qZjfqjlWr7VgBW2esGQH0JfTP8DiObRBbGiPo69vP59Fw==",
      "viewCount": null,
      "duration": "53:19",
      "size": 1407931441
    },
    {
      "id": "a6984e62-e7f3-407f-9b0c-32aa15d7d0f2",
      "pid": "93e60200-b113-4239-9ec5-d5d7df05d177",
      "dblevel": 4,
      "location": "/VGMV/01_BaiGiang/CacDienGia/MSNHB_HDLT04_DeSongTrongNangQuyen",
      "isVideo": true,
      "url": "01-bai-giang.cac-dien-gia.msnhb-hdlt04-de-song-trong-nang-quyen",
      "name": "MSNHB_HDLT04_Để Sống Trong Năng Quyền",
      "count": 0,
      "isLeaf": null,
      "keyword": null,
      "hash": "U2FsdGVkX1+3COnDsvu+tOaWIsWf7RPgriH6lwYlX5sqZWBylZTjKBE0d/15kSpEdSsowfuzQiyhq01WYZld9Q==",
      "khash": "U2FsdGVkX1/s8E0VuC+V5ne07AC8NGPVWXEDfMd0MGgNxMWrHavXZd+Pi5+HMp/+7cemLlAskxDUQalE7R4kxw==",
      "viewCount": null,
      "duration": "49:9",
      "size": 1297840477
    },
    {
      "id": "91b554ba-4d08-433e-855a-b545214173d7",
      "pid": "93e60200-b113-4239-9ec5-d5d7df05d177",
      "dblevel": 4,
      "location": "/VGMV/01_BaiGiang/CacDienGia/MSNHB_HiepNhatTrongChua",
      "isVideo": true,
      "url": "01-bai-giang.cac-dien-gia.msnhb-hiep-nhat-trong-chua",
      "name": "MSNHB_Hiệp Nhất Trong Chúa",
      "count": 0,
      "isLeaf": null,
      "keyword": null,
      "hash": "U2FsdGVkX1/LJgBd1c010snj13vc6uvOg69blJdvvaqykTlgL3XGB38CZmqSzqdlo92O0DWPulCDw0brYeKGfw==",
      "khash": "U2FsdGVkX19NYD2g/n3TBJAtRRxE5sPEGfxwd5LQyH4WzUA8CO0z33lZ0f9mJvx3e95vHB6A55waXPzMA5ZqDA==",
      "viewCount": null,
      "duration": "47:40",
      "size": 1412511205
    },
    {
      "id": "c1d33979-ea96-496d-bfc3-544ada176bc5",
      "pid": "93e60200-b113-4239-9ec5-d5d7df05d177",
      "dblevel": 4,
      "location": "/VGMV/01_BaiGiang/CacDienGia/MSNHB_HyVongSongcuaCoDocNhan",
      "isVideo": true,
      "url": "01-bai-giang.cac-dien-gia.msnhb-hy-vong-song-cua-co-doc-nhan",
      "name": "MSNHB_Hy Vọng Sống của Cơ Đốc Nhân",
      "count": 0,
      "isLeaf": null,
      "keyword": null,
      "hash": "U2FsdGVkX19Qovy1bfO8/9WYU3o0du3ZdfaYUho2LCzSZaoQfcfPNrmq2aMuIzPNhGnxLxVM3y8V06HwEie1kQ==",
      "khash": "U2FsdGVkX1+gR/+umlofTFPemnKe03Z2mAbEKU43grtFs0L6p6/MWqS1o91OCTHuz8UTnOVQyCSyURfzYnXPcg==",
      "viewCount": null,
      "duration": "38:55",
      "size": 1145412417
    },
    {
      "id": "4340eeee-ba9d-4679-9f92-01f2d1b436c0",
      "pid": "93e60200-b113-4239-9ec5-d5d7df05d177",
      "dblevel": 4,
      "location": "/VGMV/01_BaiGiang/CacDienGia/MSNHB_HetLongCamTaChua",
      "isVideo": true,
      "url": "01-bai-giang.cac-dien-gia.msnhb-het-long-cam-ta-chua",
      "name": "MSNHB_Hết Lòng Cảm Tạ Chúa",
      "count": 0,
      "isLeaf": null,
      "keyword": null,
      "hash": "U2FsdGVkX1/eDmmY0PGbyqyiIXN8PTnkHWV0YOV7KqUuhJEbsbaLfqQpUP137y7gO0NZfr4C/baMw7nCWmvzeA==",
      "khash": "U2FsdGVkX1+OSczWUZq7ocHYP2X5NrOhP+OZNVbQnqETwJJQKGwrajdS7lyWoukMKi/6J+xilK2sI/EjYMMH5g==",
      "viewCount": null,
      "duration": "42:18",
      "size": 736206795
    },
    {
      "id": "db61ea1a-34ac-4b7b-a3af-2308aed8fcaa",
      "pid": "93e60200-b113-4239-9ec5-d5d7df05d177",
      "dblevel": 4,
      "location": "/VGMV/01_BaiGiang/CacDienGia/MSNHB_KhiQuayVeLoiCu",
      "isVideo": true,
      "url": "01-bai-giang.cac-dien-gia.msnhb-khi-quay-ve-loi-cu",
      "name": "MSNHB_Khi Quay Về Lối Cũ",
      "count": 0,
      "isLeaf": null,
      "keyword": null,
      "hash": "U2FsdGVkX18xSd6AyTWJGfotIKM8zfvk0JeOBgY5JbxPulUFOcWc8aU2Gh9u+KOuPCTSeuwo25QnI6OscB3PAw==",
      "khash": "U2FsdGVkX19Odu7wu7p2LY+qS2WCAsHuIsC8jrAzWhiwE1ZzXwJsCiyuNLZhKV9Qn5xAYb+7NaNtQkcI6FitoA==",
      "viewCount": null,
      "duration": "49:55",
      "size": 797025380
    },
    {
      "id": "632968c3-7659-449d-8a6d-bbb133d60a1e",
      "pid": "93e60200-b113-4239-9ec5-d5d7df05d177",
      "dblevel": 4,
      "location": "/VGMV/01_BaiGiang/CacDienGia/MSNHB_MoRongVuongQuocCuaChua",
      "isVideo": true,
      "url": "01-bai-giang.cac-dien-gia.msnhb-mo-rong-vuong-quoc-cua-chua",
      "name": "MSNHB_Mở Rộng Vương Quốc Của Chúa",
      "count": 0,
      "isLeaf": null,
      "keyword": null,
      "hash": "U2FsdGVkX18YuVSAWDKMJdPenhz1JldhWut9H7fZsP9s22xE9eovsfvOk/tMO84Gr8cxtl5JjpSbYghhOvGxZw==",
      "khash": "U2FsdGVkX1/kKhJiQL3n5F3jbMz/3fu01q18b1PFPYClIVeMFkfEE5HxnTRQZedYOOBIzRosDu5Yadm9vpoNXw==",
      "viewCount": null,
      "duration": "43:0",
      "size": 393614268
    },
    {
      "id": "883aede3-e934-42a4-91b8-96a360b31c72",
      "pid": "93e60200-b113-4239-9ec5-d5d7df05d177",
      "dblevel": 4,
      "location": "/VGMV/01_BaiGiang/CacDienGia/MSNHB_MucDichChuaThangThien",
      "isVideo": true,
      "url": "01-bai-giang.cac-dien-gia.msnhb-muc-dich-chua-thang-thien",
      "name": "MSNHB_Mục Đích Chúa Thăng Thiên",
      "count": 0,
      "isLeaf": null,
      "keyword": null,
      "hash": "U2FsdGVkX190OCzsrhh34H9VLl034PBlZiFp4MboyVz9RQYxwrM90KUN6F9D6OdXc+2JH2fX/N680ljcnjrDRA==",
      "khash": "U2FsdGVkX18ajAG1aZ2YT5ugF0i/eSFEZby9/9OV1daYadUbYBWPdeuYinG4Q8cz4f9fQpqWeJx+hPtij8PM1Q==",
      "viewCount": null,
      "duration": "31:6",
      "size": 405759405
    },
    {
      "id": "848abb5c-48a7-46c0-b0a9-1a96edfb0fd0",
      "pid": "93e60200-b113-4239-9ec5-d5d7df05d177",
      "dblevel": 4,
      "location": "/VGMV/01_BaiGiang/CacDienGia/MSNHB_SuThoPhuongXungHiep",
      "isVideo": true,
      "url": "01-bai-giang.cac-dien-gia.msnhb-su-tho-phuong-xung-hiep",
      "name": "MSNHB_Sự Thờ Phượng Xứng Hiệp",
      "count": 0,
      "isLeaf": null,
      "keyword": null,
      "hash": "U2FsdGVkX193XoOwQPHDPSaVP9RQMNwtDMI2/y5K5PpSA7nzl9hkH89/xZjiyzgCYDdybJ0Z/3L8uGU755Z0cw==",
      "khash": "U2FsdGVkX1/a7SfHwSWQ76CdJHkuVEyVQKh5AHk5FHmNgT9muojKpq9bh6OhtIbbloPOhelJyrw5476j+HF/1w==",
      "viewCount": null,
      "duration": "49:17",
      "size": 1458145401
    },
    {
      "id": "eb9fb76c-08cc-489d-ac6c-834c361502e9",
      "pid": "93e60200-b113-4239-9ec5-d5d7df05d177",
      "dblevel": 4,
      "location": "/VGMV/01_BaiGiang/CacDienGia/MSNHB_XayDungNhaChua",
      "isVideo": true,
      "url": "01-bai-giang.cac-dien-gia.msnhb-xay-dung-nha-chua",
      "name": "MSNHB_Xây Dựng Nhà Chúa",
      "count": 0,
      "isLeaf": null,
      "keyword": null,
      "hash": "U2FsdGVkX1+aKIP0XFz681ZWUGMWKhYO5GwbQ8iEgef84cG/QygZ/n3Ayldt1Pp7TAxv01uWbu1vlbxqnDpYqQ==",
      "khash": "U2FsdGVkX1/nxuv5kTTr+G4iT4nXZixV0x9+slrFqS7leoXxbuoqux0AsD1pBkLHdOEM7LpJgU6DYm1F08wExA==",
      "viewCount": null,
      "duration": "37:33",
      "size": 766224278
    },
    {
      "id": "6293ac6e-b083-4ecc-9c1e-d5cb517f5c08",
      "pid": "93e60200-b113-4239-9ec5-d5d7df05d177",
      "dblevel": 4,
      "location": "/VGMV/01_BaiGiang/CacDienGia/MSNHB_DayDayDucThanhLinh",
      "isVideo": true,
      "url": "01-bai-giang.cac-dien-gia.msnhb-day-day-duc-thanh-linh",
      "name": "MSNHB_Đầy Dẫy Đức Thánh Linh ",
      "count": 0,
      "isLeaf": null,
      "keyword": null,
      "hash": "U2FsdGVkX1/Z136WHuJB+JzCrfPTzZm5hYKxEwnoUkfELbUAZ9gnZlwEu3oxqtDdi/K3AyuWxUfEm2LQRxyzmw==",
      "khash": "U2FsdGVkX1+8/xQtNdpLuVvGd0SIcoAAWUtRxMFQRpHwUqtDkbEXD+wCl3m0nk/7F2tU8446u+XIvo3xRiZ8tw==",
      "viewCount": null,
      "duration": "55:4",
      "size": 1371331274
    },
    {
      "id": "dd6609d9-3db5-4724-af18-2780ab9c4fea",
      "pid": "93e60200-b113-4239-9ec5-d5d7df05d177",
      "dblevel": 4,
      "location": "/VGMV/01_BaiGiang/CacDienGia/MSNHB_DeDonChuaGiangSinhThatYNghia",
      "isVideo": true,
      "url": "01-bai-giang.cac-dien-gia.msnhb-de-don-chua-giang-sinh-that-y-nghia",
      "name": "MSNHB_Để Đón Chúa Giáng Sinh Thật Ý Nghĩa",
      "count": 0,
      "isLeaf": null,
      "keyword": null,
      "hash": "U2FsdGVkX1+a3y31RKG98Mtb614AkUTFcVpYkJw9EhjAvb4FFu1Mqv1P21zB4Oa5cMlMdYtzX8du+uQ0j897AA==",
      "khash": "U2FsdGVkX19ZsRNNRqf7f+9fGEWWZC0AbBXO+7BFgyzdyd6wtduUqkJV9zT0j+ONXdVHEoVZYadfQuc3pLmNXQ==",
      "viewCount": null,
      "duration": "38:31",
      "size": 614737498
    },
    {
      "id": "ad49946b-ac2c-4df5-9dd0-3062e79924c5",
      "pid": "93e60200-b113-4239-9ec5-d5d7df05d177",
      "dblevel": 4,
      "location": "/VGMV/01_BaiGiang/CacDienGia/MSNHB_DayToNgayLanhCuaDangChrist",
      "isVideo": true,
      "url": "01-bai-giang.cac-dien-gia.msnhb-day-to-ngay-lanh-cua-dang-christ",
      "name": "MSNHB_Đầy Tớ Ngay Lành Của Đấng Christ",
      "count": 0,
      "isLeaf": null,
      "keyword": null,
      "hash": "U2FsdGVkX1+1xotVo0XNMQpSqwqUbA7logLwFBk8EgtYEZ8seWpBMHv8PL6EwYRSdORLWXyd2nme3UeSMCy5zw==",
      "khash": "U2FsdGVkX186DV/qwRTxWm5TeB6I/ZqX/jsu6Kf/0lSDo9IpPCncATwivSd6JR+NGrdd1LJAFJ1ovcgr7src8A==",
      "viewCount": null,
      "duration": "41:35",
      "size": 1220041373
    },
    {
      "id": "74a7715b-9697-49f1-9797-205ab81af16c",
      "pid": "93e60200-b113-4239-9ec5-d5d7df05d177",
      "dblevel": 4,
      "location": "/VGMV/01_BaiGiang/CacDienGia/MSNHB_DeChuToanThanhChuc",
      "isVideo": true,
      "url": "01-bai-giang.cac-dien-gia.msnhb-de-chu-toan-thanh-chuc",
      "name": "MSNHB_Để Chu Toàn Thánh Chức",
      "count": 0,
      "isLeaf": null,
      "keyword": null,
      "hash": "U2FsdGVkX19GnoIUfvdDNkejAfloBVFSROIOSQG1Qkw0cGS2IDLB2EDyXzH7tfaS5OF0Es4LPYvo++4DtP8edQ==",
      "khash": "U2FsdGVkX19+CqLK9tme29UJ2oRZ7fLTEReg1J1hTSvUAeGqJ1sF5rgavh3pltmSzcS6NNgrRO/Nls4LrzVXBA==",
      "viewCount": null,
      "duration": "48:11",
      "size": 1380872320
    },
    {
      "id": "6db35551-9425-4248-9be5-5e87bd4bd2d0",
      "pid": "93e60200-b113-4239-9ec5-d5d7df05d177",
      "dblevel": 4,
      "location": "/VGMV/01_BaiGiang/CacDienGia/MSNHB_DeHiepMotTrongPhucVu",
      "isVideo": true,
      "url": "01-bai-giang.cac-dien-gia.msnhb-de-hiep-mot-trong-phuc-vu",
      "name": "MSNHB_Để Hiệp Một Trong Phục Vụ",
      "count": 0,
      "isLeaf": null,
      "keyword": null,
      "hash": "U2FsdGVkX19zdeSy17B0w0aukftMrUVANKfcWJ/42e1mIARUhbQMykR2WShPMAo/akGoiitandjHZW/9Yq2R7w==",
      "khash": "U2FsdGVkX1/0MpAdXDecwoVYRaB/CZli2VZZJpUHs8pJuD3HKEFhCj4n/pdLpaFfCx5rILfZM+GTLv2kMdSAww==",
      "viewCount": null,
      "duration": "49:20",
      "size": 1457944197
    },
    {
      "id": "dc32c0c7-9736-42a8-938c-a18e21fa8d44",
      "pid": "93e60200-b113-4239-9ec5-d5d7df05d177",
      "dblevel": 4,
      "location": "/VGMV/01_BaiGiang/CacDienGia/MSNHB_DeMotNamMoiYNghia",
      "isVideo": true,
      "url": "01-bai-giang.cac-dien-gia.msnhb-de-mot-nam-moi-y-nghia",
      "name": "MSNHB_Để Một Năm Mới Ý Nghĩa",
      "count": 0,
      "isLeaf": null,
      "keyword": null,
      "hash": "U2FsdGVkX1+9peBByIUobN4iRlkaiH3lMVkEVTU7uvQPWxYh+GdNlQPsb1qU+ePTRmfV3ly5hkszFGCAeSWzoQ==",
      "khash": "U2FsdGVkX1/tZQI97wyl7FvXh3y2tBq/mAs67T1JflXj69/ajsPAYf8fqPUrZoP6VKu5alj78C3WuE7wsYoZHQ==",
      "viewCount": null,
      "duration": "36:48",
      "size": 1089564387
    },
    {
      "id": "e9bae0bb-b2fd-437f-b47c-62fd299744fc",
      "pid": "93e60200-b113-4239-9ec5-d5d7df05d177",
      "dblevel": 4,
      "location": "/VGMV/01_BaiGiang/CacDienGia/MSNNT_CuaLeTaOn",
      "isVideo": true,
      "url": "01-bai-giang.cac-dien-gia.msnnt-cua-le-ta-on",
      "name": "MSNNT_Của Lễ Tạ Ơn",
      "count": 0,
      "isLeaf": null,
      "keyword": null,
      "hash": "U2FsdGVkX199gOSwaE1BKqG/sMC38nS+baD7YbD/C3FrUJ25zQYMgi7DR/ql2/spEyS6mh9VgMzD9u5KWtqcHw==",
      "khash": "U2FsdGVkX1/APXgZGh34Thui3hdvW4bBC5DkXrYHvbwQ2mPGoxHRVNv0LmjEp/iT3gcEcq9R1bxBCw9z5Tf92A==",
      "viewCount": null,
      "duration": "30:25",
      "size": 897578283
    },
    {
      "id": "a97fb71f-8b0d-4714-8352-4c66ea81cbe6",
      "pid": "93e60200-b113-4239-9ec5-d5d7df05d177",
      "dblevel": 4,
      "location": "/VGMV/01_BaiGiang/CacDienGia/MSNNT_QuyenPhepTuTrenCao",
      "isVideo": true,
      "url": "01-bai-giang.cac-dien-gia.msnnt-quyen-phep-tu-tren-cao",
      "name": "MSNNT_Quyền Phép Từ Trên Cao",
      "count": 0,
      "isLeaf": null,
      "keyword": null,
      "hash": "U2FsdGVkX1/fFw2n17ecXciOLbexl4knJnObC2s198yEtthIXaBA9V14k8eoylIrCJNsoxbJ1T+8nk8ekLgutg==",
      "khash": "U2FsdGVkX1+hoCwCeR49jGlQNguniteO2yqyGeGGpVB2w23L51NyO72kJWmVPMUS/m2j9WbHryNL40Ykh3pZMg==",
      "viewCount": null,
      "duration": "26:25",
      "size": 479810465
    },
    {
      "id": "f5662e51-b8c3-4f14-8296-9ad264356d17",
      "pid": "93e60200-b113-4239-9ec5-d5d7df05d177",
      "dblevel": 4,
      "location": "/VGMV/01_BaiGiang/CacDienGia/MSNNT_SuCamKetCuaNguoiTheoChua",
      "isVideo": true,
      "url": "01-bai-giang.cac-dien-gia.msnnt-su-cam-ket-cua-nguoi-theo-chua",
      "name": "MSNNT_Sự Cam Kết Của Người Theo Chúa",
      "count": 0,
      "isLeaf": null,
      "keyword": null,
      "hash": "U2FsdGVkX1+jPL1CxeX0Gwvc3YDLXPfEnGfxUeBwvbU1g5DIUfijYjL/Ah7BiPYXr1GBPCtGWT/I6cz6nJBJRA==",
      "khash": "U2FsdGVkX1+vpawvjZyMkcavZiE/3aI+XsTcf2/dBv0R6wWrXKFApcOXeWz5nXPTIPZARKlk+POWlR6DXzMYnw==",
      "viewCount": null,
      "duration": "31:55",
      "size": 940697167
    },
    {
      "id": "1a9b4a21-9bcf-4dd2-895e-80735ae83dab",
      "pid": "93e60200-b113-4239-9ec5-d5d7df05d177",
      "dblevel": 4,
      "location": "/VGMV/01_BaiGiang/CacDienGia/MSNNT_SongDacThang",
      "isVideo": true,
      "url": "01-bai-giang.cac-dien-gia.msnnt-song-dac-thang",
      "name": "MSNNT_Sống Đắc Thắng",
      "count": 0,
      "isLeaf": null,
      "keyword": null,
      "hash": "U2FsdGVkX18iDmDYB4wj8yGvWKFNN7wbrslAGGmxd5Q6pSt84+8CTQ8AKr8wsGqgJUiU4JtaQc0Gnx7mDC/KSw==",
      "khash": "U2FsdGVkX19JQ9WwAfoX+Z+mRptH+XPMAJyU2ZnyhYvn/CPULp/YeeZcO+P4RUlSMrNtcQ32U0uMcHS5g9B9gQ==",
      "viewCount": null,
      "duration": "34:44",
      "size": 1078127617
    },
    {
      "id": "7f65078b-7aea-4222-9ab1-d2bfdb2de148",
      "pid": "93e60200-b113-4239-9ec5-d5d7df05d177",
      "dblevel": 4,
      "location": "/VGMV/01_BaiGiang/CacDienGia/MSNNT_VungTinNoiDangSong",
      "isVideo": true,
      "url": "01-bai-giang.cac-dien-gia.msnnt-vung-tin-noi-dang-song",
      "name": "MSNNT_Vững Tin Nơi Đấng Sống",
      "count": 0,
      "isLeaf": null,
      "keyword": null,
      "hash": "U2FsdGVkX18/GftsZH53GsZLeB6GVNlxyooLxoO68Hy2PryCbgwrdM9XJh4J6xrFWHtOcKPtTQwx3wi/wQFjgg==",
      "khash": "U2FsdGVkX1/4HWR8MDNhy4pgEcYVnUEEH1GvtZCW2K43tXMs0iD0jz7lgbAtu0iQXX9b6WVfy2XYmpbmdrJmsw==",
      "viewCount": null,
      "duration": "32:54",
      "size": 938910406
    },
    {
      "id": "cfe74f37-b274-49bd-8fdd-0d9cd82fcb60",
      "pid": "93e60200-b113-4239-9ec5-d5d7df05d177",
      "dblevel": 4,
      "location": "/VGMV/01_BaiGiang/CacDienGia/MSPVC_BietOnVaPhucVuChua",
      "isVideo": true,
      "url": "01-bai-giang.cac-dien-gia.mspvc-biet-on-va-phuc-vu-chua",
      "name": "MSPVC_Biết Ơn Và Phục Vụ Chúa",
      "count": 0,
      "isLeaf": null,
      "keyword": null,
      "hash": "U2FsdGVkX1+PJ7g6hOnHmQJZ+C0vQHZX6hrcFQuzaib0UzyNG/wrudGFJ3j/ndAK6VJbeG/Qfh/tb+pyrfmBBQ==",
      "khash": "U2FsdGVkX19SMpvo4aylHDAhPIA12QdDanGruKkN7Tgikbc/pqA5929bHdD7zahsHgg6cAZHDEXBkpC1AOB3Vw==",
      "viewCount": null,
      "duration": "30:29",
      "size": 212322599
    },
    {
      "id": "c319dcfc-e000-428f-a4be-74d275dca695",
      "pid": "93e60200-b113-4239-9ec5-d5d7df05d177",
      "dblevel": 4,
      "location": "/VGMV/01_BaiGiang/CacDienGia/MSPVC_BuocTheoThanhLinh",
      "isVideo": true,
      "url": "01-bai-giang.cac-dien-gia.mspvc-buoc-theo-thanh-linh",
      "name": "MSPVC_Bước Theo Thánh Linh",
      "count": 0,
      "isLeaf": null,
      "keyword": null,
      "hash": "U2FsdGVkX18dXBbTbz8Coo+M7wfoJ8SUBcOF156E2rvi7q1hhio1ap31iaH1dxADSDiLDvPRjILg8QvFba4e2A==",
      "khash": "U2FsdGVkX18pgk66oU46om3g0TwYtrLAvwpjwPymAYk+J2AuuyXUm2PhLG9bh09H92Ncu69OVamuqRBGGAWgMw==",
      "viewCount": null,
      "duration": "47:22",
      "size": 329017275
    },
    {
      "id": "ad6af30d-d32f-4dbe-9f7e-f3f8fccc784f",
      "pid": "93e60200-b113-4239-9ec5-d5d7df05d177",
      "dblevel": 4,
      "location": "/VGMV/01_BaiGiang/CacDienGia/MSPVC_Giop-NguoiTinKinhChua",
      "isVideo": true,
      "url": "01-bai-giang.cac-dien-gia.mspvc-giop-nguoi-tin-kinh-chua",
      "name": "MSPVC_Gióp-Người Tin Kính Chúa",
      "count": 0,
      "isLeaf": null,
      "keyword": null,
      "hash": "U2FsdGVkX1+NxZ9CH7rmKohHV7kHtGUPW8OGDVk8BMojjQNnJ1wOeTbTfYVbKLQQ",
      "khash": "U2FsdGVkX18cAfDoR2dAnHSP2K4hBLV5aovk38YXk60VrHTyfQhqE3eGDth2LuvQhjlf0NCXIbVAv49mVJdVpg==",
      "viewCount": null,
      "duration": "35:34",
      "size": 1048200429
    },
    {
      "id": "3f1b070e-fe67-4e48-96b6-2e63ed4f6fbc",
      "pid": "93e60200-b113-4239-9ec5-d5d7df05d177",
      "dblevel": 4,
      "location": "/VGMV/01_BaiGiang/CacDienGia/MSPVC_HoiThanhCuaDucChuaTroi",
      "isVideo": true,
      "url": "01-bai-giang.cac-dien-gia.mspvc-hoi-thanh-cua-duc-chua-troi",
      "name": "MSPVC_Hội Thánh Của Đức Chúa Trời",
      "count": 0,
      "isLeaf": null,
      "keyword": null,
      "hash": "U2FsdGVkX18BevbIqWiMswAw1tfNAS9a1DSNfbf1AlKWHc2/RkxWbWvC8hKlfOvCwp7gTp3h5gQyHjK8siyOfQ==",
      "khash": "U2FsdGVkX18iHl0vxg6uoMmaMEbHF329BxZ6BfRKD8KtiW6lqPiyanGkUN+xgiVef2E0vFTPlJvY37NpVm/MQA==",
      "viewCount": null,
      "duration": "52:29",
      "size": 401029262
    },
    {
      "id": "aa544ac8-d510-4489-8882-34443771b3e9",
      "pid": "93e60200-b113-4239-9ec5-d5d7df05d177",
      "dblevel": 4,
      "location": "/VGMV/01_BaiGiang/CacDienGia/MSPVC_KhatKhaoVaNhanLanhDucThanhLinh",
      "isVideo": true,
      "url": "01-bai-giang.cac-dien-gia.mspvc-khat-khao-va-nhan-lanh-duc-thanh-linh",
      "name": "MSPVC_Khát Khao Và Nhận Lãnh Đức Thánh Linh",
      "count": 0,
      "isLeaf": null,
      "keyword": null,
      "hash": "U2FsdGVkX18Ozm1EAVsvDSkpa902cOtzQN3waslcbluR0tsxUlvVkiyhv8rggpl2",
      "khash": "U2FsdGVkX18gD8/9fH1SR5WvWyy4OclIL5dzxfU7Y+U+hKdGUgfxS/LQE45+tjnCMsU8ps4+PFap/VqJOHHdWQ==",
      "viewCount": null,
      "duration": "41:50",
      "size": 667880409
    },
    {
      "id": "8180b0a1-98f9-4408-acce-ef5c36aa1d04",
      "pid": "93e60200-b113-4239-9ec5-d5d7df05d177",
      "dblevel": 4,
      "location": "/VGMV/01_BaiGiang/CacDienGia/MSPVC_KhacGhiOnChua",
      "isVideo": true,
      "url": "01-bai-giang.cac-dien-gia.mspvc-khac-ghi-on-chua",
      "name": "MSPVC_Khắc Ghi Ơn Chúa",
      "count": 0,
      "isLeaf": null,
      "keyword": null,
      "hash": "U2FsdGVkX1+uenSu7ibDmPk7LjKx67jeHafphYNOhWnCj+5l1UvX+gPy9XlGpFNE",
      "khash": "U2FsdGVkX18Y5+JdSziRCf3SsupmR/zsiBhaX9YRX/0iZxD1NX5tLNlxYGpzfqGRitJVEpjGcun4qi6Gh6uahw==",
      "viewCount": null,
      "duration": "23:2",
      "size": 573880771
    },
    {
      "id": "1738b48f-8669-4ccb-bb77-11eddbcb6d57",
      "pid": "93e60200-b113-4239-9ec5-d5d7df05d177",
      "dblevel": 4,
      "location": "/VGMV/01_BaiGiang/CacDienGia/MSPVC_NhaDucGie-ho-va",
      "isVideo": true,
      "url": "01-bai-giang.cac-dien-gia.mspvc-nha-duc-gie-ho-va",
      "name": "MSPVC_Nhà Đức Giê-hô-va",
      "count": 0,
      "isLeaf": null,
      "keyword": null,
      "hash": "U2FsdGVkX19bbK+iWotqTryPsKp9oFrK5xJrnrcB3BbqMqtBd0+ypobe1GZzrLw+rTxVTW/PNWhqAm7zkDIZ/g==",
      "khash": "U2FsdGVkX19lY9F/FpOgF+BgMpdlRfbOEVOJjFhL35QlZYlEJhp3XJCqLNKrYX11eUeURlN0sv4J026Av+H4vw==",
      "viewCount": null,
      "duration": "25:44",
      "size": 389942122
    },
    {
      "id": "2380a812-8658-4c81-b479-aaa9e2139e04",
      "pid": "93e60200-b113-4239-9ec5-d5d7df05d177",
      "dblevel": 4,
      "location": "/VGMV/01_BaiGiang/CacDienGia/MSPVC_NepSongDuDat",
      "isVideo": true,
      "url": "01-bai-giang.cac-dien-gia.mspvc-nep-song-du-dat",
      "name": "MSPVC_Nếp Sống Dư Dật",
      "count": 0,
      "isLeaf": null,
      "keyword": null,
      "hash": "U2FsdGVkX1+ND67KOfwktRMIfBVO9Ku2tzeFgust4/37Q2QCNXiBhGk0n75qAYVu",
      "khash": "U2FsdGVkX1+4J70IHJcrgA5P6li6a3f9MKP/ZNJCUIAB1cFOaTzznW5gOrUz23uEzKVC6FSXa6yrBzlay3rkrA==",
      "viewCount": null,
      "duration": "30:3",
      "size": 369083954
    },
    {
      "id": "6f09d938-f614-4a85-ae3f-03d88c007f2b",
      "pid": "93e60200-b113-4239-9ec5-d5d7df05d177",
      "dblevel": 4,
      "location": "/VGMV/01_BaiGiang/CacDienGia/MSPVC_SongTrongLeThat_Gi031621-P1",
      "isVideo": true,
      "url": "01-bai-giang.cac-dien-gia.mspvc-song-trong-le-that-gi031621-p1",
      "name": "MSPVC_Sống Trong Lẽ Thật_Gi031621-P1",
      "count": 0,
      "isLeaf": null,
      "keyword": null,
      "hash": "U2FsdGVkX1+LNT4xc/VMvSL7oI0RQ/HdGJVqCfi1Eu8aRVFv4Qm7sc020r0RMFnaNTCKFCzGnpH44rmQPsZ9ig==",
      "khash": "U2FsdGVkX1+6akyB2r/vHiEVDM2Y8RDWeM3jmD/7I2WZWcTwxnzuXE0WAciRLSldYfLiJ8zd5wbzQTx5izHMIw==",
      "viewCount": null,
      "duration": "30:31",
      "size": 691391177
    },
    {
      "id": "5bd7ac30-8c54-4820-9546-3dd446b817b1",
      "pid": "93e60200-b113-4239-9ec5-d5d7df05d177",
      "dblevel": 4,
      "location": "/VGMV/01_BaiGiang/CacDienGia/MSPVC_SongTrongLeThat_Gi031621-P2",
      "isVideo": true,
      "url": "01-bai-giang.cac-dien-gia.mspvc-song-trong-le-that-gi031621-p2",
      "name": "MSPVC_Sống Trong Lẽ Thật_Gi031621-P2",
      "count": 0,
      "isLeaf": null,
      "keyword": null,
      "hash": "U2FsdGVkX1+pMxElGe+sn33p0RcrrqIL1TLKHwt4LY5vpLkYEH3azKBGsb3c+z+yEP5922HWpvFTaqF0LD/2eg==",
      "khash": "U2FsdGVkX1/rTRYnBw6EMRytdB+oDlmw/RMM+p1oZxo7d53H/HGYD0gr3B9WCWtZqqqv+2f83EV3b1UArzhqYg==",
      "viewCount": null,
      "duration": "43:32",
      "size": 332976470
    },
    {
      "id": "ad1ef2c7-8c46-4b30-8dcd-9eae3e476196",
      "pid": "93e60200-b113-4239-9ec5-d5d7df05d177",
      "dblevel": 4,
      "location": "/VGMV/01_BaiGiang/CacDienGia/MSPVC_SongDeChetVaChetDeSong",
      "isVideo": true,
      "url": "01-bai-giang.cac-dien-gia.mspvc-song-de-chet-va-chet-de-song",
      "name": "MSPVC_Sống Để Chết Và Chết Để Sống",
      "count": 0,
      "isLeaf": null,
      "keyword": null,
      "hash": "U2FsdGVkX1+TCmFG07wA2NGJl07u7HpvGH3daLfzzhnHDvZ4AXpN907Fp2bDPJsbTBPMvEseShBMu8Exvu8o7A==",
      "khash": "U2FsdGVkX1/gXXonmSlOCYSUMpP6vwTw3uvPAyIxXaUqWIUDddwn0LrSaD9h/5l4yc2PDNsJH77HkF9mKXFJhA==",
      "viewCount": null,
      "duration": "29:22",
      "size": 469059248
    },
    {
      "id": "561f9240-24cd-426e-8ee6-41c781bd01d4",
      "pid": "93e60200-b113-4239-9ec5-d5d7df05d177",
      "dblevel": 4,
      "location": "/VGMV/01_BaiGiang/CacDienGia/MSPVC_SuVuiMungLonChoMuonDan",
      "isVideo": true,
      "url": "01-bai-giang.cac-dien-gia.mspvc-su-vui-mung-lon-cho-muon-dan",
      "name": "MSPVC_Sự Vui Mừng Lớn Cho Muôn Dân",
      "count": 0,
      "isLeaf": null,
      "keyword": null,
      "hash": "U2FsdGVkX183tksr5AbuVxf3O/+AVFSdZ7+xi+AoV7Wo9RIy78Ml1rlX9/gvMCdGWSPCU6udBrmCGZsokxhRpw==",
      "khash": "U2FsdGVkX1/9B/Zk3S0hx7k7ICQF7+fooZ4X+riO5u5e7fUmvjoGlIbtszs83eY33cZ+vgB+vDpGxPZKBAuKBQ==",
      "viewCount": null,
      "duration": "18:56",
      "size": 272711799
    },
    {
      "id": "ec6ee710-bdf1-4a37-a1a0-1a350e7e3720",
      "pid": "93e60200-b113-4239-9ec5-d5d7df05d177",
      "dblevel": 4,
      "location": "/VGMV/01_BaiGiang/CacDienGia/MSPVC_TinLanhChoMuonDan",
      "isVideo": true,
      "url": "01-bai-giang.cac-dien-gia.mspvc-tin-lanh-cho-muon-dan",
      "name": "MSPVC_Tin Lành Cho Muôn Dân",
      "count": 0,
      "isLeaf": null,
      "keyword": null,
      "hash": "U2FsdGVkX19oG6TA2aBnJyJswHQ/AsQHrLHx/8yoMNOrltzkd5sxVxpWquwEvnJx2TEPCjSvx/3IuBWFIqjJ1Q==",
      "khash": "U2FsdGVkX181w/sy5G3dzxBr8tJyqM6/y8aOFORivABd83oWFw5M6K7I/HECbzJt/WU6FXqFJLYQ0LsZsPqIkg==",
      "viewCount": null,
      "duration": "30:36",
      "size": 488721722
    },
    {
      "id": "9beeef04-5f1b-4038-9fc5-b28738223ecc",
      "pid": "93e60200-b113-4239-9ec5-d5d7df05d177",
      "dblevel": 4,
      "location": "/VGMV/01_BaiGiang/CacDienGia/MSPVC_VuiTrongNhaChua",
      "isVideo": true,
      "url": "01-bai-giang.cac-dien-gia.mspvc-vui-trong-nha-chua",
      "name": "MSPVC_Vui Trong Nhà Chúa",
      "count": 0,
      "isLeaf": null,
      "keyword": null,
      "hash": "U2FsdGVkX18zaaDk+Crir64CUzh6VDyJpbKjuVNAr9IlxpPOe9tX2ydirDOz5HH9fafz8ZxXjisvusVGUTZwlg==",
      "khash": "U2FsdGVkX19H/pgKwlmw9EEfgNiqA3vQCfaIoclJqJnyiRAY7e2hB/E5alNL+Mop5345/NJMalUiRAhQS7wWFA==",
      "viewCount": null,
      "duration": "32:24",
      "size": 395686697
    },
    {
      "id": "f74540f4-3958-44c6-8854-af9e595d7148",
      "pid": "93e60200-b113-4239-9ec5-d5d7df05d177",
      "dblevel": 4,
      "location": "/VGMV/01_BaiGiang/CacDienGia/MSPVC_DangBaoVeHoiThanh",
      "isVideo": true,
      "url": "01-bai-giang.cac-dien-gia.mspvc-dang-bao-ve-hoi-thanh",
      "name": "MSPVC_Đấng Bảo Vệ Hội Thánh",
      "count": 0,
      "isLeaf": null,
      "keyword": null,
      "hash": "U2FsdGVkX191c6bHiMy26LymPB02EdjtTnPauWYyECijn/W1+gm6A79dQY0+73BB",
      "khash": "U2FsdGVkX1+NfXvyjL11RGRTfjI798XhLHu6YUqtF9uEzVuHWCnbjLnG/ZPH75Yij7mJcTeDnC9ED67qMI0OUw==",
      "viewCount": null,
      "duration": "54:48",
      "size": 874762624
    },
    {
      "id": "7b5f94aa-bea3-4441-80b5-0a513744f7d7",
      "pid": "93e60200-b113-4239-9ec5-d5d7df05d177",
      "dblevel": 4,
      "location": "/VGMV/01_BaiGiang/CacDienGia/MSPVC_DuocCuuBoiDucTin",
      "isVideo": true,
      "url": "01-bai-giang.cac-dien-gia.mspvc-duoc-cuu-boi-duc-tin",
      "name": "MSPVC_Được Cứu Bởi Đức Tin",
      "count": 0,
      "isLeaf": null,
      "keyword": null,
      "hash": "U2FsdGVkX1/H2xBKh9PGD6q5/RiZTOEx8kfGhvhzmEHEUsZyRDRadLNB2VwZ5K7C",
      "khash": "U2FsdGVkX198/JdPlwxXjjK83nhmbR3PR2Gng4yFoMMshcDSbAXCDYMlG31iUDkKOyTV9rT3sF2v1ehDzwUmMQ==",
      "viewCount": null,
      "duration": "21:36",
      "size": 181610995
    },
    {
      "id": "8c46905a-bf01-42b2-b042-de5f4cdca0a6",
      "pid": "93e60200-b113-4239-9ec5-d5d7df05d177",
      "dblevel": 4,
      "location": "/VGMV/01_BaiGiang/CacDienGia/MSTPT_ChuToanChucVuChuaGiao",
      "isVideo": true,
      "url": "01-bai-giang.cac-dien-gia.mstpt-chu-toan-chuc-vu-chua-giao",
      "name": "MSTPT_Chu Toàn Chức Vụ Chúa Giao",
      "count": 0,
      "isLeaf": null,
      "keyword": null,
      "hash": "U2FsdGVkX1+3kbv51C4iNEOkTyC2SuK7ze7r87GZ34hh50L1XxyYRJfMaHszehwdwo48pXvg33k0xZNENxzw+A==",
      "khash": "U2FsdGVkX1+NqOsOQp8cFwatoLarzLqwLIBKjFQLSQCjC3G43+tRiy7jcpEbjmqkmPsEJUSwQD0G2xJAbU0LkA==",
      "viewCount": null,
      "duration": "48:59",
      "size": 1106301579
    },
    {
      "id": "5378ddb8-4fb6-4ef1-a5b7-65ab856e6330",
      "pid": "93e60200-b113-4239-9ec5-d5d7df05d177",
      "dblevel": 4,
      "location": "/VGMV/01_BaiGiang/CacDienGia/MSTPT_ConCuaSuSang",
      "isVideo": true,
      "url": "01-bai-giang.cac-dien-gia.mstpt-con-cua-su-sang",
      "name": "MSTPT_Con Của Sự Sáng",
      "count": 0,
      "isLeaf": null,
      "keyword": null,
      "hash": "U2FsdGVkX1/zOxrjJ8fkD3ZNX/Dh534bjehIFErX/6z4I3l9tfQ0qWLiHu7CB9S8ptIu4owbg10jkb8R/SEJKA==",
      "khash": "U2FsdGVkX18JZS46yrtIJ2lWYlg4rig79gCwuekm4iYH8FCTjkD8mWx1YOSVAl2oI3lwtqqpDjtucH1cBV11dw==",
      "viewCount": null,
      "duration": "23:0",
      "size": 367637507
    },
    {
      "id": "5abd7ce9-45cd-434a-894f-a123e06307f8",
      "pid": "93e60200-b113-4239-9ec5-d5d7df05d177",
      "dblevel": 4,
      "location": "/VGMV/01_BaiGiang/CacDienGia/MSTPT_CoHoiCoNguy",
      "isVideo": true,
      "url": "01-bai-giang.cac-dien-gia.mstpt-co-hoi-co-nguy",
      "name": "MSTPT_Cơ Hội Cơ Nguy",
      "count": 0,
      "isLeaf": null,
      "keyword": null,
      "hash": "U2FsdGVkX19CKzvibIfA0n37sU49uwOqKNzz8fznDEG795urymXTIgx8OGG7hm2xPUEQn2s+JgsGKrX4ILvdyg==",
      "khash": "U2FsdGVkX1+GRjXpDS9CMUqKQi7KjbCjqMBiPMiTNsQbMEKJnQs7EzPBJuvZ5k+nn1PaJNbQvCzH/ZLYfomxgA==",
      "viewCount": null,
      "duration": "51:27",
      "size": 476138194
    },
    {
      "id": "caf14c70-7666-4f60-be9a-4d87599a759e",
      "pid": "93e60200-b113-4239-9ec5-d5d7df05d177",
      "dblevel": 4,
      "location": "/VGMV/01_BaiGiang/CacDienGia/MSTPT_DuDatTrongSuCamTa",
      "isVideo": true,
      "url": "01-bai-giang.cac-dien-gia.mstpt-du-dat-trong-su-cam-ta",
      "name": "MSTPT_Dư Dật Trong Sự Cảm Tạ",
      "count": 0,
      "isLeaf": null,
      "keyword": null,
      "hash": "U2FsdGVkX18CWjS0EdVvh5lg5lvF9JpJrqa0/FjnZw0ZCA6qbWHKYeIlXp15RHOeTRVZl+LYm/1tR5TgjQXfmg==",
      "khash": "U2FsdGVkX1+lFnRPjkPyaDhe0o43g4BT/qLhQLu65OqD66E3oiaZMiNBlXX0QWEKnC6e0wtw0pnOcpv26mtXWg==",
      "viewCount": null,
      "duration": "31:33",
      "size": 838561064
    },
    {
      "id": "50e5a12a-a834-44b9-aee4-d6c87d8cd18c",
      "pid": "93e60200-b113-4239-9ec5-d5d7df05d177",
      "dblevel": 4,
      "location": "/VGMV/01_BaiGiang/CacDienGia/MSTPT_GiuLongTrungTin",
      "isVideo": true,
      "url": "01-bai-giang.cac-dien-gia.mstpt-giu-long-trung-tin",
      "name": "MSTPT_Giữ Lòng Trung Tín",
      "count": 0,
      "isLeaf": null,
      "keyword": null,
      "hash": "U2FsdGVkX1/gwf6ov6gU2GV+IZEcnIp4rXyKtmxGILQCKzzUsGwj33jwBZSt+DH9cER0KHPRa9ljgN8tzf0RFg==",
      "khash": "U2FsdGVkX1+Qfj0RRTM7iWE0l4mDcthPH5fhqpE3E7HC20YH0+Vd6HuvERL2CijBJtRuElrGLHgkXuwP9CNjuQ==",
      "viewCount": null,
      "duration": "43:27",
      "size": 693529783
    },
    {
      "id": "214646d0-792b-4681-9b9a-c0af83c3df73",
      "pid": "93e60200-b113-4239-9ec5-d5d7df05d177",
      "dblevel": 4,
      "location": "/VGMV/01_BaiGiang/CacDienGia/MSTPT_GapChuaPhucSinh",
      "isVideo": true,
      "url": "01-bai-giang.cac-dien-gia.mstpt-gap-chua-phuc-sinh",
      "name": "MSTPT_Gặp Chúa Phục Sinh",
      "count": 0,
      "isLeaf": null,
      "keyword": null,
      "hash": "U2FsdGVkX19y+U8TXq06rKkmhm3dX0NQ1Tskvv0r6zt+33jZ18a2/974T73QCAVyIGPnSqFzW0PFanoC5ekquA==",
      "khash": "U2FsdGVkX1/oufqwhdDMvdUbL4SopWCp0P3I7VGNJVWA5yuUFRLRiz9XPKYafo9qlOzXdpj+SG5toVE1ecq18g==",
      "viewCount": null,
      "duration": "42:26",
      "size": 1246393258
    },
    {
      "id": "2bb46175-14e6-4b30-ac8d-2ff71677c258",
      "pid": "93e60200-b113-4239-9ec5-d5d7df05d177",
      "dblevel": 4,
      "location": "/VGMV/01_BaiGiang/CacDienGia/MSTPT_NguoiPhucVuNgayLanhVaTrungTin-P1",
      "isVideo": true,
      "url": "01-bai-giang.cac-dien-gia.mstpt-nguoi-phuc-vu-ngay-lanh-va-trung-tin-p1",
      "name": "MSTPT_Người Phục Vụ Ngay Lành Và Trung Tín - P1",
      "count": 0,
      "isLeaf": null,
      "keyword": null,
      "hash": "U2FsdGVkX19y6tkxkITdaG6XDQM5RoE80x3V7hd6CLSneO8tyIE6iE0VPY9dazBRoV3z2EoN8Vaxw4nZZM9x7A==",
      "khash": "U2FsdGVkX1/JQtZQhU3gAHNZPD0ntWIXgyQC8quKrQRQoBiRsSfpZ+CMomrpfL7B63hOnMGCTEY7b4RoCBcrjA==",
      "viewCount": null,
      "duration": "40:35",
      "size": 1075492703
    },
    {
      "id": "59c47dc2-1425-4b10-8306-500b57b21324",
      "pid": "93e60200-b113-4239-9ec5-d5d7df05d177",
      "dblevel": 4,
      "location": "/VGMV/01_BaiGiang/CacDienGia/MSTPT_NguoiPhucVuNgayLanhVaTrungTin-P2",
      "isVideo": true,
      "url": "01-bai-giang.cac-dien-gia.mstpt-nguoi-phuc-vu-ngay-lanh-va-trung-tin-p2",
      "name": "MSTPT_Người Phục Vụ Ngay Lành Và Trung Tín - P2",
      "count": 0,
      "isLeaf": null,
      "keyword": null,
      "hash": "U2FsdGVkX1/P+uDlSS/BPP8adFYeBlanjPJwviX9tjYemZ59+G/mOvHLWe+grFjidWnq2j0FteUA4xdw0kpQXw==",
      "khash": "U2FsdGVkX18S7glZuTKl6wi2907CHIP6tAyCFLkodOIR9G3vaD4LCnuVTt6UUawkjGbKMe4OWcp/8ejv69pCdg==",
      "viewCount": null,
      "duration": "54:28",
      "size": 1445671742
    },
    {
      "id": "4fab4c7b-4813-4a43-82d6-2547cf15f354",
      "pid": "93e60200-b113-4239-9ec5-d5d7df05d177",
      "dblevel": 4,
      "location": "/VGMV/01_BaiGiang/CacDienGia/MSTPT_NhenLaiOnChua",
      "isVideo": true,
      "url": "01-bai-giang.cac-dien-gia.mstpt-nhen-lai-on-chua",
      "name": "MSTPT_Nhen Lại Ơn Chúa",
      "count": 0,
      "isLeaf": null,
      "keyword": null,
      "hash": "U2FsdGVkX18LpbcROQ19qIF9yioGYBx+chhTZMBDd4o8w00nadQC+S7RjfA6Jmzw3vNDj2gvVUlD+Fq5vW2xZA==",
      "khash": "U2FsdGVkX1/PrYE2di2aE6LqARaBP8jZQ9s4+FmAoSwaKwj9EllsKXLGF7y47MxX6zOQAsSuvoAPN2Ye8yzTjw==",
      "viewCount": null,
      "duration": "48:21",
      "size": 1434347332
    },
    {
      "id": "4d802a1d-81bf-40c0-bc05-1aec46a752a6",
      "pid": "93e60200-b113-4239-9ec5-d5d7df05d177",
      "dblevel": 4,
      "location": "/VGMV/01_BaiGiang/CacDienGia/MSTPT_NoiKinDaoCuaDangChiCao",
      "isVideo": true,
      "url": "01-bai-giang.cac-dien-gia.mstpt-noi-kin-dao-cua-dang-chi-cao",
      "name": "MSTPT_Nơi Kín Đáo Của Đấng Chí Cao",
      "count": 0,
      "isLeaf": null,
      "keyword": null,
      "hash": "U2FsdGVkX1+ltCWyRim/8Xx/eep3MS4i5m6tBuOY2fSyXZrROnCW6EqmrvfQBVDECyE+T69nK0J8vMh9bDLl2g==",
      "khash": "U2FsdGVkX19y+2DNtG0RJ8PZ4DrjfqA7LBIWCgOOgVAUyfcpgsJjR1UDI1AseHC4NaXUlCu+icnoOpRkz0tmOQ==",
      "viewCount": null,
      "duration": "32:10",
      "size": 803260599
    },
    {
      "id": "79cdcccb-b6e5-4e26-b2ad-67bcd9fb9056",
      "pid": "93e60200-b113-4239-9ec5-d5d7df05d177",
      "dblevel": 4,
      "location": "/VGMV/01_BaiGiang/CacDienGia/MSTPT_NoiThanhDuoiDat",
      "isVideo": true,
      "url": "01-bai-giang.cac-dien-gia.mstpt-noi-thanh-duoi-dat",
      "name": "MSTPT_Nơi Thánh Dưới Đất",
      "count": 0,
      "isLeaf": null,
      "keyword": null,
      "hash": "U2FsdGVkX1+o2WcRta9ZqzuUFZITHzw/ZPCLTjTtPJrFSIQ1yy024V/sXrL4Fn8lVZjZ8pMrU1FOOOIeEC7J6A==",
      "khash": "U2FsdGVkX18/L5hNNhjJrKWWeUGfkGTqTNF4+Br9hP9vLoM03FbQ2xHbhrIPlD9p+xlsJ+1sZx2D0LnM4Quh/g==",
      "viewCount": null,
      "duration": "38:27",
      "size": 294179603
    },
    {
      "id": "15328ede-1d09-4ec2-8745-8dbde0b43266",
      "pid": "93e60200-b113-4239-9ec5-d5d7df05d177",
      "dblevel": 4,
      "location": "/VGMV/01_BaiGiang/CacDienGia/MSTPT_SongKetQuaChoChua",
      "isVideo": true,
      "url": "01-bai-giang.cac-dien-gia.mstpt-song-ket-qua-cho-chua",
      "name": "MSTPT_Sống Kết Qủa Cho Chúa",
      "count": 0,
      "isLeaf": null,
      "keyword": null,
      "hash": "U2FsdGVkX1+str2gUeUsMNYqprl9OU1tbpcPEdEyEIAd69TvVclS1HjxmZQOQVXTJJ4eJHcGPyU9GhEhrAPxew==",
      "khash": "U2FsdGVkX19oLt1w/1GQdacfIBQrQAze91dYvF0KRwcUFB5k1LwLFoojFO/M62KzAY8DBPW6/I1gnkORnGpy/A==",
      "viewCount": null,
      "duration": "59:3",
      "size": 1734405409
    },
    {
      "id": "21367f44-57b1-448e-8e46-8049e397e024",
      "pid": "93e60200-b113-4239-9ec5-d5d7df05d177",
      "dblevel": 4,
      "location": "/VGMV/01_BaiGiang/CacDienGia/MSTPT_SongThanhKhiet",
      "isVideo": true,
      "url": "01-bai-giang.cac-dien-gia.mstpt-song-thanh-khiet",
      "name": "MSTPT_Sống Thánh Khiết",
      "count": 0,
      "isLeaf": null,
      "keyword": null,
      "hash": "U2FsdGVkX1+7YoctsZCDKSw+hijUA8AGpM5eITZnzCPtHOeHozpWFj1gKTlZNpE7e6bbA4/mbwb+Jljih/AIYA==",
      "khash": "U2FsdGVkX19Qo5sCnN/L2geMG4++7N6y2xtoNTiKgf8QK+9gHwxVNOogO4LxXrbHh9g3/wqLWRqJympMC+jbFA==",
      "viewCount": null,
      "duration": "50:37",
      "size": 808172977
    },
    {
      "id": "059bf08c-d7f3-403e-8682-f6ab4dd87a0b",
      "pid": "93e60200-b113-4239-9ec5-d5d7df05d177",
      "dblevel": 4,
      "location": "/VGMV/01_BaiGiang/CacDienGia/MSTPT_SongTrongLeThat_3Gi0204",
      "isVideo": true,
      "url": "01-bai-giang.cac-dien-gia.mstpt-song-trong-le-that-3gi0204",
      "name": "MSTPT_Sống Trong Lẽ Thật_3Gi0204",
      "count": 0,
      "isLeaf": null,
      "keyword": null,
      "hash": "U2FsdGVkX1+dTpmv1m+jnJeM5rBwJsyhRcqa+HM+zObIGGfeLjxbH+Rv1uwhFEh9y1J1dkQzdMZbtB8zbYWvaw==",
      "khash": "U2FsdGVkX18VNV0Ew1V5xCtfZKCBUzTNUHWBpSWox7wrMdokIlSySmkx6jB/c5zTf7P3jcQQeJ3agSxe616y3w==",
      "viewCount": null,
      "duration": "42:1",
      "size": 951783436
    },
    {
      "id": "c30de8e7-ce79-4f89-8035-d091cd4b6e58",
      "pid": "93e60200-b113-4239-9ec5-d5d7df05d177",
      "dblevel": 4,
      "location": "/VGMV/01_BaiGiang/CacDienGia/MSTPT_SanSangChoViecLanh",
      "isVideo": true,
      "url": "01-bai-giang.cac-dien-gia.mstpt-san-sang-cho-viec-lanh",
      "name": "MSTPT_Sẵn Sàng Cho Việc Lành",
      "count": 0,
      "isLeaf": null,
      "keyword": null,
      "hash": "U2FsdGVkX1+8DrAquMYhs75wM9Hhm3fUlvgG9TQGXNDSGlfF1fyji7aghdwmo5CnH1JnAODi45eVAfor7uJL5w==",
      "khash": "U2FsdGVkX19YjxBxtvb+tnZqc+zsuIXASwQqoiP7ADK7RkMo8nCs/j+lSW59pHAJHaLG61GN92o13iOSlsuYFQ==",
      "viewCount": null,
      "duration": "50:23",
      "size": 804412357
    },
    {
      "id": "acdc7de0-5944-4201-9a82-cb6245a2cb4f",
      "pid": "93e60200-b113-4239-9ec5-d5d7df05d177",
      "dblevel": 4,
      "location": "/VGMV/01_BaiGiang/CacDienGia/MSTPT_SuSangChoTranGian",
      "isVideo": true,
      "url": "01-bai-giang.cac-dien-gia.mstpt-su-sang-cho-tran-gian",
      "name": "MSTPT_Sự Sáng Cho Trần Gian",
      "count": 0,
      "isLeaf": null,
      "keyword": null,
      "hash": "U2FsdGVkX1+7y0WUbmhlb+9KFjtoKJ/LwEVO3+3RF1Ty2tuPNrJ8CrOj8v7JsibkVd4yGyQd4IZPArMW3eB8LA==",
      "khash": "U2FsdGVkX180fZ5qDebt07sNu1d/lUl9bwe36ljSDbxICSZel41aMcve0is88PJ260VirdtswXMa64RKWU0TOw==",
      "viewCount": null,
      "duration": "32:16",
      "size": 515299485
    },
    {
      "id": "48919312-9e20-4a29-a1b6-71abcae65995",
      "pid": "93e60200-b113-4239-9ec5-d5d7df05d177",
      "dblevel": 4,
      "location": "/VGMV/01_BaiGiang/CacDienGia/MSTPT_SongBoiDucTin",
      "isVideo": true,
      "url": "01-bai-giang.cac-dien-gia.mstpt-song-boi-duc-tin",
      "name": "MSTPT_Sống Bởi Đức Tin",
      "count": 0,
      "isLeaf": null,
      "keyword": null,
      "hash": "U2FsdGVkX1+ccCvky2f2RCpQcs4T0o2PJIAzHJgPyDM319+4vuvaOjDhHiHS64cDOvR/HfPh9WlZ/HvRn5zUvA==",
      "khash": "U2FsdGVkX1+kmhiZwTP9hUMLcvihsHdbJfr8MLNXyadfLo/WcbtLn/AhAR5+8aBZsxwvTtxfiZ5CjYLtcezsIQ==",
      "viewCount": null,
      "duration": "44:25",
      "size": 339804570
    },
    {
      "id": "26fefc0a-b680-4c86-9682-ac322ff68901",
      "pid": "93e60200-b113-4239-9ec5-d5d7df05d177",
      "dblevel": 4,
      "location": "/VGMV/01_BaiGiang/CacDienGia/MSTPT_SuVuiMungLon",
      "isVideo": true,
      "url": "01-bai-giang.cac-dien-gia.mstpt-su-vui-mung-lon",
      "name": "MSTPT_Sự Vui Mừng Lớn",
      "count": 0,
      "isLeaf": null,
      "keyword": null,
      "hash": "U2FsdGVkX18J2fDs0kiAtr7eEdYF2/OPiNSup5wsBdGRQvxlAZltQM0XLph72YWssIze+DkLRJbaJj56W8OwCg==",
      "khash": "U2FsdGVkX1+T1RijJBwJA4HYpG2yTIEo5MAayxhvVl3tQxyAtXqzfB/vLBg06ewFsD3PNcZ8w5u0kP9Zxq/feA==",
      "viewCount": null,
      "duration": "39:10",
      "size": 387403487
    },
    {
      "id": "2c5cfaf5-941a-4687-94c6-4fc43a068c57",
      "pid": "93e60200-b113-4239-9ec5-d5d7df05d177",
      "dblevel": 4,
      "location": "/VGMV/01_BaiGiang/CacDienGia/MSTPT_SuVuiMungLonChoMuonDan",
      "isVideo": true,
      "url": "01-bai-giang.cac-dien-gia.mstpt-su-vui-mung-lon-cho-muon-dan",
      "name": "MSTPT_Sự Vui Mừng Lớn Cho Muôn Dân",
      "count": 0,
      "isLeaf": null,
      "keyword": null,
      "hash": "U2FsdGVkX18urZQcdO1NJH6NMyPPf0TnQMygjRdrbAwI0gNv4tBkQDHNlXGX2FvsQBsmovUj5abPmsjtPP0SyA==",
      "khash": "U2FsdGVkX1+1b+ri129+rs/7q7S1nYfDsvORe142+FdSt6O/tOU01vPBshUJqtW4KoNrco+F51oMSGrsZFgbmA==",
      "viewCount": null,
      "duration": "33:59",
      "size": 412661318
    },
    {
      "id": "4d669e6a-98f7-4585-917d-1f102b8695cb",
      "pid": "93e60200-b113-4239-9ec5-d5d7df05d177",
      "dblevel": 4,
      "location": "/VGMV/01_BaiGiang/CacDienGia/MSTPT_TheGioiTuongLai",
      "isVideo": true,
      "url": "01-bai-giang.cac-dien-gia.mstpt-the-gioi-tuong-lai",
      "name": "MSTPT_Thế Giới Tương Lai",
      "count": 0,
      "isLeaf": null,
      "keyword": null,
      "hash": "U2FsdGVkX1+EEyq0dib+dXYD/fgf5/sCHyORMKOtPhADtpxGBe6OLsb1Rtggg9nSlUZhKokB9dCseTi92DH1iA==",
      "khash": "U2FsdGVkX1/uQkxr+3A75VC/yLmAOPERmjNvA5rGUjzPQaC5E61fZiTIlflbQvl1t9kE3sIJDAVHQ5j2k988jQ==",
      "viewCount": null,
      "duration": "50:1",
      "size": 307547313
    },
    {
      "id": "7278710e-7a52-40a3-bc6c-c6b3956ef7b5",
      "pid": "93e60200-b113-4239-9ec5-d5d7df05d177",
      "dblevel": 4,
      "location": "/VGMV/01_BaiGiang/CacDienGia/MSTPT_VuonToiMucDichThienThuong",
      "isVideo": true,
      "url": "01-bai-giang.cac-dien-gia.mstpt-vuon-toi-muc-dich-thien-thuong",
      "name": "MSTPT_Vươn Tới Mục Đích Thiên Thượng",
      "count": 0,
      "isLeaf": null,
      "keyword": null,
      "hash": "U2FsdGVkX1+DHEH9KbADf74EawwPoyLINwIi/78NJr42mrw9yxskv33yogfRHuhluUj13QdtO2aGHDLwFUUTLg==",
      "khash": "U2FsdGVkX1/mOG53B8wDJKPGS4DthgtaliBSHrN6/6XyfedWesgqDtO5MCEiLjkpn7eDgjBA5U5Gmo82YXaHNw==",
      "viewCount": null,
      "duration": "41:3",
      "size": 436929218
    },
    {
      "id": "a148f590-ca44-475d-a973-697749658f18",
      "pid": "93e60200-b113-4239-9ec5-d5d7df05d177",
      "dblevel": 4,
      "location": "/VGMV/01_BaiGiang/CacDienGia/MSTPT_AnDienLaLung",
      "isVideo": true,
      "url": "01-bai-giang.cac-dien-gia.mstpt-an-dien-la-lung",
      "name": "MSTPT_Ân Điển Lạ Lùng",
      "count": 0,
      "isLeaf": null,
      "keyword": null,
      "hash": "U2FsdGVkX1/v7QwVYarN/JnO6jEUT+w56nRhnu4YZi0g3cdsuJd+m17nRTrfvkjFTiz/0EhbABDtdtCBjDb1eA==",
      "khash": "U2FsdGVkX1/7xrP+UEWiWX7u3HM1s//RJ9vXrhHSCmYS+ZkpSu5ytSdlyHkHhK7J1u/kQe3wKC/E6RqiouNUsA==",
      "viewCount": null,
      "duration": "40:5",
      "size": 884636305
    },
    {
      "id": "ecaf292a-8af3-48a9-b778-bafb8903c2a4",
      "pid": "93e60200-b113-4239-9ec5-d5d7df05d177",
      "dblevel": 4,
      "location": "/VGMV/01_BaiGiang/CacDienGia/MSTPT_DongCongChoLeThat",
      "isVideo": true,
      "url": "01-bai-giang.cac-dien-gia.mstpt-dong-cong-cho-le-that",
      "name": "MSTPT_Đồng Công Cho Lẽ Thật",
      "count": 0,
      "isLeaf": null,
      "keyword": null,
      "hash": "U2FsdGVkX19CbOjdSXbyWeP7eVUzTdT3nYKxccfsmiqDOsST2/i0GbULAsTGpqT8gGXOVx3olakpHFMwlVb7PA==",
      "khash": "U2FsdGVkX18vf+3vjJIW6YB1+FbslQEQtiA60MxfbnVXp3vtIfMNxVfH0G4Cp+FPrQcDUZ8rA5Nziqa3lX1sqw==",
      "viewCount": null,
      "duration": "27:35",
      "size": 273611862
    },
    {
      "id": "21176406-6348-45b0-a08a-6117d742c1ff",
      "pid": "93e60200-b113-4239-9ec5-d5d7df05d177",
      "dblevel": 4,
      "location": "/VGMV/01_BaiGiang/CacDienGia/MSTPT_DungTruocThachThuc",
      "isVideo": true,
      "url": "01-bai-giang.cac-dien-gia.mstpt-dung-truoc-thach-thuc",
      "name": "MSTPT_Đứng Trước Thách Thức",
      "count": 0,
      "isLeaf": null,
      "keyword": null,
      "hash": "U2FsdGVkX1+TeuFYChMJcpcxdezEIQELzRfymLbYGjuNZj8AuGCbr9eEB+f4PR0Le2mWYfK5hMZIre74HCnaTA==",
      "khash": "U2FsdGVkX18VKdD2VaxIJYldrUT/JCCdlykUzisMs59Z1zJW2074jNr4DZe9DQMeTK58zVtj62RGWdpPjuZTlQ==",
      "viewCount": null,
      "duration": "47:9",
      "size": 1396390681
    }
  ]
}