{
  "id": "e5d88b62-4694-4a97-a92e-ce81a0525c38",
  "pid": "f7c2989b-2087-4adb-bfb0-39d3f9670775",
  "dblevel": 5,
  "location": "/VGMV/01_BaiGiang/HocTheoChuDe/02-NhungThacMacTrongDoiSong/BaihocAlpha2",
  "isVideo": true,
  "url": "01-bai-giang.hoc-theo-chu-de.02-nhung-thac-mac-trong-doi-song.bai-hoc-alpha-2",
  "name": "Bài học Alpha 2",
  "count": 12,
  "isLeaf": true,
  "keyword": null,
  "hash": null,
  "khash": null,
  "viewCount": null,
  "duration": null,
  "size": null,
  "children": [
    {
      "id": "fee3a057-1ae0-412c-b547-f7b168d26a9d",
      "pid": "e5d88b62-4694-4a97-a92e-ce81a0525c38",
      "dblevel": 6,
      "location": "/VGMV/01_BaiGiang/HocTheoChuDe/02-NhungThacMacTrongDoiSong/BaihocAlpha2/AlphaYouth01Cuocsong",
      "isVideo": true,
      "url": "01-bai-giang.hoc-theo-chu-de.02-nhung-thac-mac-trong-doi-song.bai-hoc-alpha-2.alpha-youth-01-cuoc-song",
      "name": "Alpha Youth 01 Cuộc sống",
      "count": 0,
      "isLeaf": null,
      "keyword": null,
      "hash": "U2FsdGVkX1/0OxMaZM11YoemS9MIm7gAnZZYQ/HzsilvNscDM4GrSTChgk+TUzT1lfquBCuMEwSAcFcxwoHj6Q==",
      "khash": "U2FsdGVkX187LLmyQT9vR+kWjtKfz3adgKQk42O1+eykeGW3QHOqdmIg07SDAoJuLkZKEp1QZOtUuoGlYWdj1A==",
      "viewCount": null,
      "duration": "18:53",
      "size": 202408973
    },
    {
      "id": "669b0ca9-58ac-4bc3-b623-780928ad5ce8",
      "pid": "e5d88b62-4694-4a97-a92e-ce81a0525c38",
      "dblevel": 6,
      "location": "/VGMV/01_BaiGiang/HocTheoChuDe/02-NhungThacMacTrongDoiSong/BaihocAlpha2/AlphaYouth02ChuaGie-xu",
      "isVideo": true,
      "url": "01-bai-giang.hoc-theo-chu-de.02-nhung-thac-mac-trong-doi-song.bai-hoc-alpha-2.alpha-youth-02-chua-gie-xu",
      "name": "Alpha Youth 02 Chúa Giê-xu",
      "count": 0,
      "isLeaf": null,
      "keyword": null,
      "hash": "U2FsdGVkX19l5gS2K3Is4yLMUpiTRabXdLOEWvFQnzmVzac6RTyWzhOlyleFVriLIKgE3XQl7xCaFdimRkmSIg==",
      "khash": "U2FsdGVkX1/aJiaF1F45RFo8FdmOIFXtcqIWk+Yan67Pc8QAVj4de9MmqN2SnHcRVJ+SzgMT4sh7dPx6SsYOAw==",
      "viewCount": null,
      "duration": "21:58",
      "size": 232496115
    },
    {
      "id": "49b73f99-0530-442b-8183-96dd9ce48f13",
      "pid": "e5d88b62-4694-4a97-a92e-ce81a0525c38",
      "dblevel": 6,
      "location": "/VGMV/01_BaiGiang/HocTheoChuDe/02-NhungThacMacTrongDoiSong/BaihocAlpha2/AlphaYouth03Thaptugia",
      "isVideo": true,
      "url": "01-bai-giang.hoc-theo-chu-de.02-nhung-thac-mac-trong-doi-song.bai-hoc-alpha-2.alpha-youth-03-thap-tu-gia",
      "name": "Alpha Youth 03 Thập tự giá",
      "count": 0,
      "isLeaf": null,
      "keyword": null,
      "hash": "U2FsdGVkX1/a+Oa7NaUcefu0SRFcg9Kr8F3SaINBNHtxBmL/6H3lqYg+8jUVid0vWqkwyUO31/OjDIfwTu451Q==",
      "khash": "U2FsdGVkX18TOZMJT/uGgLo6Vl98G7b7cji1lRNDc3jd0qHXBgzLJNVHqxWizXz7ECHw4oxWcS9P6UjPY7MZ+A==",
      "viewCount": null,
      "duration": "19:32",
      "size": 207076534
    },
    {
      "id": "776700b1-3584-410c-bb64-12491ff834d5",
      "pid": "e5d88b62-4694-4a97-a92e-ce81a0525c38",
      "dblevel": 6,
      "location": "/VGMV/01_BaiGiang/HocTheoChuDe/02-NhungThacMacTrongDoiSong/BaihocAlpha2/AlphaYouth04Ductin",
      "isVideo": true,
      "url": "01-bai-giang.hoc-theo-chu-de.02-nhung-thac-mac-trong-doi-song.bai-hoc-alpha-2.alpha-youth-04-duc-tin",
      "name": "Alpha Youth 04 Đức tin",
      "count": 0,
      "isLeaf": null,
      "keyword": null,
      "hash": "U2FsdGVkX1+Ii9PmwWCyC8PNma8GRbz8gK+cJ+WWeTftxDfj9ptQg8U00eGQz70jyq3IjLmIJxI8JEb7ufIkNQ==",
      "khash": "U2FsdGVkX1+dABisME9pED+kmR+4lCGn5nAMBEqEdLZ9r3DFmLytKXRXpZrUQp8O8fYwtfZLWPFfMqKT1UHxLQ==",
      "viewCount": null,
      "duration": "19:3",
      "size": 196576744
    },
    {
      "id": "364f9e28-d8d3-4f2f-93d8-db173aebb42f",
      "pid": "e5d88b62-4694-4a97-a92e-ce81a0525c38",
      "dblevel": 6,
      "location": "/VGMV/01_BaiGiang/HocTheoChuDe/02-NhungThacMacTrongDoiSong/BaihocAlpha2/AlphaYouth05Caunguyen",
      "isVideo": true,
      "url": "01-bai-giang.hoc-theo-chu-de.02-nhung-thac-mac-trong-doi-song.bai-hoc-alpha-2.alpha-youth-05-cau-nguyen",
      "name": "Alpha Youth 05 Cầu nguyện",
      "count": 0,
      "isLeaf": null,
      "keyword": null,
      "hash": "U2FsdGVkX1+KjIcWI6kdCrZ1WMfMUbRfQg6stBvnRNokOOnhPjmmaA45slBGY5cTQkFqddnCWfKFqDSssOpdbA==",
      "khash": "U2FsdGVkX1/FQGpNkMIfXFjRD/de986pNdmGti9KDMXq02CZMc8xlsh5/WJCh8Dd0sCAYS6scea2b9zV248C9Q==",
      "viewCount": null,
      "duration": "19:12",
      "size": 201081441
    },
    {
      "id": "27207eb2-dda1-4cc3-a34c-d95660a41273",
      "pid": "e5d88b62-4694-4a97-a92e-ce81a0525c38",
      "dblevel": 6,
      "location": "/VGMV/01_BaiGiang/HocTheoChuDe/02-NhungThacMacTrongDoiSong/BaihocAlpha2/AlphaYouth06KinhThanh",
      "isVideo": true,
      "url": "01-bai-giang.hoc-theo-chu-de.02-nhung-thac-mac-trong-doi-song.bai-hoc-alpha-2.alpha-youth-06-kinh-thanh",
      "name": "Alpha Youth 06 Kinh Thánh",
      "count": 0,
      "isLeaf": null,
      "keyword": null,
      "hash": "U2FsdGVkX19wOxkiA09fJrQNixk/Al1Qo02uPFHzT5b4HwPmuTflllYRSsK1++yRMed9/HR71cfIEz24Kf716w==",
      "khash": "U2FsdGVkX1+aCby93LH2DZSxHKwA28bYIDBI/vkX/c/5TMFnp8LnWfzGaUG3MhH26ZpZbd33YrvykUCXqsmCnw==",
      "viewCount": null,
      "duration": "19:59",
      "size": 209966453
    },
    {
      "id": "d0c21ea9-728a-4639-8db6-b13623544f61",
      "pid": "e5d88b62-4694-4a97-a92e-ce81a0525c38",
      "dblevel": 6,
      "location": "/VGMV/01_BaiGiang/HocTheoChuDe/02-NhungThacMacTrongDoiSong/BaihocAlpha2/AlphaYouth07TheoChua",
      "isVideo": true,
      "url": "01-bai-giang.hoc-theo-chu-de.02-nhung-thac-mac-trong-doi-song.bai-hoc-alpha-2.alpha-youth-07-theo-chua",
      "name": "Alpha Youth 07 Theo Chúa",
      "count": 0,
      "isLeaf": null,
      "keyword": null,
      "hash": "U2FsdGVkX18qefA8VjglrFpWS7r17tSZPK2JqpVTZ3TfiLOP+D+89AcXswYoW1VM7XkJvo1DiVJymXWRahQQGg==",
      "khash": "U2FsdGVkX18NIb2vtmuvPxTy+A2HJYz+7QB5bLFCjLMTywZZx3qwP0yBY2opKXO+LsKqm4JzhoaENzVoPLkkrA==",
      "viewCount": null,
      "duration": "15:39",
      "size": 172461756
    },
    {
      "id": "36bdb1fa-afc3-4c3a-9e89-d3979257af20",
      "pid": "e5d88b62-4694-4a97-a92e-ce81a0525c38",
      "dblevel": 6,
      "location": "/VGMV/01_BaiGiang/HocTheoChuDe/02-NhungThacMacTrongDoiSong/BaihocAlpha2/AlphaYouth08ThanhLinh",
      "isVideo": true,
      "url": "01-bai-giang.hoc-theo-chu-de.02-nhung-thac-mac-trong-doi-song.bai-hoc-alpha-2.alpha-youth-08-thanh-linh",
      "name": "Alpha Youth 08 Thánh Linh",
      "count": 0,
      "isLeaf": null,
      "keyword": null,
      "hash": "U2FsdGVkX19dIRqGBMnci/q3opSnFQQ6HnsKrAZKa8WzkadKlbKKRP9vBh6lzCYp3mkzCx7V3MAXcbpCtl4QXQ==",
      "khash": "U2FsdGVkX19bwdiBM83vJn5DtBkoVZ0STb4DdSXkdfuHi4JyGgM7c0OaA/7ChbJxipsIv41DsAYnrBJ1E60CFw==",
      "viewCount": null,
      "duration": "21:15",
      "size": 235845047
    },
    {
      "id": "3d91f4ad-820c-4fe2-8691-012eb9c42948",
      "pid": "e5d88b62-4694-4a97-a92e-ce81a0525c38",
      "dblevel": 6,
      "location": "/VGMV/01_BaiGiang/HocTheoChuDe/02-NhungThacMacTrongDoiSong/BaihocAlpha2/AlphaYouth09Dayday",
      "isVideo": true,
      "url": "01-bai-giang.hoc-theo-chu-de.02-nhung-thac-mac-trong-doi-song.bai-hoc-alpha-2.alpha-youth-09-day-day",
      "name": "Alpha Youth 09 Đầy dẫy",
      "count": 0,
      "isLeaf": null,
      "keyword": null,
      "hash": "U2FsdGVkX195IM1mYbgCFGdw7nixRfySwYnwQbeI0OtuXtJygeFtl2z4xXGp28IcIZPWXGPpwj7m5vobtELsPg==",
      "khash": "U2FsdGVkX18QG2ifSQevrcweZw+b8lEjFbbiHoGr80/UkaK4zclNJUale/Ws8rOBa508/hgDuYL3cDCoxy99tQ==",
      "viewCount": null,
      "duration": "14:16",
      "size": 151634339
    },
    {
      "id": "9eecd62a-204b-404f-ac61-2aad647ed932",
      "pid": "e5d88b62-4694-4a97-a92e-ce81a0525c38",
      "dblevel": 6,
      "location": "/VGMV/01_BaiGiang/HocTheoChuDe/02-NhungThacMacTrongDoiSong/BaihocAlpha2/AlphaYouth10Maquy",
      "isVideo": true,
      "url": "01-bai-giang.hoc-theo-chu-de.02-nhung-thac-mac-trong-doi-song.bai-hoc-alpha-2.alpha-youth-10-ma-quy",
      "name": "Alpha Youth 10 Ma quỷ",
      "count": 0,
      "isLeaf": null,
      "keyword": null,
      "hash": "U2FsdGVkX18IFqrvuT5s5+JfEwmFEMnPrdfqOsN8PLtisCo6XtQagwPArDtnNLCDn4C5AZWRgwas/tBm2qhOpw==",
      "khash": "U2FsdGVkX18ovmlc6VyGTFkIKCFQa99DNEDrzV3VRDwpNa4cHESyGM0hL88RobQQ69PD0ALdCemYw9uwmxtbEw==",
      "viewCount": null,
      "duration": "20:12",
      "size": 220777763
    },
    {
      "id": "3029e8ce-121e-42bc-a593-80ebf31beb16",
      "pid": "e5d88b62-4694-4a97-a92e-ce81a0525c38",
      "dblevel": 6,
      "location": "/VGMV/01_BaiGiang/HocTheoChuDe/02-NhungThacMacTrongDoiSong/BaihocAlpha2/AlphaYouth11Suchualanh",
      "isVideo": true,
      "url": "01-bai-giang.hoc-theo-chu-de.02-nhung-thac-mac-trong-doi-song.bai-hoc-alpha-2.alpha-youth-11-su-chua-lanh",
      "name": "Alpha Youth 11 Sự chữa lành",
      "count": 0,
      "isLeaf": null,
      "keyword": null,
      "hash": "U2FsdGVkX19riTXPbeLp3cjkA14k44K3tLv/Rj+IyNF1jxBA8q5RINq4SVKRDNdgAgpMMz0Ciu42+mLsa+fjMg==",
      "khash": "U2FsdGVkX1/ozPHz0PB0gNsLGolUfy4Oy4d+Z68Xl/PMRrlEQIp0LbJKNcYsCDZfow3sf1gjYYOy1PpgjGUwFA==",
      "viewCount": null,
      "duration": "22:54",
      "size": 247070118
    },
    {
      "id": "8e67d73f-9f70-474b-a0fe-8a048327a754",
      "pid": "e5d88b62-4694-4a97-a92e-ce81a0525c38",
      "dblevel": 6,
      "location": "/VGMV/01_BaiGiang/HocTheoChuDe/02-NhungThacMacTrongDoiSong/BaihocAlpha2/AlphaYouth12HoiThanh",
      "isVideo": true,
      "url": "01-bai-giang.hoc-theo-chu-de.02-nhung-thac-mac-trong-doi-song.bai-hoc-alpha-2.alpha-youth-12-hoi-thanh",
      "name": "Alpha Youth 12 Hội Thánh",
      "count": 0,
      "isLeaf": null,
      "keyword": null,
      "hash": "U2FsdGVkX1/nq+5AP10auJPcBczjPKAKLnNRNfsLawK0t7Eijhgc5N/yds1oIFvDhMC080a0gUQ/rqmzwSP7Ig==",
      "khash": "U2FsdGVkX19tg53Y0kvQnIqnqn99EmDwtUvijpy5agNMRi05m6IAApu+IUtBCBsm9uUrJ4rMvmy93GA+CZ5xnw==",
      "viewCount": null,
      "duration": "23:28",
      "size": 254192410
    }
  ]
}