{
  "id": "ad0f6511-ab79-4e4e-998b-c5e8486bcbae",
  "pid": "fc6e547f-514a-4abb-88d7-8a843ad24da2",
  "dblevel": 4,
  "location": "/VGMV/01_BaiGiang/HocTheoSachTrongKinhThanh/ThuGa-la-ti2020-MSNguyenThi",
  "isVideo": true,
  "url": "01-bai-giang.hoc-theo-sach-trong-kinh-thanh.thu-ga-la-ti-2020-ms-nguyen-thi",
  "name": "Thư Ga-la-ti 2020 - MS Nguyễn Thỉ",
  "count": 18,
  "isLeaf": true,
  "keyword": null,
  "hash": null,
  "khash": null,
  "viewCount": null,
  "duration": null,
  "size": null,
  "children": [
    {
      "id": "6687b6f4-5863-49ca-b0ce-89cd5b70b26a",
      "pid": "ad0f6511-ab79-4e4e-998b-c5e8486bcbae",
      "dblevel": 5,
      "location": "/VGMV/01_BaiGiang/HocTheoSachTrongKinhThanh/ThuGa-la-ti2020-MSNguyenThi/01_Ga010102",
      "isVideo": true,
      "url": "01-bai-giang.hoc-theo-sach-trong-kinh-thanh.thu-ga-la-ti-2020-ms-nguyen-thi.01-ga010102",
      "name": "01_Ga010102",
      "count": 0,
      "isLeaf": null,
      "keyword": null,
      "hash": "U2FsdGVkX18ZEJ/LUaewMjFNYO97yvRPXuyAOm6nSr+3h8yzj0o0GNmmU4UEzuB8PQvyg3FD+iZpEw4sI0IOHg==",
      "khash": "U2FsdGVkX1/E2c/ple7tXsybujH+pcI3smVNEb0P6eWtJ4wrKr7CM5uf4F3365XtBgEM/DQpRaaCELHW3SUd5A==",
      "viewCount": null,
      "duration": "51:38",
      "size": 1293934705
    },
    {
      "id": "9fc76958-42dd-4681-abd4-b54d0849a161",
      "pid": "ad0f6511-ab79-4e4e-998b-c5e8486bcbae",
      "dblevel": 5,
      "location": "/VGMV/01_BaiGiang/HocTheoSachTrongKinhThanh/ThuGa-la-ti2020-MSNguyenThi/02_Ga010310",
      "isVideo": true,
      "url": "01-bai-giang.hoc-theo-sach-trong-kinh-thanh.thu-ga-la-ti-2020-ms-nguyen-thi.02-ga010310",
      "name": "02_Ga010310",
      "count": 0,
      "isLeaf": null,
      "keyword": null,
      "hash": "U2FsdGVkX18Ujav7MTrwtODEWlqZunD/ktIpLTEMJl6gbRicpjbA6LQ5oUZ2+UZABOEMwQ/r1LdUa0FSPs/rIQ==",
      "khash": "U2FsdGVkX187EEa/C9s+4G5+Fku5wfTxTuMpX7XQgYu5acDLxTT1Yi6nM+43TXWhMRPdEBoYzDTOR0YEJoAJoQ==",
      "viewCount": null,
      "duration": "45:11",
      "size": 821994739
    },
    {
      "id": "63e9f0e6-f594-4577-9a2f-68aeed38d830",
      "pid": "ad0f6511-ab79-4e4e-998b-c5e8486bcbae",
      "dblevel": 5,
      "location": "/VGMV/01_BaiGiang/HocTheoSachTrongKinhThanh/ThuGa-la-ti2020-MSNguyenThi/03_Ga011124",
      "isVideo": true,
      "url": "01-bai-giang.hoc-theo-sach-trong-kinh-thanh.thu-ga-la-ti-2020-ms-nguyen-thi.03-ga011124",
      "name": "03_Ga011124",
      "count": 0,
      "isLeaf": null,
      "keyword": null,
      "hash": "U2FsdGVkX1+pU/i5UsOsgRpY5SC1XVTsCWkV+ZLGEvmzbi+WqiiFysD8hgIcGLSaO4WUZ2mCM/5wSV5SrGO3VA==",
      "khash": "U2FsdGVkX1/vt1SAcb3KTlLSsCbXIQcNKsjAkSTxRchjlv5Qbz0KZt48pyzXJ9tE5QAaM2ZKGIj+aU39wdvBSA==",
      "viewCount": null,
      "duration": "41:21",
      "size": 583890846
    },
    {
      "id": "ac288400-0c52-4e70-944d-337ff952b5f9",
      "pid": "ad0f6511-ab79-4e4e-998b-c5e8486bcbae",
      "dblevel": 5,
      "location": "/VGMV/01_BaiGiang/HocTheoSachTrongKinhThanh/ThuGa-la-ti2020-MSNguyenThi/04_Ga020110",
      "isVideo": true,
      "url": "01-bai-giang.hoc-theo-sach-trong-kinh-thanh.thu-ga-la-ti-2020-ms-nguyen-thi.04-ga020110",
      "name": "04_Ga020110",
      "count": 0,
      "isLeaf": null,
      "keyword": null,
      "hash": "U2FsdGVkX18TbQ/iu08IdsZiua5TaocA2gsnV78CQUoRwlKDQIMipCQLxf6AvUQgTBvttINJW9eadRQI1VyM8g==",
      "khash": "U2FsdGVkX19HhSS/UoamoFQHLbD+wIqbLVvIsyvY8yZQl7hI1q0oUFOnCGt46eoiu+V4cWMzE8bZpyh/TC9wzQ==",
      "viewCount": null,
      "duration": "38:43",
      "size": 690283739
    },
    {
      "id": "405d96d8-31b5-4893-a37c-276eab5b5334",
      "pid": "ad0f6511-ab79-4e4e-998b-c5e8486bcbae",
      "dblevel": 5,
      "location": "/VGMV/01_BaiGiang/HocTheoSachTrongKinhThanh/ThuGa-la-ti2020-MSNguyenThi/05_Ga021114",
      "isVideo": true,
      "url": "01-bai-giang.hoc-theo-sach-trong-kinh-thanh.thu-ga-la-ti-2020-ms-nguyen-thi.05-ga021114",
      "name": "05_Ga021114",
      "count": 0,
      "isLeaf": null,
      "keyword": null,
      "hash": "U2FsdGVkX19S7u4Yq6Z2whAuFQeCKvno/MPOyM885suoUrQ8wC2nsTj3EGImq/OvpDrZhDquskw57JK9uxLp/Q==",
      "khash": "U2FsdGVkX1/1wblzo7dscy1r1oeRVqUeY8VXldonI+2XILNb0wmTG6wMy6IErVvO/LRytC3kp8Agrk9uMmnIXA==",
      "viewCount": null,
      "duration": "38:20",
      "size": 692828547
    },
    {
      "id": "546f3731-b63b-4260-a682-b3c9235a954c",
      "pid": "ad0f6511-ab79-4e4e-998b-c5e8486bcbae",
      "dblevel": 5,
      "location": "/VGMV/01_BaiGiang/HocTheoSachTrongKinhThanh/ThuGa-la-ti2020-MSNguyenThi/06_Ga030109",
      "isVideo": true,
      "url": "01-bai-giang.hoc-theo-sach-trong-kinh-thanh.thu-ga-la-ti-2020-ms-nguyen-thi.06-ga030109",
      "name": "06_Ga030109",
      "count": 0,
      "isLeaf": null,
      "keyword": null,
      "hash": "U2FsdGVkX18KbD08RrUbTFvg6340c5e0ur9tkfY1dfXiDkg0+rmyzd20DS2ctfJy19KvTMa7KBIxYhTwVQXa4w==",
      "khash": "U2FsdGVkX19liqx9RePabg938sBD3QtzGVs6LCNAh0m66twmtkivsP1VZaGO8JiNf2UQipGAW8pdwB0VaPYayQ==",
      "viewCount": null,
      "duration": "43:1",
      "size": 625722497
    },
    {
      "id": "ef43d762-2237-41b2-a3e0-ecf8ca78b610",
      "pid": "ad0f6511-ab79-4e4e-998b-c5e8486bcbae",
      "dblevel": 5,
      "location": "/VGMV/01_BaiGiang/HocTheoSachTrongKinhThanh/ThuGa-la-ti2020-MSNguyenThi/07_Ga031014",
      "isVideo": true,
      "url": "01-bai-giang.hoc-theo-sach-trong-kinh-thanh.thu-ga-la-ti-2020-ms-nguyen-thi.07-ga031014",
      "name": "07_Ga031014",
      "count": 0,
      "isLeaf": null,
      "keyword": null,
      "hash": "U2FsdGVkX18mpjEfaKf8o3o2JGJKXwzDzyFXNjMaG+cukER7rgqs7gFz8bz1eKJPdN9a4GBASzxlFPgr4tvgcw==",
      "khash": "U2FsdGVkX1+hvXGmKxKYJx4UwHFgqqo/GorGaB9kyiTCkPYA9XVum6OkBIqXugYqmYkytjPQMNs6eyhJosM/kA==",
      "viewCount": null,
      "duration": "31:45",
      "size": 416138183
    },
    {
      "id": "551590aa-836d-40a7-a45b-d0591a7b3265",
      "pid": "ad0f6511-ab79-4e4e-998b-c5e8486bcbae",
      "dblevel": 5,
      "location": "/VGMV/01_BaiGiang/HocTheoSachTrongKinhThanh/ThuGa-la-ti2020-MSNguyenThi/08_Ga031520",
      "isVideo": true,
      "url": "01-bai-giang.hoc-theo-sach-trong-kinh-thanh.thu-ga-la-ti-2020-ms-nguyen-thi.08-ga031520",
      "name": "08_Ga031520",
      "count": 0,
      "isLeaf": null,
      "keyword": null,
      "hash": "U2FsdGVkX18nyOB+ixz2IzVoDrED7bmCX1mft4utluJcTuiUlnRIuk2mTrKyOyx/0X+EGdFmxeI5s7tAo56pnQ==",
      "khash": "U2FsdGVkX19zxt13MiegyB6re2K+ucrZ4TLLwJjkh6nS12XT+tDKfxj9Iltxs5yyU/TKy0n/wwZpVJarAjWpIw==",
      "viewCount": null,
      "duration": "42:45",
      "size": 698577457
    },
    {
      "id": "394caacc-04e3-4b80-8714-d5046148665d",
      "pid": "ad0f6511-ab79-4e4e-998b-c5e8486bcbae",
      "dblevel": 5,
      "location": "/VGMV/01_BaiGiang/HocTheoSachTrongKinhThanh/ThuGa-la-ti2020-MSNguyenThi/09_Ga032129",
      "isVideo": true,
      "url": "01-bai-giang.hoc-theo-sach-trong-kinh-thanh.thu-ga-la-ti-2020-ms-nguyen-thi.09-ga032129",
      "name": "09_Ga032129",
      "count": 0,
      "isLeaf": null,
      "keyword": null,
      "hash": "U2FsdGVkX1/TgP4e3qNVRVn/h2c5arkV7g8Yktl0/840yPaMn9jLw4tBsWtIT3Lf7w7nY0G1FPsTNNTxDBSwBQ==",
      "khash": "U2FsdGVkX1/c6Hk4XWESqjlPdss+CAdMuvkL6paLMW06f/u4+bdAJ3PSn6MlO+7/InFMQ7eIK4fTVDsYBq820w==",
      "viewCount": null,
      "duration": "35:39",
      "size": 596895466
    },
    {
      "id": "eb424e23-a35a-4c14-945e-80cf2d8db962",
      "pid": "ad0f6511-ab79-4e4e-998b-c5e8486bcbae",
      "dblevel": 5,
      "location": "/VGMV/01_BaiGiang/HocTheoSachTrongKinhThanh/ThuGa-la-ti2020-MSNguyenThi/10_Ga040111",
      "isVideo": true,
      "url": "01-bai-giang.hoc-theo-sach-trong-kinh-thanh.thu-ga-la-ti-2020-ms-nguyen-thi.10-ga040111",
      "name": "10_Ga040111",
      "count": 0,
      "isLeaf": null,
      "keyword": null,
      "hash": "U2FsdGVkX195gM1KwhFpumyXh+bTmJN4lT5w1hFKqI1U7TAvzVudlr+PKEFWyU2qTtlEoHt/bXgjH6mC+L7w7g==",
      "khash": "U2FsdGVkX1/D0i5OLbdLgF3VQZoRX5+eENn9uWipr4euzk+m2RlHjTGvDal4/FxSpMUvTWnZFXdabt3TBqOyOA==",
      "viewCount": null,
      "duration": "60:58",
      "size": 1032911149
    },
    {
      "id": "24789a2f-74cc-40b8-9d54-9361c322708d",
      "pid": "ad0f6511-ab79-4e4e-998b-c5e8486bcbae",
      "dblevel": 5,
      "location": "/VGMV/01_BaiGiang/HocTheoSachTrongKinhThanh/ThuGa-la-ti2020-MSNguyenThi/11_Ga041220",
      "isVideo": true,
      "url": "01-bai-giang.hoc-theo-sach-trong-kinh-thanh.thu-ga-la-ti-2020-ms-nguyen-thi.11-ga041220",
      "name": "11_Ga041220",
      "count": 0,
      "isLeaf": null,
      "keyword": null,
      "hash": "U2FsdGVkX1+JOSQr3aINZlPbQapUHvG23mkci2z5exakkjMG+j92aQ4u4k2Ubw2YI7P71cvwrCXSZVGpbCYGDA==",
      "khash": "U2FsdGVkX1/lbeMPZu0VVCaF/5Bxekywgfh5lIhd6raMXULBJGv9AW0NoEE+LEqzOL4I902H//BMSDB4MxTPjw==",
      "viewCount": null,
      "duration": "36:35",
      "size": 625466460
    },
    {
      "id": "45f0d4a8-3e80-459b-ad7f-659199d935ae",
      "pid": "ad0f6511-ab79-4e4e-998b-c5e8486bcbae",
      "dblevel": 5,
      "location": "/VGMV/01_BaiGiang/HocTheoSachTrongKinhThanh/ThuGa-la-ti2020-MSNguyenThi/12_Ga042131",
      "isVideo": true,
      "url": "01-bai-giang.hoc-theo-sach-trong-kinh-thanh.thu-ga-la-ti-2020-ms-nguyen-thi.12-ga042131",
      "name": "12_Ga042131",
      "count": 0,
      "isLeaf": null,
      "keyword": null,
      "hash": "U2FsdGVkX19QMMrPWjDJEM09tJpIgm/+Wuq5B3PsAqQjRAcjS+m59e26tAC6ywonG24AhELALggAZjETlIBo5w==",
      "khash": "U2FsdGVkX1+lSeGen9qEhAVkmJ2kDsiMFc0lI4jh0YwVItBnoqi49MNUgc8yJXlePjKYemkEOxb7fZxeV/jJUQ==",
      "viewCount": null,
      "duration": "35:20",
      "size": 615435245
    },
    {
      "id": "129eb413-576f-40dd-a62b-1f95e94eda6b",
      "pid": "ad0f6511-ab79-4e4e-998b-c5e8486bcbae",
      "dblevel": 5,
      "location": "/VGMV/01_BaiGiang/HocTheoSachTrongKinhThanh/ThuGa-la-ti2020-MSNguyenThi/13_Ga050112",
      "isVideo": true,
      "url": "01-bai-giang.hoc-theo-sach-trong-kinh-thanh.thu-ga-la-ti-2020-ms-nguyen-thi.13-ga050112",
      "name": "13_Ga050112",
      "count": 0,
      "isLeaf": null,
      "keyword": null,
      "hash": "U2FsdGVkX1+mEIN4+rThaaJ+O7a3cEH3FVOCU5/mdKMmjm+44kkpV7wq2VzAMU3GsQuS1V65vjUMMj/BPd3LSQ==",
      "khash": "U2FsdGVkX1+BhmEt+KZoibWGq7vuxp8KEeD+IG+HjOl+SZMBadd7V3+OFmTVitdoV+CYFykmIAvwslSNIu7EKg==",
      "viewCount": null,
      "duration": "57:39",
      "size": 1260809328
    },
    {
      "id": "c523aafd-bc68-43d8-be24-a959d576880e",
      "pid": "ad0f6511-ab79-4e4e-998b-c5e8486bcbae",
      "dblevel": 5,
      "location": "/VGMV/01_BaiGiang/HocTheoSachTrongKinhThanh/ThuGa-la-ti2020-MSNguyenThi/14_Ga051326",
      "isVideo": true,
      "url": "01-bai-giang.hoc-theo-sach-trong-kinh-thanh.thu-ga-la-ti-2020-ms-nguyen-thi.14-ga051326",
      "name": "14_Ga051326",
      "count": 0,
      "isLeaf": null,
      "keyword": null,
      "hash": "U2FsdGVkX18d0gMHjGaPWq6p9YgMe8Q4iFB8/qdSzDhqnk2ecoQ8+pt6iJH0Nlu3qOtqaXnD17M2tU8It4OZ6Q==",
      "khash": "U2FsdGVkX19RCnjM9jfbZ+QYAxxZxjzZDJh+3WHLj9frv7lqiGHSKLuP0favIxdvEwsJkwLStOXi4sWOf86AZw==",
      "viewCount": null,
      "duration": "40:11",
      "size": 976113232
    },
    {
      "id": "9a80e3e3-45f2-4a79-a989-360e6701ae3a",
      "pid": "ad0f6511-ab79-4e4e-998b-c5e8486bcbae",
      "dblevel": 5,
      "location": "/VGMV/01_BaiGiang/HocTheoSachTrongKinhThanh/ThuGa-la-ti2020-MSNguyenThi/15_Ga052224",
      "isVideo": true,
      "url": "01-bai-giang.hoc-theo-sach-trong-kinh-thanh.thu-ga-la-ti-2020-ms-nguyen-thi.15-ga052224",
      "name": "15_Ga052224",
      "count": 0,
      "isLeaf": null,
      "keyword": null,
      "hash": "U2FsdGVkX19G0cLb7VgsUOilbDXh7vIzRbsRsgBqF+3WeTQuBrVPyEEolK77B1kxrwB3HrZO7e1aY+DPfIqv+g==",
      "khash": "U2FsdGVkX1+qZMeemQIOf7yknCJJvgiuG2nlNQWYboRDHWU1wvYX4IoiXqlb8tAn8pt03BlEWcC6wAWyEiU/9w==",
      "viewCount": null,
      "duration": "43:32",
      "size": 970241318
    },
    {
      "id": "2baca073-9e8f-41ea-8c96-7fb1d1b84cdb",
      "pid": "ad0f6511-ab79-4e4e-998b-c5e8486bcbae",
      "dblevel": 5,
      "location": "/VGMV/01_BaiGiang/HocTheoSachTrongKinhThanh/ThuGa-la-ti2020-MSNguyenThi/16_Ga060105",
      "isVideo": true,
      "url": "01-bai-giang.hoc-theo-sach-trong-kinh-thanh.thu-ga-la-ti-2020-ms-nguyen-thi.16-ga060105",
      "name": "16_Ga060105",
      "count": 0,
      "isLeaf": null,
      "keyword": null,
      "hash": "U2FsdGVkX18qSOLUv783ZRl/+1LTeoa8wF1+V28uTlmSNdZz+9u/wDIYEuRc6K4HRj4P3+d5J47VE5TrKyQtZw==",
      "khash": "U2FsdGVkX1/y4j0YudMzKQgq2vfIuaUVTkYQpbrmpUlHOL47oiRL4/PvQPN+a0Ado8xqD3NuMfXyck6c6sTjnw==",
      "viewCount": null,
      "duration": "37:53",
      "size": 869539854
    },
    {
      "id": "7ee6cf16-e8a3-48d1-a117-899c35374038",
      "pid": "ad0f6511-ab79-4e4e-998b-c5e8486bcbae",
      "dblevel": 5,
      "location": "/VGMV/01_BaiGiang/HocTheoSachTrongKinhThanh/ThuGa-la-ti2020-MSNguyenThi/17_Ga060610",
      "isVideo": true,
      "url": "01-bai-giang.hoc-theo-sach-trong-kinh-thanh.thu-ga-la-ti-2020-ms-nguyen-thi.17-ga060610",
      "name": "17_Ga060610",
      "count": 0,
      "isLeaf": null,
      "keyword": null,
      "hash": "U2FsdGVkX1+conm7FfTf7ichl0JDYJHzCoEbqsNS8NZOTMvlJDpGsTAcSlMBjqnAIOjNI5BrkaB6klaYX8QWlQ==",
      "khash": "U2FsdGVkX194a/8WhJWNzNhp+Dew5S88QMhBF4dgsBxKbtHUIZAOwh6obkm3yD7QQ/JZpl1pOhzZis6WsVHelw==",
      "viewCount": null,
      "duration": "49:59",
      "size": 1112401807
    },
    {
      "id": "94b6e6db-f771-44c8-80bd-70d9c1dc2b0e",
      "pid": "ad0f6511-ab79-4e4e-998b-c5e8486bcbae",
      "dblevel": 5,
      "location": "/VGMV/01_BaiGiang/HocTheoSachTrongKinhThanh/ThuGa-la-ti2020-MSNguyenThi/18_Ga061118",
      "isVideo": true,
      "url": "01-bai-giang.hoc-theo-sach-trong-kinh-thanh.thu-ga-la-ti-2020-ms-nguyen-thi.18-ga061118",
      "name": "18_Ga061118",
      "count": 0,
      "isLeaf": null,
      "keyword": null,
      "hash": "U2FsdGVkX19ia5tfjfbaZGiBH5toORii4YuIteodcKtescFjppw+bhrOB0Kh3bxKdpH9C9+SonUhBfNyVM7Ong==",
      "khash": "U2FsdGVkX19n3idiM7MR93Dp7UCojbRm8ZzJRN+jFc7yX/w5R15HcqdPsHym3Z0MnfWZboKU3DO4j4JubL4jgw==",
      "viewCount": null,
      "duration": "47:0",
      "size": 1086612500
    }
  ]
}