{
  "id": "6eee2f86-f143-43cb-9f19-bc949d59e73c",
  "pid": "898cfb55-51f0-4444-aebd-db94d9c550d8",
  "dblevel": 4,
  "location": "/VGMV/01_BaiGiang/MucsuNguyenThi/Nam2010",
  "isVideo": true,
  "url": "01-bai-giang.muc-su-nguyen-thi.nam-2010",
  "name": "Năm 2010",
  "count": 52,
  "isLeaf": true,
  "keyword": null,
  "hash": null,
  "khash": null,
  "viewCount": null,
  "duration": null,
  "size": null,
  "children": [
    {
      "id": "d01cca5c-2d98-449f-b721-f3153265ac0d",
      "pid": "6eee2f86-f143-43cb-9f19-bc949d59e73c",
      "dblevel": 5,
      "location": "/VGMV/01_BaiGiang/MucsuNguyenThi/Nam2010/01032010MotBatDauMoiIGi0101-0202",
      "isVideo": true,
      "url": "01-bai-giang.muc-su-nguyen-thi.nam-2010.01032010-mot-bat-dau-moi-igi0101-0202",
      "name": "01032010 Một Bắt Đầu Mới IGi0101-0202",
      "count": 0,
      "isLeaf": null,
      "keyword": null,
      "hash": "U2FsdGVkX19x7S0YV/D2f4C2s9KXLAtsN46nXPDgFgAZ9OcKAaALi+079cMf29ryv7upZt1y5TFYFqbuDSoA5g==",
      "khash": "U2FsdGVkX18ERAbdS8DxU7aVD8s0mfTQF5RkLx0aRThzfLEmyl9ZfdR321d/t2+n5dKxO4bqFMxlf+/2w/9pxg==",
      "viewCount": null,
      "duration": "36:7",
      "size": 495374184
    },
    {
      "id": "63b7bc23-d528-4405-851d-589ec1d56879",
      "pid": "6eee2f86-f143-43cb-9f19-bc949d59e73c",
      "dblevel": 5,
      "location": "/VGMV/01_BaiGiang/MucsuNguyenThi/Nam2010/01102010DieuRanMoiIGi020217",
      "isVideo": true,
      "url": "01-bai-giang.muc-su-nguyen-thi.nam-2010.01102010-dieu-ran-moi-igi020217",
      "name": "01102010 Điều Răn Mới IGi020217",
      "count": 0,
      "isLeaf": null,
      "keyword": null,
      "hash": "U2FsdGVkX19iw2tZlDiFZ9DTgoy653J0tu7xYXX6HiqNVyhFlyj+plPKVUpfc0BSakozkFM3nPj+ijnF0oAfDQ==",
      "khash": "U2FsdGVkX1+RBT+l4gRdofDxoBvhHwOwKH+uWlYVKPpfpMNs6780V27aMM3qaYZ3az0RPOFSIWwCgf1PpOzfkw==",
      "viewCount": null,
      "duration": "31:3",
      "size": 424882021
    },
    {
      "id": "17cf4806-0eae-4b72-a385-e2ed770cef04",
      "pid": "6eee2f86-f143-43cb-9f19-bc949d59e73c",
      "dblevel": 5,
      "location": "/VGMV/01_BaiGiang/MucsuNguyenThi/Nam2010/01172010GioCuoiCungIGi021829",
      "isVideo": true,
      "url": "01-bai-giang.muc-su-nguyen-thi.nam-2010.01172010-gio-cuoi-cung-igi021829",
      "name": "01172010 Giờ Cuối Cùng IGi021829",
      "count": 0,
      "isLeaf": null,
      "keyword": null,
      "hash": "U2FsdGVkX1+MFAMbBiAx9K015P3ZNmE6Ri3+ZgkFm0qbK4XZa5F/uqeFzuaCeQr/Lx8wCC6tVZeFxEQzh2jiZw==",
      "khash": "U2FsdGVkX1/POsqGhecPw1FOA75r0qx9P5/l+ypsQ1OluSoMJkxwcTv+J7WaX4td/c8bn/3STG2ByDcZf9I9LQ==",
      "viewCount": null,
      "duration": "35:28",
      "size": 484761158
    },
    {
      "id": "2a45221a-21f3-411b-baa5-d394b26bd79a",
      "pid": "6eee2f86-f143-43cb-9f19-bc949d59e73c",
      "dblevel": 5,
      "location": "/VGMV/01_BaiGiang/MucsuNguyenThi/Nam2010/01242010NguoiTinChuaVaVanDeToiLoiIGi030110",
      "isVideo": true,
      "url": "01-bai-giang.muc-su-nguyen-thi.nam-2010.01242010-nguoi-tin-chua-va-van-de-toi-loi-igi030110",
      "name": "01242010 Người Tin Chúa Và Vấn Đề Tội Lỗi IGi030110",
      "count": 0,
      "isLeaf": null,
      "keyword": null,
      "hash": "U2FsdGVkX182kijgcrR7aM0+r0vXYggUHrX6h0Qn1u4uEsuyPmsnr7WUC32q6RuYXpDni0COX1HlTFZhud6o8g==",
      "khash": "U2FsdGVkX18eqjyfI7XWU0Jd5WUUvyZYH+/Kh6koxZ+fyYOzTEdvw0LO4D2waA2PoKEpolxnP3loA5U1IOmybQ==",
      "viewCount": null,
      "duration": "37:54",
      "size": 516613136
    },
    {
      "id": "9cbdf8e3-d114-4ff4-930d-f21dc4179038",
      "pid": "6eee2f86-f143-43cb-9f19-bc949d59e73c",
      "dblevel": 5,
      "location": "/VGMV/01_BaiGiang/MucsuNguyenThi/Nam2010/01312010SucManhCuaDongTienITi06",
      "isVideo": true,
      "url": "01-bai-giang.muc-su-nguyen-thi.nam-2010.01312010-suc-manh-cua-dong-tien-iti06",
      "name": "01312010 Sức Mạnh Của Đồng Tiền ITi06",
      "count": 0,
      "isLeaf": null,
      "keyword": null,
      "hash": "U2FsdGVkX1/2ex41hav7w+aGFG4eqjUes69GPxfQ2700qkBAXrlD3yFsh6PZyO2dsUYtdvdMjXWe7baCiMskwg==",
      "khash": "U2FsdGVkX1/o1DP5rE87tA1IfGJjR0fQ0HBRRkmUfmQxepCUUSuTzN1CUH9PDsnXdkiMvWCVhF6xNVQ/7XWsKA==",
      "viewCount": null,
      "duration": "36:55",
      "size": 503540291
    },
    {
      "id": "0c8fc689-0553-482d-a8c2-24f2d1d80e31",
      "pid": "6eee2f86-f143-43cb-9f19-bc949d59e73c",
      "dblevel": 5,
      "location": "/VGMV/01_BaiGiang/MucsuNguyenThi/Nam2010/02072010SongDaoIGi031124",
      "isVideo": true,
      "url": "01-bai-giang.muc-su-nguyen-thi.nam-2010.02072010-song-dao-igi031124",
      "name": "02072010 Sống Đạo IGi031124",
      "count": 0,
      "isLeaf": null,
      "keyword": null,
      "hash": "U2FsdGVkX1/7Q8LsMRxhw6O6VDFVavRto7bCPf0xrKlJ9OzyV89CeRi4M5UcndGv5Q62fS5hcd4qGy8CYX4Opg==",
      "khash": "U2FsdGVkX1/9lxwH5CvrAj3lRcYYukyswKDlH23bsmwnsdiY7T0+QkXwxoo+sN2IHEJyuZGLrfh699NA9hBYog==",
      "viewCount": null,
      "duration": "34:27",
      "size": 453496266
    },
    {
      "id": "bf6a8851-b3e1-431d-90ff-7de03dfccab1",
      "pid": "6eee2f86-f143-43cb-9f19-bc949d59e73c",
      "dblevel": 5,
      "location": "/VGMV/01_BaiGiang/MucsuNguyenThi/Nam2010/02142010TinhYeuCuaNguoiTinChuaIGi040721",
      "isVideo": true,
      "url": "01-bai-giang.muc-su-nguyen-thi.nam-2010.02142010-tinh-yeu-cua-nguoi-tin-chua-igi040721",
      "name": "02142010 Tình Yêu Của Người Tin Chúa IGi040721",
      "count": 0,
      "isLeaf": null,
      "keyword": null,
      "hash": "U2FsdGVkX1+8dqD2m76rEEsEwZupfTOdt2FN03h7PYql3w9ZJQJVNsvBgnW8wrmiwAknmBh+prc0ucGUmmdjMw==",
      "khash": "U2FsdGVkX187xA2OKhbBBSEiDJsvdCNk1fVrNNH4Hx2r6Lg2RVepveFuifP+HD5SQD+eSp7jdtR9JPkECL039Q==",
      "viewCount": null,
      "duration": "26:30",
      "size": 362194902
    },
    {
      "id": "2dfb36c0-64b5-42a6-a88f-ba90783f9e6d",
      "pid": "6eee2f86-f143-43cb-9f19-bc949d59e73c",
      "dblevel": 5,
      "location": "/VGMV/01_BaiGiang/MucsuNguyenThi/Nam2010/02212010BaBangCHungBaNhanChungIGi050113",
      "isVideo": true,
      "url": "01-bai-giang.muc-su-nguyen-thi.nam-2010.02212010-ba-bang-chung-ba-nhan-chung-igi050113",
      "name": "02212010 Ba Bằng CHứng Ba Nhân Chứng IGi050113",
      "count": 0,
      "isLeaf": null,
      "keyword": null,
      "hash": "U2FsdGVkX18gaBCyGyYYOa8f+cxfO7qbwRIJ0IkPJoGk+g5nSNHxVYPo0awVYrAEBwh6Ahz/lWJ4KPyORW6kIg==",
      "khash": "U2FsdGVkX18avv5uGFElzW4+D1tJeJ38xTxa23IkRjsFSIvofcUVHX0vUuNz6FH0Lq8CX0Q2l9mBYiXV0y9I+w==",
      "viewCount": null,
      "duration": "35:23",
      "size": 451789710
    },
    {
      "id": "4de7ea68-3d58-433e-94ca-a7e64a3e0609",
      "pid": "6eee2f86-f143-43cb-9f19-bc949d59e73c",
      "dblevel": 5,
      "location": "/VGMV/01_BaiGiang/MucsuNguyenThi/Nam2010/02282010TroThanhThuocVienTrongGiaDinhChuaCong024247",
      "isVideo": true,
      "url": "01-bai-giang.muc-su-nguyen-thi.nam-2010.02282010-tro-thanh-thuoc-vien-trong-gia-dinh-chua-cong024247",
      "name": "02282010 Trở Thành Thuộc Viên Trong Gia Đình Chúa Cong024247",
      "count": 0,
      "isLeaf": null,
      "keyword": null,
      "hash": "U2FsdGVkX1+UvD3Jw+a5N6oZV5sYGPpvCP5dvxSgZilg2aJuqzc7Jcqi6PMClajlK5ax6k5cVxNJ0u713mb+OA==",
      "khash": "U2FsdGVkX1/HLrZx+SSB+6qvkNNfqAySxZWh3cwieL540aa9HlZnf+Z6Q4oCspn1DGDE6JRIG25FN2V+2uh3Yw==",
      "viewCount": null,
      "duration": "39:51",
      "size": 533179461
    },
    {
      "id": "8392e9fd-0f8f-4872-a08a-242381a670d8",
      "pid": "6eee2f86-f143-43cb-9f19-bc949d59e73c",
      "dblevel": 5,
      "location": "/VGMV/01_BaiGiang/MucsuNguyenThi/Nam2010/03072010ToiBanToiVaDucChuaTroiToiIGi051421",
      "isVideo": true,
      "url": "01-bai-giang.muc-su-nguyen-thi.nam-2010.03072010-toi-ban-toi-va-duc-chua-troi-toi-igi051421",
      "name": "03072010 Tôi Bạn Tôi Và Đức Chúa Trời Tôi IGi051421",
      "count": 0,
      "isLeaf": null,
      "keyword": null,
      "hash": "U2FsdGVkX1/Te9jRyZB1e1ADei3WUuL9+xQw0s7izvQyzw1RTRwGqJrrikx2MqJ8cgKxwyO2yktIPrNU/kzAuA==",
      "khash": "U2FsdGVkX18NNH2tZocpB6Jh/jqntrjzrT0gfCzvM/3d4lRQ4xlIUm0s2MZhiO2C6PGnimPas2dfw9xcRYIqRg==",
      "viewCount": null,
      "duration": "33:55",
      "size": 453367160
    },
    {
      "id": "9be45f3a-58f9-4078-a6bf-47db6a4be12a",
      "pid": "6eee2f86-f143-43cb-9f19-bc949d59e73c",
      "dblevel": 5,
      "location": "/VGMV/01_BaiGiang/MucsuNguyenThi/Nam2010/03142010DangHienMuaThuongKhoMat260613",
      "isVideo": true,
      "url": "01-bai-giang.muc-su-nguyen-thi.nam-2010.03142010-dang-hien-mua-thuong-kho-mat260613",
      "name": "03142010 Dâng Hiến Mùa Thương Khó Mat260613",
      "count": 0,
      "isLeaf": null,
      "keyword": null,
      "hash": "U2FsdGVkX1/COA4x/35hW2c3C4hl8suYMnVmQwRguxElIi+sjmeHJNgSE6ElgyGIUNOH5faIgNrblOWDMyr1ww==",
      "khash": "U2FsdGVkX1/wFmzAdFxIv4H6ZiaqRt3Kd+UpTNdjycPepG8cKcvhY4BVL41PTDGq+55Xoa/ddo/qX8q7W9n4Ww==",
      "viewCount": null,
      "duration": "28:19",
      "size": 388163146
    },
    {
      "id": "b5271344-adbf-42b6-81c4-3bd3e6855a85",
      "pid": "6eee2f86-f143-43cb-9f19-bc949d59e73c",
      "dblevel": 5,
      "location": "/VGMV/01_BaiGiang/MucsuNguyenThi/Nam2010/03212010MotChoDeDiChuyenPhi021924",
      "isVideo": true,
      "url": "01-bai-giang.muc-su-nguyen-thi.nam-2010.03212010-mot-cho-de-di-chuyen-phi021924",
      "name": "03212010 Một Chỗ Để Di Chuyển Phi021924",
      "count": 0,
      "isLeaf": null,
      "keyword": null,
      "hash": "U2FsdGVkX1+7kmxPRWeJd0UhtFHFhoEYa7fLaiINr6Jwz/q2kb1Q6dbaVV8NqosA8FS+DADGZXhE/VINsfJeOA==",
      "khash": "U2FsdGVkX19zXpQOyhjq6TQUhplttVioKwswR4CTQoaMC5TPEgbqyzEeG5+Q9fPhCvHZ1w5xqpAJWYKGwHcvRA==",
      "viewCount": null,
      "duration": "44:11",
      "size": 604945457
    },
    {
      "id": "aae8f92c-b7fd-48b9-84fe-789435412765",
      "pid": "6eee2f86-f143-43cb-9f19-bc949d59e73c",
      "dblevel": 5,
      "location": "/VGMV/01_BaiGiang/MucsuNguyenThi/Nam2010/03282010DamRuocViDaiLu192944",
      "isVideo": true,
      "url": "01-bai-giang.muc-su-nguyen-thi.nam-2010.03282010-dam-ruoc-vi-dai-lu192944",
      "name": "03282010 Đám Rước Vĩ Đại Lu192944",
      "count": 0,
      "isLeaf": null,
      "keyword": null,
      "hash": "U2FsdGVkX1+oJbkeIvt5An0EqRySx5Ws3tSxq3Z0UoLXdxeMOxfusItB2nfsbxPPUxKcDs4WCSkQFMabwmGZXQ==",
      "khash": "U2FsdGVkX19DEcZ02gpL87R1LJW40J9ZE1IYwCgvGhyny5v6d5WCrB5pEuUhlXIjpTQWcATCC0CoEtP1DGzVPA==",
      "viewCount": null,
      "duration": "33:59",
      "size": 455055286
    },
    {
      "id": "fa91a05a-91fd-4f96-b9cb-eb5fc14d7896",
      "pid": "6eee2f86-f143-43cb-9f19-bc949d59e73c",
      "dblevel": 5,
      "location": "/VGMV/01_BaiGiang/MucsuNguyenThi/Nam2010/04022010TKBaCayThapTuLu233343",
      "isVideo": true,
      "url": "01-bai-giang.muc-su-nguyen-thi.nam-2010.04022010tk-ba-cay-thap-tu-lu233343",
      "name": "04022010TK Ba Cây Thập Tự Lu233343",
      "count": 0,
      "isLeaf": null,
      "keyword": null,
      "hash": "U2FsdGVkX1/8UQVuZenRAVZRtP1Alk5RCGYDjCGEEVNypE+CtkvN4WAhr3hhGhPgDR4tR2bqhZlcBX2biK+RUg==",
      "khash": "U2FsdGVkX1/J+q8pKmQMumA22xtsONpgHu/T6U7wNclRxNByTa9RBJx3B7Zkuao0QUvxuEYxwhWsI1L97Jh6hA==",
      "viewCount": null,
      "duration": "28:3",
      "size": 370011087
    },
    {
      "id": "668dd0e7-8443-4539-96c2-c570343ff74a",
      "pid": "6eee2f86-f143-43cb-9f19-bc949d59e73c",
      "dblevel": 5,
      "location": "/VGMV/01_BaiGiang/MucsuNguyenThi/Nam2010/04042010TrenDuongEm-mauLu241335",
      "isVideo": true,
      "url": "01-bai-giang.muc-su-nguyen-thi.nam-2010.04042010-tren-duong-em-mau-lu241335",
      "name": "04042010 Trên Đường Em-mau Lu241335",
      "count": 0,
      "isLeaf": null,
      "keyword": null,
      "hash": "U2FsdGVkX1/jzaFhuiBCbSPYn5M1wjZbEo6nTzEcY5NLIx6S+WATZNIYtqwH2BgzvVQ2F3cG0uaYqbj8nMq69A==",
      "khash": "U2FsdGVkX1+nvOhZz0ZM75sH4txlfNb4h8JITtbPSdAAWCDMhuGIYtDS/DBP9pUEFFFo+HlWX5jCiuU3CI9skw==",
      "viewCount": null,
      "duration": "25:55",
      "size": 344463501
    },
    {
      "id": "e3be1303-2e26-4e91-8861-1c222e07b51c",
      "pid": "6eee2f86-f143-43cb-9f19-bc949d59e73c",
      "dblevel": 5,
      "location": "/VGMV/01_BaiGiang/MucsuNguyenThi/Nam2010/04112010LamSaoToiBietChuaThuongToiIGi0416",
      "isVideo": true,
      "url": "01-bai-giang.muc-su-nguyen-thi.nam-2010.04112010-lam-sao-toi-biet-chua-thuong-toi-igi0416",
      "name": "04112010 Làm Sao Tôi Biết Chúa Thương Tôi IGi0416",
      "count": 0,
      "isLeaf": null,
      "keyword": null,
      "hash": "U2FsdGVkX18Jc/Qsmw2QyVP3bq44/2ewqGcmPKK7g471x7zcxSATBVElJ31h4pvIVoN4IUYSguACwTeF+UjZ4g==",
      "khash": "U2FsdGVkX1/p7XVvJBkt5gMpzIKiQZHhSCu4fx4QppIrfRFUgInA3lNW7ODWWfvbzjIgNvLbQknzzfQjOkQGPQ==",
      "viewCount": null,
      "duration": "30:49",
      "size": 414952300
    },
    {
      "id": "ad223868-9807-488b-8c0c-54a17e304b8f",
      "pid": "6eee2f86-f143-43cb-9f19-bc949d59e73c",
      "dblevel": 5,
      "location": "/VGMV/01_BaiGiang/MucsuNguyenThi/Nam2010/04182010KhongMuonVietBangGiayVaMucIIGi",
      "isVideo": true,
      "url": "01-bai-giang.muc-su-nguyen-thi.nam-2010.04182010-khong-muon-viet-bang-giay-va-muc-iigi",
      "name": "04182010 Không Muốn Viết Bằng Giấy Và Mực IIGi",
      "count": 0,
      "isLeaf": null,
      "keyword": null,
      "hash": "U2FsdGVkX1/2GkhY5TXTwQLb2p90OZ8IAF4sO5Yt6JUOa/3sl6/2OirUtVm8KRB5Q7tO1b8/WadMGpU/qPe7hA==",
      "khash": "U2FsdGVkX1+hbE7j5M3cfLKWSmsjUn4j8Fws/93g7HJ6UnayE6w3vsPNcrIsy8Ci6/WXRLr2tsuPwEpoJVo6vA==",
      "viewCount": null,
      "duration": "35:23",
      "size": 485334975
    },
    {
      "id": "deed2e92-0a7f-43c2-99a3-89e773b006e2",
      "pid": "6eee2f86-f143-43cb-9f19-bc949d59e73c",
      "dblevel": 5,
      "location": "/VGMV/01_BaiGiang/MucsuNguyenThi/Nam2010/04252010ThinhVuongCaHonLanXacIIIGi",
      "isVideo": true,
      "url": "01-bai-giang.muc-su-nguyen-thi.nam-2010.04252010-thinh-vuong-ca-hon-lan-xac-iiigi",
      "name": "04252010 Thịnh Vượng Cả Hồn Lẫn Xác IIIGi",
      "count": 0,
      "isLeaf": null,
      "keyword": null,
      "hash": "U2FsdGVkX19CPWjf3Rnl09AR1yCnZTBG+48fMuHrKV67obq3NsNE96ZwAaqkDQ9XjBQK53QVpY7DAhfO0yGqpg==",
      "khash": "U2FsdGVkX1+Tvdd9KEDtMFH3CaJscpoquLQes7zppwyDJCwfLQqJs8TxONVF/F4fyZO2h2TCbymUVZ8PVAR2IA==",
      "viewCount": null,
      "duration": "35:58",
      "size": 493472556
    },
    {
      "id": "26e01ae5-a8e2-4240-a63b-7f79dd44fcac",
      "pid": "6eee2f86-f143-43cb-9f19-bc949d59e73c",
      "dblevel": 5,
      "location": "/VGMV/01_BaiGiang/MucsuNguyenThi/Nam2010/05092010TraiTimMeHienIITi010105",
      "isVideo": true,
      "url": "01-bai-giang.muc-su-nguyen-thi.nam-2010.05092010-trai-tim-me-hien-iiti010105",
      "name": "05092010 Trái Tim Mẹ Hiền IITi010105",
      "count": 0,
      "isLeaf": null,
      "keyword": null,
      "hash": "U2FsdGVkX1/H3MZJVKB6lxMEYTNbONirM6LUaTbNQqbz7bCpMCb6DF7HxsblH0lOtqzvEs7GAOPGlJkHRWaK4g==",
      "khash": "U2FsdGVkX18wP7DchErYz+gsVwR/0lmb4/uz4vddFXroXpY2YgyT+NwYOosL0yi/SWKDDL4TrhP9t7LAGEVcZQ==",
      "viewCount": null,
      "duration": "32:6",
      "size": 441092835
    },
    {
      "id": "b670fdc0-aad3-48c0-a0b3-97da8d42e651",
      "pid": "6eee2f86-f143-43cb-9f19-bc949d59e73c",
      "dblevel": 5,
      "location": "/VGMV/01_BaiGiang/MucsuNguyenThi/Nam2010/05162010MuonDuocNguoiNeTrongCh2201",
      "isVideo": true,
      "url": "01-bai-giang.muc-su-nguyen-thi.nam-2010.05162010-muon-duoc-nguoi-ne-trong-ch2201",
      "name": "05162010 Muốn Được Người Nể Trọng Ch2201",
      "count": 0,
      "isLeaf": null,
      "keyword": null,
      "hash": "U2FsdGVkX1+mi0nHjaPQusa6txtShkQojxZG7RT2i1JbaxY0qtRBkY1CfcQE4aLlHeVOAYNtqC2bZrq0NyGOCQ==",
      "khash": "U2FsdGVkX1/B68suaO41VLR3uXNPanodZ5PMCSZxwEGIvP0bz8kuU3vcmkyv7nvvcNrMrgiAu1b6EEUChR0GFA==",
      "viewCount": null,
      "duration": "41:27",
      "size": 566934809
    },
    {
      "id": "1dd097ef-a8e3-4992-a8f9-7be10accb174",
      "pid": "6eee2f86-f143-43cb-9f19-bc949d59e73c",
      "dblevel": 5,
      "location": "/VGMV/01_BaiGiang/MucsuNguyenThi/Nam2010/05232010NhenLaiOnCuaDucChuaTroiIITi010618",
      "isVideo": true,
      "url": "01-bai-giang.muc-su-nguyen-thi.nam-2010.05232010-nhen-lai-on-cua-duc-chua-troi-iiti010618",
      "name": "05232010 Nhen Lại Ơn Của Đức Chúa Trời IITi010618",
      "count": 0,
      "isLeaf": null,
      "keyword": null,
      "hash": "U2FsdGVkX1/yQ1od47ponBw4Q4KgUYRM6DmxYFY3Ux7aG5j3Uwze+lnRKhL4CG4wyYPEchC+pjnxu0JRwyXKhg==",
      "khash": "U2FsdGVkX18a/Jz8OoyjhZrMZ+1ijy16UUrQfAmOKPuCxhGGZllfsYUdhCugaDw5T0hDoZOQ2sQnrZmtiJTv5w==",
      "viewCount": null,
      "duration": "36:37",
      "size": 501016294
    },
    {
      "id": "147f38a2-b69d-4639-821e-9c44226d8ad0",
      "pid": "6eee2f86-f143-43cb-9f19-bc949d59e73c",
      "dblevel": 5,
      "location": "/VGMV/01_BaiGiang/MucsuNguyenThi/Nam2010/05302010ChienSiLucSiVaNongPhuIITi020107",
      "isVideo": true,
      "url": "01-bai-giang.muc-su-nguyen-thi.nam-2010.05302010-chien-si-luc-si-va-nong-phu-iiti020107",
      "name": "05302010 Chiến Sĩ Lực Sĩ Và Nông Phu IITi020107",
      "count": 0,
      "isLeaf": null,
      "keyword": null,
      "hash": "U2FsdGVkX1/b6TstSexdrJMIJX92xswYkZmAn8PHAHhaojpwbYGkD7QP2RCkjmPcrrIpTlUI4Utj8UXkcHDNmw==",
      "khash": "U2FsdGVkX19JMbV1ahQWOca55dtcaNcP5wC1wFxBwuBezWQoGy+tdg8SMaMYXlGeGLE92DBJ0VYy42QuGkZ6DA==",
      "viewCount": null,
      "duration": "32:19",
      "size": 444530069
    },
    {
      "id": "dd5b9ef1-2478-4820-8b6c-1c52db62f4dd",
      "pid": "6eee2f86-f143-43cb-9f19-bc949d59e73c",
      "dblevel": 5,
      "location": "/VGMV/01_BaiGiang/MucsuNguyenThi/Nam2010/06062010NguoiLamCongKhongChoTrachDuocIITi021426",
      "isVideo": true,
      "url": "01-bai-giang.muc-su-nguyen-thi.nam-2010.06062010-nguoi-lam-cong-khong-cho-trach-duoc-iiti021426",
      "name": "06062010 Người Làm Công Không Chỗ Trách Được IITi021426",
      "count": 0,
      "isLeaf": null,
      "keyword": null,
      "hash": "U2FsdGVkX1+RbHBY36zAiVkD7btxub6W2ySWA8CwsH/sg0C7AcQt45Umb0cY+tbtYI/zWZhLowrEjpHDO5wQlg==",
      "khash": "U2FsdGVkX18QWyYTPTiZq86r/2kOiqh5aPId8ZTZl5cM6X//chHrUb5cpj9efyH8cHmX3gicBAvQxEZ5cM9/Pg==",
      "viewCount": null,
      "duration": "32:37",
      "size": 446760311
    },
    {
      "id": "2d014dab-ba38-4afa-a721-da1374315eb6",
      "pid": "6eee2f86-f143-43cb-9f19-bc949d59e73c",
      "dblevel": 5,
      "location": "/VGMV/01_BaiGiang/MucsuNguyenThi/Nam2010/06132010GiaTriCuaBanTruocMatChuaLu190110",
      "isVideo": true,
      "url": "01-bai-giang.muc-su-nguyen-thi.nam-2010.06132010-gia-tri-cua-ban-truoc-mat-chua-lu190110",
      "name": "06132010 Gía Trị Của Bạn Trước Mặt Chúa Lu190110",
      "count": 0,
      "isLeaf": null,
      "keyword": null,
      "hash": "U2FsdGVkX19HNRMBeuv5GOZmhqUb9YN36kZzzNBC4mzXnu1z7dr2K3ERfGu+Tm7uxXM7q2fjpt2fCX6PWYCYZw==",
      "khash": "U2FsdGVkX1/mbjyeHz9E6Y1hj3+4osS/n22BvNBW/MpgWe4XdSJyitYGQK8VJeVCfuyvZdkCiKb5/0l48oHu+w==",
      "viewCount": null,
      "duration": "30:29",
      "size": 416132375
    },
    {
      "id": "5d3aff4f-4421-42e0-ac4a-e204674da326",
      "pid": "6eee2f86-f143-43cb-9f19-bc949d59e73c",
      "dblevel": 5,
      "location": "/VGMV/01_BaiGiang/MucsuNguyenThi/Nam2010/06202010FDLamChaTrongThoiKyKhoKhanIITi030117",
      "isVideo": true,
      "url": "01-bai-giang.muc-su-nguyen-thi.nam-2010.06202010fd-lam-cha-trong-thoi-ky-kho-khan-iiti030117",
      "name": "06202010FD Làm Cha Trong Thời Kỳ Khó Khăn IITi030117",
      "count": 0,
      "isLeaf": null,
      "keyword": null,
      "hash": "U2FsdGVkX1/bdEOLu3o+BvZwK4OmI3FthOmX2742T6jeLYcqannjxxSgY6gSJK2Zoyo/EIKzhFLi8jyDm4q2sQ==",
      "khash": "U2FsdGVkX1/H+7G5f8vznUDUe70ecI8zc28rdbfu2Hf977/uSJldBCCnoFi+4unbxA49SfhZkpyxfzQVqeOGRQ==",
      "viewCount": null,
      "duration": "33:59",
      "size": 466652946
    },
    {
      "id": "d2d858c5-c616-44e7-bd9d-29fb3c9aca16",
      "pid": "6eee2f86-f143-43cb-9f19-bc949d59e73c",
      "dblevel": 5,
      "location": "/VGMV/01_BaiGiang/MucsuNguyenThi/Nam2010/07042010DuaConXinhTotXu020115-He12326",
      "isVideo": true,
      "url": "01-bai-giang.muc-su-nguyen-thi.nam-2010.07042010-dua-con-xinh-tot-xu020115-he12326",
      "name": "07042010 Đứa Con Xinh Tốt Xu020115-He12326",
      "count": 0,
      "isLeaf": null,
      "keyword": null,
      "hash": "U2FsdGVkX19AvIVHPNNlLL9JR1F9AlD3v/55T+7iXDhT+GeIJqlQ79XtY/TM0NUGmmYLoFPY2a3qoXWqIUCIMA==",
      "khash": "U2FsdGVkX193cKOcW+1UZcKI2vt5w0l5r4QPTeBN0dpTurIohN6FmPG7qvdbQjhlUZ2eLxTM1xg/y/1U1JgBgw==",
      "viewCount": null,
      "duration": "33:2",
      "size": 451661158
    },
    {
      "id": "05239595-f6a0-465c-a8e8-0b07d2726db5",
      "pid": "6eee2f86-f143-43cb-9f19-bc949d59e73c",
      "dblevel": 5,
      "location": "/VGMV/01_BaiGiang/MucsuNguyenThi/Nam2010/07112010KhiChuaGoiXu030114",
      "isVideo": true,
      "url": "01-bai-giang.muc-su-nguyen-thi.nam-2010.07112010-khi-chua-goi-xu030114",
      "name": "07112010 Khi Chúa Gọi Xu030114",
      "count": 0,
      "isLeaf": null,
      "keyword": null,
      "hash": "U2FsdGVkX1+S8PGkWTKrUln9FG87UXmmdkwa/IhCf02L+f4mOoYMTSftKuwDCaY7wUd9UD7dgcW0pN5sXnon+w==",
      "khash": "U2FsdGVkX19a25O1Xp+UlcQovIjm9X/uRxCJ7IC3dbu+QpgdTJ4rtW6oXzjDkCN5IVU+tnlRoPK6N8fcRPnHyA==",
      "viewCount": null,
      "duration": "30:36",
      "size": 419371423
    },
    {
      "id": "db6e149f-954a-4271-bced-fc98d41f78cc",
      "pid": "6eee2f86-f143-43cb-9f19-bc949d59e73c",
      "dblevel": 5,
      "location": "/VGMV/01_BaiGiang/MucsuNguyenThi/Nam2010/07182010HaiQuyenLucXu070113",
      "isVideo": true,
      "url": "01-bai-giang.muc-su-nguyen-thi.nam-2010.07182010-hai-quyen-luc-xu070113",
      "name": "07182010 Hai Quyền Lực Xu070113",
      "count": 0,
      "isLeaf": null,
      "keyword": null,
      "hash": "U2FsdGVkX1/6275j5AqX5F5oe0L26rcGls2liW63mFKNlmulj2d3TiBlNFSps4C8ZI+/UxbYlDGLuSQrJFNxYA==",
      "khash": "U2FsdGVkX18fNxS/J1XVEUYfiYjM3BRfHHNo6YvrPuutexKwSPHtNP3LUyPN5b4NdCk2SGAzjAs1Mkkng/9WBw==",
      "viewCount": null,
      "duration": "32:21",
      "size": 443078662
    },
    {
      "id": "a914b68a-65d5-4856-ac88-da425496e36f",
      "pid": "6eee2f86-f143-43cb-9f19-bc949d59e73c",
      "dblevel": 5,
      "location": "/VGMV/01_BaiGiang/MucsuNguyenThi/Nam2010/07252010ChuaLaDangChanGiuToiThi23",
      "isVideo": true,
      "url": "01-bai-giang.muc-su-nguyen-thi.nam-2010.07252010-chua-la-dang-chan-giu-toi-thi23",
      "name": "07252010 Chúa Là Đấng Chăn Giữ Tôi Thi23",
      "count": 0,
      "isLeaf": null,
      "keyword": null,
      "hash": "U2FsdGVkX1+YbhmrOB/EOoue9VyxvguoPPqokbCR5mP1yS3UZnZvhELKJRjMaXnsyditlTRvHVfd7oQEz06t2A==",
      "khash": "U2FsdGVkX1/BLhJRtegX29uWGx7VYQGmGkVQG0U2BgEPyKzK6Kkgq93ELPKWw2FWpJdIufF3hTluJ1+YWhu8wA==",
      "viewCount": null,
      "duration": "34:57",
      "size": 477552358
    },
    {
      "id": "45c36189-6682-40cd-b9fd-4245d284e345",
      "pid": "6eee2f86-f143-43cb-9f19-bc949d59e73c",
      "dblevel": 5,
      "location": "/VGMV/01_BaiGiang/MucsuNguyenThi/Nam2010/08012010ThoatAchNoLeXu130110",
      "isVideo": true,
      "url": "01-bai-giang.muc-su-nguyen-thi.nam-2010.08012010-thoat-ach-no-le-xu130110",
      "name": "08012010 Thoát Ách Nô Lệ Xu130110",
      "count": 0,
      "isLeaf": null,
      "keyword": null,
      "hash": "U2FsdGVkX18AtnaJOHU6ekcl9/b7NRUO9+k9aBjIwxL1thZvL4P6wRPuzHjPgVFrTS0l/1s/eLt5RSQfqPlh6w==",
      "khash": "U2FsdGVkX19x5Wsg2Me6oOQ66xiIH0znAgxvDI2bTbvDbztV/jC12mPXpKIALMudQTApYVTvf21fTMKFD/1nYw==",
      "viewCount": null,
      "duration": "30:38",
      "size": 467194923
    },
    {
      "id": "3b77e838-0f2b-4bdf-8aac-cf4242d40aff",
      "pid": "6eee2f86-f143-43cb-9f19-bc949d59e73c",
      "dblevel": 5,
      "location": "/VGMV/01_BaiGiang/MucsuNguyenThi/Nam2010/08082010ConDuongSamacXu152227",
      "isVideo": true,
      "url": "01-bai-giang.muc-su-nguyen-thi.nam-2010.08082010-con-duong-sa-mac-xu152227",
      "name": "08082010 Con Đường Sa mạc Xu152227",
      "count": 0,
      "isLeaf": null,
      "keyword": null,
      "hash": "U2FsdGVkX1+rm5NUEdnIwh+y/vwUjUvmYC5AuXZ+AodwRBKSPg67aStKr2Xq6I7WE4eohDcMKi8klakF+u9nCA==",
      "khash": "U2FsdGVkX18vIfl1M+xba9CtJC4A2pTvRLKSfPHwBsc6P/fC1F7dqlWLiaoLF8CDxxFUlpVaLKhQ2MGc1L2PIA==",
      "viewCount": null,
      "duration": "35:8",
      "size": 513255164
    },
    {
      "id": "d8ef2d93-70e7-4750-9078-86ecf7c1cbe3",
      "pid": "6eee2f86-f143-43cb-9f19-bc949d59e73c",
      "dblevel": 5,
      "location": "",
      "isVideo": true,
      "url": "01-bai-giang.muc-su-nguyen-thi.nam-2010.08152010-nen-cau-nguyen-nhu-the-nao-mat060515",
      "name": "08152010 Nên Cầu Nguyện Như Thế Nào Mat060515",
      "count": 0,
      "isLeaf": null,
      "keyword": null,
      "hash": null,
      "khash": null,
      "viewCount": null,
      "duration": "46:43",
      "size": 685257485
    },
    {
      "id": "fb3d90ef-6908-49f0-8431-8ce290a0d33d",
      "pid": "6eee2f86-f143-43cb-9f19-bc949d59e73c",
      "dblevel": 5,
      "location": "/VGMV/01_BaiGiang/MucsuNguyenThi/Nam2010/08152010NenCauNguyenNhuTheNaoMat060515",
      "isVideo": true,
      "url": "01-bai-giang.muc-su-nguyen-thi.nam-2010.08152010-nen-cau-nguyen-nhu-the-nao-mat060515-",
      "name": "08152010 Nên Cầu Nguyện Như Thế Nào Mat060515 ",
      "count": 0,
      "isLeaf": null,
      "keyword": null,
      "hash": "U2FsdGVkX1+XX2IUuky4FqDDovIX5udqxa3mFQ6rUN2C+zspzI0JwDGK4hPWWUavZSXgZGfeiEmbwGHdfEQSZQ==",
      "khash": "U2FsdGVkX19ErGNcZk19ydD51ea4wDN3RDHdyhPyfbGHFgYRh5JinfeLsJfKxqnMD+H1guHb9FY5huTRUuSzhA==",
      "viewCount": null,
      "duration": "46:43",
      "size": 685257485
    },
    {
      "id": "a665fa49-3306-471a-ae4f-6914644c8d61",
      "pid": "6eee2f86-f143-43cb-9f19-bc949d59e73c",
      "dblevel": 5,
      "location": "/VGMV/01_BaiGiang/MucsuNguyenThi/Nam2010/08222010DaThanHayDocThanXu200117",
      "isVideo": true,
      "url": "01-bai-giang.muc-su-nguyen-thi.nam-2010.08222010-da-than-hay-doc-than-xu200117",
      "name": "08222010 Đa Thân Hay Độc Thân Xu200117",
      "count": 0,
      "isLeaf": null,
      "keyword": null,
      "hash": "U2FsdGVkX1/MOoWfQ7szih/MX//J0Stn5y1Epb6gEejzyT7y+LhESI7N1/0zu+FQDubD3pK/8m2xXcdEePmvaQ==",
      "khash": "U2FsdGVkX19yW7lYmERws3cCZLaCGlnfPqKWy4HSmTj6QjGs2H7QCyorjWxsyhdwzlZjf5uf9mwogBLs1Jc6bw==",
      "viewCount": null,
      "duration": "39:45",
      "size": 575009601
    },
    {
      "id": "6734c7a9-e009-4401-9020-feda4ca7bc8b",
      "pid": "6eee2f86-f143-43cb-9f19-bc949d59e73c",
      "dblevel": 5,
      "location": "/VGMV/01_BaiGiang/MucsuNguyenThi/Nam2010/08292010DanhCuaChuaNgayCuaChaXu200711",
      "isVideo": true,
      "url": "01-bai-giang.muc-su-nguyen-thi.nam-2010.08292010-danh-cua-chua-ngay-cua-cha-xu200711",
      "name": "08292010 Danh Của Chúa Ngày Của Cha Xu200711",
      "count": 0,
      "isLeaf": null,
      "keyword": null,
      "hash": "U2FsdGVkX182/3BsWjqCqXQAxZya0hZoObaf2a2QD5ecZjRNTLLfLpGI06s6kXn9P3MsLGB1S5krps1YQ5GcuQ==",
      "khash": "U2FsdGVkX1+nWcz+HXJ77lzRBLByAU3gz34M8okMBPS23GwaWq4xumN9sAZzmZWCZOLauPUUSj3nu/2XsLvikw==",
      "viewCount": null,
      "duration": "34:53",
      "size": 529444508
    },
    {
      "id": "2d2973a0-3b5a-4d3c-8c9f-257dbfe66a49",
      "pid": "6eee2f86-f143-43cb-9f19-bc949d59e73c",
      "dblevel": 5,
      "location": "/VGMV/01_BaiGiang/MucsuNguyenThi/Nam2010/09052010LamMoiViecNhuLamChoChuaCo0322-0406",
      "isVideo": true,
      "url": "01-bai-giang.muc-su-nguyen-thi.nam-2010.09052010-lam-moi-viec-nhu-lam-cho-chua-co0322-0406",
      "name": "09052010 Làm Mọi Việc Như Làm Cho Chúa Co0322-0406",
      "count": 0,
      "isLeaf": null,
      "keyword": null,
      "hash": "",
      "khash": "U2FsdGVkX197wRLW02E98yRvGWN/j1gyD38030bTC/y8VlJBq14+V1+JWPZSsQ6teYz1iQ/qFXorypn0EqycrQ==",
      "viewCount": null,
      "duration": "39:10",
      "size": 595735680
    },
    {
      "id": "0be9f2f4-477b-4508-8dee-e712b4dc2e4c",
      "pid": "6eee2f86-f143-43cb-9f19-bc949d59e73c",
      "dblevel": 5,
      "location": "/VGMV/01_BaiGiang/MucsuNguyenThi/Nam2010/09122010GiaoDucTaiGiaPhu060109",
      "isVideo": true,
      "url": "01-bai-giang.muc-su-nguyen-thi.nam-2010.09122010-giao-duc-tai-gia-phu060109",
      "name": "09122010 Giáo Dục Tại Gia Phu060109",
      "count": 0,
      "isLeaf": null,
      "keyword": null,
      "hash": "U2FsdGVkX186V6IuElnKSZ7eRCZ83Ujse+U67b3nJ3U5dTyiA/rfGnfmqbSsQPq+M66FhXZ/SXIw4hETVyY4mQ==",
      "khash": "U2FsdGVkX19VYwCAsU/AEKTixUiqjpsCQ4XevAgesWZrpGNuBpGTs/sdkycTEhV0PNhOCxgV29F0UDyxpHxqbQ==",
      "viewCount": null,
      "duration": "25:48",
      "size": 394532252
    },
    {
      "id": "0d22aded-fe2e-4715-93e3-72a4464bbe2a",
      "pid": "6eee2f86-f143-43cb-9f19-bc949d59e73c",
      "dblevel": 5,
      "location": "/VGMV/01_BaiGiang/MucsuNguyenThi/Nam2010/09192010TinhCachthiengLiengCuaSuSongMat052126",
      "isVideo": true,
      "url": "01-bai-giang.muc-su-nguyen-thi.nam-2010.09192010-tinh-cach-thieng-lieng-cua-su-song-mat052126",
      "name": "09192010 Tính Cách thiêng Liêng Của Sự Sống Mat052126",
      "count": 0,
      "isLeaf": null,
      "keyword": null,
      "hash": "",
      "khash": "U2FsdGVkX183mwpDoUkSmZ4+IS59+RRf1mcXFEH8yCBLyV9Euklt/2gZm6+gtWPyjwr2EDcCctKaiZkGk2MsEw==",
      "viewCount": null,
      "duration": "35:15",
      "size": 538670943
    },
    {
      "id": "3a7f95dd-eda1-4b0c-a15b-9a720a890a8f",
      "pid": "6eee2f86-f143-43cb-9f19-bc949d59e73c",
      "dblevel": 5,
      "location": "/VGMV/01_BaiGiang/MucsuNguyenThi/Nam2010/09262010DongTinhThamMuonMat052732",
      "isVideo": true,
      "url": "01-bai-giang.muc-su-nguyen-thi.nam-2010.09262010-dong-tinh-tham-muon-mat052732",
      "name": "09262010 Đồng Tình Tham Muốn Mat052732",
      "count": 0,
      "isLeaf": null,
      "keyword": null,
      "hash": "",
      "khash": "U2FsdGVkX19jlfkP+NlzRk8g+WLGoTqJZPiIg3BqIEKkdJ8XGaRWeAVdfjF3dMSOGNcZ9UguTfNtP2h+knJQJg==",
      "viewCount": null,
      "duration": "30:59",
      "size": 472446175
    },
    {
      "id": "2235efd8-c49b-4797-b701-fc27fd5ac1c5",
      "pid": "6eee2f86-f143-43cb-9f19-bc949d59e73c",
      "dblevel": 5,
      "location": "/VGMV/01_BaiGiang/MucsuNguyenThi/Nam2010/10032010NoiKetTinhThanTrongHoiThanhCong024247",
      "isVideo": true,
      "url": "01-bai-giang.muc-su-nguyen-thi.nam-2010.10032010-noi-ket-tinh-than-trong-hoi-thanh-cong024247",
      "name": "10032010 Nối Kết Tinh Thần Trong Hội Thánh Cong024247",
      "count": 0,
      "isLeaf": null,
      "keyword": null,
      "hash": "",
      "khash": "U2FsdGVkX1/JtlgEM1fb05cBA5k7isUx7jZvMXQUh9o56On7U8zzlF1RPWQ0LGVRDoTtTvISaOuq33gMH1yHBw==",
      "viewCount": null,
      "duration": "42:28",
      "size": 644635155
    },
    {
      "id": "7a1cc78e-8c83-4f38-acc9-f14c55167cf2",
      "pid": "6eee2f86-f143-43cb-9f19-bc949d59e73c",
      "dblevel": 5,
      "location": "/VGMV/01_BaiGiang/MucsuNguyenThi/Nam2010/10102010HoiThanhLaGiIPhi020110",
      "isVideo": true,
      "url": "01-bai-giang.muc-su-nguyen-thi.nam-2010.10102010-hoi-thanh-la-gi-iphi020110",
      "name": "10102010 Hội Thánh Là Gì IPhi020110",
      "count": 0,
      "isLeaf": null,
      "keyword": null,
      "hash": "",
      "khash": "U2FsdGVkX1+WVvlBfD3atqa6Age66zfAJ+obBacPOPfVfS2HrGj3+HGsbA9dibkrwUhPEyuKS0b/NW30I26NXg==",
      "viewCount": null,
      "duration": "34:33",
      "size": 527617035
    },
    {
      "id": "705abffa-5c8c-48fb-b90d-1f6667f702d9",
      "pid": "6eee2f86-f143-43cb-9f19-bc949d59e73c",
      "dblevel": 5,
      "location": "/VGMV/01_BaiGiang/MucsuNguyenThi/Nam2010/10172010HoiThanhLaGiIPhi030817",
      "isVideo": true,
      "url": "01-bai-giang.muc-su-nguyen-thi.nam-2010.10172010-hoi-thanh-la-gi-iphi030817",
      "name": "10172010 Hội Thánh Là Gì IPhi030817",
      "count": 0,
      "isLeaf": null,
      "keyword": null,
      "hash": "",
      "khash": "U2FsdGVkX18RZ5A+DRWA0OEdEJF5qUHcPsuribGM+RB3XitdNe680NH4yFcRks/A03WZrncilur1BofAFC5rEA==",
      "viewCount": null,
      "duration": "46:3",
      "size": 700023107
    },
    {
      "id": "9974d6d0-799e-40e8-af5a-51aeb53179a1",
      "pid": "6eee2f86-f143-43cb-9f19-bc949d59e73c",
      "dblevel": 5,
      "location": "/VGMV/01_BaiGiang/MucsuNguyenThi/Nam2010/10242010DungBoiRoiGi140106",
      "isVideo": true,
      "url": "01-bai-giang.muc-su-nguyen-thi.nam-2010.10242010-dung-boi-roi-gi140106",
      "name": "10242010 Đừng Bối Rối Gi140106",
      "count": 0,
      "isLeaf": null,
      "keyword": null,
      "hash": "",
      "khash": "U2FsdGVkX189IbnhDOt4p/v4RTnRSWjlCi9rjB1EYA/saGy00Wr6+AZBIvhPjnRYgTXtNrOroSP0L/1EK6c96A==",
      "viewCount": null,
      "duration": "27:25",
      "size": 417601803
    },
    {
      "id": "9d96f1b5-61c4-4fa4-a431-e3dfa3515926",
      "pid": "6eee2f86-f143-43cb-9f19-bc949d59e73c",
      "dblevel": 5,
      "location": "/VGMV/01_BaiGiang/MucsuNguyenThi/Nam2010/10312010XayDungHoiThanhTruyenGiaoCong111930",
      "isVideo": true,
      "url": "01-bai-giang.muc-su-nguyen-thi.nam-2010.10312010-xay-dung-hoi-thanh-truyen-giao-cong111930",
      "name": "10312010 Xây Dựng Hội Thánh Truyền Giáo Cong111930",
      "count": 0,
      "isLeaf": null,
      "keyword": null,
      "hash": "",
      "khash": "U2FsdGVkX1+iT0Fu/gPuurui0/bJBHe8TqpSl//azk6X+behlmSDTHnLnxbRSytKKo9/iOry0zbFZBSc9pzRwQ==",
      "viewCount": null,
      "duration": "46:14",
      "size": 703364619
    },
    {
      "id": "a1a5b571-5cdf-45c3-b077-66d35f6e95d2",
      "pid": "6eee2f86-f143-43cb-9f19-bc949d59e73c",
      "dblevel": 5,
      "location": "/VGMV/01_BaiGiang/MucsuNguyenThi/Nam2010/11142010KhongQuenAnHueChuaThi103",
      "isVideo": true,
      "url": "01-bai-giang.muc-su-nguyen-thi.nam-2010.11142010-khong-quen-an-hue-chua-thi-103",
      "name": "11142010 Không Quên Ân Huệ Chúa Thi 103",
      "count": 0,
      "isLeaf": null,
      "keyword": null,
      "hash": "",
      "khash": "U2FsdGVkX18+VgbGJYY34D8Th5KFrD/TDLk7DDr20MjdrIRGUB8Cvz6IRtUhFP18/JieI4RwxV0gayzc01Q9lg==",
      "viewCount": null,
      "duration": "34:15",
      "size": 547522856
    },
    {
      "id": "e7adf405-27b3-4785-b871-92cd4ab80c91",
      "pid": "6eee2f86-f143-43cb-9f19-bc949d59e73c",
      "dblevel": 5,
      "location": "/VGMV/01_BaiGiang/MucsuNguyenThi/Nam2010/11212010CuaLeCamTaThi116",
      "isVideo": true,
      "url": "01-bai-giang.muc-su-nguyen-thi.nam-2010.11212010-cua-le-cam-ta-thi-116",
      "name": "11212010 Của Lễ Cảm Tạ Thi 116",
      "count": 0,
      "isLeaf": null,
      "keyword": null,
      "hash": "",
      "khash": "U2FsdGVkX18pUUywQTuwr9ROntFdg84E65+G11Vncj9vntvI0wYmv7OgghlqLNT4/U3mwBhMbBJlOycIASIMSQ==",
      "viewCount": null,
      "duration": "34:52",
      "size": 556853290
    },
    {
      "id": "c8666593-8b2b-43df-a0cd-cb7cd24b9390",
      "pid": "6eee2f86-f143-43cb-9f19-bc949d59e73c",
      "dblevel": 5,
      "location": "/VGMV/01_BaiGiang/MucsuNguyenThi/Nam2010/11282010DucChuaTroiOCungChungTaMat011825",
      "isVideo": true,
      "url": "01-bai-giang.muc-su-nguyen-thi.nam-2010.11282010-duc-chua-troi-o-cung-chung-ta-mat-011825",
      "name": "11282010 Đức Chúa Trời Ở Cùng Chúng Ta Mat 011825",
      "count": 0,
      "isLeaf": null,
      "keyword": null,
      "hash": "",
      "khash": "U2FsdGVkX19VOyO8HKrjBFtSeCce8jOA1bCaXNmxeN+rEJzWT6XZG4tNPogdzGv3/hGhpqoyYxH1LRGhFbv+qg==",
      "viewCount": null,
      "duration": "31:0",
      "size": 494240471
    },
    {
      "id": "ff5f769a-f845-45f5-baaa-47e9e6873ff7",
      "pid": "6eee2f86-f143-43cb-9f19-bc949d59e73c",
      "dblevel": 5,
      "location": "/VGMV/01_BaiGiang/MucsuNguyenThi/Nam2010/12052010Gio-sepNguoiChuaDungMat011825",
      "isVideo": true,
      "url": "01-bai-giang.muc-su-nguyen-thi.nam-2010.12052010-gio-sep-nguoi-chua-dung-mat-011825",
      "name": "12052010 Giô-sép Người Chúa Dùng Mat 011825",
      "count": 0,
      "isLeaf": null,
      "keyword": null,
      "hash": "",
      "khash": "U2FsdGVkX18dTVMZlYaJzNjX4qShwbIKXRoJ9JX3fnDrNr5zIIqKoocJqGFU5H3eDaCJZPKiB7XT/UvfkAwo8A==",
      "viewCount": null,
      "duration": "37:15",
      "size": 593801163
    },
    {
      "id": "07de8b81-d483-485d-87ef-63526a764b8c",
      "pid": "6eee2f86-f143-43cb-9f19-bc949d59e73c",
      "dblevel": 5,
      "location": "/VGMV/01_BaiGiang/MucsuNguyenThi/Nam2010/12122010ThoPhuongMuaGiangSinhMat020112",
      "isVideo": true,
      "url": "01-bai-giang.muc-su-nguyen-thi.nam-2010.12122010-tho-phuong-mua-giang-sinh-mat-020112",
      "name": "12122010 Thờ Phượng Mùa Giáng Sinh Mat 020112",
      "count": 0,
      "isLeaf": null,
      "keyword": null,
      "hash": "",
      "khash": "U2FsdGVkX196Dl4so4EuAXlNTpoXVZEU64QXdZLOIbi3reIgakS3NOFfxpgBtKwaQKQPZ94OkECUSCAiwmCe3A==",
      "viewCount": null,
      "duration": "24:3",
      "size": 383113808
    },
    {
      "id": "4e61a2e2-067a-4cdd-9b6e-ae369a8d047c",
      "pid": "6eee2f86-f143-43cb-9f19-bc949d59e73c",
      "dblevel": 5,
      "location": "/VGMV/01_BaiGiang/MucsuNguyenThi/Nam2010/12192010LucAyVaBayGioLu020120",
      "isVideo": true,
      "url": "01-bai-giang.muc-su-nguyen-thi.nam-2010.12192010-luc-ay-va-bay-gio-lu-020120",
      "name": "12192010 Lúc Ấy Và Bây Giờ Lu 020120",
      "count": 0,
      "isLeaf": null,
      "keyword": null,
      "hash": "",
      "khash": "U2FsdGVkX19hLNHztKx4yc3e5zU/MF3Dzh087Vgt/av3q8dLPK45yiQ630XvGnUMbHpVcAvFhCBz/CWH0sys5A==",
      "viewCount": null,
      "duration": "35:8",
      "size": 559131332
    },
    {
      "id": "01ab520c-b5f0-4e32-a89e-866c1ab2ea64",
      "pid": "6eee2f86-f143-43cb-9f19-bc949d59e73c",
      "dblevel": 5,
      "location": "/VGMV/01_BaiGiang/MucsuNguyenThi/Nam2010/12242010MungSinhNhatChuaMat0121",
      "isVideo": true,
      "url": "01-bai-giang.muc-su-nguyen-thi.nam-2010.12242010-mung-sinh-nhat-chua-mat-0121",
      "name": "12242010 Mừng Sinh Nhật Chúa Mat 0121",
      "count": 0,
      "isLeaf": null,
      "keyword": null,
      "hash": "",
      "khash": "U2FsdGVkX19FASIRa5F4Fhzi5zt8366yELDN02m/1IqRkFask7WVZE+zz22AH8og3ns7Dy/4x3hiVkCpi7ic8A==",
      "viewCount": null,
      "duration": "21:10",
      "size": 336895501
    }
  ]
}