{
  "id": "41cb1349-3a1e-46c1-9e20-db89f782e610",
  "pid": "71832048-cb5a-498b-a6d9-9d1831fd437b",
  "dblevel": 4,
  "location": "/VGMV/01_BaiGiang/HocTheoChuDe/21-NenTangAnNinhCuaSuCuuRoi",
  "isVideo": true,
  "url": "01-bai-giang.hoc-theo-chu-de.21-nen-tang-an-ninh-cua-su-cuu-roi",
  "name": "21-Nền Tảng An Ninh Của Sự Cứu Rỗi",
  "count": 7,
  "isLeaf": true,
  "keyword": null,
  "hash": null,
  "khash": null,
  "viewCount": null,
  "duration": null,
  "size": null,
  "children": [
    {
      "id": "2734e5eb-51bc-4f9d-b174-f9185d7cde3f",
      "pid": "41cb1349-3a1e-46c1-9e20-db89f782e610",
      "dblevel": 5,
      "location": "/VGMV/01_BaiGiang/HocTheoChuDe/21-NenTangAnNinhCuaSuCuuRoi/20201213_Ro082839_NenTangAnNinhCuaSuCuuRoi-P1",
      "isVideo": true,
      "url": "01-bai-giang.hoc-theo-chu-de.21-nen-tang-an-ninh-cua-su-cuu-roi.20201213-ro082839-nen-tang-an-ninh-cua-su-cuu-roi-p1",
      "name": "20201213_Ro082839_Nền Tảng An Ninh Của Sự Cứu Rỗi-P1",
      "count": 0,
      "isLeaf": null,
      "keyword": null,
      "hash": "U2FsdGVkX19+mQrTDNI45Q+qra/697t7mtyJgLY6zVkT+zk2H77dc76Upr4fIPb6s/W69uA2cZToZZjKtMaN5w==",
      "khash": "U2FsdGVkX1+rF3eQZU4cgD2jjb04oZGGz/Uv6EMTMMH6wvFA22i9aJr/d0nxKT+pQxYHGFxFo9quoJVjLDEEwA==",
      "viewCount": null,
      "duration": "83:22",
      "size": 2570851805
    },
    {
      "id": "45fdb280-1946-4f76-a67c-d3ebe12458ac",
      "pid": "41cb1349-3a1e-46c1-9e20-db89f782e610",
      "dblevel": 5,
      "location": "/VGMV/01_BaiGiang/HocTheoChuDe/21-NenTangAnNinhCuaSuCuuRoi/20201220_Ro082839_NenTangAnNinhCuaSuCuuRoi-P2",
      "isVideo": true,
      "url": "01-bai-giang.hoc-theo-chu-de.21-nen-tang-an-ninh-cua-su-cuu-roi.20201220-ro082839-nen-tang-an-ninh-cua-su-cuu-roi-p2",
      "name": "20201220_Ro082839_Nền Tảng An Ninh Của Sự Cứu Rỗi-P2",
      "count": 0,
      "isLeaf": null,
      "keyword": null,
      "hash": "U2FsdGVkX1/JZsnsylIDuqKqCU8n6hLVxnqD7i2d6/tBAqHVsQ/GtCRMOlNnoP6zZzosRzbLxB90+h2mC2siTA==",
      "khash": "U2FsdGVkX18lQQDU4fPePADsjL9vgg/DEHpz3ELxWgtcBUkXZDrI0Liq4OJSvpO0EKe5naWNz5zzYC70FPIkLg==",
      "viewCount": null,
      "duration": "76:56",
      "size": 2185285660
    },
    {
      "id": "cd2065f3-4017-4cf1-858e-271e5f77a032",
      "pid": "41cb1349-3a1e-46c1-9e20-db89f782e610",
      "dblevel": 5,
      "location": "/VGMV/01_BaiGiang/HocTheoChuDe/21-NenTangAnNinhCuaSuCuuRoi/20201227_Ro082839_NenTangAnNinhCuaSuCuuRoi-P3",
      "isVideo": true,
      "url": "01-bai-giang.hoc-theo-chu-de.21-nen-tang-an-ninh-cua-su-cuu-roi.20201227-ro082839-nen-tang-an-ninh-cua-su-cuu-roi-p3",
      "name": "20201227_Ro082839_Nền Tảng An Ninh Của Sự Cứu Rỗi-P3",
      "count": 0,
      "isLeaf": null,
      "keyword": null,
      "hash": "U2FsdGVkX19zVvWeWw8dBhpiJUWTVJx+48ygzJyPbnZUpdcvfxhTJBiKqbvL/UNrhCSwCO/WwzanrICkP9nmOQ==",
      "khash": "U2FsdGVkX19ARimiS44S9wq6GoEOXYni6hubi9uwlBHJKbXGdTmoQTZQQoRFdoIff4jUsi0rUVmpwXpnGQ2ZZQ==",
      "viewCount": null,
      "duration": "72:3",
      "size": 2167057605
    },
    {
      "id": "a5531213-d8de-4444-9d18-1291038a9f0d",
      "pid": "41cb1349-3a1e-46c1-9e20-db89f782e610",
      "dblevel": 5,
      "location": "/VGMV/01_BaiGiang/HocTheoChuDe/21-NenTangAnNinhCuaSuCuuRoi/20210103_Ro082839_NenTangAnNinhCuaSuCuuRoi-P4",
      "isVideo": true,
      "url": "01-bai-giang.hoc-theo-chu-de.21-nen-tang-an-ninh-cua-su-cuu-roi.20210103-ro082839-nen-tang-an-ninh-cua-su-cuu-roi-p4",
      "name": "20210103_Ro082839_Nền Tảng An Ninh Của Sự Cứu Rỗi-P4",
      "count": 0,
      "isLeaf": null,
      "keyword": null,
      "hash": "U2FsdGVkX1+CjPqh0RNnntzQwADQ9+AaiVXcTok7tpXMYwrDbENhImpVZeGslRZEsl7oZOvKOU3DpVfEam8t5w==",
      "khash": "U2FsdGVkX18V582Hqao9nNDbn0ANQw3rrdptOyvr3pnPqkl3LsyrLPTC2w2OTTByh8k/h8hqMja+xL+zhmweEA==",
      "viewCount": null,
      "duration": "68:53",
      "size": 2118317887
    },
    {
      "id": "b3d594a5-55ea-4f41-a481-880a91bd15c7",
      "pid": "41cb1349-3a1e-46c1-9e20-db89f782e610",
      "dblevel": 5,
      "location": "/VGMV/01_BaiGiang/HocTheoChuDe/21-NenTangAnNinhCuaSuCuuRoi/20210110_Ro082839_NenTangAnNinhCuaSuCuuRoi-P5",
      "isVideo": true,
      "url": "01-bai-giang.hoc-theo-chu-de.21-nen-tang-an-ninh-cua-su-cuu-roi.20210110-ro082839-nen-tang-an-ninh-cua-su-cuu-roi-p5",
      "name": "20210110_Ro082839_Nền Tảng An Ninh Của Sự Cứu Rỗi-P5",
      "count": 0,
      "isLeaf": null,
      "keyword": null,
      "hash": "U2FsdGVkX182LLtU9YWQv6vrBNlTTX7V8iR1oNc0r+fju0PmiPW1EU8Bd9bA/WqlyOXAMfDgsb1xpgKCSzvKSA==",
      "khash": "U2FsdGVkX18ziei6MXuWcOwy2I+No1JBOsYd+3n/r5OQUno4umtBTeEgF04MbPmXDRGSYjh9ddXLrxkyBV9nOQ==",
      "viewCount": null,
      "duration": "73:59",
      "size": 1840615249
    },
    {
      "id": "f72c3492-5d3b-4cc9-af1b-54f3d4c93d1d",
      "pid": "41cb1349-3a1e-46c1-9e20-db89f782e610",
      "dblevel": 5,
      "location": "/VGMV/01_BaiGiang/HocTheoChuDe/21-NenTangAnNinhCuaSuCuuRoi/20210117_Ro082839_NenTangAnNinhCuaSuCuuRoi-P6",
      "isVideo": true,
      "url": "01-bai-giang.hoc-theo-chu-de.21-nen-tang-an-ninh-cua-su-cuu-roi.20210117-ro082839-nen-tang-an-ninh-cua-su-cuu-roi-p6",
      "name": "20210117_Ro082839_Nền Tảng An Ninh Của Sự Cứu Rỗi-P6",
      "count": 0,
      "isLeaf": null,
      "keyword": null,
      "hash": "U2FsdGVkX19in4wcRsrj22FfG6Nw2INXjN8syyYe+8s5KHBKEd1K6W+XcqV8HjA+ojs3iR1BcYewbOp9DZegCA==",
      "khash": "U2FsdGVkX1+z/8zPLHKdEeyYc52tKO22/+lNUwG19WqdGV+ZbidwdNd2qplAqNmcUX5EcKFs5EfM0jO/AYcpFg==",
      "viewCount": null,
      "duration": "69:14",
      "size": 2277801840
    },
    {
      "id": "f4b0785f-73cb-4f6e-8000-26349329ce56",
      "pid": "41cb1349-3a1e-46c1-9e20-db89f782e610",
      "dblevel": 5,
      "location": "/VGMV/01_BaiGiang/HocTheoChuDe/21-NenTangAnNinhCuaSuCuuRoi/20210124_Ro082839_NenTangAnNinhCuaSuCuuRoi-P7",
      "isVideo": true,
      "url": "01-bai-giang.hoc-theo-chu-de.21-nen-tang-an-ninh-cua-su-cuu-roi.20210124-ro082839-nen-tang-an-ninh-cua-su-cuu-roi-p7",
      "name": "20210124_Ro082839_Nền Tảng An Ninh Của Sự Cứu Rỗi-P7",
      "count": 0,
      "isLeaf": null,
      "keyword": null,
      "hash": "U2FsdGVkX19lffzUOTlAnqHJgd7H3xbQlm44JWhzRftk2qf+2Yl/h4MB5p7lT6rzkuIMQHomDdFoWIrdrvDncQ==",
      "khash": "U2FsdGVkX1/3AQa7UoR6ALHpw4/8m0GsnnYEGa+1D6nCJbpAOtdYXqpXW7dpc/3yV/s4hAtV3nH14uE6UyCXOg==",
      "viewCount": null,
      "duration": "70:19",
      "size": 2115263451
    }
  ]
}