{
  "id": "52f30488-9fa1-4594-aaee-01c49c8944df",
  "pid": "418791c8-58d8-464d-8d6a-263831368705",
  "dblevel": 5,
  "location": "/VGMV/01_BaiGiang/HocTheoSachTrongKinhThanh/TimHieuThanhKinh/THTK50-ThuPhi-lip",
  "isVideo": true,
  "url": "01-bai-giang.hoc-theo-sach-trong-kinh-thanh.tim-hieu-thanh-kinh.thtk50-thu-phi-lip",
  "name": "THTK50-Thư Phi-líp",
  "count": 18,
  "isLeaf": true,
  "keyword": null,
  "hash": null,
  "khash": null,
  "viewCount": null,
  "duration": null,
  "size": null,
  "children": [
    {
      "id": "0b283d61-b459-44f9-8970-ac9c50ae9fab",
      "pid": "52f30488-9fa1-4594-aaee-01c49c8944df",
      "dblevel": 6,
      "location": "/VGMV/01_BaiGiang/HocTheoSachTrongKinhThanh/TimHieuThanhKinh/THTK50-ThuPhi-lip/Phi-lip01",
      "isVideo": true,
      "url": "01-bai-giang.hoc-theo-sach-trong-kinh-thanh.tim-hieu-thanh-kinh.thtk50-thu-phi-lip.phi-lip-01",
      "name": "Phi-líp 01",
      "count": 0,
      "isLeaf": null,
      "keyword": null,
      "hash": "U2FsdGVkX18vpkFFQ4XonvAV2KpWDaX90ogF1DcHUtNg0vcOVVMaTUBIeWwNwXE++uRDMp7QJapHT7LBOWzSQA==",
      "khash": "U2FsdGVkX1+rR8e9hi/GVEC3Mm1LDjWptbYmT/G9j32633Pcn/O0oiQACiBtZd4J64hcY/8nXm25X4tDIDWXQQ==",
      "viewCount": null,
      "duration": "22:45",
      "size": 669499653
    },
    {
      "id": "68bd3bb4-624b-4acc-8c25-238d3f94bd59",
      "pid": "52f30488-9fa1-4594-aaee-01c49c8944df",
      "dblevel": 6,
      "location": "/VGMV/01_BaiGiang/HocTheoSachTrongKinhThanh/TimHieuThanhKinh/THTK50-ThuPhi-lip/Phi-lip02",
      "isVideo": true,
      "url": "01-bai-giang.hoc-theo-sach-trong-kinh-thanh.tim-hieu-thanh-kinh.thtk50-thu-phi-lip.phi-lip-02",
      "name": "Phi-líp 02",
      "count": 0,
      "isLeaf": null,
      "keyword": null,
      "hash": "U2FsdGVkX1/d0U8DGWOB9X35vGXtCxvBYGSNM1oHdoLOyduqy+CWI4p3R0Q0a8pX3LMGyt7S4D6FcyDtHNpnMg==",
      "khash": "U2FsdGVkX1//Cki1dZEaR/Wt+DFY/AO8pzzB1T764ebngKyT7O2K3G2jANDex+vsuAvOs4P3hJOgVO/Dm54RGg==",
      "viewCount": null,
      "duration": "20:17",
      "size": 597245235
    },
    {
      "id": "fc3c63c4-6548-43e4-80f3-2644705c405d",
      "pid": "52f30488-9fa1-4594-aaee-01c49c8944df",
      "dblevel": 6,
      "location": "/VGMV/01_BaiGiang/HocTheoSachTrongKinhThanh/TimHieuThanhKinh/THTK50-ThuPhi-lip/Phi-lip03",
      "isVideo": true,
      "url": "01-bai-giang.hoc-theo-sach-trong-kinh-thanh.tim-hieu-thanh-kinh.thtk50-thu-phi-lip.phi-lip-03",
      "name": "Phi-líp 03",
      "count": 0,
      "isLeaf": null,
      "keyword": null,
      "hash": "U2FsdGVkX19YFZhTySUI1r6+78g8+g2DIuIK/swENW8SEtUfIkJQ1Wwmvk9SkX6fsue3q7M+DQCMxSfRjNGxYA==",
      "khash": "U2FsdGVkX1/lhCdRlz/uDggaFlvR+3/XTRjxSkLGyKV0OMHwNLWge7IpOMaR2rcSf6xF1di0xBEaaYbVMbnFNw==",
      "viewCount": null,
      "duration": "23:53",
      "size": 702824794
    },
    {
      "id": "64926c28-15af-4f26-a838-9200645caf05",
      "pid": "52f30488-9fa1-4594-aaee-01c49c8944df",
      "dblevel": 6,
      "location": "/VGMV/01_BaiGiang/HocTheoSachTrongKinhThanh/TimHieuThanhKinh/THTK50-ThuPhi-lip/Phi-lip04",
      "isVideo": true,
      "url": "01-bai-giang.hoc-theo-sach-trong-kinh-thanh.tim-hieu-thanh-kinh.thtk50-thu-phi-lip.phi-lip-04",
      "name": "Phi-líp 04",
      "count": 0,
      "isLeaf": null,
      "keyword": null,
      "hash": "U2FsdGVkX18Ru3LRtUEBcl7lUcS9t4HidO2IMgWZwplwpI13FvcF+phrr0HZhA2i+lJQQopnhQc7X8ob4myS+Q==",
      "khash": "U2FsdGVkX18eA1mlsD2zqLN1Zf6d0ojj8vS6QClHv3Y6dnC13/J4dxILi3IDU5aaIMHuecs1jw9bRsKfxVUKkA==",
      "viewCount": null,
      "duration": "19:17",
      "size": 567834002
    },
    {
      "id": "762f5a83-58f5-4d61-aafd-96677a99f29c",
      "pid": "52f30488-9fa1-4594-aaee-01c49c8944df",
      "dblevel": 6,
      "location": "/VGMV/01_BaiGiang/HocTheoSachTrongKinhThanh/TimHieuThanhKinh/THTK50-ThuPhi-lip/Phi-lip05",
      "isVideo": true,
      "url": "01-bai-giang.hoc-theo-sach-trong-kinh-thanh.tim-hieu-thanh-kinh.thtk50-thu-phi-lip.phi-lip-05",
      "name": "Phi-líp 05",
      "count": 0,
      "isLeaf": null,
      "keyword": null,
      "hash": "U2FsdGVkX1/KTXiP6JaXx/g6r6sYMD9EDvHlrh26GIJYKANzqqfFqbyJMtvXZFflV9VeY1/MF0L8aRVFoeM2OQ==",
      "khash": "U2FsdGVkX1/F2bej6qkylrClrmklm5DX2n5PT/CSYypbewLFeyVGJaVX2hpzwfHhWNbhH0eUBzXlh0UljmJrTg==",
      "viewCount": null,
      "duration": "22:0",
      "size": 647037628
    },
    {
      "id": "98c37841-64d6-46bd-96d0-04b56f8853ce",
      "pid": "52f30488-9fa1-4594-aaee-01c49c8944df",
      "dblevel": 6,
      "location": "/VGMV/01_BaiGiang/HocTheoSachTrongKinhThanh/TimHieuThanhKinh/THTK50-ThuPhi-lip/Phi-lip06",
      "isVideo": true,
      "url": "01-bai-giang.hoc-theo-sach-trong-kinh-thanh.tim-hieu-thanh-kinh.thtk50-thu-phi-lip.phi-lip-06",
      "name": "Phi-líp 06",
      "count": 0,
      "isLeaf": null,
      "keyword": null,
      "hash": "U2FsdGVkX1/OE4MzGAXcQcwWpv3nUMZunOnbyWa6UXNB1EXbowQUpno69kyHfWBegATmxa15f/sRnLZXKdqAKw==",
      "khash": "U2FsdGVkX1+QV3HazK6b+4EmzQNxHsunOV1NpCRBw7VpER9ctSZ1JGKPTe1Vo2hvKBJTR2oxNQX2yxhJkXU1wQ==",
      "viewCount": null,
      "duration": "23:29",
      "size": 690308943
    },
    {
      "id": "d399379f-ef0e-4f08-b434-130ac279bca6",
      "pid": "52f30488-9fa1-4594-aaee-01c49c8944df",
      "dblevel": 6,
      "location": "/VGMV/01_BaiGiang/HocTheoSachTrongKinhThanh/TimHieuThanhKinh/THTK50-ThuPhi-lip/Phi-lip07",
      "isVideo": true,
      "url": "01-bai-giang.hoc-theo-sach-trong-kinh-thanh.tim-hieu-thanh-kinh.thtk50-thu-phi-lip.phi-lip-07",
      "name": "Phi-líp 07",
      "count": 0,
      "isLeaf": null,
      "keyword": null,
      "hash": "U2FsdGVkX1/Bo3QZqsmOBMlwVWy5cweiLmXsu/RJxOhy+2oTuCqRdutNyDGrYWa1VVywnvQaPmGTNLmXFrNX2Q==",
      "khash": "U2FsdGVkX19bXyDAly+vMRqbBkwk7sFxjsU6M3z4XX/DSEGBqsMBZWrxwgD7EPczv/OOzVTkvM2Eoh3Wsx+iYg==",
      "viewCount": null,
      "duration": "29:4",
      "size": 855230769
    },
    {
      "id": "42808b22-115f-451a-83c6-474d89011c4a",
      "pid": "52f30488-9fa1-4594-aaee-01c49c8944df",
      "dblevel": 6,
      "location": "/VGMV/01_BaiGiang/HocTheoSachTrongKinhThanh/TimHieuThanhKinh/THTK50-ThuPhi-lip/Phi-lip08",
      "isVideo": true,
      "url": "01-bai-giang.hoc-theo-sach-trong-kinh-thanh.tim-hieu-thanh-kinh.thtk50-thu-phi-lip.phi-lip-08",
      "name": "Phi-líp 08",
      "count": 0,
      "isLeaf": null,
      "keyword": null,
      "hash": "U2FsdGVkX19rim7cUMwdfFhaINSEoolhyvO8K7m32+6dPdSr+7ZBzFbmNuQq9tguhmO/KL9mYSN0kWBeiEzXwQ==",
      "khash": "U2FsdGVkX19YG/b5HJnlIp29iSxY5BP6XjdPyjmHGHtPt/FONJ2WvCGKRotgogLTZBhXkp3f2SOoFtqoEjhBlA==",
      "viewCount": null,
      "duration": "26:2",
      "size": 766072949
    },
    {
      "id": "aba3f619-fba8-41a0-85e5-9f6623d0a530",
      "pid": "52f30488-9fa1-4594-aaee-01c49c8944df",
      "dblevel": 6,
      "location": "/VGMV/01_BaiGiang/HocTheoSachTrongKinhThanh/TimHieuThanhKinh/THTK50-ThuPhi-lip/Phi-lip09",
      "isVideo": true,
      "url": "01-bai-giang.hoc-theo-sach-trong-kinh-thanh.tim-hieu-thanh-kinh.thtk50-thu-phi-lip.phi-lip-09",
      "name": "Phi-líp 09",
      "count": 0,
      "isLeaf": null,
      "keyword": null,
      "hash": "U2FsdGVkX18peRSvWY3eOsNLPmN30tHmKZ/F+IrMSuWGmw3kVZmSLQ6qP5Vzm9GlGhifkF4eL4cqYdL3WKmCxQ==",
      "khash": "U2FsdGVkX19QuCxEnsVSXnB3nB2Ng+MwLaQOH2CPKcjrwSICpiWMe5v2Nz3Moxt78p1ypVXHOaoR7gTYgOGSyQ==",
      "viewCount": null,
      "duration": "28:45",
      "size": 847255927
    },
    {
      "id": "e060a6dd-f45c-449d-ac8c-7101a2419314",
      "pid": "52f30488-9fa1-4594-aaee-01c49c8944df",
      "dblevel": 6,
      "location": "/VGMV/01_BaiGiang/HocTheoSachTrongKinhThanh/TimHieuThanhKinh/THTK50-ThuPhi-lip/Phi-lip10",
      "isVideo": true,
      "url": "01-bai-giang.hoc-theo-sach-trong-kinh-thanh.tim-hieu-thanh-kinh.thtk50-thu-phi-lip.phi-lip-10",
      "name": "Phi-líp 10",
      "count": 0,
      "isLeaf": null,
      "keyword": null,
      "hash": "U2FsdGVkX1/m7p38S+Am++9TjZLLUGBljx2O9wxh9q5sXXQ0VbuyzvOQhpDLSgVBQcj1FNRg1PMqkMVfCg1+ig==",
      "khash": "U2FsdGVkX19pJeUyHpv1ftg4gsTZ/j2BfDP8NscL0/Hd4sBbb+9lIbxdxfuN2lBt1aeGshYt0o0SL/Fzxilfcw==",
      "viewCount": null,
      "duration": "27:50",
      "size": 819340292
    },
    {
      "id": "5259a85c-8041-4a2e-9219-afdc428bd948",
      "pid": "52f30488-9fa1-4594-aaee-01c49c8944df",
      "dblevel": 6,
      "location": "/VGMV/01_BaiGiang/HocTheoSachTrongKinhThanh/TimHieuThanhKinh/THTK50-ThuPhi-lip/Phi-lip11",
      "isVideo": true,
      "url": "01-bai-giang.hoc-theo-sach-trong-kinh-thanh.tim-hieu-thanh-kinh.thtk50-thu-phi-lip.phi-lip-11",
      "name": "Phi-líp 11",
      "count": 0,
      "isLeaf": null,
      "keyword": null,
      "hash": "U2FsdGVkX18ne+OSpgiY3yxRinRQOQQ3A788X6DdBwT+1verebSf9WS/jN0rKT4RsEIy/gdBN5giKzL6ogl5PQ==",
      "khash": "U2FsdGVkX1/mJfVP0vVSkaN0BfCFJFEXycTR62JfnK3p3J7lcnO5P5a4tf7ZPsJe9LZYEUnDCeSlbXr2MigWpw==",
      "viewCount": null,
      "duration": "31:23",
      "size": 925072194
    },
    {
      "id": "3c8c2a15-50fa-4454-9520-ea0a17a49dec",
      "pid": "52f30488-9fa1-4594-aaee-01c49c8944df",
      "dblevel": 6,
      "location": "/VGMV/01_BaiGiang/HocTheoSachTrongKinhThanh/TimHieuThanhKinh/THTK50-ThuPhi-lip/Phi-lip12",
      "isVideo": true,
      "url": "01-bai-giang.hoc-theo-sach-trong-kinh-thanh.tim-hieu-thanh-kinh.thtk50-thu-phi-lip.phi-lip-12",
      "name": "Phi-líp 12",
      "count": 0,
      "isLeaf": null,
      "keyword": null,
      "hash": "U2FsdGVkX19JTQaBCDaTVDs/dJRK0qYEKwDNbf1Ktr6QSFbvgtBYT1i82Z8m9hzvPdJnRrEw9n4Hf0AdcmoXiA==",
      "khash": "U2FsdGVkX18mpEI3auVEjjAhY9yug+zR3Gw+JOPD+2L2LpW8V+m+o0g+xQsvFPxeRwB+7Mfd4jptuDPBoqz5EQ==",
      "viewCount": null,
      "duration": "47:27",
      "size": 1399322898
    },
    {
      "id": "a6879b3a-da6b-4dc6-947c-12e010513e37",
      "pid": "52f30488-9fa1-4594-aaee-01c49c8944df",
      "dblevel": 6,
      "location": "/VGMV/01_BaiGiang/HocTheoSachTrongKinhThanh/TimHieuThanhKinh/THTK50-ThuPhi-lip/Phi-lip13",
      "isVideo": true,
      "url": "01-bai-giang.hoc-theo-sach-trong-kinh-thanh.tim-hieu-thanh-kinh.thtk50-thu-phi-lip.phi-lip-13",
      "name": "Phi-líp 13",
      "count": 0,
      "isLeaf": null,
      "keyword": null,
      "hash": "U2FsdGVkX1/uIeYBugWI5qQXwTO0lw2YmC4VW6gS98XC+zDaKJd0JLOG83cx1gi7fBOJLodixn8inF8KpTJPRA==",
      "khash": "U2FsdGVkX19aClNSQIe/1Ypv5vHduNphFasB86gtCMvpFsWb+bXKsmLMgZND970odmpMGEQqLF8lB+C5dKrKZA==",
      "viewCount": null,
      "duration": "26:56",
      "size": 794327442
    },
    {
      "id": "898828b4-e25e-404c-90df-e901de92d859",
      "pid": "52f30488-9fa1-4594-aaee-01c49c8944df",
      "dblevel": 6,
      "location": "/VGMV/01_BaiGiang/HocTheoSachTrongKinhThanh/TimHieuThanhKinh/THTK50-ThuPhi-lip/Phi-lip14",
      "isVideo": true,
      "url": "01-bai-giang.hoc-theo-sach-trong-kinh-thanh.tim-hieu-thanh-kinh.thtk50-thu-phi-lip.phi-lip-14",
      "name": "Phi-líp 14",
      "count": 0,
      "isLeaf": null,
      "keyword": null,
      "hash": "U2FsdGVkX1/UooVcnFK4RVYPWJpaMCfZgLkLlqJzTp9QqxkDm7QjQm4BIDpwGHGt4jytDsGnp2ydC8OZxR1a9Q==",
      "khash": "U2FsdGVkX1/kUZl6unvoC52MaIJplkBiBswoUMM8AqfjIGWyJQmC1wfEQZB5/F9xOXoCe2S5w/u8zlfjBU6Zpw==",
      "viewCount": null,
      "duration": "33:2",
      "size": 972340567
    },
    {
      "id": "ed7c0ece-0170-43c4-82a8-aee991cd3114",
      "pid": "52f30488-9fa1-4594-aaee-01c49c8944df",
      "dblevel": 6,
      "location": "/VGMV/01_BaiGiang/HocTheoSachTrongKinhThanh/TimHieuThanhKinh/THTK50-ThuPhi-lip/Phi-lip15",
      "isVideo": true,
      "url": "01-bai-giang.hoc-theo-sach-trong-kinh-thanh.tim-hieu-thanh-kinh.thtk50-thu-phi-lip.phi-lip-15",
      "name": "Phi-líp 15",
      "count": 0,
      "isLeaf": null,
      "keyword": null,
      "hash": "U2FsdGVkX1+srUnT6QNdteqNeC1lxDPwXC++anWOLLmyPylAUu1Os7JSaJBM6nBvsrQ97enlb2QmTqAlhnERrQ==",
      "khash": "U2FsdGVkX19qecS40hSpZRsIyhqBxiylulGFa2Uek6RTk5SI60E4nAKFhQ+SZjOULlyh42xSI7jlqAjGS+YplA==",
      "viewCount": null,
      "duration": "37:54",
      "size": 1118863273
    },
    {
      "id": "bfdd5b6b-4ed8-45c3-ba09-48745a34ca40",
      "pid": "52f30488-9fa1-4594-aaee-01c49c8944df",
      "dblevel": 6,
      "location": "/VGMV/01_BaiGiang/HocTheoSachTrongKinhThanh/TimHieuThanhKinh/THTK50-ThuPhi-lip/Phi-lip16",
      "isVideo": true,
      "url": "01-bai-giang.hoc-theo-sach-trong-kinh-thanh.tim-hieu-thanh-kinh.thtk50-thu-phi-lip.phi-lip-16",
      "name": "Phi-líp 16",
      "count": 0,
      "isLeaf": null,
      "keyword": null,
      "hash": "U2FsdGVkX1+g2GsaOQ8Y6Sj0T0i44h1rFLpU9Gfjn6RGZJ9pLeZLc9mb9v2MYW/1qweI6cOMI8w/RtiEu3Z7NQ==",
      "khash": "U2FsdGVkX1/0Dl++cKuC/bex/sC2GyukkcqhkXseeM+sNVpn/J4z/rJPhxDrze5PMw5d9rJcl0qo+flzoDNTbA==",
      "viewCount": null,
      "duration": "41:48",
      "size": 1234070428
    },
    {
      "id": "82b4305c-6c75-4d94-9860-92b0d2b42338",
      "pid": "52f30488-9fa1-4594-aaee-01c49c8944df",
      "dblevel": 6,
      "location": "/VGMV/01_BaiGiang/HocTheoSachTrongKinhThanh/TimHieuThanhKinh/THTK50-ThuPhi-lip/Phi-lip17",
      "isVideo": true,
      "url": "01-bai-giang.hoc-theo-sach-trong-kinh-thanh.tim-hieu-thanh-kinh.thtk50-thu-phi-lip.phi-lip-17",
      "name": "Phi-líp 17",
      "count": 0,
      "isLeaf": null,
      "keyword": null,
      "hash": "U2FsdGVkX18LvSR/83euyP1CYVQqJyO657T2ZY67ZzN/fEb+nAA79P+AXxoYsu0WAvKQNnrYbn+HXofyZ1EBGQ==",
      "khash": "U2FsdGVkX1/WIJbMdv168SEP/Z4e8lMvfQRhuZTUp8W0qfERWjrd0KCPiS5g6/8QXf2ivVzdeHJW43wXAeZKjw==",
      "viewCount": null,
      "duration": "32:35",
      "size": 961693871
    },
    {
      "id": "2d93ff04-f1eb-4e2d-af59-e5007c22f472",
      "pid": "52f30488-9fa1-4594-aaee-01c49c8944df",
      "dblevel": 6,
      "location": "/VGMV/01_BaiGiang/HocTheoSachTrongKinhThanh/TimHieuThanhKinh/THTK50-ThuPhi-lip/Phi-lip18",
      "isVideo": true,
      "url": "01-bai-giang.hoc-theo-sach-trong-kinh-thanh.tim-hieu-thanh-kinh.thtk50-thu-phi-lip.phi-lip-18",
      "name": "Phi-líp 18",
      "count": 0,
      "isLeaf": null,
      "keyword": null,
      "hash": "U2FsdGVkX1+DugXUof1CnuwR1azqQoIrsSCd45bvB9m69NTysNHixunDEI1NWN2ziXiLY1FfwGCSMRTPoRsmRw==",
      "khash": "U2FsdGVkX1+OGavIMoVZ0sTG2/Fp7EKA+r0hndU1vS+otzEWefAdyRByDnMkM9iCbChWtX36Hg/P2xZUmDDN6w==",
      "viewCount": null,
      "duration": "49:39",
      "size": 1465084657
    }
  ]
}