{
  "id": "17766312-18dd-4cf6-b6f1-397039d0b561",
  "pid": "898cfb55-51f0-4444-aebd-db94d9c550d8",
  "dblevel": 4,
  "location": "/VGMV/01_BaiGiang/MucsuNguyenThi/Nam2018",
  "isVideo": true,
  "url": "01-bai-giang.muc-su-nguyen-thi.nam-2018",
  "name": "Năm 2018",
  "count": 40,
  "isLeaf": true,
  "keyword": null,
  "hash": null,
  "khash": null,
  "viewCount": null,
  "duration": null,
  "size": null,
  "children": [
    {
      "id": "9e60a6a5-cbbd-4272-b41b-e2aa4d1d8a0f",
      "pid": "17766312-18dd-4cf6-b6f1-397039d0b561",
      "dblevel": 5,
      "location": "/VGMV/01_BaiGiang/MucsuNguyenThi/Nam2018/01072018_MongvaThat",
      "isVideo": true,
      "url": "01-bai-giang.muc-su-nguyen-thi.nam-2018.01072018-mong-va-that",
      "name": "01072018_Mộng và Thật",
      "count": 0,
      "isLeaf": null,
      "keyword": null,
      "hash": "",
      "khash": "U2FsdGVkX1+e/n12lrKmH9UZmg0gfIzoTRV8DQdI1M5vmsbici8Tb1c/7ZpofE/ikDdRZb82b4OaX9w8TSSW/Q==",
      "viewCount": null,
      "duration": "43:13",
      "size": 395476496
    },
    {
      "id": "bf6338e3-b1c3-4e25-b5c9-b19f1f18cde6",
      "pid": "17766312-18dd-4cf6-b6f1-397039d0b561",
      "dblevel": 5,
      "location": "/VGMV/01_BaiGiang/MucsuNguyenThi/Nam2018/01142018_ThuThachVaCamDo",
      "isVideo": true,
      "url": "01-bai-giang.muc-su-nguyen-thi.nam-2018.01142018-thu-thach-va-cam-do",
      "name": "01142018_Thử Thách Và Cám Dỗ",
      "count": 0,
      "isLeaf": null,
      "keyword": null,
      "hash": "",
      "khash": "U2FsdGVkX18ZIlP/oT8/qRqQKQkqhqOPJj5yeE0lcu0eOeNF8rMptwnBu9ipzu1QpzZD+UaIof03AZgqtJMH+w==",
      "viewCount": null,
      "duration": "39:27",
      "size": 390674450
    },
    {
      "id": "5d807528-ce37-43f3-b7f2-385306c3471b",
      "pid": "17766312-18dd-4cf6-b6f1-397039d0b561",
      "dblevel": 5,
      "location": "/VGMV/01_BaiGiang/MucsuNguyenThi/Nam2018/01212018_BonGiacMongVaBaSuThat",
      "isVideo": true,
      "url": "01-bai-giang.muc-su-nguyen-thi.nam-2018.01212018-bon-giac-mong-va-ba-su-that",
      "name": "01212018_Bốn Giấc Mộng Và Ba Sự Thật",
      "count": 0,
      "isLeaf": null,
      "keyword": null,
      "hash": "",
      "khash": "U2FsdGVkX1+MQbkQRO9YSD3uY/n7zq1y87Anuj759yUWtpzWTk+FdWGAvAEFI+qbwnTd0v6wTYgIB8u4OwtJHA==",
      "viewCount": null,
      "duration": "32:3",
      "size": 317383874
    },
    {
      "id": "fed6895d-170b-4913-9118-6f1f892a7143",
      "pid": "17766312-18dd-4cf6-b6f1-397039d0b561",
      "dblevel": 5,
      "location": "/VGMV/01_BaiGiang/MucsuNguyenThi/Nam2018/02042018_DoanTuGiaDinh",
      "isVideo": true,
      "url": "01-bai-giang.muc-su-nguyen-thi.nam-2018.02042018-doan-tu-gia-dinh",
      "name": "02042018_Đoàn Tụ Gia Đình",
      "count": 0,
      "isLeaf": null,
      "keyword": null,
      "hash": "",
      "khash": "U2FsdGVkX1/umCGbsOwT5tlTLtL9sQ6Rq0kn1iym1wgtsj4cCDC1xsen0I0uLwfhMg65Vf1o564X3xtY9u06TA==",
      "viewCount": null,
      "duration": "47:18",
      "size": 432907034
    },
    {
      "id": "69d88db6-5446-4c5c-91cb-474a39ec7371",
      "pid": "17766312-18dd-4cf6-b6f1-397039d0b561",
      "dblevel": 5,
      "location": "/VGMV/01_BaiGiang/MucsuNguyenThi/Nam2018/02112018_ThoPhuongQuaDangHienTrongCuocDoiNo-E",
      "isVideo": true,
      "url": "01-bai-giang.muc-su-nguyen-thi.nam-2018.02112018-tho-phuong-qua-dang-hien-trong-cuoc-doi-no-e",
      "name": "02112018_Thờ Phuợng Qua Dâng Hiến Trong Cuộc Đời Nô-Ê",
      "count": 0,
      "isLeaf": null,
      "keyword": null,
      "hash": "",
      "khash": "U2FsdGVkX18D1DqrhCRU3oW428XfaMYZI3VSPJAuyHGG9C3ugdyzw0vmldcfnFr0jaZXJ4eWNsrL+G16mKweLQ==",
      "viewCount": null,
      "duration": "34:46",
      "size": 318161532
    },
    {
      "id": "46f53204-df70-4024-a560-565e5e09bfd9",
      "pid": "17766312-18dd-4cf6-b6f1-397039d0b561",
      "dblevel": 5,
      "location": "/VGMV/01_BaiGiang/MucsuNguyenThi/Nam2018/02182018_NamMoi,NguoiMoi,SuSongMoi",
      "isVideo": true,
      "url": "01-bai-giang.muc-su-nguyen-thi.nam-2018.02182018-nam-moi-nguoi-moi-su-song-moi",
      "name": "02182018_Năm Mới, Người Mới, Sự Sống Mới",
      "count": 0,
      "isLeaf": null,
      "keyword": null,
      "hash": "",
      "khash": "U2FsdGVkX1/cnf8kTm80j2tOod6/4tuFr10ufviM4JJIguFU4hzUkObQqu882Fh1wH3hYCVrmw7jRZvAbJIFiw==",
      "viewCount": null,
      "duration": "34:9",
      "size": 845615494
    },
    {
      "id": "c93e016c-ebdf-4d1c-a00d-93d93af32880",
      "pid": "17766312-18dd-4cf6-b6f1-397039d0b561",
      "dblevel": 5,
      "location": "/VGMV/01_BaiGiang/MucsuNguyenThi/Nam2018/03042018_TheoChuaDeHayKho",
      "isVideo": true,
      "url": "01-bai-giang.muc-su-nguyen-thi.nam-2018.03042018-theo-chua-de-hay-kho",
      "name": "03042018_Theo Chúa Dễ Hay Khó",
      "count": 0,
      "isLeaf": null,
      "keyword": null,
      "hash": "",
      "khash": "U2FsdGVkX1+1IgFf/BpEpj2rdv4eiYNjIhmNuBX0JWXHJRpQM7zdtAtWl4QIlSPclwsqbi46zj0so/u902mRVA==",
      "viewCount": null,
      "duration": "39:23",
      "size": 319147289
    },
    {
      "id": "7e1477a6-f6c9-49e4-a4a8-b442e80ad7ba",
      "pid": "17766312-18dd-4cf6-b6f1-397039d0b561",
      "dblevel": 5,
      "location": "/VGMV/01_BaiGiang/MucsuNguyenThi/Nam2018/03112018_HaiNguoiTheoChua",
      "isVideo": true,
      "url": "01-bai-giang.muc-su-nguyen-thi.nam-2018.03112018-hai-nguoi-theo-chua",
      "name": "03112018_Hai Người Theo Chúa",
      "count": 0,
      "isLeaf": null,
      "keyword": null,
      "hash": "",
      "khash": "U2FsdGVkX18tGVrI7AIDxiKNDCgOjGWYjie6Up1j5/RnfMM5NUawznjcJ6loZta+biga0AMZgJpxLZBg2WUg1A==",
      "viewCount": null,
      "duration": "33:5",
      "size": 327609335
    },
    {
      "id": "7f2dc0b5-0fac-46ca-9b92-5014e59a20f9",
      "pid": "17766312-18dd-4cf6-b6f1-397039d0b561",
      "dblevel": 5,
      "location": "/VGMV/01_BaiGiang/MucsuNguyenThi/Nam2018/03182018_NenBacCuaDoiSong",
      "isVideo": true,
      "url": "01-bai-giang.muc-su-nguyen-thi.nam-2018.03182018-nen-bac-cua-doi-song",
      "name": "03182018_Nén Bạc Của Đời Sống",
      "count": 0,
      "isLeaf": null,
      "keyword": null,
      "hash": "",
      "khash": "U2FsdGVkX188QBQYZkR8BLRbqZ4OUuzciRyyCPXLv9ybqr4Fg8+7ES4/M/I7u+dXj7t6kqrCqnCEUaCWdQJ8rw==",
      "viewCount": null,
      "duration": "35:24",
      "size": 350555332
    },
    {
      "id": "4fd303dc-974d-4a06-a414-4f8132c033ee",
      "pid": "17766312-18dd-4cf6-b6f1-397039d0b561",
      "dblevel": 5,
      "location": "/VGMV/01_BaiGiang/MucsuNguyenThi/Nam2018/03302018_XinNhoDenCon",
      "isVideo": true,
      "url": "01-bai-giang.muc-su-nguyen-thi.nam-2018.03302018-xin-nho-den-con",
      "name": "03302018_Xin Nhớ Đến Con",
      "count": 0,
      "isLeaf": null,
      "keyword": null,
      "hash": "",
      "khash": "U2FsdGVkX19w11UBQfyufiWpdgN60jitcG8+Jau+CrLF0ggrnmupuKi9jHB3qhPg1umQ1mPvDPsXImMUnZ60TQ==",
      "viewCount": null,
      "duration": "23:47",
      "size": 378348482
    },
    {
      "id": "3cebd2ad-9743-4290-8f8e-5b53c91621bd",
      "pid": "17766312-18dd-4cf6-b6f1-397039d0b561",
      "dblevel": 5,
      "location": "/VGMV/01_BaiGiang/MucsuNguyenThi/Nam2018/04012018_PhucSinhDauTien",
      "isVideo": true,
      "url": "01-bai-giang.muc-su-nguyen-thi.nam-2018.04012018-phuc-sinh-dau-tien",
      "name": "04012018_Phục Sinh Đầu Tiên",
      "count": 0,
      "isLeaf": null,
      "keyword": null,
      "hash": "",
      "khash": "U2FsdGVkX19oupVwwuJHBumA53Q+Gc0Y9akxYFnD/rbf4igX2SdoZ94uZmoZ6jrl0deexuPnPpMyiPwI81Nx1g==",
      "viewCount": null,
      "duration": "23:34",
      "size": 233395438
    },
    {
      "id": "6cb8f582-e6bc-4643-88cb-ad21be81ad6b",
      "pid": "17766312-18dd-4cf6-b6f1-397039d0b561",
      "dblevel": 5,
      "location": "/VGMV/01_BaiGiang/MucsuNguyenThi/Nam2018/04082018_PhucAmPhao-lo",
      "isVideo": true,
      "url": "01-bai-giang.muc-su-nguyen-thi.nam-2018.04082018-phuc-am-phao-lo",
      "name": "04082018_Phúc Âm Phao-lô",
      "count": 0,
      "isLeaf": null,
      "keyword": null,
      "hash": "",
      "khash": "U2FsdGVkX19kSIJpxqg2z9KRsEBJrMjnPcT5KpPtM7US5KYWrkS6vUFjnZ8WryezKEch/SsybsN+9XmBOkGjkA==",
      "viewCount": null,
      "duration": "24:4",
      "size": 202273998
    },
    {
      "id": "98e61d2a-0959-4821-a91f-69c51d441362",
      "pid": "17766312-18dd-4cf6-b6f1-397039d0b561",
      "dblevel": 5,
      "location": "/VGMV/01_BaiGiang/MucsuNguyenThi/Nam2018/04152018_VanDeToiLoi",
      "isVideo": true,
      "url": "01-bai-giang.muc-su-nguyen-thi.nam-2018.04152018-van-de-toi-loi",
      "name": "04152018_Vấn Đề Tội Lỗi",
      "count": 0,
      "isLeaf": null,
      "keyword": null,
      "hash": "",
      "khash": "U2FsdGVkX1+QBQH2dsrSEMD7Eak6Tky7hLy3rqrr+P3ORtvh06qlC8iPc/jAerquxnd2X83c/Kw7rv1ccwQbgA==",
      "viewCount": null,
      "duration": "30:8",
      "size": 599558259
    },
    {
      "id": "84204e65-40bd-4716-a09d-d2bf04178f5d",
      "pid": "17766312-18dd-4cf6-b6f1-397039d0b561",
      "dblevel": 5,
      "location": "/VGMV/01_BaiGiang/MucsuNguyenThi/Nam2018/04222018_GiaiQuyetVanDeToiLoi",
      "isVideo": true,
      "url": "01-bai-giang.muc-su-nguyen-thi.nam-2018.04222018-giai-quyet-van-de-toi-loi",
      "name": "04222018_Giải Quyết Vấn Đề Tội Lỗi",
      "count": 0,
      "isLeaf": null,
      "keyword": null,
      "hash": "",
      "khash": "U2FsdGVkX183o0ZZXwiZr59lPdMMWVeGyW4vdCOWR9ObZAR9cC2G79i2XQ3t4kXL49uTky8Tu2salcudpWdGVA==",
      "viewCount": null,
      "duration": "37:8",
      "size": 311740028
    },
    {
      "id": "609524c8-6aa3-4319-8e8d-5e9209faf510",
      "pid": "17766312-18dd-4cf6-b6f1-397039d0b561",
      "dblevel": 5,
      "location": "/VGMV/01_BaiGiang/MucsuNguyenThi/Nam2018/05062018_KetQuaCuaViecXungCongChinh",
      "isVideo": true,
      "url": "01-bai-giang.muc-su-nguyen-thi.nam-2018.05062018-ket-qua-cua-viec-xung-cong-chinh",
      "name": "05062018_Kết Quả Của Việc Xưng Công Chính",
      "count": 0,
      "isLeaf": null,
      "keyword": null,
      "hash": "",
      "khash": "U2FsdGVkX19QtGEr9bCN7MRooyj7FP0nE+YkM/nrLLRyvcA+S+hDikRfwYlFbISAZwpbFqD9q9/o5stC3zqUfw==",
      "viewCount": null,
      "duration": "36:2",
      "size": 626025150
    },
    {
      "id": "fb8a1500-e399-414c-86a3-c94257b46ea0",
      "pid": "17766312-18dd-4cf6-b6f1-397039d0b561",
      "dblevel": 5,
      "location": "/VGMV/01_BaiGiang/MucsuNguyenThi/Nam2018/05202018_LienKetVoiChua",
      "isVideo": true,
      "url": "01-bai-giang.muc-su-nguyen-thi.nam-2018.05202018-lien-ket-voi-chua",
      "name": "05202018_Liên Kết Với Chúa",
      "count": 0,
      "isLeaf": null,
      "keyword": null,
      "hash": "",
      "khash": "U2FsdGVkX1/uWSebKLlGrLS31Mh/xuzzGcBwQLZYtL+xkjpIUHtmWEEAtNAIVopjB3jx43S9E28iKJYNawVznw==",
      "viewCount": null,
      "duration": "27:29",
      "size": 354746528
    },
    {
      "id": "bc87ca4b-a28b-443c-b09c-22d440f21cec",
      "pid": "17766312-18dd-4cf6-b6f1-397039d0b561",
      "dblevel": 5,
      "location": "/VGMV/01_BaiGiang/MucsuNguyenThi/Nam2018/06032018_HanhPhucCuaNguoiTinChua",
      "isVideo": true,
      "url": "01-bai-giang.muc-su-nguyen-thi.nam-2018.06032018-hanh-phuc-cua-nguoi-tin-chua",
      "name": "06032018_Hạnh Phúc Của Người Tin Chúa",
      "count": 0,
      "isLeaf": null,
      "keyword": null,
      "hash": "",
      "khash": "U2FsdGVkX18bE6z8IVJvilNJFpoKXr/hPZJm81NbcegI21gxUvZDespD6v+vh/fi02aYvfoIh7Ojro2g/2TkVQ==",
      "viewCount": null,
      "duration": "45:49",
      "size": 419007797
    },
    {
      "id": "3f8cc6d7-d7b3-4e07-9f1d-37a593f6295a",
      "pid": "17766312-18dd-4cf6-b6f1-397039d0b561",
      "dblevel": 5,
      "location": "/VGMV/01_BaiGiang/MucsuNguyenThi/Nam2018/06102018_ThoPhuongThat",
      "isVideo": true,
      "url": "01-bai-giang.muc-su-nguyen-thi.nam-2018.06102018-tho-phuong-that",
      "name": "06102018_Thờ Phượng Thật",
      "count": 0,
      "isLeaf": null,
      "keyword": null,
      "hash": "",
      "khash": "U2FsdGVkX1/oQUiHbhZngUPC+jSGfS7qZP1jH/pAMRrKvXkSIwGqeHmEZsjfMy6gsfB918CBuZLR9s8MO72WGQ==",
      "viewCount": null,
      "duration": "31:38",
      "size": 644796663
    },
    {
      "id": "b8d59644-9491-44fd-bca6-44041b3314e6",
      "pid": "17766312-18dd-4cf6-b6f1-397039d0b561",
      "dblevel": 5,
      "location": "/VGMV/01_BaiGiang/MucsuNguyenThi/Nam2018/06172018_HaiMoiNo",
      "isVideo": true,
      "url": "01-bai-giang.muc-su-nguyen-thi.nam-2018.06172018-hai-moi-no",
      "name": "06172018_Hai Mối Nợ",
      "count": 0,
      "isLeaf": null,
      "keyword": null,
      "hash": "",
      "khash": "U2FsdGVkX1/tWQAWAJdPr69+h5YFRZVoSHlZnVR4s324UBsYgmJBpieyUcHR//JzF+YGBmbg1liZPTBOAlZyVg==",
      "viewCount": null,
      "duration": "28:51",
      "size": 264028304
    },
    {
      "id": "221d527d-fb20-4689-9ab9-b90c0632d4c5",
      "pid": "17766312-18dd-4cf6-b6f1-397039d0b561",
      "dblevel": 5,
      "location": "/VGMV/01_BaiGiang/MucsuNguyenThi/Nam2018/07082018_ToiNguocMatLenTrenNui",
      "isVideo": true,
      "url": "01-bai-giang.muc-su-nguyen-thi.nam-2018.07082018-toi-nguoc-mat-len-tren-nui",
      "name": "07082018_Tôi Ngước Mắt Lên Trên Núi",
      "count": 0,
      "isLeaf": null,
      "keyword": null,
      "hash": "",
      "khash": "U2FsdGVkX1/Nkdy6QKqHvPSV/ZkpZbrCqlDcKy6bWfhtFcn142WWtvl0K0wBc61iMkj13rTrIb1uXP7D1QcVwQ==",
      "viewCount": null,
      "duration": "30:45",
      "size": 258269223
    },
    {
      "id": "2d2d38d5-2b7e-4076-8801-e4ad43ae7e4c",
      "pid": "17766312-18dd-4cf6-b6f1-397039d0b561",
      "dblevel": 5,
      "location": "/VGMV/01_BaiGiang/MucsuNguyenThi/Nam2018/07152018_DucChuaTroiSieuVietVaNoiTai",
      "isVideo": true,
      "url": "01-bai-giang.muc-su-nguyen-thi.nam-2018.07152018-duc-chua-troi-sieu-viet-va-noi-tai",
      "name": "07152018_Đức Chúa Trời Siêu Việt Và Nội Tại",
      "count": 0,
      "isLeaf": null,
      "keyword": null,
      "hash": "",
      "khash": "U2FsdGVkX19ukETV8n+3TOlXUqq2d5hWwfYKNtrUFEAZPQdtktfOszVnInkp49rzr27tXXTdgizTV+oqbiecLw==",
      "viewCount": null,
      "duration": "28:54",
      "size": 285415031
    },
    {
      "id": "68ba2fa6-b192-48fc-b067-6a97c90be4a4",
      "pid": "17766312-18dd-4cf6-b6f1-397039d0b561",
      "dblevel": 5,
      "location": "/VGMV/01_BaiGiang/MucsuNguyenThi/Nam2018/07292018_KhacNaoKeNamChiemBao",
      "isVideo": true,
      "url": "01-bai-giang.muc-su-nguyen-thi.nam-2018.07292018-khac-nao-ke-nam-chiem-bao",
      "name": "07292018_Khác Nào Kẻ Nằm Chiêm Bao",
      "count": 0,
      "isLeaf": null,
      "keyword": null,
      "hash": "",
      "khash": "U2FsdGVkX19kfrqzRjew3XlLQbCmBISVJpdwmmooli80fYzvoIjE4GGew73Py5cuKGU5Fw5uQIfOT+YCl07u3g==",
      "viewCount": null,
      "duration": "31:56",
      "size": 248112853
    },
    {
      "id": "07785056-55b4-46ee-a933-73869a0b575f",
      "pid": "17766312-18dd-4cf6-b6f1-397039d0b561",
      "dblevel": 5,
      "location": "/VGMV/01_BaiGiang/MucsuNguyenThi/Nam2018/08052018_HanhPhucGiaDinh",
      "isVideo": true,
      "url": "01-bai-giang.muc-su-nguyen-thi.nam-2018.08052018-hanh-phuc-gia-dinh",
      "name": "08052018_Hạnh Phúc Gia Đình",
      "count": 0,
      "isLeaf": null,
      "keyword": null,
      "hash": "",
      "khash": "U2FsdGVkX19nAK2X5b0Vb7eYzVwEs0FbYgbKwJ16QJWLC0LEyba8GY85myhcuej6rhLqtIatBibBteQOMIat+w==",
      "viewCount": null,
      "duration": "43:29",
      "size": 273405637
    },
    {
      "id": "5eb6c0f0-16b1-4c2b-9df3-73609ede1b8c",
      "pid": "17766312-18dd-4cf6-b6f1-397039d0b561",
      "dblevel": 5,
      "location": "/VGMV/01_BaiGiang/MucsuNguyenThi/Nam2018/08122018_NguoiLinhCanhVaConTreDutSua",
      "isVideo": true,
      "url": "01-bai-giang.muc-su-nguyen-thi.nam-2018.08122018-nguoi-linh-canh-va-con-tre-dut-sua",
      "name": "08122018_Người Lính Canh Và Con Trẻ Dứt Sữa",
      "count": 0,
      "isLeaf": null,
      "keyword": null,
      "hash": "",
      "khash": "U2FsdGVkX1+JOgqoUtL0HxMEF/38uLClDA4y/Hof5G89P4WZ8DCVL9hkNkjClLLpvLcNHODaZx+6970rqwUItg==",
      "viewCount": null,
      "duration": "32:3",
      "size": 178690056
    },
    {
      "id": "0ee812d7-a0f1-40cf-832d-caf24175c4d2",
      "pid": "17766312-18dd-4cf6-b6f1-397039d0b561",
      "dblevel": 5,
      "location": "/VGMV/01_BaiGiang/MucsuNguyenThi/Nam2018/08192018_ChuaVoiToi",
      "isVideo": true,
      "url": "01-bai-giang.muc-su-nguyen-thi.nam-2018.08192018-chua-voi-toi",
      "name": "08192018_Chúa Với Tôi",
      "count": 0,
      "isLeaf": null,
      "keyword": null,
      "hash": "",
      "khash": "U2FsdGVkX1/SzS5lXwHQ434W8Xs+a/V25Y3NG/BuATsinjszxvWEkSGKoiBmxKNiekUihfwto/8cCfG6DstWBw==",
      "viewCount": null,
      "duration": "40:9",
      "size": 222586397
    },
    {
      "id": "4fb8b00e-69db-445e-80ae-82d1d0320803",
      "pid": "17766312-18dd-4cf6-b6f1-397039d0b561",
      "dblevel": 5,
      "location": "/VGMV/01_BaiGiang/MucsuNguyenThi/Nam2018/08262018_ToiLaChienCuaChua",
      "isVideo": true,
      "url": "01-bai-giang.muc-su-nguyen-thi.nam-2018.08262018-toi-la-chien-cua-chua",
      "name": "08262018_Tôi Là Chiên Của Chúa",
      "count": 0,
      "isLeaf": null,
      "keyword": null,
      "hash": "",
      "khash": "U2FsdGVkX187e64a90oJkzR4fdSDmb4moiHskXLxYE6ygyL/4etnz54i3VM/HBnGd2Lk29yJECLzVcLY1/dcGA==",
      "viewCount": null,
      "duration": "38:48",
      "size": 471315668
    },
    {
      "id": "4b035b9d-4bd6-4f48-b73e-165553252dfa",
      "pid": "17766312-18dd-4cf6-b6f1-397039d0b561",
      "dblevel": 5,
      "location": "/VGMV/01_BaiGiang/MucsuNguyenThi/Nam2018/09022018_GiuDoiSongThuocLinhLuonVungManh",
      "isVideo": true,
      "url": "01-bai-giang.muc-su-nguyen-thi.nam-2018.09022018-giu-doi-song-thuoc-linh-luon-vung-manh",
      "name": "09022018_Giữ Đời Sống Thuộc Linh Luôn Vững Mạnh",
      "count": 0,
      "isLeaf": null,
      "keyword": null,
      "hash": "",
      "khash": "U2FsdGVkX19b1RTUwN2fIhUuewIwZxq5RjYGXKU2gUMk3zolRLwQxbhH3hCEYndg8iwCeUR6sgPNTYmugJMCWQ==",
      "viewCount": null,
      "duration": "39:40",
      "size": 394427172
    },
    {
      "id": "44564d84-391a-40fe-b0ea-ee63557f1358",
      "pid": "17766312-18dd-4cf6-b6f1-397039d0b561",
      "dblevel": 5,
      "location": "",
      "isVideo": true,
      "url": "01-bai-giang.muc-su-nguyen-thi.nam-2018.09162018-so-ai-ai-so",
      "name": "09162018_Sợ Ai Ai Sợ",
      "count": 0,
      "isLeaf": null,
      "keyword": null,
      "hash": null,
      "khash": null,
      "viewCount": null,
      "duration": "37:26",
      "size": 372254058
    },
    {
      "id": "42b8cb30-0764-4a5b-b54e-24050dd2390b",
      "pid": "17766312-18dd-4cf6-b6f1-397039d0b561",
      "dblevel": 5,
      "location": "/VGMV/01_BaiGiang/MucsuNguyenThi/Nam2018/09162018_SoAi?AiSo?",
      "isVideo": true,
      "url": "01-bai-giang.muc-su-nguyen-thi.nam-2018.09162018-so-ai-ai-so-",
      "name": "09162018_Sợ Ai? Ai Sợ?",
      "count": 0,
      "isLeaf": null,
      "keyword": null,
      "hash": "",
      "khash": "U2FsdGVkX1+qwsuKrAYuZ+LKABodRtCrYNw3zKx+8bZ1M75q65nvNSyGHGdb8hT9qhJS0OLpGXlBIHu2YJUlYA==",
      "viewCount": null,
      "duration": "37:26",
      "size": 372254058
    },
    {
      "id": "2a857f15-8684-41ab-a013-fc3acf203409",
      "pid": "17766312-18dd-4cf6-b6f1-397039d0b561",
      "dblevel": 5,
      "location": "/VGMV/01_BaiGiang/MucsuNguyenThi/Nam2018/09232018_HaiConDuong",
      "isVideo": true,
      "url": "01-bai-giang.muc-su-nguyen-thi.nam-2018.09232018-hai-con-duong",
      "name": "09232018_Hai Con Đường",
      "count": 0,
      "isLeaf": null,
      "keyword": null,
      "hash": "",
      "khash": "U2FsdGVkX1/PlV++U856yP4ODEDf1/kFWRA3diw/+N8RRGVy9SGgy0na+N3i7w/6bsvLLp4baar9j5ssJFUOxQ==",
      "viewCount": null,
      "duration": "40:17",
      "size": 400459237
    },
    {
      "id": "5dd5b2db-2c33-48bb-9e9c-aa73bd915757",
      "pid": "17766312-18dd-4cf6-b6f1-397039d0b561",
      "dblevel": 5,
      "location": "/VGMV/01_BaiGiang/MucsuNguyenThi/Nam2018/09302018_CuaLeDepLongDucChuaTroi",
      "isVideo": true,
      "url": "01-bai-giang.muc-su-nguyen-thi.nam-2018.09302018-cua-le-dep-long-duc-chua-troi",
      "name": "09302018_Của Lễ Đẹp Lòng Đức Chúa Trời",
      "count": 0,
      "isLeaf": null,
      "keyword": null,
      "hash": "",
      "khash": "U2FsdGVkX19cVtVBWsW9tUOVQbhrz4NsqS4OO1DBw3X8503KSqpYaYkBYy1B4J2cyMf+Mhu0Z0gt9+D/3B0wMA==",
      "viewCount": null,
      "duration": "35:31",
      "size": 273965367
    },
    {
      "id": "339412ed-aec3-4ae9-8f4a-7a743e310464",
      "pid": "17766312-18dd-4cf6-b6f1-397039d0b561",
      "dblevel": 5,
      "location": "/VGMV/01_BaiGiang/MucsuNguyenThi/Nam2018/10212018_RuouNgon",
      "isVideo": true,
      "url": "01-bai-giang.muc-su-nguyen-thi.nam-2018.10212018-ruou-ngon",
      "name": "10212018_Rượu Ngon",
      "count": 0,
      "isLeaf": null,
      "keyword": null,
      "hash": "",
      "khash": "U2FsdGVkX18IZnArra167uMDYTE4hnG0VvUC4OAbTl6J3ZZEySdDxF5clQKwxWEE31aQV7r1hlfC5KpeGnvPMA==",
      "viewCount": null,
      "duration": "38:14",
      "size": 470114191
    },
    {
      "id": "d13039bd-eae5-4ae2-b485-e5b7cd0b45d9",
      "pid": "17766312-18dd-4cf6-b6f1-397039d0b561",
      "dblevel": 5,
      "location": "/VGMV/01_BaiGiang/MucsuNguyenThi/Nam2018/11042018_ThanTheLaDenTho",
      "isVideo": true,
      "url": "01-bai-giang.muc-su-nguyen-thi.nam-2018.11042018-than-the-la-den-tho",
      "name": "11042018_Thân Thể Là Đền Thờ",
      "count": 0,
      "isLeaf": null,
      "keyword": null,
      "hash": "",
      "khash": "U2FsdGVkX19lsrxGD9KHPff6RIAlp0S2gu1xi+3ljTMNNt4YA+Uk19nHJ7CFTDItNQ3X08QW39zPffwVXuulUA==",
      "viewCount": null,
      "duration": "33:19",
      "size": 258441665
    },
    {
      "id": "5a1e42a0-a62f-4c23-8406-e00ca8bde7cb",
      "pid": "17766312-18dd-4cf6-b6f1-397039d0b561",
      "dblevel": 5,
      "location": "/VGMV/01_BaiGiang/MucsuNguyenThi/Nam2018/11252018_KhongQuenAnHueChua",
      "isVideo": true,
      "url": "01-bai-giang.muc-su-nguyen-thi.nam-2018.11252018-khong-quen-an-hue-chua",
      "name": "11252018_Không Quên Ân Huệ Chúa",
      "count": 0,
      "isLeaf": null,
      "keyword": null,
      "hash": "",
      "khash": "U2FsdGVkX19/Cbp5oTD0CchAKfMl9y+LonBwr+c+Ync0kUmdXDIRX1wdD6nAQxvxHLGVMqKNag0fV7zj44jF6A==",
      "viewCount": null,
      "duration": "38:31",
      "size": 383131801
    },
    {
      "id": "4d216041-ef1c-4b1e-83a7-7dde515ba17f",
      "pid": "17766312-18dd-4cf6-b6f1-397039d0b561",
      "dblevel": 5,
      "location": "/VGMV/01_BaiGiang/MucsuNguyenThi/Nam2018/12162018_FacebookCuaDucChuaTroi",
      "isVideo": true,
      "url": "01-bai-giang.muc-su-nguyen-thi.nam-2018.12162018-facebook-cua-duc-chua-troi",
      "name": "12162018_Facebook Của Đức Chúa Trời",
      "count": 0,
      "isLeaf": null,
      "keyword": null,
      "hash": "",
      "khash": "U2FsdGVkX1+N6lm5zPkg/NtrFPTgF5TyYZgk4iTuoaowUqwh0jxqkz+fDwZtTN3ZzIxg6TpZWjHx2UFTQa7vxg==",
      "viewCount": null,
      "duration": "32:39",
      "size": 326254870
    },
    {
      "id": "0cdad9d4-d0f1-4062-94a2-4ec86f22e0f2",
      "pid": "17766312-18dd-4cf6-b6f1-397039d0b561",
      "dblevel": 5,
      "location": "/VGMV/01_BaiGiang/MucsuNguyenThi/Nam2018/12202018_CungHatMungGiangSinh",
      "isVideo": true,
      "url": "01-bai-giang.muc-su-nguyen-thi.nam-2018.12202018-cung-hat-mung-giang-sinh",
      "name": "12202018_Cùng Hát Mừng Giáng Sinh",
      "count": 0,
      "isLeaf": null,
      "keyword": null,
      "hash": "",
      "khash": "U2FsdGVkX18oVi3EiDsj5qZky77KCrwztFPe5IYtRgqdJIwJz2S+kS5BDOBsngZ5Z+xKckFx762GE6VzhAfs4A==",
      "viewCount": null,
      "duration": "16:50",
      "size": 207524724
    },
    {
      "id": "39894a47-dbf0-4ab5-a1b7-0bd11d17b2db",
      "pid": "17766312-18dd-4cf6-b6f1-397039d0b561",
      "dblevel": 5,
      "location": "/VGMV/01_BaiGiang/MucsuNguyenThi/Nam2018/12232018_BaLoaiBinhAn",
      "isVideo": true,
      "url": "01-bai-giang.muc-su-nguyen-thi.nam-2018.12232018-ba-loai-binh-an",
      "name": "12232018_Ba Loại Bình An",
      "count": 0,
      "isLeaf": null,
      "keyword": null,
      "hash": "",
      "khash": "U2FsdGVkX1/VyJF5CDiVGIcx3e6QKOSqmK81cb9Cop7LollgdzW7wPjmNHxJ8LQTg8BLlbCPnSGTiZDeRyWMww==",
      "viewCount": null,
      "duration": "27:2",
      "size": 329256805
    },
    {
      "id": "d633cabd-fa6e-4211-8990-2acc7aa84c3b",
      "pid": "17766312-18dd-4cf6-b6f1-397039d0b561",
      "dblevel": 5,
      "location": "/VGMV/01_BaiGiang/MucsuNguyenThi/Nam2018/12242018_YNghiaGiangSinh",
      "isVideo": true,
      "url": "01-bai-giang.muc-su-nguyen-thi.nam-2018.12242018-y-nghia-giang-sinh",
      "name": "12242018_Ý Nghĩa Giáng Sinh",
      "count": 0,
      "isLeaf": null,
      "keyword": null,
      "hash": "",
      "khash": "U2FsdGVkX19NQRyKNI6dE+K9Ckp3OiwO4Mosyr2xfnsStlYYzkCQActRprUcmL5/CRXUyfxEXB7nC8I7Wpx4PA==",
      "viewCount": null,
      "duration": "18:26",
      "size": 226917061
    },
    {
      "id": "26b4b6f1-d1d0-4d68-ab73-5d156faa9c0a",
      "pid": "17766312-18dd-4cf6-b6f1-397039d0b561",
      "dblevel": 5,
      "location": "/VGMV/01_BaiGiang/MucsuNguyenThi/Nam2018/12302018_SuyTuCuoiNam",
      "isVideo": true,
      "url": "01-bai-giang.muc-su-nguyen-thi.nam-2018.12302018-suy-tu-cuoi-nam",
      "name": "12302018_Suy Tư Cuối Năm",
      "count": 0,
      "isLeaf": null,
      "keyword": null,
      "hash": "",
      "khash": "U2FsdGVkX1+nw58n9E1QqOH/LhqU3tlKPgn85DlJrXwbufYZcOZe+DfTnnjDwdiaBSLqT1fZK3eUuJlM3j9TKw==",
      "viewCount": null,
      "duration": "36:36",
      "size": 365762449
    }
  ]
}