{
  "id": "50855622-7f52-41e5-a331-bb605fca5c99",
  "pid": "71832048-cb5a-498b-a6d9-9d1831fd437b",
  "dblevel": 4,
  "location": "/VGMV/01_BaiGiang/HocTheoChuDe/14-KhongDG",
  "isVideo": true,
  "url": "01-bai-giang.hoc-theo-chu-de.14-khong-dg",
  "name": "14-Không DG",
  "count": 4,
  "isLeaf": true,
  "keyword": null,
  "hash": null,
  "khash": null,
  "viewCount": null,
  "duration": null,
  "size": null,
  "children": [
    {
      "id": "204ddae4-69da-43ce-8e19-7095618d8e32",
      "pid": "50855622-7f52-41e5-a331-bb605fca5c99",
      "dblevel": 5,
      "location": "/VGMV/01_BaiGiang/HocTheoChuDe/14-KhongDG/DauHieuTangTruong",
      "isVideo": true,
      "url": "01-bai-giang.hoc-theo-chu-de.14-khong-dg.dau-hieu-tang-truong",
      "name": "Dấu Hiệu Tăng Trưởng",
      "count": 0,
      "isLeaf": null,
      "keyword": null,
      "hash": "U2FsdGVkX180COptcy5D6k3MMpYQwbOc2FZxTkrNWYMF6wZqSe6lEKg0oAjgYGy0itYPTv8HJC+bdJEKPdqwrw==",
      "khash": "U2FsdGVkX19e46Eem+rmM0hqN0onWY1SApMMCQ784Mt6G25M2az60nspHcK5BR+eZjeoF2Nepi4+0y2hFtAZ0w==",
      "viewCount": null,
      "duration": "41:19",
      "size": 775987718
    },
    {
      "id": "c2df5bae-b3ac-4116-9da9-ad58df1e47c8",
      "pid": "50855622-7f52-41e5-a331-bb605fca5c99",
      "dblevel": 5,
      "location": "/VGMV/01_BaiGiang/HocTheoChuDe/14-KhongDG/MuoiManVaSangSoiP1",
      "isVideo": true,
      "url": "01-bai-giang.hoc-theo-chu-de.14-khong-dg.muoi-man-va-sang-soi-p1",
      "name": "Muối Mặn Và Sáng Soi P1",
      "count": 0,
      "isLeaf": null,
      "keyword": null,
      "hash": "U2FsdGVkX1/cm4lp5ABA1l2DMs4CHb9BCD7waaspoN8QsZjmB8d+XknC5Gt+htX3geL/14tAAKMP8bqqVRRLzQ==",
      "khash": "U2FsdGVkX1//m6+bW6nc8Q6nzDJi+iPKSV8Xr/uEhbKXlCs/SNLj0JgSuVX5dqOyPvLyzrmW9otIYHLo0T/UyA==",
      "viewCount": null,
      "duration": "38:13",
      "size": 930303654
    },
    {
      "id": "28bf4a97-dfbc-4d5d-8253-c6fa93cd4c96",
      "pid": "50855622-7f52-41e5-a331-bb605fca5c99",
      "dblevel": 5,
      "location": "/VGMV/01_BaiGiang/HocTheoChuDe/14-KhongDG/MuoiManVaSangSoiP2",
      "isVideo": true,
      "url": "01-bai-giang.hoc-theo-chu-de.14-khong-dg.muoi-man-va-sang-soi-p2",
      "name": "Muối Mặn Và Sáng Soi P2",
      "count": 0,
      "isLeaf": null,
      "keyword": null,
      "hash": "U2FsdGVkX19uZ89/miepisbCcJr66Rn3+bvM1M3JgLJoyB2mj3J7E3qmXtYN3Dj5XYjl5kCky3x1fBJfFZMJbg==",
      "khash": "U2FsdGVkX195iEN7gQchaqUkGUP3wwqGuDkgS54n31H7ZlsUdgkvtOM8IMdmjeZ95P2plMrv5b7wcwZf5tcfQA==",
      "viewCount": null,
      "duration": "48:0",
      "size": 697467260
    },
    {
      "id": "4e9bd34c-123e-4441-b0e7-51019fa079b3",
      "pid": "50855622-7f52-41e5-a331-bb605fca5c99",
      "dblevel": 5,
      "location": "/VGMV/01_BaiGiang/HocTheoChuDe/14-KhongDG/SongVoiLoiChua",
      "isVideo": true,
      "url": "01-bai-giang.hoc-theo-chu-de.14-khong-dg.song-voi-loi-chua",
      "name": "Sống Với Lời Chúa",
      "count": 0,
      "isLeaf": null,
      "keyword": null,
      "hash": "U2FsdGVkX1/aMgj9Vt//oLW/f7Se8eSmFdHRZ1iKVJ3xa/GQ6Bxdx9ggfGz6KIlND5O/b5DSqEfCIZYOQZx2Xg==",
      "khash": "U2FsdGVkX1+IetC++/V/+pigsy9ZpBQBuuvvEkcqaN3d6VgWsVwg51f2AuCCs/RwvwiScqMcJxX1b/KKTUYqtA==",
      "viewCount": null,
      "duration": "39:0",
      "size": 643889863
    }
  ]
}