{
  "id": "f67c29b1-e582-4541-a516-e1d8e3275bd4",
  "pid": "418791c8-58d8-464d-8d6a-263831368705",
  "dblevel": 5,
  "location": "/VGMV/01_BaiGiang/HocTheoSachTrongKinhThanh/TimHieuThanhKinh/THTK59-ThuGia-co",
  "isVideo": true,
  "url": "01-bai-giang.hoc-theo-sach-trong-kinh-thanh.tim-hieu-thanh-kinh.thtk59-thu-gia-co",
  "name": "THTK59-Thư Gia-cơ",
  "count": 4,
  "isLeaf": true,
  "keyword": null,
  "hash": null,
  "khash": null,
  "viewCount": null,
  "duration": null,
  "size": null,
  "children": [
    {
      "id": "80c8f944-425a-4bdb-bdf6-ea67e80c1d7d",
      "pid": "f67c29b1-e582-4541-a516-e1d8e3275bd4",
      "dblevel": 6,
      "location": "/VGMV/01_BaiGiang/HocTheoSachTrongKinhThanh/TimHieuThanhKinh/THTK59-ThuGia-co/Gia-co01_DucTinThat",
      "isVideo": true,
      "url": "01-bai-giang.hoc-theo-sach-trong-kinh-thanh.tim-hieu-thanh-kinh.thtk59-thu-gia-co.gia-co-01-duc-tin-that",
      "name": "Gia-cơ 01_Đức Tin Thật",
      "count": 0,
      "isLeaf": null,
      "keyword": null,
      "hash": "U2FsdGVkX1+Q+UbIIiOeT1c/DQyrSxS6LmBzca9Zccaa2q4bLhmOwbSQdWOWtnJR7asI2V4U6Wh5t3zHy6PRdQ==",
      "khash": "U2FsdGVkX1/HJ7Q4iRVlKI8E46IO20VxRPNfWNmhWtWg34DzNKXsUtqBb7t7SIUESmwhnFBatfWKfOZOjhVwHQ==",
      "viewCount": null,
      "duration": "27:38",
      "size": 815424594
    },
    {
      "id": "032ecede-c6c3-439d-a644-295dbae2e5d0",
      "pid": "f67c29b1-e582-4541-a516-e1d8e3275bd4",
      "dblevel": 6,
      "location": "/VGMV/01_BaiGiang/HocTheoSachTrongKinhThanh/TimHieuThanhKinh/THTK59-ThuGia-co/Gia-co02_SuThuThachDucTin",
      "isVideo": true,
      "url": "01-bai-giang.hoc-theo-sach-trong-kinh-thanh.tim-hieu-thanh-kinh.thtk59-thu-gia-co.gia-co-02-su-thu-thach-duc-tin",
      "name": "Gia-cơ 02_Sự Thử Thách Đức Tin",
      "count": 0,
      "isLeaf": null,
      "keyword": null,
      "hash": "U2FsdGVkX18ydIelat3fWMXV5jH8tpKmzhh843/HvlkJNzwbFqWZHV7S/alOvIBYkiyV5Qp/aKtWdxMYdYpq7A==",
      "khash": "U2FsdGVkX1//WyjfsQVa2yrSGp1w3lZCgGRVbR9fGy7Xrc7xOc7csHlenBx4ZXsiGTHvqa8idiAQwXqHMlXTNg==",
      "viewCount": null,
      "duration": "44:15",
      "size": 1309292587
    },
    {
      "id": "e5dd68bb-e803-4af1-8f26-3872ad3d33b3",
      "pid": "f67c29b1-e582-4541-a516-e1d8e3275bd4",
      "dblevel": 6,
      "location": "/VGMV/01_BaiGiang/HocTheoSachTrongKinhThanh/TimHieuThanhKinh/THTK59-ThuGia-co/Gia-co03_VuotQuaCamDo",
      "isVideo": true,
      "url": "01-bai-giang.hoc-theo-sach-trong-kinh-thanh.tim-hieu-thanh-kinh.thtk59-thu-gia-co.gia-co-03-vuot-qua-cam-do",
      "name": "Gia-cơ 03_Vượt Qua Cám Dỗ",
      "count": 0,
      "isLeaf": null,
      "keyword": null,
      "hash": "U2FsdGVkX18tvt5ZJNxQ1f2oyvWezO9z4A0LzgDL57iqaS+LJTdjZLjWp+cRz+DlXWUITRXteFmOAqqwHLlovA==",
      "khash": "U2FsdGVkX191aBHz+N8jdhr36wVmuLdhqe9tzdHXWJvuR6O1CfnUE1cxTSD3AFXhbS/6LEaItGx1oZOzFF4gOg==",
      "viewCount": null,
      "duration": "49:40",
      "size": 1468726153
    },
    {
      "id": "b3c4a02b-8f36-498d-88b6-2f744e4224e6",
      "pid": "f67c29b1-e582-4541-a516-e1d8e3275bd4",
      "dblevel": 6,
      "location": "/VGMV/01_BaiGiang/HocTheoSachTrongKinhThanh/TimHieuThanhKinh/THTK59-ThuGia-co/Gia-co04_KinhNghiemQuyenNangCuaLoiChua",
      "isVideo": true,
      "url": "01-bai-giang.hoc-theo-sach-trong-kinh-thanh.tim-hieu-thanh-kinh.thtk59-thu-gia-co.gia-co-04-kinh-nghiem-quyen-nang-cua-loi-chua",
      "name": "Gia-cơ 04_Kinh Nghiệm Quyền Năng Của Lời Chúa",
      "count": 0,
      "isLeaf": null,
      "keyword": null,
      "hash": "U2FsdGVkX19g+w9hoIUXR8EvyeoMStIhhCJWI+Fa/YHjezCsj4LW/LU1rXC/Z53/svZT+p1Oz4K7xnjrkUo52w==",
      "khash": "U2FsdGVkX19kifpYaet7Qx5Sx6KvqSg0SGk6VTZXAZ30CM9zvaP/VmEgTfFZISfA+/cXUsok1UaE0zCBO6sx1Q==",
      "viewCount": null,
      "duration": "50:8",
      "size": 1482536977
    }
  ]
}