{
  "id": "2bae054e-fef0-4499-a567-4d3245b70d54",
  "pid": "fc6e547f-514a-4abb-88d7-8a843ad24da2",
  "dblevel": 4,
  "location": "/VGMV/01_BaiGiang/HocTheoSachTrongKinhThanh/Thu1Co-rinh-to-MSNguyenThi",
  "isVideo": true,
  "url": "01-bai-giang.hoc-theo-sach-trong-kinh-thanh.thu-1co-rinh-to-ms-nguyen-thi",
  "name": "Thư 1Cô-rinh-tô - MS Nguyễn Thỉ",
  "count": 33,
  "isLeaf": true,
  "keyword": null,
  "hash": null,
  "khash": null,
  "viewCount": null,
  "duration": null,
  "size": null,
  "children": [
    {
      "id": "ef682247-77e6-47dc-b6d6-a01e511bee86",
      "pid": "2bae054e-fef0-4499-a567-4d3245b70d54",
      "dblevel": 5,
      "location": "/VGMV/01_BaiGiang/HocTheoSachTrongKinhThanh/Thu1Co-rinh-to-MSNguyenThi/01_1Co010109",
      "isVideo": true,
      "url": "01-bai-giang.hoc-theo-sach-trong-kinh-thanh.thu-1co-rinh-to-ms-nguyen-thi.01-1co010109",
      "name": "01_1Co010109",
      "count": 0,
      "isLeaf": null,
      "keyword": null,
      "hash": "U2FsdGVkX19uTCJ8l38cgVKKOk2zr7aIrbZvd8IBhDN235W4mYujYdwC0rYzQCRJC9fzpvbhrsB4KQMdQK6buQ==",
      "khash": "U2FsdGVkX192oNAEsJnQ061RtZSONL5SP8HhzjAhVqFK/ZpclwHCth3DQCaKIRiI64HDpLfyMy3lvjz93qnVMg==",
      "viewCount": null,
      "duration": "49:25",
      "size": 496025179
    },
    {
      "id": "3d8fd8dc-6187-4bf8-ba48-17964417f7c7",
      "pid": "2bae054e-fef0-4499-a567-4d3245b70d54",
      "dblevel": 5,
      "location": "/VGMV/01_BaiGiang/HocTheoSachTrongKinhThanh/Thu1Co-rinh-to-MSNguyenThi/02_1Co010416",
      "isVideo": true,
      "url": "01-bai-giang.hoc-theo-sach-trong-kinh-thanh.thu-1co-rinh-to-ms-nguyen-thi.02-1co010416",
      "name": "02_1Co010416",
      "count": 0,
      "isLeaf": null,
      "keyword": null,
      "hash": "U2FsdGVkX1+LiZJH5HZEPs0cWQpNdvqv/5UkIFtR6bJW+Lqm0U2iWviKjMecQWiYdkCbzf3yn8f9GErrycL7Dg==",
      "khash": "U2FsdGVkX1+UHzGk4qZsLf4tGEg8OJDRP9WjbX1UTxR5ukRxaShwknMXXqRxc8DYBjWSF+kZ+cgz1avxgMttDw==",
      "viewCount": null,
      "duration": "50:1",
      "size": 496480306
    },
    {
      "id": "201282a9-b8a6-4e45-afbb-85f57f3a2ddf",
      "pid": "2bae054e-fef0-4499-a567-4d3245b70d54",
      "dblevel": 5,
      "location": "/VGMV/01_BaiGiang/HocTheoSachTrongKinhThanh/Thu1Co-rinh-to-MSNguyenThi/03_1Co011731",
      "isVideo": true,
      "url": "01-bai-giang.hoc-theo-sach-trong-kinh-thanh.thu-1co-rinh-to-ms-nguyen-thi.03-1co011731",
      "name": "03_1Co011731",
      "count": 0,
      "isLeaf": null,
      "keyword": null,
      "hash": "U2FsdGVkX18jeQ8RkPc3HVjimjuIstHqvOilCqUbSKESI9UMIv0axcAccMfu0328r7HcnoUodbdyXelQXbYskg==",
      "khash": "U2FsdGVkX19TL8Ay3GSThOA+mjJF6L+EtOpxbsxoGSlBu3INktL9bAWTErLdGzTGNz4MkU6FDVX3Sqz4s2da9Q==",
      "viewCount": null,
      "duration": "52:44",
      "size": 644921108
    },
    {
      "id": "07616b92-382b-4d73-839a-dfe55b088b28",
      "pid": "2bae054e-fef0-4499-a567-4d3245b70d54",
      "dblevel": 5,
      "location": "/VGMV/01_BaiGiang/HocTheoSachTrongKinhThanh/Thu1Co-rinh-to-MSNguyenThi/04_1Co012631",
      "isVideo": true,
      "url": "01-bai-giang.hoc-theo-sach-trong-kinh-thanh.thu-1co-rinh-to-ms-nguyen-thi.04-1co012631",
      "name": "04_1Co012631",
      "count": 0,
      "isLeaf": null,
      "keyword": null,
      "hash": "U2FsdGVkX196v0Pt5F5YB33Xk/f3BiMxjZixWN2qRSLVUnFpadqfjkbeu0tqWrNmycCBMYj3OT/CeVgWqJKz3w==",
      "khash": "U2FsdGVkX18pfSUnytU29z5AaKVZ+U9VlIX85IuCFVCbpBpV+g9684vEEMC9FWlyOtwkapcBSlVtk6ZMvvGMpg==",
      "viewCount": null,
      "duration": "49:16",
      "size": 603506026
    },
    {
      "id": "21f1eab5-67ea-4870-9f50-87f3331f5189",
      "pid": "2bae054e-fef0-4499-a567-4d3245b70d54",
      "dblevel": 5,
      "location": "/VGMV/01_BaiGiang/HocTheoSachTrongKinhThanh/Thu1Co-rinh-to-MSNguyenThi/05_1Co020616",
      "isVideo": true,
      "url": "01-bai-giang.hoc-theo-sach-trong-kinh-thanh.thu-1co-rinh-to-ms-nguyen-thi.05-1co020616",
      "name": "05_1Co020616",
      "count": 0,
      "isLeaf": null,
      "keyword": null,
      "hash": "U2FsdGVkX1/pwL1dzh+kXosXFKVTnUfLfCNdyLbRc0U6+kUwlezIf8RDUkpBBjgLBS7QUYUI7U1uiR7OnirWKQ==",
      "khash": "U2FsdGVkX192jCERDE8R9TAvYbrE5W7U/f1aBWV5rnwujQxVmvjtItBLemKjNausCW0mZ0ECtsps/OnVWaxQZg==",
      "viewCount": null,
      "duration": "43:37",
      "size": 534554624
    },
    {
      "id": "ea175b11-a114-441a-81aa-ce959e2b5b3c",
      "pid": "2bae054e-fef0-4499-a567-4d3245b70d54",
      "dblevel": 5,
      "location": "/VGMV/01_BaiGiang/HocTheoSachTrongKinhThanh/Thu1Co-rinh-to-MSNguyenThi/06_1Co030108",
      "isVideo": true,
      "url": "01-bai-giang.hoc-theo-sach-trong-kinh-thanh.thu-1co-rinh-to-ms-nguyen-thi.06-1co030108",
      "name": "06_1Co030108",
      "count": 0,
      "isLeaf": null,
      "keyword": null,
      "hash": "U2FsdGVkX19np1GViDhzEF1ZAGca3BGL2VnYhMl3hKKMITyX0ONlpP75pMkiC1eFfiEX65zSj/4gaLsKVlD4Ug==",
      "khash": "U2FsdGVkX1+LMw4U+Cngt4We3nBjgrwlbDpjALvQkq+XLGvBnHRr8Tbih1qAA1/LQR0nAm2QtJnMxKUtnD3B/A==",
      "viewCount": null,
      "duration": "51:38",
      "size": 631969570
    },
    {
      "id": "81f4591a-bd4b-4a3a-906c-32f2610b021c",
      "pid": "2bae054e-fef0-4499-a567-4d3245b70d54",
      "dblevel": 5,
      "location": "/VGMV/01_BaiGiang/HocTheoSachTrongKinhThanh/Thu1Co-rinh-to-MSNguyenThi/07_1Co030915",
      "isVideo": true,
      "url": "01-bai-giang.hoc-theo-sach-trong-kinh-thanh.thu-1co-rinh-to-ms-nguyen-thi.07-1co030915",
      "name": "07_1Co030915",
      "count": 0,
      "isLeaf": null,
      "keyword": null,
      "hash": "U2FsdGVkX1+64JI8NVOzRwgSt3LPAUxwXqEIBHrsjAm7bfR/ofyWwuF72C3UA1e9qUs9+32ODcgxaNEiophYPQ==",
      "khash": "U2FsdGVkX1//u6TRjqnWc9eARE2jbSb8dBvzLHJ7J3hDAFhzLtEltvgG1MBrDAvg8ScWxUpF6BZb7O6wlUodkw==",
      "viewCount": null,
      "duration": "42:43",
      "size": 523113697
    },
    {
      "id": "92976262-788c-402d-99f0-c036e1a20446",
      "pid": "2bae054e-fef0-4499-a567-4d3245b70d54",
      "dblevel": 5,
      "location": "/VGMV/01_BaiGiang/HocTheoSachTrongKinhThanh/Thu1Co-rinh-to-MSNguyenThi/08_1Co031622",
      "isVideo": true,
      "url": "01-bai-giang.hoc-theo-sach-trong-kinh-thanh.thu-1co-rinh-to-ms-nguyen-thi.08-1co031622",
      "name": "08_1Co031622",
      "count": 0,
      "isLeaf": null,
      "keyword": null,
      "hash": "U2FsdGVkX1/ceu5bTcI+B/2FEVOkzYEBrSqI6vsMHuQE+HOghthRooW1AclZFCBRFaSj4+LZTWf8zbco+psFGA==",
      "khash": "U2FsdGVkX19JNX71kML2iQ/740lQWEaGsx2+pneW9xOhOvPL58eoLfZ5Aw39vOQINy89ygnlyO1Q79lVqw2ogg==",
      "viewCount": null,
      "duration": "34:50",
      "size": 426310816
    },
    {
      "id": "d4d1424b-d3dc-4869-b722-006d688d4a98",
      "pid": "2bae054e-fef0-4499-a567-4d3245b70d54",
      "dblevel": 5,
      "location": "/VGMV/01_BaiGiang/HocTheoSachTrongKinhThanh/Thu1Co-rinh-to-MSNguyenThi/09_1Co040105",
      "isVideo": true,
      "url": "01-bai-giang.hoc-theo-sach-trong-kinh-thanh.thu-1co-rinh-to-ms-nguyen-thi.09-1co040105",
      "name": "09_1Co040105",
      "count": 0,
      "isLeaf": null,
      "keyword": null,
      "hash": "U2FsdGVkX1+mlTxpqLNhShlfqn13C4J33Geb2elV0IvgA37kYu23r3SoNtnARMp+7sWZjJAHnZprkridekEIQQ==",
      "khash": "U2FsdGVkX19CnqaMrO3m8jERXd+tFSc7kaTPasFHuyiMdWZyy3iYJxr7+4eYUlbZr7po45qdUOPk5yYK1F+WhA==",
      "viewCount": null,
      "duration": "34:58",
      "size": 428795074
    },
    {
      "id": "f016e265-2ebb-4dbd-a661-51aacd65f090",
      "pid": "2bae054e-fef0-4499-a567-4d3245b70d54",
      "dblevel": 5,
      "location": "/VGMV/01_BaiGiang/HocTheoSachTrongKinhThanh/Thu1Co-rinh-to-MSNguyenThi/10_1Co040621",
      "isVideo": true,
      "url": "01-bai-giang.hoc-theo-sach-trong-kinh-thanh.thu-1co-rinh-to-ms-nguyen-thi.10-1co040621",
      "name": "10_1Co040621",
      "count": 0,
      "isLeaf": null,
      "keyword": null,
      "hash": "U2FsdGVkX1/G0VOWWnGPKoFxB77jXZKPD5neQ2Nt0EG2Tde27Oc3gKWetwReaqP2J9eOUu8/v8x01LXfKD8xuA==",
      "khash": "U2FsdGVkX18bQezJhfyxDnOjzz4DF3/fgCTCWSrNOXqhg2kDUrCO0AwjKAgYMf7sUxS3GYwK/Ic5ozdPDov+iQ==",
      "viewCount": null,
      "duration": "36:8",
      "size": 441713854
    },
    {
      "id": "dd895cf8-0f21-40a9-87ac-e38e8cdc48c1",
      "pid": "2bae054e-fef0-4499-a567-4d3245b70d54",
      "dblevel": 5,
      "location": "/VGMV/01_BaiGiang/HocTheoSachTrongKinhThanh/Thu1Co-rinh-to-MSNguyenThi/11_1Co041421",
      "isVideo": true,
      "url": "01-bai-giang.hoc-theo-sach-trong-kinh-thanh.thu-1co-rinh-to-ms-nguyen-thi.11-1co041421",
      "name": "11_1Co041421",
      "count": 0,
      "isLeaf": null,
      "keyword": null,
      "hash": "U2FsdGVkX1998lKhWJK5LR5P/LTmCUvZWL9lphSevYzhfuyz3/otuU44cBMXssHrhWreoOb/s+HNZmSz8fCWdQ==",
      "khash": "U2FsdGVkX1+OgzRSzYYZh06V0EKFjib+c3fbA1TaTevTNsUZes1gTJMQ8E6x3FIhnvAu8D8m+mC39zdhAg9kqw==",
      "viewCount": null,
      "duration": "32:10",
      "size": 392932395
    },
    {
      "id": "8f54adec-346a-47c0-9149-c6287a0394f9",
      "pid": "2bae054e-fef0-4499-a567-4d3245b70d54",
      "dblevel": 5,
      "location": "/VGMV/01_BaiGiang/HocTheoSachTrongKinhThanh/Thu1Co-rinh-to-MSNguyenThi/12_1Co050113",
      "isVideo": true,
      "url": "01-bai-giang.hoc-theo-sach-trong-kinh-thanh.thu-1co-rinh-to-ms-nguyen-thi.12-1co050113",
      "name": "12_1Co050113",
      "count": 0,
      "isLeaf": null,
      "keyword": null,
      "hash": "U2FsdGVkX1+p5rEhYBdx3BpylcOTxEfqFAK7TizQei7FwCabHBs1bgWU0rGGGTQd2aANoWbmasreIdxsa3oP0A==",
      "khash": "U2FsdGVkX19FT0BMRFbs0oN+pXET+WI2IHu+dCeFqEavguDCPgyfZKWqD8Z07or1g4vQ7rFGM+1iS9aLDTKApA==",
      "viewCount": null,
      "duration": "36:3",
      "size": 441348350
    },
    {
      "id": "463d339a-5657-4f30-8810-ac6dc206049e",
      "pid": "2bae054e-fef0-4499-a567-4d3245b70d54",
      "dblevel": 5,
      "location": "/VGMV/01_BaiGiang/HocTheoSachTrongKinhThanh/Thu1Co-rinh-to-MSNguyenThi/13_1Co060111",
      "isVideo": true,
      "url": "01-bai-giang.hoc-theo-sach-trong-kinh-thanh.thu-1co-rinh-to-ms-nguyen-thi.13-1co060111",
      "name": "13_1Co060111",
      "count": 0,
      "isLeaf": null,
      "keyword": null,
      "hash": "U2FsdGVkX18UjSp+n6WwAfR4y4gOzUVCN6cBErOIV7QpFu5aP9LSslwRvBquvt9pVvJiEMqofjBJM88d6Znx/Q==",
      "khash": "U2FsdGVkX18md1IaxjtYMfq6+G/qzPk5DVhrO9U0/LyBSt5+XBiRn2Zc4cpzPco+3bQOUypRjq7mKsDiH4FdHw==",
      "viewCount": null,
      "duration": "35:48",
      "size": 438818679
    },
    {
      "id": "4940bb2a-7fda-4a7b-af80-3fb04d4ca74d",
      "pid": "2bae054e-fef0-4499-a567-4d3245b70d54",
      "dblevel": 5,
      "location": "/VGMV/01_BaiGiang/HocTheoSachTrongKinhThanh/Thu1Co-rinh-to-MSNguyenThi/14_1Co061220",
      "isVideo": true,
      "url": "01-bai-giang.hoc-theo-sach-trong-kinh-thanh.thu-1co-rinh-to-ms-nguyen-thi.14-1co061220",
      "name": "14_1Co061220",
      "count": 0,
      "isLeaf": null,
      "keyword": null,
      "hash": "U2FsdGVkX1+p4f/pJ1sbM+pGSPkaiKyWq9F3nWcFkXhTpdAq0v0FfywjQqyKRsSO0Ww9QuvhdHRm/B6k5VLLXg==",
      "khash": "U2FsdGVkX18XByoQnYdIuUYTNI2yPm60rn1C/X9kNA5wvllOb7mXWWvo+prd0PJuye9wNw10L4IW0QBKVX+2KA==",
      "viewCount": null,
      "duration": "42:51",
      "size": 523771793
    },
    {
      "id": "60b05379-04ed-4cf6-a268-5bd3b409cb40",
      "pid": "2bae054e-fef0-4499-a567-4d3245b70d54",
      "dblevel": 5,
      "location": "/VGMV/01_BaiGiang/HocTheoSachTrongKinhThanh/Thu1Co-rinh-to-MSNguyenThi/15_1Co070109",
      "isVideo": true,
      "url": "01-bai-giang.hoc-theo-sach-trong-kinh-thanh.thu-1co-rinh-to-ms-nguyen-thi.15-1co070109",
      "name": "15_1Co070109",
      "count": 0,
      "isLeaf": null,
      "keyword": null,
      "hash": "U2FsdGVkX18RGXApbVY5BX0IlebksV44uho1qlPcM/8r9M+uQIEjzLtIyJEMX7Lcep5f9sfIjILF000VbGXAnw==",
      "khash": "U2FsdGVkX19j5Ugoz25odbJq9Y67JiywIMW2jogqOTo1o+KpkNjfCpFdETxsuxrHGpDS8DoGZTlIyDi9iDf3nA==",
      "viewCount": null,
      "duration": "35:26",
      "size": 433707511
    },
    {
      "id": "73519a0f-c1ac-4638-a5e1-12bb8332db16",
      "pid": "2bae054e-fef0-4499-a567-4d3245b70d54",
      "dblevel": 5,
      "location": "/VGMV/01_BaiGiang/HocTheoSachTrongKinhThanh/Thu1Co-rinh-to-MSNguyenThi/16_1Co071024",
      "isVideo": true,
      "url": "01-bai-giang.hoc-theo-sach-trong-kinh-thanh.thu-1co-rinh-to-ms-nguyen-thi.16-1co071024",
      "name": "16_1Co071024",
      "count": 0,
      "isLeaf": null,
      "keyword": null,
      "hash": "U2FsdGVkX194uWCE9Bg3w0YUV6qiI5QQcnhoS5yyHB5Qk6M4MM/FPVuTuC34/YoHL7UgyW0V35MgNGvFkZbmIw==",
      "khash": "U2FsdGVkX199Zlf48Ac04CojI0Z+CUCmkR5s7gX1KdYsHlBnalK7h9rhy7Oel0FvFt3rgH4866HsAfdjVY8EKg==",
      "viewCount": null,
      "duration": "53:43",
      "size": 657194007
    },
    {
      "id": "14384049-e3c0-4eee-bf8e-dcaed66ceb6b",
      "pid": "2bae054e-fef0-4499-a567-4d3245b70d54",
      "dblevel": 5,
      "location": "/VGMV/01_BaiGiang/HocTheoSachTrongKinhThanh/Thu1Co-rinh-to-MSNguyenThi/17_1Co080113",
      "isVideo": true,
      "url": "01-bai-giang.hoc-theo-sach-trong-kinh-thanh.thu-1co-rinh-to-ms-nguyen-thi.17-1co080113",
      "name": "17_1Co080113",
      "count": 0,
      "isLeaf": null,
      "keyword": null,
      "hash": "U2FsdGVkX19cOCEWPsYDhNYvU/27Qf2zSKz8CBzCLUlP0Vf0gUofjPErWE94HxaJ4oSoCMSMSqwzf8PAb5fvEw==",
      "khash": "U2FsdGVkX19dZU6muEclDJt/Pn80g9uiJub6jOsfgxqU393Dx57fmojiutkV3dKiaSrcyf6c03rQUJMXkmAjVg==",
      "viewCount": null,
      "duration": "37:42",
      "size": 461920378
    },
    {
      "id": "13c3f708-5762-4b74-95c2-223ed9bad6b3",
      "pid": "2bae054e-fef0-4499-a567-4d3245b70d54",
      "dblevel": 5,
      "location": "/VGMV/01_BaiGiang/HocTheoSachTrongKinhThanh/Thu1Co-rinh-to-MSNguyenThi/18_1Co090114",
      "isVideo": true,
      "url": "01-bai-giang.hoc-theo-sach-trong-kinh-thanh.thu-1co-rinh-to-ms-nguyen-thi.18-1co090114",
      "name": "18_1Co090114",
      "count": 0,
      "isLeaf": null,
      "keyword": null,
      "hash": "U2FsdGVkX19DrXygoc1WU5mLqKwCZN3iR0itxU6GJbewEX3vYgd8uRF/UIWaDLTu/IaYLiT6hl9LdrhuU1gWAg==",
      "khash": "U2FsdGVkX1/kZOcmJp8RkRff2w8AuNdmeWa/5LJDOqduPgXt/+HBdCL5KH+1UFn8syfoa5lj2i8h49R5t35JDg==",
      "viewCount": null,
      "duration": "34:16",
      "size": 419324851
    },
    {
      "id": "2ba680d2-6a6d-4378-be36-04fdda5423a2",
      "pid": "2bae054e-fef0-4499-a567-4d3245b70d54",
      "dblevel": 5,
      "location": "/VGMV/01_BaiGiang/HocTheoSachTrongKinhThanh/Thu1Co-rinh-to-MSNguyenThi/19_1Co091523",
      "isVideo": true,
      "url": "01-bai-giang.hoc-theo-sach-trong-kinh-thanh.thu-1co-rinh-to-ms-nguyen-thi.19-1co091523",
      "name": "19_1Co091523",
      "count": 0,
      "isLeaf": null,
      "keyword": null,
      "hash": "U2FsdGVkX18jiD+rrlPeJ94ZoYy4clsvJY1Rx1XlDwkcdReN6BjElMqh2rf2lgj0fVM6bV8KPPxFV6QzpbiMbQ==",
      "khash": "U2FsdGVkX1+92DlIrejuBlXpYnsJwnMHc5TpwTrYu86bS4DxEyuar3Ab/ZEO8CYPMf1c+rWCd52qgg1vJdkJuw==",
      "viewCount": null,
      "duration": "48:54",
      "size": 598678671
    },
    {
      "id": "b267f0e9-1395-43e5-8ae5-21765ceb065b",
      "pid": "2bae054e-fef0-4499-a567-4d3245b70d54",
      "dblevel": 5,
      "location": "/VGMV/01_BaiGiang/HocTheoSachTrongKinhThanh/Thu1Co-rinh-to-MSNguyenThi/20_1Co092427",
      "isVideo": true,
      "url": "01-bai-giang.hoc-theo-sach-trong-kinh-thanh.thu-1co-rinh-to-ms-nguyen-thi.20-1co092427",
      "name": "20_1Co092427",
      "count": 0,
      "isLeaf": null,
      "keyword": null,
      "hash": "U2FsdGVkX18Ew8E5ootWGp0Hmjn7XbU7QDzs4ynOWZMmXvVag7egkl8drrT9pz0G15Vk9Qji3/iHchYEhCxZVA==",
      "khash": "U2FsdGVkX19Ja+dWJTZ9Ibq0AVPDU60Agq9ya5lOO39ulYL97nRYJsPplrxSEI+LYriSJO8JXE/hEOTyk70j3A==",
      "viewCount": null,
      "duration": "32:54",
      "size": 403152078
    },
    {
      "id": "1e773c96-674a-425d-927d-25645ff00622",
      "pid": "2bae054e-fef0-4499-a567-4d3245b70d54",
      "dblevel": 5,
      "location": "/VGMV/01_BaiGiang/HocTheoSachTrongKinhThanh/Thu1Co-rinh-to-MSNguyenThi/21_1Co100113",
      "isVideo": true,
      "url": "01-bai-giang.hoc-theo-sach-trong-kinh-thanh.thu-1co-rinh-to-ms-nguyen-thi.21-1co100113",
      "name": "21_1Co100113",
      "count": 0,
      "isLeaf": null,
      "keyword": null,
      "hash": "U2FsdGVkX192LpJ7RAuDdUXEiNy18QQci+/2WcJBwsY9kuKsQ0pTn839iVXK+8gzBq0jARoKCVBpIP/GFhnr+w==",
      "khash": "U2FsdGVkX1/tpzDTC6xT6d27BgVXkoKz99fjuC6p2+6dXd5KyWBwex+XEwKCEru7yAy3a9vpmTM8zLQ4ui3PgA==",
      "viewCount": null,
      "duration": "37:50",
      "size": 462641175
    },
    {
      "id": "5d1d3885-e79e-479d-b636-100a8eeb49db",
      "pid": "2bae054e-fef0-4499-a567-4d3245b70d54",
      "dblevel": 5,
      "location": "/VGMV/01_BaiGiang/HocTheoSachTrongKinhThanh/Thu1Co-rinh-to-MSNguyenThi/22_1Co10141101",
      "isVideo": true,
      "url": "01-bai-giang.hoc-theo-sach-trong-kinh-thanh.thu-1co-rinh-to-ms-nguyen-thi.22-1co10141101",
      "name": "22_1Co10141101",
      "count": 0,
      "isLeaf": null,
      "keyword": null,
      "hash": "U2FsdGVkX1+Hx9bu/hzwe/nZsPJAlFW6b/i/ZwVwK7I8oapp4MUF8ZGilzctAX+f0pDTOo7mxfPZT6NVSh2ggg==",
      "khash": "U2FsdGVkX19EJZyPs/Lj/Iox9KnL5HO9URecz3p3ZR0HLUTxvysT0kQycidH4D5xzi6MX6J9UZ3vjHCmnrrPNQ==",
      "viewCount": null,
      "duration": "46:9",
      "size": 568287042
    },
    {
      "id": "b672fe0c-971f-4b69-a927-28078ae2fa2b",
      "pid": "2bae054e-fef0-4499-a567-4d3245b70d54",
      "dblevel": 5,
      "location": "/VGMV/01_BaiGiang/HocTheoSachTrongKinhThanh/Thu1Co-rinh-to-MSNguyenThi/23_1Co110216",
      "isVideo": true,
      "url": "01-bai-giang.hoc-theo-sach-trong-kinh-thanh.thu-1co-rinh-to-ms-nguyen-thi.23-1co110216",
      "name": "23_1Co110216",
      "count": 0,
      "isLeaf": null,
      "keyword": null,
      "hash": "U2FsdGVkX196VELnj1jFJkRAcjgkrFZGcn4myXdNgSeq02xJk4xk0utVtIXzH00cVulMoQ3/AkA685E8FTCXsA==",
      "khash": "U2FsdGVkX18VoV9JAPLylODLNSorEPBfzJ+phIKWhG0u039xppDSyeQV+/TfEEcr3aQwgqHiUHdMLAFi3QopDg==",
      "viewCount": null,
      "duration": "37:14",
      "size": 456441088
    },
    {
      "id": "0a4c5fd0-d9f1-4d02-8501-32c1abb5d91f",
      "pid": "2bae054e-fef0-4499-a567-4d3245b70d54",
      "dblevel": 5,
      "location": "/VGMV/01_BaiGiang/HocTheoSachTrongKinhThanh/Thu1Co-rinh-to-MSNguyenThi/24_1Co111734",
      "isVideo": true,
      "url": "01-bai-giang.hoc-theo-sach-trong-kinh-thanh.thu-1co-rinh-to-ms-nguyen-thi.24-1co111734",
      "name": "24_1Co111734",
      "count": 0,
      "isLeaf": null,
      "keyword": null,
      "hash": "U2FsdGVkX181yMiqwj3qTOJXQGG1dgRIliOPWOzAhAuYJJY7cHiF8f7YTjhAYqAfyz6Ja2XUYODu37EcskWDBg==",
      "khash": "U2FsdGVkX18A5q7cwFh+Ytlw8iWvjaDJgb44k2gxhBUcmlT1eon1kPaHz/Ylq9TB0cHpPZF5JmgFhn8HNzfbnQ==",
      "viewCount": null,
      "duration": "45:17",
      "size": 555128032
    },
    {
      "id": "a6ca27a1-d841-4da6-90ec-3d9e044ef151",
      "pid": "2bae054e-fef0-4499-a567-4d3245b70d54",
      "dblevel": 5,
      "location": "/VGMV/01_BaiGiang/HocTheoSachTrongKinhThanh/Thu1Co-rinh-to-MSNguyenThi/25_1Co120111",
      "isVideo": true,
      "url": "01-bai-giang.hoc-theo-sach-trong-kinh-thanh.thu-1co-rinh-to-ms-nguyen-thi.25-1co120111",
      "name": "25_1Co120111",
      "count": 0,
      "isLeaf": null,
      "keyword": null,
      "hash": "U2FsdGVkX1+7blYI1pi+Z0FMBzakA94Oogey8hRMw5X/z+mnkdObBP1U0GK2GVUBlVocvpPcPyW9qKzqfy0ZbQ==",
      "khash": "U2FsdGVkX1+2BuPhKpeTLTBb0s+nadB71NV3CJez6bD5DZSF5fPTsVETWKnCtZQMKFbe/WSWjqfRQpH4yRKayw==",
      "viewCount": null,
      "duration": "56:12",
      "size": 689724430
    },
    {
      "id": "e4f73c05-ec58-43a0-be02-ed0f9b38e832",
      "pid": "2bae054e-fef0-4499-a567-4d3245b70d54",
      "dblevel": 5,
      "location": "/VGMV/01_BaiGiang/HocTheoSachTrongKinhThanh/Thu1Co-rinh-to-MSNguyenThi/26_1Co121230",
      "isVideo": true,
      "url": "01-bai-giang.hoc-theo-sach-trong-kinh-thanh.thu-1co-rinh-to-ms-nguyen-thi.26-1co121230",
      "name": "26_1Co121230",
      "count": 0,
      "isLeaf": null,
      "keyword": null,
      "hash": "U2FsdGVkX18cOk+oB7DzQyCQitt00tMlpOiWr7zWHz10soCpvkowy0tqbd7yNLM2cgtZnvS6UtBrVfeReq3BnA==",
      "khash": "U2FsdGVkX1/wEvEPdzSsXBbbQC5zR5MPoPEZXykJj65twQgfXk1N+xaRVCi4I8zcIvpOpBfsKiUkbgJ7IMk47A==",
      "viewCount": null,
      "duration": "39:53",
      "size": 488366526
    },
    {
      "id": "f12852b0-f7f9-4719-a476-ba79ec3de815",
      "pid": "2bae054e-fef0-4499-a567-4d3245b70d54",
      "dblevel": 5,
      "location": "/VGMV/01_BaiGiang/HocTheoSachTrongKinhThanh/Thu1Co-rinh-to-MSNguyenThi/27_1Co130113",
      "isVideo": true,
      "url": "01-bai-giang.hoc-theo-sach-trong-kinh-thanh.thu-1co-rinh-to-ms-nguyen-thi.27-1co130113",
      "name": "27_1Co130113",
      "count": 0,
      "isLeaf": null,
      "keyword": null,
      "hash": "U2FsdGVkX18NIYjfkSHqkBfymxROs7vOL+/V9obmFkoxQ6ZgD9sDfCfbJ9fagwcnnEMBKwKTyMWd1QrVEa3g9A==",
      "khash": "U2FsdGVkX19UVk+Ysc129pCV0jE15dEAv+eUUnGOi+cINSmEvCuJysRK41FOh0wCPThiDU9VYvr1yVhyBX+1Cg==",
      "viewCount": null,
      "duration": "38:34",
      "size": 473795614
    },
    {
      "id": "03d510f3-6977-43df-b8e8-1fc597da1578",
      "pid": "2bae054e-fef0-4499-a567-4d3245b70d54",
      "dblevel": 5,
      "location": "/VGMV/01_BaiGiang/HocTheoSachTrongKinhThanh/Thu1Co-rinh-to-MSNguyenThi/28_1Co140125",
      "isVideo": true,
      "url": "01-bai-giang.hoc-theo-sach-trong-kinh-thanh.thu-1co-rinh-to-ms-nguyen-thi.28-1co140125",
      "name": "28_1Co140125",
      "count": 0,
      "isLeaf": null,
      "keyword": null,
      "hash": "U2FsdGVkX19rr4q/iyCuGGDQHOaqM37tUmwy46Ru/K1OPeKnLjTOEfOpI2Zgf4WbeTuatUEVNUZp1fjSHIv7pA==",
      "khash": "U2FsdGVkX18GNW0JFfACPVa/0y1E3smpAYy+Y+Vcwr4tHOXqe83I535fAmpGgZL1++bZmpPOWZX5lER3fyr/cA==",
      "viewCount": null,
      "duration": "52:55",
      "size": 647040295
    },
    {
      "id": "edbe2b2b-8538-449d-afb8-51914a086dc2",
      "pid": "2bae054e-fef0-4499-a567-4d3245b70d54",
      "dblevel": 5,
      "location": "/VGMV/01_BaiGiang/HocTheoSachTrongKinhThanh/Thu1Co-rinh-to-MSNguyenThi/29_1Co142639",
      "isVideo": true,
      "url": "01-bai-giang.hoc-theo-sach-trong-kinh-thanh.thu-1co-rinh-to-ms-nguyen-thi.29-1co142639",
      "name": "29_1Co142639",
      "count": 0,
      "isLeaf": null,
      "keyword": null,
      "hash": "U2FsdGVkX18F0VRmWRA4AH8pbylO9xJ5hLvQ26at4dj9ywMPmQUnJJ6Tm1cRI2YRlNU+0IbQ+rO6ObmdPStDWg==",
      "khash": "U2FsdGVkX18BOYOunGrQt2kQEKXxsJShn/qeILZFpLyY0g+7XnKrRDyUTF+wa26J9z2PtoEwT3ITxCTgcKIQDw==",
      "viewCount": null,
      "duration": "45:30",
      "size": 557154583
    },
    {
      "id": "f0a31c2f-257c-497c-aa28-5aed46152597",
      "pid": "2bae054e-fef0-4499-a567-4d3245b70d54",
      "dblevel": 5,
      "location": "/VGMV/01_BaiGiang/HocTheoSachTrongKinhThanh/Thu1Co-rinh-to-MSNguyenThi/30_1Co150111",
      "isVideo": true,
      "url": "01-bai-giang.hoc-theo-sach-trong-kinh-thanh.thu-1co-rinh-to-ms-nguyen-thi.30-1co150111",
      "name": "30_1Co150111",
      "count": 0,
      "isLeaf": null,
      "keyword": null,
      "hash": "U2FsdGVkX18bgujFPKAJ/dUlgYsAHtruOA4NNxU0Z7Mam9oY+QOdDUU40DY+vK0yItxz3SoY7Lr08wSb4nBWqg==",
      "khash": "U2FsdGVkX1+UzXiGjt2G2WUL03A9lN6CxoBKljx29liV7n+uagZtBTn/aUJ40zyzHIQn3lYmduM/dJQpOMcQjQ==",
      "viewCount": null,
      "duration": "34:43",
      "size": 425388393
    },
    {
      "id": "1a89c626-e8e8-4d5e-900d-2be5775d6488",
      "pid": "2bae054e-fef0-4499-a567-4d3245b70d54",
      "dblevel": 5,
      "location": "/VGMV/01_BaiGiang/HocTheoSachTrongKinhThanh/Thu1Co-rinh-to-MSNguyenThi/31_1Co151234",
      "isVideo": true,
      "url": "01-bai-giang.hoc-theo-sach-trong-kinh-thanh.thu-1co-rinh-to-ms-nguyen-thi.31-1co151234",
      "name": "31_1Co151234",
      "count": 0,
      "isLeaf": null,
      "keyword": null,
      "hash": "U2FsdGVkX1+FQgmM7DaNSnAmuFd/z/N9R1Nm+BJ2CPe/n/vwGgtOXgVJc+tdOE4bKPTJ96PZTfMfYEUza4ZEAA==",
      "khash": "U2FsdGVkX1+Pt0nPstpmhPjyPfhyA854NfkQF9eOW65/sLDkppXXeq3Pt65W5byMXGRX+C4Q0GwnuavCFnMseA==",
      "viewCount": null,
      "duration": "45:57",
      "size": 561904710
    },
    {
      "id": "9e9df477-7089-479f-8c14-feedf7259dca",
      "pid": "2bae054e-fef0-4499-a567-4d3245b70d54",
      "dblevel": 5,
      "location": "/VGMV/01_BaiGiang/HocTheoSachTrongKinhThanh/Thu1Co-rinh-to-MSNguyenThi/32_1Co153558",
      "isVideo": true,
      "url": "01-bai-giang.hoc-theo-sach-trong-kinh-thanh.thu-1co-rinh-to-ms-nguyen-thi.32-1co153558",
      "name": "32_1Co153558",
      "count": 0,
      "isLeaf": null,
      "keyword": null,
      "hash": "U2FsdGVkX19x0l+EjBqXAHmR1K8s6NkjV5VaJaqUhhQKYYuHInlaIid8lFLwJlxm4sEeEfcHSmbnh5BVui2E9g==",
      "khash": "U2FsdGVkX1/UexgPwFR3rtjA0wc7FR/lfPbZlPOVdHdHg747hNgKbeMmEFwfiVKyV8tpyXxvaQywjHKrO115nQ==",
      "viewCount": null,
      "duration": "39:58",
      "size": 489590291
    },
    {
      "id": "ee4f529a-b952-4317-aff5-910587cb13a7",
      "pid": "2bae054e-fef0-4499-a567-4d3245b70d54",
      "dblevel": 5,
      "location": "/VGMV/01_BaiGiang/HocTheoSachTrongKinhThanh/Thu1Co-rinh-to-MSNguyenThi/33_1Co160124",
      "isVideo": true,
      "url": "01-bai-giang.hoc-theo-sach-trong-kinh-thanh.thu-1co-rinh-to-ms-nguyen-thi.33-1co160124",
      "name": "33_1Co160124",
      "count": 0,
      "isLeaf": null,
      "keyword": null,
      "hash": "U2FsdGVkX19DgldUEezefEQvPqJYL6ISwd3e6kPIuV635ODHJe/Tc7yc04bSKXWtFEx3BgFnPXob3ROrtO/4dg==",
      "khash": "U2FsdGVkX19/AZmQWLuy+vKyEV4hm8ilF8Qv7/Zas5KQy8OJC//NYur2k06FkFwmZO6CSjhTKjW6X4bTH5cCbw==",
      "viewCount": null,
      "duration": "50:49",
      "size": 623665054
    }
  ]
}