{
  "id": "7c668b85-d67f-48b2-840a-84011c89722a",
  "pid": "71832048-cb5a-498b-a6d9-9d1831fd437b",
  "dblevel": 4,
  "location": "/VGMV/01_BaiGiang/HocTheoChuDe/13-NenTangMoiLienHeHonNhan",
  "isVideo": true,
  "url": "01-bai-giang.hoc-theo-chu-de.13-nen-tang-moi-lien-he-hon-nhan",
  "name": "13-Nền Tảng Mối Liên Hệ Hôn Nhân",
  "count": 4,
  "isLeaf": true,
  "keyword": null,
  "hash": null,
  "khash": null,
  "viewCount": null,
  "duration": null,
  "size": null,
  "children": [
    {
      "id": "3c245567-d41e-45ff-beba-8cb332d550eb",
      "pid": "7c668b85-d67f-48b2-840a-84011c89722a",
      "dblevel": 5,
      "location": "/VGMV/01_BaiGiang/HocTheoChuDe/13-NenTangMoiLienHeHonNhan/NenTangMoiLienHeHonNhan-1",
      "isVideo": true,
      "url": "01-bai-giang.hoc-theo-chu-de.13-nen-tang-moi-lien-he-hon-nhan.nen-tang-moi-lien-he-hon-nhan-1",
      "name": "Nền Tảng Mối Liên Hệ Hôn Nhân-1",
      "count": 0,
      "isLeaf": null,
      "keyword": null,
      "hash": "U2FsdGVkX1+ZQ7LmhCtlRBQNHqEQThgCju2+wOSoNDF2px19zA696jIzLISzH1nGurluKc8oqFk7dsGdjh/pYw==",
      "khash": "U2FsdGVkX1+jYKx6xJF0AILjt+R6fbOPBPRnhOF7X7l+xfzUuOS4tRuKuOLUZpOTqiXnJkv1B+iJ+b3JUXep0A==",
      "viewCount": null,
      "duration": "23:55",
      "size": 238868639
    },
    {
      "id": "142757c5-08b6-4cff-8df7-5a03128cc631",
      "pid": "7c668b85-d67f-48b2-840a-84011c89722a",
      "dblevel": 5,
      "location": "/VGMV/01_BaiGiang/HocTheoChuDe/13-NenTangMoiLienHeHonNhan/NenTangMoiLienHeHonNhan-2",
      "isVideo": true,
      "url": "01-bai-giang.hoc-theo-chu-de.13-nen-tang-moi-lien-he-hon-nhan.nen-tang-moi-lien-he-hon-nhan-2",
      "name": "Nền Tảng Mối Liên Hệ Hôn Nhân-2",
      "count": 0,
      "isLeaf": null,
      "keyword": null,
      "hash": "U2FsdGVkX19Af9Snf3wCRknopzUHMqsycK2b35NAJi6QS+/Ek9E9H2JgQBTN4NrGZrv+beZsWC5/g/ePZCAYKg==",
      "khash": "U2FsdGVkX19zwjVhryTT07OhHdFYc5Jkw0YmRxkZzz8jGUX1ZmM0FkfxD3MHXY6O2mP8OIqLrQCtgcJGzS/z3w==",
      "viewCount": null,
      "duration": "54:4",
      "size": 540000016
    },
    {
      "id": "e622ac9e-e9fb-4b51-9615-2c3171419a4c",
      "pid": "7c668b85-d67f-48b2-840a-84011c89722a",
      "dblevel": 5,
      "location": "/VGMV/01_BaiGiang/HocTheoChuDe/13-NenTangMoiLienHeHonNhan/NenTangMoiLienHeHonNhan-3",
      "isVideo": true,
      "url": "01-bai-giang.hoc-theo-chu-de.13-nen-tang-moi-lien-he-hon-nhan.nen-tang-moi-lien-he-hon-nhan-3",
      "name": "Nền Tảng Mối Liên Hệ Hôn Nhân-3",
      "count": 0,
      "isLeaf": null,
      "keyword": null,
      "hash": "U2FsdGVkX1/UsGRrdQZUB0RkaCCl04O80ntGF4Tk3w22dw55EzCKf5yAX/xFl2o2dFh8w/tnn2L6Q67gj3/Gyw==",
      "khash": "U2FsdGVkX1+bJ+tuMf+laWiqW+8sMGNOS38PfSEvOfxUZ5vIIRjRW/GcjMR27f2p5ePBOqJo64vX9a197PKJgQ==",
      "viewCount": null,
      "duration": "40:17",
      "size": 400933360
    },
    {
      "id": "3c597233-27b4-4575-aea5-051eb538b5c5",
      "pid": "7c668b85-d67f-48b2-840a-84011c89722a",
      "dblevel": 5,
      "location": "/VGMV/01_BaiGiang/HocTheoChuDe/13-NenTangMoiLienHeHonNhan/NenTangMoiLienHeHonNhan-4",
      "isVideo": true,
      "url": "01-bai-giang.hoc-theo-chu-de.13-nen-tang-moi-lien-he-hon-nhan.nen-tang-moi-lien-he-hon-nhan-4",
      "name": "Nền Tảng Mối Liên Hệ Hôn Nhân-4",
      "count": 0,
      "isLeaf": null,
      "keyword": null,
      "hash": "U2FsdGVkX1/UkXvco5uTbqdnDuXyxzRcP1gsT89ydWv6A96W7fL6r9lrEpJdXR93cuWDHRmWZh2s1mOqffprAA==",
      "khash": "U2FsdGVkX18kMqAmZbb88Tmr0fvIh11ygn+8PNEkCfQZN5mLL6fWH8nDoALztMTCiDrcVXaD47sX1uJoZJFUbg==",
      "viewCount": null,
      "duration": "43:33",
      "size": 433576887
    }
  ]
}