{
  "id": "08db2a24-e7b8-4185-a3f9-341fddd91fed",
  "pid": "898cfb55-51f0-4444-aebd-db94d9c550d8",
  "dblevel": 4,
  "location": "/VGMV/01_BaiGiang/MucsuNguyenThi/Nam2011",
  "isVideo": true,
  "url": "01-bai-giang.muc-su-nguyen-thi.nam-2011",
  "name": "Năm 2011",
  "count": 52,
  "isLeaf": true,
  "keyword": null,
  "hash": null,
  "khash": null,
  "viewCount": null,
  "duration": null,
  "size": null,
  "children": [
    {
      "id": "9863a7a4-b260-4939-bf22-d46fca691839",
      "pid": "08db2a24-e7b8-4185-a3f9-341fddd91fed",
      "dblevel": 5,
      "location": "/VGMV/01_BaiGiang/MucsuNguyenThi/Nam2011/01022011HoiThanhSongmanhITe010210",
      "isVideo": true,
      "url": "01-bai-giang.muc-su-nguyen-thi.nam-2011.01022011-hoi-thanh-song-manh-ite010210",
      "name": "01022011 Hội Thánh Sống mạnh ITe010210",
      "count": 0,
      "isLeaf": null,
      "keyword": null,
      "hash": "",
      "khash": "U2FsdGVkX1++nI2sVoEmdnwzo+k+L3l4/O4eoNyUDIAC94Ix2NnL7p7jtxLgOgk/XzgYW/PD9mju8xEG21yhnA==",
      "viewCount": null,
      "duration": "43:14",
      "size": 592388799
    },
    {
      "id": "f308b8e5-5316-4bfb-b643-d347086dc342",
      "pid": "08db2a24-e7b8-4185-a3f9-341fddd91fed",
      "dblevel": 5,
      "location": "/VGMV/01_BaiGiang/MucsuNguyenThi/Nam2011/01092011ManhMeBuocVaoThapNienMoiGios010118",
      "isVideo": true,
      "url": "01-bai-giang.muc-su-nguyen-thi.nam-2011.01092011-manh-me-buoc-vao-thap-nien-moi-gios010118",
      "name": "01092011 Mạnh Mẽ Bước Vào Thập Niên Mới Gios010118",
      "count": 0,
      "isLeaf": null,
      "keyword": null,
      "hash": "",
      "khash": "U2FsdGVkX1/pVGmrrZFSW8b4/BEr10RtFJT8MPYEmC4SpNfnaV13JexvbnnhOp+6EvTIW8VtKkl5aRUbBYxRXg==",
      "viewCount": null,
      "duration": "38:47",
      "size": 488944225
    },
    {
      "id": "cbbddbc1-d616-4533-b5ea-6de24c3a5016",
      "pid": "08db2a24-e7b8-4185-a3f9-341fddd91fed",
      "dblevel": 5,
      "location": "/VGMV/01_BaiGiang/MucsuNguyenThi/Nam2011/01162011BonTamLongMat130123",
      "isVideo": true,
      "url": "01-bai-giang.muc-su-nguyen-thi.nam-2011.01162011-bon-tam-long-mat130123",
      "name": "01162011 Bốn Tấm Lòng Mat130123",
      "count": 0,
      "isLeaf": null,
      "keyword": null,
      "hash": "",
      "khash": "U2FsdGVkX1+hrx9vzXh1XJymeWUiobB+Ju2mUmFN1bwAZDLqvVDtqJiynkRvUn93QLzDGl89KGy40GiPkVsySg==",
      "viewCount": null,
      "duration": "34:46",
      "size": 474844781
    },
    {
      "id": "07994052-bf53-4ddb-a05f-6bc3f9778446",
      "pid": "08db2a24-e7b8-4185-a3f9-341fddd91fed",
      "dblevel": 5,
      "location": "/VGMV/01_BaiGiang/MucsuNguyenThi/Nam2011/01232011MuaGatMat132443",
      "isVideo": true,
      "url": "01-bai-giang.muc-su-nguyen-thi.nam-2011.01232011-mua-gat-mat132443",
      "name": "01232011 Mùa Gặt Mat132443",
      "count": 0,
      "isLeaf": null,
      "keyword": null,
      "hash": "",
      "khash": "U2FsdGVkX1/WGzTWuj3lXDckbJVPvNGwONsDxMEI/+ehUrJ+xCBPAIdFXoPY9cg7nUQpB5yNc5Bt3NuJ2GPy6A==",
      "viewCount": null,
      "duration": "36:37",
      "size": 531356739
    },
    {
      "id": "be8b765a-2787-4c6e-9325-9165f88d1bfe",
      "pid": "08db2a24-e7b8-4185-a3f9-341fddd91fed",
      "dblevel": 5,
      "location": "/VGMV/01_BaiGiang/MucsuNguyenThi/Nam2011/01302011QuiNhatTrenDoiMat134446",
      "isVideo": true,
      "url": "01-bai-giang.muc-su-nguyen-thi.nam-2011.01302011-qui-nhat-tren-doi-mat134446",
      "name": "01302011 Qúi Nhất Trên Đời Mat134446",
      "count": 0,
      "isLeaf": null,
      "keyword": null,
      "hash": "",
      "khash": "U2FsdGVkX19mZKmldBiqcsU7mWghFuG2DmR7qqs1cJJuSJTJ0UlTViV/yecvBJ7xtzqvxmcgS3qU/6hk0Z6RRw==",
      "viewCount": null,
      "duration": "32:55",
      "size": 473975788
    },
    {
      "id": "5bc6303a-116a-4507-9a3e-418e6870da96",
      "pid": "08db2a24-e7b8-4185-a3f9-341fddd91fed",
      "dblevel": 5,
      "location": "/VGMV/01_BaiGiang/MucsuNguyenThi/Nam2011/02062011NguPhucLamMonCh030110",
      "isVideo": true,
      "url": "01-bai-giang.muc-su-nguyen-thi.nam-2011.02062011-ngu-phuc-lam-mon-ch030110",
      "name": "02062011 Ngũ Phúc Lâm Môn Ch030110",
      "count": 0,
      "isLeaf": null,
      "keyword": null,
      "hash": "",
      "khash": "U2FsdGVkX19x1nnrEVl//twcAcQTH2ttzyXvm65rWrqsWXcdOO/nWsmv7AjkXzW5tb4iJk232t8oGylM8JqHcg==",
      "viewCount": null,
      "duration": "34:11",
      "size": 494017456
    },
    {
      "id": "5b2c1d02-7406-4573-b23e-89a4fa9efe0b",
      "pid": "08db2a24-e7b8-4185-a3f9-341fddd91fed",
      "dblevel": 5,
      "location": "/VGMV/01_BaiGiang/MucsuNguyenThi/Nam2011/02132011YeuNguoiLanCanLu102537",
      "isVideo": true,
      "url": "01-bai-giang.muc-su-nguyen-thi.nam-2011.02132011-yeu-nguoi-lan-can-lu102537",
      "name": "02132011 Yêu Người Lân Cận Lu102537",
      "count": 0,
      "isLeaf": null,
      "keyword": null,
      "hash": "",
      "khash": "U2FsdGVkX19u/NVH7pl2lhTCmFPOT9YoGqaiJ2elG33QTqoHKO2gKlLbC/dEuHcQ7nqR4SJfmnBInAuD0qhfbQ==",
      "viewCount": null,
      "duration": "35:17",
      "size": 510479308
    },
    {
      "id": "5e5fdbb1-0fb6-4c95-8a7b-6666631b34f2",
      "pid": "08db2a24-e7b8-4185-a3f9-341fddd91fed",
      "dblevel": 5,
      "location": "/VGMV/01_BaiGiang/MucsuNguyenThi/Nam2011/02202011TienBacVaDoiSongLu121321",
      "isVideo": true,
      "url": "01-bai-giang.muc-su-nguyen-thi.nam-2011.02202011-tien-bac-va-doi-song-lu121321",
      "name": "02202011 Tiền Bạc Và Đời Sống Lu121321",
      "count": 0,
      "isLeaf": null,
      "keyword": null,
      "hash": "",
      "khash": "U2FsdGVkX19n3sZCirPgV4STe5aKMdsDLPSY1MTt0QxPbG4R5aavqhGIX2MAJmDOrZ3U/3301oVETLRAsnvQ6A==",
      "viewCount": null,
      "duration": "41:41",
      "size": 597870690
    },
    {
      "id": "56d31b7a-45bc-4e87-aa8f-415c11b0440a",
      "pid": "08db2a24-e7b8-4185-a3f9-341fddd91fed",
      "dblevel": 5,
      "location": "/VGMV/01_BaiGiang/MucsuNguyenThi/Nam2011/02272011KhiNaoChuaDenLu123548",
      "isVideo": true,
      "url": "01-bai-giang.muc-su-nguyen-thi.nam-2011.02272011-khi-nao-chua-den-lu123548",
      "name": "02272011 Khi Nào Chúa Đến Lu123548",
      "count": 0,
      "isLeaf": null,
      "keyword": null,
      "hash": "",
      "khash": "U2FsdGVkX1/qyJE7wh+a4IDV+hkZesueoTN95ryrrX1km48/EgE/v/vm27s4NltKAcK/5+5aMGnEbY9ZAWpD+Q==",
      "viewCount": null,
      "duration": "37:34",
      "size": 543031210
    },
    {
      "id": "411aebb3-e61c-4f45-9c02-b808664d09ad",
      "pid": "08db2a24-e7b8-4185-a3f9-341fddd91fed",
      "dblevel": 5,
      "location": "/VGMV/01_BaiGiang/MucsuNguyenThi/Nam2011/03062011XinPhucDapLu141524",
      "isVideo": true,
      "url": "01-bai-giang.muc-su-nguyen-thi.nam-2011.03062011-xin-phuc-dap-lu141524",
      "name": "03062011 Xin Phúc Đáp Lu141524",
      "count": 0,
      "isLeaf": null,
      "keyword": null,
      "hash": "",
      "khash": "U2FsdGVkX19ZqjwYB/AYfShAQ5FGc4ntolk32JN9WwGXH9j7P4OOCgoe/J9EdDQBKVFGktStyfPyvgKrQAtxHw==",
      "viewCount": null,
      "duration": "32:4",
      "size": 464115783
    },
    {
      "id": "35fb29d0-26da-4bd0-89b6-c185f57f2a11",
      "pid": "08db2a24-e7b8-4185-a3f9-341fddd91fed",
      "dblevel": 5,
      "location": "/VGMV/01_BaiGiang/MucsuNguyenThi/Nam2011/03132011MotDoiSongPhuocHanhRo080130",
      "isVideo": true,
      "url": "01-bai-giang.muc-su-nguyen-thi.nam-2011.03132011-mot-doi-song-phuoc-hanh-ro080130",
      "name": "03132011 Một Đời Sống Phước Hạnh Ro080130",
      "count": 0,
      "isLeaf": null,
      "keyword": null,
      "hash": "",
      "khash": "U2FsdGVkX19hqMlZwFXs2GvoHIpsGiBYptxhyjCUVF1tt1cErSThVCjK52IzicDJRSNAZfkoZLeKP4+PIE9Khg==",
      "viewCount": null,
      "duration": "29:7",
      "size": 421363412
    },
    {
      "id": "140646a2-a43b-491b-9802-b3da25f33632",
      "pid": "08db2a24-e7b8-4185-a3f9-341fddd91fed",
      "dblevel": 5,
      "location": "/VGMV/01_BaiGiang/MucsuNguyenThi/Nam2011/03202011TuongDaMatLu150132",
      "isVideo": true,
      "url": "01-bai-giang.muc-su-nguyen-thi.nam-2011.03202011-tuong-da-mat-lu150132",
      "name": "03202011 Tưởng Đã Mất Lu150132",
      "count": 0,
      "isLeaf": null,
      "keyword": null,
      "hash": "",
      "khash": "U2FsdGVkX18dj1F6C/ESRuu8BuUJyIv1KpPOqzRKNeyzBadF001bz59q99Rm8FwUfMn8E1DW+57U3IeXyGp0iw==",
      "viewCount": null,
      "duration": "37:3",
      "size": 534370757
    },
    {
      "id": "bba5d7aa-8412-40c2-a2ce-fb937534461c",
      "pid": "08db2a24-e7b8-4185-a3f9-341fddd91fed",
      "dblevel": 5,
      "location": "/VGMV/01_BaiGiang/MucsuNguyenThi/Nam2011/03272011NguoiQuanGiaLu160113",
      "isVideo": true,
      "url": "01-bai-giang.muc-su-nguyen-thi.nam-2011.03272011-nguoi-quan-gia-lu160113",
      "name": "03272011 Người Quản Gia Lu160113",
      "count": 0,
      "isLeaf": null,
      "keyword": null,
      "hash": "",
      "khash": "U2FsdGVkX1+z4Ocyly28WJDD3EsagbAcdB28eIoRMUHYDZTEQJ1LNqpjIdkCrvX2E7IwaXULdjeIz8RBFDCiKQ==",
      "viewCount": null,
      "duration": "38:2",
      "size": 546847642
    },
    {
      "id": "efc0cbc4-b06f-4719-af0a-667ef7464b22",
      "pid": "08db2a24-e7b8-4185-a3f9-341fddd91fed",
      "dblevel": 5,
      "location": "/VGMV/01_BaiGiang/MucsuNguyenThi/Nam2011/04032011NenBacChuaGiaoLu191128",
      "isVideo": true,
      "url": "01-bai-giang.muc-su-nguyen-thi.nam-2011.04032011-nen-bac-chua-giao-lu191128",
      "name": "04032011 Nén Bạc Chúa Giao Lu191128",
      "count": 0,
      "isLeaf": null,
      "keyword": null,
      "hash": "",
      "khash": "U2FsdGVkX19E/N+F8EK13ir098p8ve/PVKWLdQwszBjAgS1jMM3G7TukQ9aOpQLRqCU8ChAYyBSf7T4+b4+vSw==",
      "viewCount": null,
      "duration": "34:30",
      "size": 498394252
    },
    {
      "id": "7105a82b-8873-4746-bf1b-b55f7d17e7f8",
      "pid": "08db2a24-e7b8-4185-a3f9-341fddd91fed",
      "dblevel": 5,
      "location": "/VGMV/01_BaiGiang/MucsuNguyenThi/Nam2011/04120011PhoTuongVaLoLuaDa03",
      "isVideo": true,
      "url": "01-bai-giang.muc-su-nguyen-thi.nam-2011.04120011-pho-tuong-va-lo-lua-da03",
      "name": "04120011 Pho Tượng Và Lò Lửa Da03",
      "count": 0,
      "isLeaf": null,
      "keyword": null,
      "hash": "",
      "khash": "U2FsdGVkX19I/S8/jn7g6tSNTp73vkS0cu4vBp0ob25XBNCMo6L6N6nzolnM9LZFDzUeqMqAH/8bub+L2yQtlA==",
      "viewCount": null,
      "duration": "39:30",
      "size": 572128082
    },
    {
      "id": "d6c115b6-c105-48a0-8662-10650b196981",
      "pid": "08db2a24-e7b8-4185-a3f9-341fddd91fed",
      "dblevel": 5,
      "location": "/VGMV/01_BaiGiang/MucsuNguyenThi/Nam2011/04172011NghenhDonVuaHoaBinhLu192944",
      "isVideo": true,
      "url": "01-bai-giang.muc-su-nguyen-thi.nam-2011.04172011-nghenh-don-vua-hoa-binh-lu192944",
      "name": "04172011 Nghênh Đón Vua Hòa Bình Lu192944",
      "count": 0,
      "isLeaf": null,
      "keyword": null,
      "hash": "",
      "khash": "U2FsdGVkX1/QA+tyFYeeu75JJ+5VIY7mdS/+28wtN0ZEgjRsfTQdWPY5rUx5m6fJ+8dSHYBQR6S9jDr+tAaY+Q==",
      "viewCount": null,
      "duration": "36:6",
      "size": 522338674
    },
    {
      "id": "654c2c68-b108-4502-af6d-7d79cfdb0ddb",
      "pid": "08db2a24-e7b8-4185-a3f9-341fddd91fed",
      "dblevel": 5,
      "location": "/VGMV/01_BaiGiang/MucsuNguyenThi/Nam2011/04222011TKBayLoiCuoiCuaChuaGie-xu",
      "isVideo": true,
      "url": "01-bai-giang.muc-su-nguyen-thi.nam-2011.04222011tk-bay-loi-cuoi-cua-chua-gie-xu",
      "name": "04222011TK Bảy Lời Cuối Của Chúa Giê-xu",
      "count": 0,
      "isLeaf": null,
      "keyword": null,
      "hash": "",
      "khash": "U2FsdGVkX1/6V7bqkJXS0gj+pO2WuocOK7BbUcCRRHf0TlK+G840pRlpJ5spDOf5zMnOqcUYSdkN3m+0FEZRUg==",
      "viewCount": null,
      "duration": "24:57",
      "size": 361519311
    },
    {
      "id": "f38d655e-d8ff-49a6-9b9f-c2ed6c1625bf",
      "pid": "08db2a24-e7b8-4185-a3f9-341fddd91fed",
      "dblevel": 5,
      "location": "/VGMV/01_BaiGiang/MucsuNguyenThi/Nam2011/05012011DuocPhuocQuaThucHanhLoiChuaGia011927",
      "isVideo": true,
      "url": "01-bai-giang.muc-su-nguyen-thi.nam-2011.05012011-duoc-phuoc-qua-thuc-hanh-loi-chua-gia011927",
      "name": "05012011 Được Phước Qua Thực Hành Lời Chúa Gia011927",
      "count": 0,
      "isLeaf": null,
      "keyword": null,
      "hash": "",
      "khash": "U2FsdGVkX1/WgtGMXMSjDv/ovQG2cB7iTbRgEw2vtC5mGgNNa14w/mm+tjf4vWfHAMMhLdV+uhomrYujXlOpTg==",
      "viewCount": null,
      "duration": "36:38",
      "size": 530311437
    },
    {
      "id": "0485f45b-31b2-4c59-a0b9-92f7d0aa6ae4",
      "pid": "08db2a24-e7b8-4185-a3f9-341fddd91fed",
      "dblevel": 5,
      "location": "/VGMV/01_BaiGiang/MucsuNguyenThi/Nam2011/05082011GiaDinhGuongMauCh311031",
      "isVideo": true,
      "url": "01-bai-giang.muc-su-nguyen-thi.nam-2011.05082011-gia-dinh-guong-mau-ch311031",
      "name": "05082011 Gia Đình Gương Mẫu Ch311031",
      "count": 0,
      "isLeaf": null,
      "keyword": null,
      "hash": "",
      "khash": "U2FsdGVkX19XSWmyPCGgGoRhJiKWgP9jqcjJZCqfinsEyVt/g9pT/Bqbqkb4GMeuXhsYAVV9iTegBUFq/luVVA==",
      "viewCount": null,
      "duration": "37:38",
      "size": 545614449
    },
    {
      "id": "7b99495e-be0e-4ad3-a571-246d551f1b20",
      "pid": "08db2a24-e7b8-4185-a3f9-341fddd91fed",
      "dblevel": 5,
      "location": "/VGMV/01_BaiGiang/MucsuNguyenThi/Nam2011/05152011NguoiVuaLongDucChuaTroiISa160123",
      "isVideo": true,
      "url": "01-bai-giang.muc-su-nguyen-thi.nam-2011.05152011-nguoi-vua-long-duc-chua-troi-isa160123",
      "name": "05152011 Người Vừa Lòng Đức Chúa Trời ISa160123",
      "count": 0,
      "isLeaf": null,
      "keyword": null,
      "hash": "",
      "khash": "U2FsdGVkX18M522wDOjVX/WiFAO6s9i9RxrVhpVCAd/8OsQoXvS0GHKcgN4LLQrCPZhkAWJiRCk6ZkT4JsF4Jw==",
      "viewCount": null,
      "duration": "32:39",
      "size": 473865946
    },
    {
      "id": "089a2990-ac8d-4082-8e06-cda40c2aea1d",
      "pid": "08db2a24-e7b8-4185-a3f9-341fddd91fed",
      "dblevel": 5,
      "location": "/VGMV/01_BaiGiang/MucsuNguyenThi/Nam2011/05222011NguoiChienThangISa17",
      "isVideo": true,
      "url": "01-bai-giang.muc-su-nguyen-thi.nam-2011.05222011-nguoi-chien-thang-isa17",
      "name": "05222011 Người Chiến Thắng ISa17",
      "count": 0,
      "isLeaf": null,
      "keyword": null,
      "hash": "",
      "khash": "U2FsdGVkX19P5VOYlFrud4YjVoEc9W2AUX4mHFc0q4zGInzxNi8QHTcu9S2t48de0njwW+FLXTX4yp4LDv0q2g==",
      "viewCount": null,
      "duration": "34:0",
      "size": 493912240
    },
    {
      "id": "75eb484f-763f-4a92-b093-eafa975ebc52",
      "pid": "08db2a24-e7b8-4185-a3f9-341fddd91fed",
      "dblevel": 5,
      "location": "",
      "isVideo": true,
      "url": "01-bai-giang.muc-su-nguyen-thi.nam-2011.05292011-an-tu-thuoc-linh-la-gi-ico12",
      "name": "05292011 Ân Tứ Thuộc Linh Là Gì ICo12",
      "count": 0,
      "isLeaf": null,
      "keyword": null,
      "hash": null,
      "khash": null,
      "viewCount": null,
      "duration": "41:48",
      "size": 606112609
    },
    {
      "id": "ffe94d3c-fa4b-4ac4-a163-72ad0afd02fe",
      "pid": "08db2a24-e7b8-4185-a3f9-341fddd91fed",
      "dblevel": 5,
      "location": "/VGMV/01_BaiGiang/MucsuNguyenThi/Nam2011/05292011AnTuThuocLinhLaGiICo12",
      "isVideo": true,
      "url": "01-bai-giang.muc-su-nguyen-thi.nam-2011.05292011-an-tu-thuoc-linh-la-gi-ico12-",
      "name": "05292011 Ân Tứ Thuộc Linh Là Gì ICo12 ",
      "count": 0,
      "isLeaf": null,
      "keyword": null,
      "hash": "",
      "khash": "U2FsdGVkX1/6hYQiToC6dqGLsUAQNpZjNkSxdSyz3hFm4nU2wsTVtGCAkCIFMGEp1Y4Zmtb/gRg/I1p8ktLIcA==",
      "viewCount": null,
      "duration": "41:48",
      "size": 606112609
    },
    {
      "id": "16b9053e-bbe4-409f-8224-cf1cce35fb51",
      "pid": "08db2a24-e7b8-4185-a3f9-341fddd91fed",
      "dblevel": 5,
      "location": "/VGMV/01_BaiGiang/MucsuNguyenThi/Nam2011/06052011NguoiBanChanTinhISa18-20",
      "isVideo": true,
      "url": "01-bai-giang.muc-su-nguyen-thi.nam-2011.06052011-nguoi-ban-chan-tinh-isa18-20",
      "name": "06052011 Người Bạn Chân Tình ISa18-20",
      "count": 0,
      "isLeaf": null,
      "keyword": null,
      "hash": "",
      "khash": "U2FsdGVkX18HkAbO0aGf7hyGXDRvKxYhv8366mA5hTIHu5htzjfBka+afYIgySIU7Ojrhyp4BOluJ5oTOSrUsg==",
      "viewCount": null,
      "duration": "36:32",
      "size": 530138559
    },
    {
      "id": "2ad94a85-4117-4610-8437-1fee47894b1b",
      "pid": "08db2a24-e7b8-4185-a3f9-341fddd91fed",
      "dblevel": 5,
      "location": "/VGMV/01_BaiGiang/MucsuNguyenThi/Nam2011/06122011NguoiBiSanDuoiISa18-26Thi18",
      "isVideo": true,
      "url": "01-bai-giang.muc-su-nguyen-thi.nam-2011.06122011-nguoi-bi-san-duoi-isa18-26thi18",
      "name": "06122011 Người Bị Săn Đuổi ISa18-26Thi18",
      "count": 0,
      "isLeaf": null,
      "keyword": null,
      "hash": "",
      "khash": "U2FsdGVkX18cfUHSv/bee4TDxkUpGH7qh+arqq99LxjSSuzR+s/C25Cp/PGdU1VBD2YQk8eEXYvrTiBiWsXhDA==",
      "viewCount": null,
      "duration": "36:32",
      "size": 530139561
    },
    {
      "id": "8e3f7bfe-082d-485e-bbe8-543d4a642607",
      "pid": "08db2a24-e7b8-4185-a3f9-341fddd91fed",
      "dblevel": 5,
      "location": "/VGMV/01_BaiGiang/MucsuNguyenThi/Nam2011/06192011FDMotNguoiChaGuongMauGiop0101051322",
      "isVideo": true,
      "url": "01-bai-giang.muc-su-nguyen-thi.nam-2011.06192011fd-mot-nguoi-cha-guong-mau-giop0101051322",
      "name": "06192011FD Một Người Cha Gương Mẫu Giop0101051322",
      "count": 0,
      "isLeaf": null,
      "keyword": null,
      "hash": "",
      "khash": "U2FsdGVkX1/uacSjRPHm/0MKTF0lCW3dWQp5qiWM52EPf/Rk3yqx00X57ZqM6tOJePho6xagm+ZTeVuDGhIHIQ==",
      "viewCount": null,
      "duration": "34:10",
      "size": 495896343
    },
    {
      "id": "092df6f9-a4e4-4284-95b6-32fbae7ec73a",
      "pid": "08db2a24-e7b8-4185-a3f9-341fddd91fed",
      "dblevel": 5,
      "location": "/VGMV/01_BaiGiang/MucsuNguyenThi/Nam2011/06262011NguoiCoLongAnNanThongHoiIISa11-18Thi51",
      "isVideo": true,
      "url": "01-bai-giang.muc-su-nguyen-thi.nam-2011.06262011-nguoi-co-long-an-nan-thong-hoi-iisa11-18thi51",
      "name": "06262011 Người Có Lòng Ăn Năn Thống Hối IISa11-18Thi51",
      "count": 0,
      "isLeaf": null,
      "keyword": null,
      "hash": "",
      "khash": "U2FsdGVkX19Z7CEyApb3k3QCIis2K3PFb7HHTibGKjpSFPnGonJ6FQJKZ9arMRksmwVyB1OX3cvyaauWdYra7g==",
      "viewCount": null,
      "duration": "35:41",
      "size": 518609850
    },
    {
      "id": "b2a731a0-53a4-4bae-b801-b403af0689fc",
      "pid": "08db2a24-e7b8-4185-a3f9-341fddd91fed",
      "dblevel": 5,
      "location": "/VGMV/01_BaiGiang/MucsuNguyenThi/Nam2011/07102011HoiThanhThoPhuongRo12",
      "isVideo": true,
      "url": "01-bai-giang.muc-su-nguyen-thi.nam-2011.07102011-hoi-thanh-tho-phuong-ro12",
      "name": "07102011 Hội Thánh Thờ Phượng Ro12",
      "count": 0,
      "isLeaf": null,
      "keyword": null,
      "hash": "",
      "khash": "U2FsdGVkX1/fPho1k/+LtcEbPM6HSKIa6ei1TbCzkcuSPu1SYKFR3SXjNxVeRu+J0eGwizv9hLrPE2L0TaIHgQ==",
      "viewCount": null,
      "duration": "33:59",
      "size": 493371853
    },
    {
      "id": "45e31a8f-4eda-4390-9a05-90c7d87098f2",
      "pid": "08db2a24-e7b8-4185-a3f9-341fddd91fed",
      "dblevel": 5,
      "location": "/VGMV/01_BaiGiang/MucsuNguyenThi/Nam2011/07242011HoiThanhBuocTheoThanhLinhGa051326",
      "isVideo": true,
      "url": "01-bai-giang.muc-su-nguyen-thi.nam-2011.07242011-hoi-thanh-buoc-theo-thanh-linh-ga051326",
      "name": "07242011 Hội Thánh Bước Theo Thánh Linh Ga051326",
      "count": 0,
      "isLeaf": null,
      "keyword": null,
      "hash": "",
      "khash": "U2FsdGVkX19p69OPc//uedKVx98VswVIzqRRG2REouwFMsq0Bfwu3y76j6Si0NVicpUaRwKzDhK3+aIwo+pGvA==",
      "viewCount": null,
      "duration": "35:46",
      "size": 520091018
    },
    {
      "id": "91003ce3-8748-4a3b-bcfb-f4448aedc9ea",
      "pid": "08db2a24-e7b8-4185-a3f9-341fddd91fed",
      "dblevel": 5,
      "location": "/VGMV/01_BaiGiang/MucsuNguyenThi/Nam2011/07312011HoiThanhHiepMotEp040116",
      "isVideo": true,
      "url": "01-bai-giang.muc-su-nguyen-thi.nam-2011.07312011-hoi-thanh-hiep-mot-ep040116",
      "name": "07312011 Hội Thánh Hiệp Một Ep040116",
      "count": 0,
      "isLeaf": null,
      "keyword": null,
      "hash": "",
      "khash": "U2FsdGVkX1/SCM8tHUX7oomvg7begDKUEN7cvNYjmlDLWW42wuYKwK2Teu6qHtA8MDH15xGlrs8M/zfiZ40Fzg==",
      "viewCount": null,
      "duration": "39:39",
      "size": 575193161
    },
    {
      "id": "b8869795-5aa6-406f-b250-9d37b79c7408",
      "pid": "08db2a24-e7b8-4185-a3f9-341fddd91fed",
      "dblevel": 5,
      "location": "/VGMV/01_BaiGiang/MucsuNguyenThi/Nam2011/08072011MotHoiThanhChuaThuongKh020107",
      "isVideo": true,
      "url": "01-bai-giang.muc-su-nguyen-thi.nam-2011.08072011-mot-hoi-thanh-chua-thuong-kh020107",
      "name": "08072011 Một Hội Thánh Chúa Thương Kh020107",
      "count": 0,
      "isLeaf": null,
      "keyword": null,
      "hash": "",
      "khash": "U2FsdGVkX1/VexCIiH2EdVv2aVM4P2hDWzKdHvD5OuD6jnTcmzO73nmhNZUHYLkOddIL29U+lVgjePFNRo5uRg==",
      "viewCount": null,
      "duration": "40:29",
      "size": 585732306
    },
    {
      "id": "3878b86f-f0dd-4bdf-b7eb-d20856796be3",
      "pid": "08db2a24-e7b8-4185-a3f9-341fddd91fed",
      "dblevel": 5,
      "location": "/VGMV/01_BaiGiang/MucsuNguyenThi/Nam2011/08142011DiTrongSuSangIGi010510",
      "isVideo": true,
      "url": "01-bai-giang.muc-su-nguyen-thi.nam-2011.08142011-di-trong-su-sang-igi010510",
      "name": "08142011 Đi Trong Sự Sáng IGi010510",
      "count": 0,
      "isLeaf": null,
      "keyword": null,
      "hash": "",
      "khash": "U2FsdGVkX194f/FHdAgqJtg+QHR1vjPuPwjPrlPEE6Pu9gxzBeQx3Wav7ZubVZQXzf1TmH6iGWbYl7gDIxGdog==",
      "viewCount": null,
      "duration": "33:50",
      "size": 489651553
    },
    {
      "id": "7fbdb7fe-a30b-4ab1-95fc-13482e313606",
      "pid": "08db2a24-e7b8-4185-a3f9-341fddd91fed",
      "dblevel": 5,
      "location": "/VGMV/01_BaiGiang/MucsuNguyenThi/Nam2011/08212011NhungDieuChuaMuonCong024247",
      "isVideo": true,
      "url": "01-bai-giang.muc-su-nguyen-thi.nam-2011.08212011-nhung-dieu-chua-muon-cong024247",
      "name": "08212011 Những Điều Chúa Muốn Cong024247",
      "count": 0,
      "isLeaf": null,
      "keyword": null,
      "hash": "",
      "khash": "U2FsdGVkX185tcJNlYr42Z3mrpBESx4gEdo/mQgK81k3AfdfduS/SoEfvEa/vgUe0lQ0I/WDXyT8xwDTMMzssQ==",
      "viewCount": null,
      "duration": "40:42",
      "size": 589291788
    },
    {
      "id": "be617848-0fb7-4074-ac80-4aca6e090f9c",
      "pid": "08db2a24-e7b8-4185-a3f9-341fddd91fed",
      "dblevel": 5,
      "location": "/VGMV/01_BaiGiang/MucsuNguyenThi/Nam2011/08282011HoiThanhHocLoiChuaCong171012",
      "isVideo": true,
      "url": "01-bai-giang.muc-su-nguyen-thi.nam-2011.08282011-hoi-thanh-hoc-loi-chua-cong171012",
      "name": "08282011 Hội Thánh Học Lời Chúa Cong171012",
      "count": 0,
      "isLeaf": null,
      "keyword": null,
      "hash": "",
      "khash": "U2FsdGVkX198RjxHYppjYrCf/sTcaQJDauWv6iK/owufbID2Pi1JFfy5eV/vRbva4jVXv1Cqg2oPaN33pvuA8g==",
      "viewCount": null,
      "duration": "40:35",
      "size": 588561591
    },
    {
      "id": "bffc5c3e-eb9a-4ec9-b3a9-eef7a8d2b45b",
      "pid": "08db2a24-e7b8-4185-a3f9-341fddd91fed",
      "dblevel": 5,
      "location": "/VGMV/01_BaiGiang/MucsuNguyenThi/Nam2011/09042011HoiThanhVuiMungPhi040407",
      "isVideo": true,
      "url": "01-bai-giang.muc-su-nguyen-thi.nam-2011.09042011-hoi-thanh-vui-mung-phi040407",
      "name": "09042011 Hội Thánh Vui Mừng Phi040407",
      "count": 0,
      "isLeaf": null,
      "keyword": null,
      "hash": "",
      "khash": "U2FsdGVkX1+prU4/1trTf8quIG5fjCD9txXQeZjIShHpHYU3MqjkPoRc1GlyQN4iM0mBBm4zxi9tPHch8trhyA==",
      "viewCount": null,
      "duration": "30:46",
      "size": 445972706
    },
    {
      "id": "14450050-e3f0-4d37-b584-c6d0496a412d",
      "pid": "08db2a24-e7b8-4185-a3f9-341fddd91fed",
      "dblevel": 5,
      "location": "/VGMV/01_BaiGiang/MucsuNguyenThi/Nam2011/09112011HoiThanhSongLaiVoiDangChristCo030117",
      "isVideo": true,
      "url": "01-bai-giang.muc-su-nguyen-thi.nam-2011.09112011-hoi-thanh-song-lai-voi-dang-christ-co030117",
      "name": "09112011 Hội Thánh Sống Lại Với Đấng Christ Co030117",
      "count": 0,
      "isLeaf": null,
      "keyword": null,
      "hash": "",
      "khash": "U2FsdGVkX1+k+8uMpkd+7ix0U9jwP8g8gGu/p0dnveEzSCq5/GpBPyY3fFbXda/R5NqN9ObF/ysR2i+w0Ggwrw==",
      "viewCount": null,
      "duration": "37:53",
      "size": 548968911
    },
    {
      "id": "9f5880ee-eaec-42ad-8b88-865fc7dcf3c0",
      "pid": "08db2a24-e7b8-4185-a3f9-341fddd91fed",
      "dblevel": 5,
      "location": "/VGMV/01_BaiGiang/MucsuNguyenThi/Nam2011/09182011HoiThanhKieuMauITe010110",
      "isVideo": true,
      "url": "01-bai-giang.muc-su-nguyen-thi.nam-2011.09182011-hoi-thanh-kieu-mau-ite010110",
      "name": "09182011 Hội Thánh Kiểu Mẫu ITe010110",
      "count": 0,
      "isLeaf": null,
      "keyword": null,
      "hash": "",
      "khash": "U2FsdGVkX18XZcJcp5273aoSf4xMbhbs2T/oCiL0Izs9AEUiFppXenrO6M0diDPljifFXWS0qSc8BYn3EnkHtw==",
      "viewCount": null,
      "duration": "43:24",
      "size": 630905455
    },
    {
      "id": "92b0edd0-fa2a-4fdd-b182-f1346303e251",
      "pid": "08db2a24-e7b8-4185-a3f9-341fddd91fed",
      "dblevel": 5,
      "location": "/VGMV/01_BaiGiang/MucsuNguyenThi/Nam2011/09252011HoiThanhThaThuPhile",
      "isVideo": true,
      "url": "01-bai-giang.muc-su-nguyen-thi.nam-2011.09252011-hoi-thanh-tha-thu-phile",
      "name": "09252011 Hội Thánh Tha Thứ Phile",
      "count": 0,
      "isLeaf": null,
      "keyword": null,
      "hash": "",
      "khash": "U2FsdGVkX1/wOCH2ue2auASQF3PCuk7zMMXQ25GCsAtkWM4lDOTp7rPrf5qN3G+Ph5gLM03RY2ojmkmfw2FseQ==",
      "viewCount": null,
      "duration": "37:53",
      "size": 549197162
    },
    {
      "id": "053ace73-765b-4265-aaa6-85dba3be1251",
      "pid": "08db2a24-e7b8-4185-a3f9-341fddd91fed",
      "dblevel": 5,
      "location": "/VGMV/01_BaiGiang/MucsuNguyenThi/Nam2011/10022011DaoTaoMonDeMat281620",
      "isVideo": true,
      "url": "01-bai-giang.muc-su-nguyen-thi.nam-2011.10022011-dao-tao-mon-de-mat281620",
      "name": "10022011 Đào Tạo Môn Đệ Mat281620",
      "count": 0,
      "isLeaf": null,
      "keyword": null,
      "hash": "",
      "khash": "U2FsdGVkX18jF61zthjXZeJJBleSRl1J3+fcl1CweovbKIVq/2mmePhXjfcqK3b8yBHUwjAirAHlXdBkVVBCQQ==",
      "viewCount": null,
      "duration": "42:43",
      "size": 620069985
    },
    {
      "id": "612e5ec4-55a5-494d-9121-1974ab3778a7",
      "pid": "08db2a24-e7b8-4185-a3f9-341fddd91fed",
      "dblevel": 5,
      "location": "/VGMV/01_BaiGiang/MucsuNguyenThi/Nam2011/10092011KinhNghiemOnTaiSinhGi030121",
      "isVideo": true,
      "url": "01-bai-giang.muc-su-nguyen-thi.nam-2011.10092011-kinh-nghiem-on-tai-sinh-gi030121",
      "name": "10092011 Kinh Nghiệm Ơn Tái Sinh Gi030121",
      "count": 0,
      "isLeaf": null,
      "keyword": null,
      "hash": "",
      "khash": "U2FsdGVkX18jar5pV0ZCDQrKV5XoVWwANjPOXP9AoFMgEeeNpl/MhpIL7ePr9i4D6LW91Ft2o64oBxL86fFVxQ==",
      "viewCount": null,
      "duration": "41:50",
      "size": 554299684
    },
    {
      "id": "6d7891f5-11d4-4de8-9e1e-d9273e5ae253",
      "pid": "08db2a24-e7b8-4185-a3f9-341fddd91fed",
      "dblevel": 5,
      "location": "/VGMV/01_BaiGiang/MucsuNguyenThi/Nam2011/10162011KinhNghiemNuocHangSongGi040126",
      "isVideo": true,
      "url": "01-bai-giang.muc-su-nguyen-thi.nam-2011.10162011-kinh-nghiem-nuoc-hang-song-gi040126",
      "name": "10162011 Kinh Nghiệm Nước Hằng Sống Gi040126",
      "count": 0,
      "isLeaf": null,
      "keyword": null,
      "hash": "",
      "khash": "U2FsdGVkX18ObCViuTbjoFuB7TceopnbOby+tB2CHoHx3BJGzbvTMli8RZTPkP/3ngxObK7Eaqnl/BzC5uOxgQ==",
      "viewCount": null,
      "duration": "38:22",
      "size": 557070129
    },
    {
      "id": "2fd1de68-341b-4b14-a9a3-74af8d4e5de7",
      "pid": "08db2a24-e7b8-4185-a3f9-341fddd91fed",
      "dblevel": 5,
      "location": "/VGMV/01_BaiGiang/MucsuNguyenThi/Nam2011/10232011CongChinhHoaRo031926",
      "isVideo": true,
      "url": "01-bai-giang.muc-su-nguyen-thi.nam-2011.10232011-cong-chinh-hoa-ro031926",
      "name": "10232011 Công Chính Hóa Ro031926",
      "count": 0,
      "isLeaf": null,
      "keyword": null,
      "hash": "",
      "khash": "U2FsdGVkX198VEPIl9eYJbD6Y6oPlPKw+3yroFTj0ZlNIXbGYGaJw9m4pKLl2XEY1GX3XHvWAI9W/s+4UH3CQA==",
      "viewCount": null,
      "duration": "38:16",
      "size": 555176064
    },
    {
      "id": "c8e8683d-2411-4c60-8079-20f0450557b1",
      "pid": "08db2a24-e7b8-4185-a3f9-341fddd91fed",
      "dblevel": 5,
      "location": "/VGMV/01_BaiGiang/MucsuNguyenThi/Nam2011/10302011NguonPhuocKhiPhucVuCong060108",
      "isVideo": true,
      "url": "01-bai-giang.muc-su-nguyen-thi.nam-2011.10302011-nguon-phuoc-khi-phuc-vu-cong060108",
      "name": "10302011 Nguồn Phước Khi Phục Vụ Cong060108",
      "count": 0,
      "isLeaf": null,
      "keyword": null,
      "hash": "",
      "khash": "U2FsdGVkX19LpuQ54gQGMkyFS9Ydf3p6Y/SeZ3+q29iH4pTE56Q9hLSevx3hhTDrTzewH4xeGLMeT5d/JZEasg==",
      "viewCount": null,
      "duration": "32:0",
      "size": 463574000
    },
    {
      "id": "305387da-a568-492e-9317-e917f50ef38c",
      "pid": "08db2a24-e7b8-4185-a3f9-341fddd91fed",
      "dblevel": 5,
      "location": "/VGMV/01_BaiGiang/MucsuNguyenThi/Nam2011/11062011ToiCamTaChuaThi139",
      "isVideo": true,
      "url": "01-bai-giang.muc-su-nguyen-thi.nam-2011.11062011-toi-cam-ta-chua-thi139",
      "name": "11062011 Tôi Cảm Tạ Chúa Thi139",
      "count": 0,
      "isLeaf": null,
      "keyword": null,
      "hash": "",
      "khash": "U2FsdGVkX1/A3xj9woJdnuXvRHKNLhMQClF9T+W4n2AOaEUyluWILJV9apa4xyFsQy8UdtBqVw8qRz8zpBpfsQ==",
      "viewCount": null,
      "duration": "36:9",
      "size": 525153492
    },
    {
      "id": "5b5c05ae-64a6-4611-81b9-b6eb18a2be41",
      "pid": "08db2a24-e7b8-4185-a3f9-341fddd91fed",
      "dblevel": 5,
      "location": "/VGMV/01_BaiGiang/MucsuNguyenThi/Nam2011/11132011ToiSeTonCaoChuaThi145",
      "isVideo": true,
      "url": "01-bai-giang.muc-su-nguyen-thi.nam-2011.11132011-toi-se-ton-cao-chua-thi145",
      "name": "11132011 Tôi Sẽ Tôn Cao Chúa Thi145",
      "count": 0,
      "isLeaf": null,
      "keyword": null,
      "hash": "",
      "khash": "U2FsdGVkX18Nu/AVmH58cAKyWb1SUJ58RXXzSbEXB8FczEoQOUEHFa1PgKoO/46TJyb7QEYZRmXxwoVDd2MgNg==",
      "viewCount": null,
      "duration": "33:36",
      "size": 487642601
    },
    {
      "id": "6875d5fd-5f6e-445d-b7d3-a4f9349d4d87",
      "pid": "08db2a24-e7b8-4185-a3f9-341fddd91fed",
      "dblevel": 5,
      "location": "/VGMV/01_BaiGiang/MucsuNguyenThi/Nam2011/11202011TaOnChuaTrongGianNanPhi040408",
      "isVideo": true,
      "url": "01-bai-giang.muc-su-nguyen-thi.nam-2011.11202011-ta-on-chua-trong-gian-nan-phi040408",
      "name": "11202011 Tạ Ơn Chúa Trong Gian Nan Phi040408",
      "count": 0,
      "isLeaf": null,
      "keyword": null,
      "hash": "",
      "khash": "U2FsdGVkX1/g5qn64EgIXbdOL+RGI87/sbUReQOvVPFHbCG2eVLrlkrrkkXGhVvRBrFCAR4NiGCg5STvaaAEpg==",
      "viewCount": null,
      "duration": "31:51",
      "size": 462317634
    },
    {
      "id": "0354252e-fcb2-4362-a868-f07c5a518588",
      "pid": "08db2a24-e7b8-4185-a3f9-341fddd91fed",
      "dblevel": 5,
      "location": "/VGMV/01_BaiGiang/MucsuNguyenThi/Nam2011/11252011TaOnChuaTrongHoanCanhPhu020114",
      "isVideo": true,
      "url": "01-bai-giang.muc-su-nguyen-thi.nam-2011.11252011-ta-on-chua-trong-hoan-canh-phu020114",
      "name": "11252011 Tạ Ơn Chúa Trong Hoàn Cảnh Phu020114",
      "count": 0,
      "isLeaf": null,
      "keyword": null,
      "hash": "",
      "khash": "U2FsdGVkX188w1TAtPUN7tTRqKlSJJ5fYSmeuDVVaL23AydNkrb8LRXDpLgTayCujZpIile9fFyii+eYv/TDhg==",
      "viewCount": null,
      "duration": "21:26",
      "size": 311364170
    },
    {
      "id": "d0f5c7be-c427-4b1c-b7ab-542253f58127",
      "pid": "08db2a24-e7b8-4185-a3f9-341fddd91fed",
      "dblevel": 5,
      "location": "/VGMV/01_BaiGiang/MucsuNguyenThi/Nam2011/12042011HoiMonDoTrungTinDa06",
      "isVideo": true,
      "url": "01-bai-giang.muc-su-nguyen-thi.nam-2011.12042011-hoi-mon-do-trung-tin-da06",
      "name": "12042011 Hỡi Môn Đồ Trung Tín Da06",
      "count": 0,
      "isLeaf": null,
      "keyword": null,
      "hash": "",
      "khash": "U2FsdGVkX1/nOW6JFk/78x+O3fHGxcPRFUNcfnJmXBKKMBE02c2dioXs4uA7me8pwNPkgS/bRKCxpP+OYDUwkg==",
      "viewCount": null,
      "duration": "40:21",
      "size": 585528846
    },
    {
      "id": "f519972d-dc7e-4c5b-b397-c506ddd98826",
      "pid": "08db2a24-e7b8-4185-a3f9-341fddd91fed",
      "dblevel": 5,
      "location": "/VGMV/01_BaiGiang/MucsuNguyenThi/Nam2011/12112011TruocGiangSinhLu010525",
      "isVideo": true,
      "url": "01-bai-giang.muc-su-nguyen-thi.nam-2011.12112011-truoc-giang-sinh-lu010525",
      "name": "12112011 Trước Giáng Sinh Lu010525",
      "count": 0,
      "isLeaf": null,
      "keyword": null,
      "hash": "",
      "khash": "U2FsdGVkX1+b/ucadlbaqMqzFGr9Wm+OeKmi9xTdtXAuYdXyEJDbzadT01F1BJsqd63V3bRxU/mSP01PoZqtow==",
      "viewCount": null,
      "duration": "35:15",
      "size": 511956652
    },
    {
      "id": "6bb5eb7f-998e-46f3-8094-550fa73b6859",
      "pid": "08db2a24-e7b8-4185-a3f9-341fddd91fed",
      "dblevel": 5,
      "location": "/VGMV/01_BaiGiang/MucsuNguyenThi/Nam2011/12182011NiemVuiGiangSinhMat011825",
      "isVideo": true,
      "url": "01-bai-giang.muc-su-nguyen-thi.nam-2011.12182011-niem-vui-giang-sinh-mat011825",
      "name": "12182011 Niềm Vui Giáng Sinh Mat011825",
      "count": 0,
      "isLeaf": null,
      "keyword": null,
      "hash": "",
      "khash": "U2FsdGVkX1/t0iKtOzuTZ/D4UaZ/QPCf3z8QZsy/fpktF+/pp97SPA3BYSEFJ0oPzvUXbgMwSLJXWloraXhmmA==",
      "viewCount": null,
      "duration": "24:3",
      "size": 349043356
    },
    {
      "id": "ee4638aa-8383-426b-85c6-90583c82c06a",
      "pid": "08db2a24-e7b8-4185-a3f9-341fddd91fed",
      "dblevel": 5,
      "location": "/VGMV/01_BaiGiang/MucsuNguyenThi/Nam2011/12242011MonQuaChuaMoGi0316",
      "isVideo": true,
      "url": "01-bai-giang.muc-su-nguyen-thi.nam-2011.12242011-mon-qua-chua-mo-gi0316",
      "name": "12242011 Món Quà Chưa Mở Gi0316",
      "count": 0,
      "isLeaf": null,
      "keyword": null,
      "hash": "",
      "khash": "U2FsdGVkX19yvyVIZlzN72pUuYDP0F9a3J4zIrMdhb+jhXoWO9dKIQmanmDQl32hgW6UDSt+70/4wuY9XUrBnw==",
      "viewCount": null,
      "duration": "20:59",
      "size": 304466006
    }
  ]
}