{
  "id": "db087392-2479-48fa-ae5c-1d08411efc15",
  "pid": "898cfb55-51f0-4444-aebd-db94d9c550d8",
  "dblevel": 4,
  "location": "/VGMV/01_BaiGiang/MucsuNguyenThi/Nam2012",
  "isVideo": true,
  "url": "01-bai-giang.muc-su-nguyen-thi.nam-2012",
  "name": "Năm 2012",
  "count": 49,
  "isLeaf": true,
  "keyword": null,
  "hash": null,
  "khash": null,
  "viewCount": null,
  "duration": null,
  "size": null,
  "children": [
    {
      "id": "0dfa0644-7d07-479e-9aeb-34cbfd5b6bd6",
      "pid": "db087392-2479-48fa-ae5c-1d08411efc15",
      "dblevel": 5,
      "location": "/VGMV/01_BaiGiang/MucsuNguyenThi/Nam2012/01012012TangTruongTrongNamMoiLu023952",
      "isVideo": true,
      "url": "01-bai-giang.muc-su-nguyen-thi.nam-2012.01012012-tang-truong-trong-nam-moi-lu023952",
      "name": "01012012 Tăng Trưởng Trong Năm Mới Lu023952",
      "count": 0,
      "isLeaf": null,
      "keyword": null,
      "hash": "",
      "khash": "U2FsdGVkX1+NjziMX/hfNaExcB9ebTfnkIEnpBIBwKW9EY+0LY4NitOtid+oU1OZqdyqK9fTr9Az82Z7NyAl3Q==",
      "viewCount": null,
      "duration": "32:21",
      "size": 420440443
    },
    {
      "id": "b927938b-a9b9-43ad-9757-478a4f6ae640",
      "pid": "db087392-2479-48fa-ae5c-1d08411efc15",
      "dblevel": 5,
      "location": "/VGMV/01_BaiGiang/MucsuNguyenThi/Nam2012/01082012DepLongTaMoiDangLu0301142122",
      "isVideo": true,
      "url": "01-bai-giang.muc-su-nguyen-thi.nam-2012.01082012-dep-long-ta-moi-dang-lu0301142122",
      "name": "01082012 Đẹp Lòng Ta Mọi Đàng Lu0301142122",
      "count": 0,
      "isLeaf": null,
      "keyword": null,
      "hash": "",
      "khash": "U2FsdGVkX18tLBgCX3MgbMf7Rg3JE8FcBBoj/9bC/oQd3DE920unfXA0TsaTaQbY2Ihm/JKOy5XgeM5kGKgZ6Q==",
      "viewCount": null,
      "duration": "33:41",
      "size": 437640389
    },
    {
      "id": "b7432ca0-fcda-4a4a-83d5-6a57f113f98c",
      "pid": "db087392-2479-48fa-ae5c-1d08411efc15",
      "dblevel": 5,
      "location": "/VGMV/01_BaiGiang/MucsuNguyenThi/Nam2012/01152012NhungCamDoTrongDoiSongLu040113",
      "isVideo": true,
      "url": "01-bai-giang.muc-su-nguyen-thi.nam-2012.01152012-nhung-cam-do-trong-doi-song-lu040113",
      "name": "01152012 Những Cám Dỗ Trong Đời Sống Lu040113",
      "count": 0,
      "isLeaf": null,
      "keyword": null,
      "hash": "",
      "khash": "U2FsdGVkX1+Pj7iCNpHwstURq2Zb6r6EKsgY/GtNseZHzNnRUw7Y1jmFO7YrfrXnAGBNaVgKaiCCZ2bkV3hz0A==",
      "viewCount": null,
      "duration": "39:8",
      "size": 509203812
    },
    {
      "id": "752528dd-b391-45e5-b5a3-6e5eed37deeb",
      "pid": "db087392-2479-48fa-ae5c-1d08411efc15",
      "dblevel": 5,
      "location": "/VGMV/01_BaiGiang/MucsuNguyenThi/Nam2012/01222012BatPhucLamMonMat050112",
      "isVideo": true,
      "url": "01-bai-giang.muc-su-nguyen-thi.nam-2012.01222012-bat-phuc-lam-mon-mat050112",
      "name": "01222012 Bát Phúc Lâm Môn Mat050112",
      "count": 0,
      "isLeaf": null,
      "keyword": null,
      "hash": "",
      "khash": "U2FsdGVkX1+NTlOkHaeggTPkMINheZCGE/DmqBnqFeNGe8hX8AJp1V7uU32IZTDNCFCReAMKBlHrlQdyYc6gxw==",
      "viewCount": null,
      "duration": "39:34",
      "size": 514982915
    },
    {
      "id": "fc441fc5-9859-4dff-a3fa-b40aaaeaf77f",
      "pid": "db087392-2479-48fa-ae5c-1d08411efc15",
      "dblevel": 5,
      "location": "/VGMV/01_BaiGiang/MucsuNguyenThi/Nam2012/02052012NamHongAnLu041430",
      "isVideo": true,
      "url": "01-bai-giang.muc-su-nguyen-thi.nam-2012.02052012-nam-hong-an-lu041430",
      "name": "02052012 Năm Hồng Ân Lu041430",
      "count": 0,
      "isLeaf": null,
      "keyword": null,
      "hash": "",
      "khash": "U2FsdGVkX1/oENbNciVPyO+oAe7e22vWH9cgmZRmZbGBr/toW5NFfHCgoipn5dzPYRlfTwmwfpqPnvpABnZ1YQ==",
      "viewCount": null,
      "duration": "41:47",
      "size": 542996734
    },
    {
      "id": "ae362616-4389-4470-a247-604d8f24222b",
      "pid": "db087392-2479-48fa-ae5c-1d08411efc15",
      "dblevel": 5,
      "location": "/VGMV/01_BaiGiang/MucsuNguyenThi/Nam2012/02122012NhungTiengGoiTrongDoiSong-Mac011420",
      "isVideo": true,
      "url": "01-bai-giang.muc-su-nguyen-thi.nam-2012.02122012-nhung-tieng-goi-trong-doi-song-mac011420",
      "name": "02122012 Những Tiếng Gọi Trong Đời Sống - Mac011420",
      "count": 0,
      "isLeaf": null,
      "keyword": null,
      "hash": "",
      "khash": "U2FsdGVkX19MsjLFeuEwACuG8FpclyQ1NUNlazhBI+ji4mxLEVeJigm/DKc0dj6ug28m31YzbRJMN3kl3c9dAQ==",
      "viewCount": null,
      "duration": "28:37",
      "size": 371221441
    },
    {
      "id": "6bf5c301-2e9d-446f-9978-2b419bc6c4e3",
      "pid": "db087392-2479-48fa-ae5c-1d08411efc15",
      "dblevel": 5,
      "location": "/VGMV/01_BaiGiang/MucsuNguyenThi/Nam2012/02192012GiaoHuanVaUyQuyenMac012128",
      "isVideo": true,
      "url": "01-bai-giang.muc-su-nguyen-thi.nam-2012.02192012-giao-huan-va-uy-quyen-mac012128",
      "name": "02192012 Giáo Huấn Và Uy Quyền Mac012128",
      "count": 0,
      "isLeaf": null,
      "keyword": null,
      "hash": "",
      "khash": "U2FsdGVkX18CR/WG963xl6Biqb1Q69UJLtM+0runJ2YnZO0WDNDdpSOJEvTlCIVmp+RkZXwsx+HXzyttuF8FAg==",
      "viewCount": null,
      "duration": "34:58",
      "size": 455296547
    },
    {
      "id": "8bfaa51a-0a86-405d-908b-fa147029a099",
      "pid": "db087392-2479-48fa-ae5c-1d08411efc15",
      "dblevel": 5,
      "location": "/VGMV/01_BaiGiang/MucsuNguyenThi/Nam2012/02262012YeuNguoiLanCanNhuMinhLu102537",
      "isVideo": true,
      "url": "01-bai-giang.muc-su-nguyen-thi.nam-2012.02262012-yeu-nguoi-lan-can-nhu-minh-lu102537",
      "name": "02262012 Yêu Người Lân Cận Như Mình Lu102537",
      "count": 0,
      "isLeaf": null,
      "keyword": null,
      "hash": "",
      "khash": "U2FsdGVkX19xuBtoegcaHBrLkTt0urCMkHRx7T5TGvzALDHGhwpOpLYZTIohEkQUJaxyOPL85uwpqVWF/gaeGA==",
      "viewCount": null,
      "duration": "34:35",
      "size": 448566869
    },
    {
      "id": "eee0fbba-0b93-4e1f-9967-cc6160b053f8",
      "pid": "db087392-2479-48fa-ae5c-1d08411efc15",
      "dblevel": 5,
      "location": "/VGMV/01_BaiGiang/MucsuNguyenThi/Nam2012/03042012DieuNaoDeHonMac020112",
      "isVideo": true,
      "url": "01-bai-giang.muc-su-nguyen-thi.nam-2012.03042012-dieu-nao-de-hon-mac020112",
      "name": "03042012 Điều Nào Dễ Hơn Mac020112",
      "count": 0,
      "isLeaf": null,
      "keyword": null,
      "hash": "",
      "khash": "U2FsdGVkX1+TGg95rhrCq93BUjcv+7KtpqFHnz1LhLZBynwIEVFlJYE2LqMN+ZuYmMTtXc6luya7AmJ9ncXmBQ==",
      "viewCount": null,
      "duration": "41:22",
      "size": 537562628
    },
    {
      "id": "c309b3bb-1b91-471d-885d-b5e15d04d3a7",
      "pid": "db087392-2479-48fa-ae5c-1d08411efc15",
      "dblevel": 5,
      "location": "/VGMV/01_BaiGiang/MucsuNguyenThi/Nam2012/03112012VaiMoiAoCuMac021322",
      "isVideo": true,
      "url": "01-bai-giang.muc-su-nguyen-thi.nam-2012.03112012-vai-moi-ao-cu-mac021322",
      "name": "03112012 Vải Mới Áo Cũ Mac021322",
      "count": 0,
      "isLeaf": null,
      "keyword": null,
      "hash": "",
      "khash": "U2FsdGVkX1903cYRbTy9IjId/LjNUGK1BwYvTPFCQOSuk5jgNOzGDPebY4b3I0jhoeV12ZOQCE2JJU2a61cBKQ==",
      "viewCount": null,
      "duration": "38:49",
      "size": 505304313
    },
    {
      "id": "e89925aa-eea1-4e78-9aa4-37620b39cf45",
      "pid": "db087392-2479-48fa-ae5c-1d08411efc15",
      "dblevel": 5,
      "location": "/VGMV/01_BaiGiang/MucsuNguyenThi/Nam2012/03182012LongNhanTuVaCuaTeLe-Mac120107",
      "isVideo": true,
      "url": "01-bai-giang.muc-su-nguyen-thi.nam-2012.03182012-long-nhan-tu-va-cua-te-le-mac120107",
      "name": "03182012 Lòng Nhân Từ Và Của Tế Lễ - Mac120107",
      "count": 0,
      "isLeaf": null,
      "keyword": null,
      "hash": "",
      "khash": "U2FsdGVkX19rLuUwxzJbgF4cwh3LV6hqjfC1bvOP7OJGTfh4jcxdSbh2PqsbqSqYuYq0zyDUBMOYd/jqzbH+7A==",
      "viewCount": null,
      "duration": "33:25",
      "size": 394461629
    },
    {
      "id": "1cc49c26-c275-4af0-a782-ba50d2f4ffe3",
      "pid": "db087392-2479-48fa-ae5c-1d08411efc15",
      "dblevel": 5,
      "location": "/VGMV/01_BaiGiang/MucsuNguyenThi/Nam2012/03252012HanhDaoMat060115",
      "isVideo": true,
      "url": "01-bai-giang.muc-su-nguyen-thi.nam-2012.03252012-hanh-dao-mat060115",
      "name": "03252012 Hành Đạo Mat060115",
      "count": 0,
      "isLeaf": null,
      "keyword": null,
      "hash": "",
      "khash": "U2FsdGVkX19ZQTAIjams4HrawbuqKLtle0IVZMmI7+dVCe9Qa5gCI+1guwpTpsGIxgl9Wo+Vaqh8jO2Cy/pQMw==",
      "viewCount": null,
      "duration": "40:0",
      "size": 519322053
    },
    {
      "id": "5e3a9c7b-89f2-4b94-9ab7-f525f5697a88",
      "pid": "db087392-2479-48fa-ae5c-1d08411efc15",
      "dblevel": 5,
      "location": "/VGMV/01_BaiGiang/MucsuNguyenThi/Nam2012/04012012LamViecTotChoChuaGi120108",
      "isVideo": true,
      "url": "01-bai-giang.muc-su-nguyen-thi.nam-2012.04012012-lam-viec-tot-cho-chua-gi120108",
      "name": "04012012 Làm Việc Tốt Cho Chúa Gi120108",
      "count": 0,
      "isLeaf": null,
      "keyword": null,
      "hash": "",
      "khash": "U2FsdGVkX19DWqls8LlVDfO9zqtoZU+douhUdHGFo0bUINgqEMZ9Z1TDKxodb4XifT1+vVg6eTZm3sBBX7oKig==",
      "viewCount": null,
      "duration": "27:56",
      "size": 363115135
    },
    {
      "id": "b8830433-e34a-499c-8650-2407745ea45b",
      "pid": "db087392-2479-48fa-ae5c-1d08411efc15",
      "dblevel": 5,
      "location": "/VGMV/01_BaiGiang/MucsuNguyenThi/Nam2012/04062012TKConDuongChuaDaDiQuaRo0508",
      "isVideo": true,
      "url": "01-bai-giang.muc-su-nguyen-thi.nam-2012.04062012tk-con-duong-chua-da-di-qua-ro0508",
      "name": "04062012TK Con Đường Chúa Đã Đi Qua Ro0508",
      "count": 0,
      "isLeaf": null,
      "keyword": null,
      "hash": "",
      "khash": "U2FsdGVkX18hkhZrUNO5n9MHlYFlIB139xQO42yi5eYU9PhbcISoyDvxb928klf97HwdrPiOdzXj3MEjW0BoHQ==",
      "viewCount": null,
      "duration": "25:31",
      "size": 325518903
    },
    {
      "id": "cc880114-6e5d-4184-be9b-e939c03e39ed",
      "pid": "db087392-2479-48fa-ae5c-1d08411efc15",
      "dblevel": 5,
      "location": "/VGMV/01_BaiGiang/MucsuNguyenThi/Nam2012/04152012ChuaThangThienCong010111",
      "isVideo": true,
      "url": "01-bai-giang.muc-su-nguyen-thi.nam-2012.04152012-chua-thang-thien-cong010111",
      "name": "04152012 Chúa Thăng Thiên Cong010111",
      "count": 0,
      "isLeaf": null,
      "keyword": null,
      "hash": "",
      "khash": "U2FsdGVkX1+bK742OkwduA9Adr/V86bgVZVMk7M7wLXD9QJcrEQ3EnbQhSn4aDUyvxaA8o8CmCMxpnoeWYDiOA==",
      "viewCount": null,
      "duration": "39:32",
      "size": 514327863
    },
    {
      "id": "a84938e3-04d8-4362-bd8a-c5b592b1aff0",
      "pid": "db087392-2479-48fa-ae5c-1d08411efc15",
      "dblevel": 5,
      "location": "/VGMV/01_BaiGiang/MucsuNguyenThi/Nam2012/04222012ChuaThanhLinhGiangLamCong020121",
      "isVideo": true,
      "url": "01-bai-giang.muc-su-nguyen-thi.nam-2012.04222012-chua-thanh-linh-giang-lam-cong020121",
      "name": "04222012 Chúa Thánh Linh Giáng Lâm Cong020121",
      "count": 0,
      "isLeaf": null,
      "keyword": null,
      "hash": "",
      "khash": "U2FsdGVkX1/5QXQ2ypknBUsaudklotWHQmV1DkC+1+YeT2hv65vx5o43LVPVBlM29cc4NmdCXdW6UlNfMVVnOA==",
      "viewCount": null,
      "duration": "38:45",
      "size": 503591268
    },
    {
      "id": "6a5e124a-97b3-425c-bb98-e4cad5c6a50f",
      "pid": "db087392-2479-48fa-ae5c-1d08411efc15",
      "dblevel": 5,
      "location": "/VGMV/01_BaiGiang/MucsuNguyenThi/Nam2012/04292012LangNgheTiengChuaMac040123",
      "isVideo": true,
      "url": "01-bai-giang.muc-su-nguyen-thi.nam-2012.04292012-lang-nghe-tieng-chua-mac040123",
      "name": "04292012 Lắng Nghe Tiếng Chúa Mac040123",
      "count": 0,
      "isLeaf": null,
      "keyword": null,
      "hash": "",
      "khash": "U2FsdGVkX18WRjkVNtv2fIgBtLrkBQ5ZnUqvtT1L1bJkd0AUKeFD6eaXIpLtr1HS/gnNWqJXDMmkruMNRe/CQA==",
      "viewCount": null,
      "duration": "31:13",
      "size": 404404228
    },
    {
      "id": "b4933fdd-b6de-4543-b459-865a7027a80a",
      "pid": "db087392-2479-48fa-ae5c-1d08411efc15",
      "dblevel": 5,
      "location": "/VGMV/01_BaiGiang/MucsuNguyenThi/Nam2012/05062012NhenLaiOnCuaDucChuaTroiIITi010314",
      "isVideo": true,
      "url": "01-bai-giang.muc-su-nguyen-thi.nam-2012.05062012-nhen-lai-on-cua-duc-chua-troi-iiti010314",
      "name": "05062012 Nhen Lại Ơn Của Đức Chúa Trời IITi010314",
      "count": 0,
      "isLeaf": null,
      "keyword": null,
      "hash": "",
      "khash": "U2FsdGVkX18k+eldOBKgwn0gKsAWOuRkWBE7E9R8su/J9pMzdDVBkLVkmfCkwRiZnjJP+y3/DECmLoxxTqmyUQ==",
      "viewCount": null,
      "duration": "32:29",
      "size": 423157002
    },
    {
      "id": "0d92a95c-798b-4981-ad4e-3c49155cdb46",
      "pid": "db087392-2479-48fa-ae5c-1d08411efc15",
      "dblevel": 5,
      "location": "/VGMV/01_BaiGiang/MucsuNguyenThi/Nam2012/05132012HinhAnhHaiGiaDinhIVua162933",
      "isVideo": true,
      "url": "01-bai-giang.muc-su-nguyen-thi.nam-2012.05132012-hinh-anh-hai-gia-dinh-ivua162933",
      "name": "05132012 Hình Ảnh Hai Gia Đình IVua162933",
      "count": 0,
      "isLeaf": null,
      "keyword": null,
      "hash": "",
      "khash": "U2FsdGVkX1/ClAuyQ00rYiB09MtgGAbwWlFPfm0w7AAY2XQOSUE3BAKI24qTnYWWtDOZzL6Ow6uIHOTrW5LUhQ==",
      "viewCount": null,
      "duration": "39:28",
      "size": 511173944
    },
    {
      "id": "982fc9c1-8b7a-40cd-92ea-75b5490eaf8b",
      "pid": "db087392-2479-48fa-ae5c-1d08411efc15",
      "dblevel": 5,
      "location": "/VGMV/01_BaiGiang/MucsuNguyenThi/Nam2012/05202012LamNguoiLinhGioiIITi020113",
      "isVideo": true,
      "url": "01-bai-giang.muc-su-nguyen-thi.nam-2012.05202012-lam-nguoi-linh-gioi-iiti020113",
      "name": "05202012 Làm Người Lính Giỏi IITi020113",
      "count": 0,
      "isLeaf": null,
      "keyword": null,
      "hash": "",
      "khash": "U2FsdGVkX18pJzD+VEa28bwRT0PoECumv1u/1CKVUBrxGEBQSmF5p1tBF9VnIQTY3HC6OD51RAYTm8H4vBJchw==",
      "viewCount": null,
      "duration": "33:49",
      "size": 439403712
    },
    {
      "id": "26af55ac-2041-480a-963a-fcf13a073e31",
      "pid": "db087392-2479-48fa-ae5c-1d08411efc15",
      "dblevel": 5,
      "location": "/VGMV/01_BaiGiang/MucsuNguyenThi/Nam2012/05272012HoiThanhLaGiCong201721",
      "isVideo": true,
      "url": "01-bai-giang.muc-su-nguyen-thi.nam-2012.05272012-hoi-thanh-la-gi-cong201721",
      "name": "05272012 Hội Thánh Là Gì Cong201721",
      "count": 0,
      "isLeaf": null,
      "keyword": null,
      "hash": "",
      "khash": "U2FsdGVkX19mGZaB6BJkyktWUTctwds9R+HdkOjzvRsSxMdpGQ9w1o01OWqqL9EB4ROffGJ4DcNFt7xnjazwSg==",
      "viewCount": null,
      "duration": "37:7",
      "size": 483185308
    },
    {
      "id": "dbd59acb-df7b-4db7-83ca-eeb3866b2cbe",
      "pid": "db087392-2479-48fa-ae5c-1d08411efc15",
      "dblevel": 5,
      "location": "/VGMV/01_BaiGiang/MucsuNguyenThi/Nam2012/06032012ThoiKyCuoiCungIITi030117",
      "isVideo": true,
      "url": "01-bai-giang.muc-su-nguyen-thi.nam-2012.06032012-thoi-ky-cuoi-cung-iiti030117",
      "name": "06032012 Thời Kỳ Cuối Cùng IITi030117",
      "count": 0,
      "isLeaf": null,
      "keyword": null,
      "hash": "",
      "khash": "U2FsdGVkX18c7D/HQaVhDHhqmthI6cDz4bNPAD+RjrzVMGGJMGTygQP4ACY39+Mt+YXUEIrPmsGFzyrCB58O9Q==",
      "viewCount": null,
      "duration": "41:22",
      "size": 491803627
    },
    {
      "id": "143af8f3-4f67-4b0b-aa6d-9e8d5501cf12",
      "pid": "db087392-2479-48fa-ae5c-1d08411efc15",
      "dblevel": 5,
      "location": "/VGMV/01_BaiGiang/MucsuNguyenThi/Nam2012/06102012DanhTranTotLanhIITi040108",
      "isVideo": true,
      "url": "01-bai-giang.muc-su-nguyen-thi.nam-2012.06102012-danh-tran-tot-lanh-iiti040108",
      "name": "06102012 Đánh Trận Tốt Lành IITi040108",
      "count": 0,
      "isLeaf": null,
      "keyword": null,
      "hash": "",
      "khash": "U2FsdGVkX1+4hmyQp2KSKi75rUSIpYqZU9Qp8XOY7I49RkYv/fZ8ZIgD9fDujoDIu9nk0R6gysQtZR1eeNmNGA==",
      "viewCount": null,
      "duration": "33:53",
      "size": 441403152
    },
    {
      "id": "1d4fd61e-8e96-4119-9002-d682ebdad204",
      "pid": "db087392-2479-48fa-ae5c-1d08411efc15",
      "dblevel": 5,
      "location": "/VGMV/01_BaiGiang/MucsuNguyenThi/Nam2012/06172012FDNguoiChaGuongMauGios241121",
      "isVideo": true,
      "url": "01-bai-giang.muc-su-nguyen-thi.nam-2012.06172012fd-nguoi-cha-guong-mau-gios241121",
      "name": "06172012FD Người Cha Gương Mẫu Gios241121",
      "count": 0,
      "isLeaf": null,
      "keyword": null,
      "hash": "",
      "khash": "U2FsdGVkX18UrYku/6TzF/QpmNX+tj3qgEQx7woqOs2vGBoWdiGtbNIYlCk9XOG76BfNL3dK3iRz8EM95jMr8A==",
      "viewCount": null,
      "duration": "36:10",
      "size": 470513713
    },
    {
      "id": "19f7cb47-f17e-4fa9-aa75-870abccfa410",
      "pid": "db087392-2479-48fa-ae5c-1d08411efc15",
      "dblevel": 5,
      "location": "/VGMV/01_BaiGiang/MucsuNguyenThi/Nam2012/07082012KhaiTuongNe01",
      "isVideo": true,
      "url": "01-bai-giang.muc-su-nguyen-thi.nam-2012.07082012-khai-tuong-ne01",
      "name": "07082012 Khải Tượng Ne01",
      "count": 0,
      "isLeaf": null,
      "keyword": null,
      "hash": "",
      "khash": "U2FsdGVkX1+V3N98ta3to50D7y2PiSb65UKvjnuVQeJiKzuwc9Dz0natELComFpn5UzFMKkpz2jUpr077DRvyA==",
      "viewCount": null,
      "duration": "27:30",
      "size": 356871004
    },
    {
      "id": "9d645339-3d3e-423f-9912-9ecb24b74667",
      "pid": "db087392-2479-48fa-ae5c-1d08411efc15",
      "dblevel": 5,
      "location": "/VGMV/01_BaiGiang/MucsuNguyenThi/Nam2012/07152012KeHoachNe02",
      "isVideo": true,
      "url": "01-bai-giang.muc-su-nguyen-thi.nam-2012.07152012-ke-hoach-ne02",
      "name": "07152012 Kế Họach Ne02",
      "count": 0,
      "isLeaf": null,
      "keyword": null,
      "hash": "",
      "khash": "U2FsdGVkX1+cb2FyZaryBctV9TDg7UzA2ujGVJTx36mce8VZgNUVEJP7xLvf3Ovj/13lrsNNYYuYXTsc6eO7zQ==",
      "viewCount": null,
      "duration": "39:4",
      "size": 508428240
    },
    {
      "id": "ffe0e9e3-01b9-433d-8b19-41dc51780a2c",
      "pid": "db087392-2479-48fa-ae5c-1d08411efc15",
      "dblevel": 5,
      "location": "/VGMV/01_BaiGiang/MucsuNguyenThi/Nam2012/07222012HanhDongNe021118-030132",
      "isVideo": true,
      "url": "01-bai-giang.muc-su-nguyen-thi.nam-2012.07222012-hanh-dong-ne021118-030132",
      "name": "07222012 Hành Động Ne021118-030132",
      "count": 0,
      "isLeaf": null,
      "keyword": null,
      "hash": "",
      "khash": "U2FsdGVkX1/Y1Vij1h9QMjHiolMvtLRxbKVHN/+d9bxJ639M1e2zmiGGnbjFPyLKBQM//NiupX4orS1/s/fd+w==",
      "viewCount": null,
      "duration": "41:36",
      "size": 539675046
    },
    {
      "id": "8b8ea21c-4d03-415b-b0e9-38d6701d33ba",
      "pid": "db087392-2479-48fa-ae5c-1d08411efc15",
      "dblevel": 5,
      "location": "/VGMV/01_BaiGiang/MucsuNguyenThi/Nam2012/07292012NguoiLucSiCuaChuaICo092427",
      "isVideo": true,
      "url": "01-bai-giang.muc-su-nguyen-thi.nam-2012.07292012-nguoi-luc-si-cua-chua-ico092427",
      "name": "07292012 Người Lực Sĩ Của Chúa ICo092427",
      "count": 0,
      "isLeaf": null,
      "keyword": null,
      "hash": "",
      "khash": "U2FsdGVkX19BCoBQm1zwcpgc5z9h/Y2J6SfvdO0P5Z55uz8G+0/Ks/RyhbcZ0hD9DlmtZVoGyK6QReNock9HgA==",
      "viewCount": null,
      "duration": "30:47",
      "size": 399655831
    },
    {
      "id": "ee6face3-13ac-407c-b79f-771ca32ea724",
      "pid": "db087392-2479-48fa-ae5c-1d08411efc15",
      "dblevel": 5,
      "location": "/VGMV/01_BaiGiang/MucsuNguyenThi/Nam2012/08052012ChongDoiNe040123",
      "isVideo": true,
      "url": "01-bai-giang.muc-su-nguyen-thi.nam-2012.08052012-chong-doi-ne040123",
      "name": "08052012 Chống Đối Ne040123",
      "count": 0,
      "isLeaf": null,
      "keyword": null,
      "hash": "",
      "khash": "U2FsdGVkX1//832zO3tvIbrtZvhbyRC5i7VTX/xCelq/Qo0D3s72ZrFtXEuTJHcszpBMdsfMeEFnjRao64p4Kw==",
      "viewCount": null,
      "duration": "40:20",
      "size": 524836935
    },
    {
      "id": "17d19302-5106-4e94-9b79-5d8e24b20cef",
      "pid": "db087392-2479-48fa-ae5c-1d08411efc15",
      "dblevel": 5,
      "location": "/VGMV/01_BaiGiang/MucsuNguyenThi/Nam2012/08122012LiemChinhNe050119",
      "isVideo": true,
      "url": "01-bai-giang.muc-su-nguyen-thi.nam-2012.08122012-liem-chinh-ne050119",
      "name": "08122012 Liêm Chính Ne050119",
      "count": 0,
      "isLeaf": null,
      "keyword": null,
      "hash": "",
      "khash": "U2FsdGVkX19KrXtjNeIOkv1KZUkm2zvyUTzNPKoQEzU9ndsrnVAamT1AsjPYJnKyMRhf2LvERXjvuRA5eVNf6A==",
      "viewCount": null,
      "duration": "38:22",
      "size": 498301005
    },
    {
      "id": "fe43d9c1-bb53-4842-9cc9-a6dce4df1197",
      "pid": "db087392-2479-48fa-ae5c-1d08411efc15",
      "dblevel": 5,
      "location": "/VGMV/01_BaiGiang/MucsuNguyenThi/Nam2012/08192012BaoVeNe060119",
      "isVideo": true,
      "url": "01-bai-giang.muc-su-nguyen-thi.nam-2012.08192012-bao-ve-ne060119",
      "name": "08192012 Bảo Vệ Ne060119",
      "count": 0,
      "isLeaf": null,
      "keyword": null,
      "hash": "",
      "khash": "U2FsdGVkX1+p2yeG19nuddP3SKOD9sRxieGfzj0OCwI5agracwfx3oOdXJfXx3+jJJ19hIsslEZP5LaSzaBhlg==",
      "viewCount": null,
      "duration": "38:48",
      "size": 504652703
    },
    {
      "id": "1ad29452-bb33-407b-9932-90d733381495",
      "pid": "db087392-2479-48fa-ae5c-1d08411efc15",
      "dblevel": 5,
      "location": "/VGMV/01_BaiGiang/MucsuNguyenThi/Nam2012/08262012LoiNoiGayDungCo031213-Ep04152932",
      "isVideo": true,
      "url": "01-bai-giang.muc-su-nguyen-thi.nam-2012.08262012-loi-noi-gay-dung-co031213-ep04152932",
      "name": "08262012 Lời Nói Gây Dựng Co031213-Ep04152932",
      "count": 0,
      "isLeaf": null,
      "keyword": null,
      "hash": "",
      "khash": "U2FsdGVkX1/8FCGBaHxDTlj/gp2pqtwuVju2AbjiKYu/+/GW1fh0a91FVKSrESA+mvsXl1Cgn9EPX+y2SWo5Xg==",
      "viewCount": null,
      "duration": "43:39",
      "size": 566441578
    },
    {
      "id": "b2ab47ca-2d42-4bcb-abcf-80c18b750345",
      "pid": "db087392-2479-48fa-ae5c-1d08411efc15",
      "dblevel": 5,
      "location": "/VGMV/01_BaiGiang/MucsuNguyenThi/Nam2012/09022012PhucHungNe080118",
      "isVideo": true,
      "url": "01-bai-giang.muc-su-nguyen-thi.nam-2012.09022012-phuc-hung-ne080118",
      "name": "09022012 Phục Hưng Ne080118",
      "count": 0,
      "isLeaf": null,
      "keyword": null,
      "hash": "",
      "khash": "U2FsdGVkX19G1IMK80+LovESfzZmCKgDrItSX0nWJzpMK68kim4mJMedKKcs5U1WphlttfGAex8gPN3U6wpbJA==",
      "viewCount": null,
      "duration": "40:22",
      "size": 554237466
    },
    {
      "id": "f7b4c54d-98ff-4f5a-9675-f804af9517d9",
      "pid": "db087392-2479-48fa-ae5c-1d08411efc15",
      "dblevel": 5,
      "location": "/VGMV/01_BaiGiang/MucsuNguyenThi/Nam2012/09092012LoiChuaTrongDoiSongPhu060109",
      "isVideo": true,
      "url": "01-bai-giang.muc-su-nguyen-thi.nam-2012.09092012-loi-chua-trong-doi-song-phu060109",
      "name": "09092012 Lời Chúa Trong Đời Sống Phu060109",
      "count": 0,
      "isLeaf": null,
      "keyword": null,
      "hash": "",
      "khash": "U2FsdGVkX1/s9vbpG4v5vBm+xIi+bDPpGdD3yvVbHweqUlw5iVnukzenWMQePSZ7tSiWsHg+7l2h73RmzqYioA==",
      "viewCount": null,
      "duration": "33:59",
      "size": 467704250
    },
    {
      "id": "36a836ed-0d85-4bc7-8d6f-703f334de69f",
      "pid": "db087392-2479-48fa-ae5c-1d08411efc15",
      "dblevel": 5,
      "location": "/VGMV/01_BaiGiang/MucsuNguyenThi/Nam2012/09162012KetUocNe0938-1039",
      "isVideo": true,
      "url": "01-bai-giang.muc-su-nguyen-thi.nam-2012.09162012-ket-uoc-ne0938-1039",
      "name": "09162012 Kết Ước Ne0938-1039",
      "count": 0,
      "isLeaf": null,
      "keyword": null,
      "hash": "",
      "khash": "U2FsdGVkX1+Ax1YJtevDeijS8P9pam4mJbWsmg2TorE+4yuM3bWX1hm4HzsAbLB6wvvR0cVWMq62UrYxH3ZT3g==",
      "viewCount": null,
      "duration": "37:56",
      "size": 522642144
    },
    {
      "id": "8bba81c5-22e9-4ac6-9751-65138dfebd41",
      "pid": "db087392-2479-48fa-ae5c-1d08411efc15",
      "dblevel": 5,
      "location": "/VGMV/01_BaiGiang/MucsuNguyenThi/Nam2012/09232012BonPhamTinhCuaNguoiYeuKinhChuaPhi021930",
      "isVideo": true,
      "url": "01-bai-giang.muc-su-nguyen-thi.nam-2012.09232012-bon-pham-tinh-cua-nguoi-yeu-kinh-chua-phi021930",
      "name": "09232012 Bốn Phẩm Tính Của Người Yêu Kính Chúa Phi021930",
      "count": 0,
      "isLeaf": null,
      "keyword": null,
      "hash": "",
      "khash": "U2FsdGVkX1/FiLGVS1olxQYACUig+jSHvvVGQ2K1aS6ZlL46Mda5tvpF+P9KSNWaoRAe32OpWrsqtuHKm0893g==",
      "viewCount": null,
      "duration": "31:29",
      "size": 433717567
    },
    {
      "id": "41230043-4696-4807-baaf-86ec9d477f63",
      "pid": "db087392-2479-48fa-ae5c-1d08411efc15",
      "dblevel": 5,
      "location": "/VGMV/01_BaiGiang/MucsuNguyenThi/Nam2012/09302012TiengGoiTrongHoangMac-Xu030115",
      "isVideo": true,
      "url": "01-bai-giang.muc-su-nguyen-thi.nam-2012.09302012-tieng-goi-trong-hoang-mac-xu030115",
      "name": "09302012 Tiếng Gọi Trong Hoang Mạc - Xu030115",
      "count": 0,
      "isLeaf": null,
      "keyword": null,
      "hash": "",
      "khash": "U2FsdGVkX180BjuSe13gxi72Mc4mQ4S1iyUx0rIPSD9qZcyUG0rKITT05pt4tA6PcLy2bhHka+igjEHx7OGBLQ==",
      "viewCount": null,
      "duration": "35:52",
      "size": 491419801
    },
    {
      "id": "409e820d-9a28-49d4-9819-a83f3aa38524",
      "pid": "db087392-2479-48fa-ae5c-1d08411efc15",
      "dblevel": 5,
      "location": "/VGMV/01_BaiGiang/MucsuNguyenThi/Nam2012/10072012UuTienTrongDoiSongAg010115",
      "isVideo": true,
      "url": "01-bai-giang.muc-su-nguyen-thi.nam-2012.10072012-uu-tien-trong-doi-song-ag010115",
      "name": "10072012 Ưu Tiên Trong Đời Sống Ag010115",
      "count": 0,
      "isLeaf": null,
      "keyword": null,
      "hash": "",
      "khash": "U2FsdGVkX1/yrow5EBX1gPrATb1j35G4wdqjsvRtNu9yYUfFzBvJAC9AGKuzNNKP6csXB48MOqjx+91Q8Ik2BQ==",
      "viewCount": null,
      "duration": "41:3",
      "size": 565770328
    },
    {
      "id": "fc427aa5-0cd4-49aa-9606-96754b99d85a",
      "pid": "db087392-2479-48fa-ae5c-1d08411efc15",
      "dblevel": 5,
      "location": "/VGMV/01_BaiGiang/MucsuNguyenThi/Nam2012/10142012KhichLeThaiDoVaXacNhanAg020123",
      "isVideo": true,
      "url": "01-bai-giang.muc-su-nguyen-thi.nam-2012.10142012-khich-le-thai-do-va-xac-nhan-ag020123",
      "name": "10142012 Khích Lệ Thái Độ Và Xác Nhận Ag020123",
      "count": 0,
      "isLeaf": null,
      "keyword": null,
      "hash": "",
      "khash": "U2FsdGVkX1/XIsg2DivlgODLZkhgaV8nfQ97iz0YOi8+7c9iivqWy3RUWszwoxhZaEqr9uz5dN2KHPMgWH4Mvg==",
      "viewCount": null,
      "duration": "37:10",
      "size": 506111829
    },
    {
      "id": "7eb7d3f6-b2dc-467e-be20-86802c0fafe9",
      "pid": "db087392-2479-48fa-ae5c-1d08411efc15",
      "dblevel": 5,
      "location": "/VGMV/01_BaiGiang/MucsuNguyenThi/Nam2012/10212012Moi-seNguoiLanhDaoXu030115",
      "isVideo": true,
      "url": "01-bai-giang.muc-su-nguyen-thi.nam-2012.10212012-moi-se-nguoi-lanh-dao-xu030115",
      "name": "10212012 Môi-se Người Lãnh Đạo Xu030115",
      "count": 0,
      "isLeaf": null,
      "keyword": null,
      "hash": "",
      "khash": "U2FsdGVkX1/NHG41yHSeF1cXDuKCvt6Gt4mb8aaPHfaWVSvuofcZ8voEHEuzEQ0ERMpKiO5f1n7MA/REwnvVzw==",
      "viewCount": null,
      "duration": "31:58",
      "size": 440388167
    },
    {
      "id": "d47907bb-8713-4931-98a3-81e73ee35c68",
      "pid": "db087392-2479-48fa-ae5c-1d08411efc15",
      "dblevel": 5,
      "location": "/VGMV/01_BaiGiang/MucsuNguyenThi/Nam2012/10282012NguonPhuocKhiPhucVuCong060108",
      "isVideo": true,
      "url": "01-bai-giang.muc-su-nguyen-thi.nam-2012.10282012-nguon-phuoc-khi-phuc-vu-cong060108",
      "name": "10282012 Nguồn Phước Khi Phục Vụ Cong060108",
      "count": 0,
      "isLeaf": null,
      "keyword": null,
      "hash": "",
      "khash": "U2FsdGVkX1810w9PR8n2g6dy5R+WNMSZfEoCWS3HzugjztO+eENOwoz0ZROsgqyuqe26MbJckutsiYYD7cagWA==",
      "viewCount": null,
      "duration": "31:13",
      "size": 428755574
    },
    {
      "id": "d327aa18-b48d-42a9-b400-507854419093",
      "pid": "db087392-2479-48fa-ae5c-1d08411efc15",
      "dblevel": 5,
      "location": "/VGMV/01_BaiGiang/MucsuNguyenThi/Nam2012/11042012KhongQuenAnHueChuaThi103",
      "isVideo": true,
      "url": "01-bai-giang.muc-su-nguyen-thi.nam-2012.11042012-khong-quen-an-hue-chua-thi103",
      "name": "11042012 Không Quên Ân Huệ Chúa Thi103",
      "count": 0,
      "isLeaf": null,
      "keyword": null,
      "hash": "",
      "khash": "U2FsdGVkX1/iF9Q5hUCmIOSE/srTL8Y/dNfQpXy90Z7AORYRIZC0ZBKFA87mfa8pXcdWP9fzxgOfGOQWI833Ag==",
      "viewCount": null,
      "duration": "41:38",
      "size": 541914709
    },
    {
      "id": "90527a8d-bee7-4d3b-8b50-85bd782b2026",
      "pid": "db087392-2479-48fa-ae5c-1d08411efc15",
      "dblevel": 5,
      "location": "/VGMV/01_BaiGiang/MucsuNguyenThi/Nam2012/11112012NguocNhinlenNuiThi121",
      "isVideo": true,
      "url": "01-bai-giang.muc-su-nguyen-thi.nam-2012.11112012-nguoc-nhin-len-nui-thi121",
      "name": "11112012 Ngước Nhìn lên Núi Thi121",
      "count": 0,
      "isLeaf": null,
      "keyword": null,
      "hash": "",
      "khash": "U2FsdGVkX1//ZHZfOWbO/uR2BbLyUup6CQ1LeHF/VaG7zUVEWz8EQ/MZgIDTo2TAP09Cz1eK5fyoMUAO6e+vKQ==",
      "viewCount": null,
      "duration": "30:37",
      "size": 397551697
    },
    {
      "id": "c7c02415-cd1a-4963-ac22-070b14bf467b",
      "pid": "db087392-2479-48fa-ae5c-1d08411efc15",
      "dblevel": 5,
      "location": "/VGMV/01_BaiGiang/MucsuNguyenThi/Nam2012/11182012MaiAmGiaDinhThi127-128",
      "isVideo": true,
      "url": "01-bai-giang.muc-su-nguyen-thi.nam-2012.11182012-mai-am-gia-dinh-thi127-128",
      "name": "11182012 Mái Ấm Gia Đình Thi127-128",
      "count": 0,
      "isLeaf": null,
      "keyword": null,
      "hash": "",
      "khash": "U2FsdGVkX193LyL0IRCZQ8DuEU38Ms4OOIMEeSujxb3X05m3CwDQgS81hHbZoNnollqQfXk+bAd1STAK9gn/mw==",
      "viewCount": null,
      "duration": "31:47",
      "size": 412256794
    },
    {
      "id": "6440977d-658c-4a48-9165-e8801715b3a9",
      "pid": "db087392-2479-48fa-ae5c-1d08411efc15",
      "dblevel": 5,
      "location": "/VGMV/01_BaiGiang/MucsuNguyenThi/Nam2012/11252012PhuocChoNguoiCoLongBietOnPhi040406",
      "isVideo": true,
      "url": "01-bai-giang.muc-su-nguyen-thi.nam-2012.11252012-phuoc-cho-nguoi-co-long-biet-on-phi040406",
      "name": "11252012 Phước Cho Người Có Lòng Biết Ơn Phi040406",
      "count": 0,
      "isLeaf": null,
      "keyword": null,
      "hash": "",
      "khash": "U2FsdGVkX18SxgWk09SlxW5tkxTTlRO1TZzveJBQ+mHjZUyEM+7IP1BGi40tFtgqate10K8tpowmFjdofC2o5g==",
      "viewCount": null,
      "duration": "27:4",
      "size": 351688627
    },
    {
      "id": "56214711-1fab-49e2-b79e-379812fe9e8a",
      "pid": "db087392-2479-48fa-ae5c-1d08411efc15",
      "dblevel": 5,
      "location": "/VGMV/01_BaiGiang/MucsuNguyenThi/Nam2012/12022012NgoiLoiTroNenXacThitGi010118",
      "isVideo": true,
      "url": "01-bai-giang.muc-su-nguyen-thi.nam-2012.12022012-ngoi-loi-tro-nen-xac-thit-gi010118",
      "name": "12022012 Ngôi Lời Trở Nên Xác Thịt Gi010118",
      "count": 0,
      "isLeaf": null,
      "keyword": null,
      "hash": "",
      "khash": "U2FsdGVkX1/3oIi9fcBZWTt4d493hsUsV7mdBQ9y4r+58dYZO23aVrrOT8eQowfrzod3wZszX0r0Itxl+A5uiw==",
      "viewCount": null,
      "duration": "43:12",
      "size": 595343403
    },
    {
      "id": "c1f53a70-22dd-460c-95e1-d7dc2484b042",
      "pid": "db087392-2479-48fa-ae5c-1d08411efc15",
      "dblevel": 5,
      "location": "/VGMV/01_BaiGiang/MucsuNguyenThi/Nam2012/12092012DucChuaTroiOCungChungTaMat011825",
      "isVideo": true,
      "url": "01-bai-giang.muc-su-nguyen-thi.nam-2012.12092012-duc-chua-troi-o-cung-chung-ta-mat011825",
      "name": "12092012 Đức Chúa Trời Ở Cùng Chúng Ta Mat011825",
      "count": 0,
      "isLeaf": null,
      "keyword": null,
      "hash": "",
      "khash": "U2FsdGVkX1+WnTDw+H/zsJvUppsDaD0E8dR/oUVl85+9Q9Nv5EjWyyZa4hjBYAc3SV8BUYnc0oNO1oAN8/5VFw==",
      "viewCount": null,
      "duration": "32:43",
      "size": 450666325
    },
    {
      "id": "601a9507-223c-47b4-8c9c-de7ae9850267",
      "pid": "db087392-2479-48fa-ae5c-1d08411efc15",
      "dblevel": 5,
      "location": "/VGMV/01_BaiGiang/MucsuNguyenThi/Nam2012/12162012QuaGiangSinhCuaDucChuaTroiLu020120",
      "isVideo": true,
      "url": "01-bai-giang.muc-su-nguyen-thi.nam-2012.12162012-qua-giang-sinh-cua-duc-chua-troi-lu020120",
      "name": "12162012 Qùa Giáng Sinh Của Đức Chúa Trời Lu020120",
      "count": 0,
      "isLeaf": null,
      "keyword": null,
      "hash": "",
      "khash": "U2FsdGVkX19srZBf7CQQO4+bcgpsBezT46fZp8A1BNZHQXwRTacRfWEbGCJm0OdWmCtPzaCy21K5i/sthZ7C6w==",
      "viewCount": null,
      "duration": "19:30",
      "size": 268161476
    },
    {
      "id": "193e2b71-22c3-4414-9386-fbbc45f69206",
      "pid": "db087392-2479-48fa-ae5c-1d08411efc15",
      "dblevel": 5,
      "location": "/VGMV/01_BaiGiang/MucsuNguyenThi/Nam2012/12242012ChuaBinhAnEs0905",
      "isVideo": true,
      "url": "01-bai-giang.muc-su-nguyen-thi.nam-2012.12242012-chua-binh-an-es0905",
      "name": "12242012 Chúa Bình An Es0905",
      "count": 0,
      "isLeaf": null,
      "keyword": null,
      "hash": "",
      "khash": "U2FsdGVkX1/tlhWwNO+O1h9R0SC+3P0HKFAXu3eJULy5P8iH8G8rfofI9sjxap8wgGvO6qS74x7P9X76iZCMKw==",
      "viewCount": null,
      "duration": "20:12",
      "size": 266047785
    }
  ]
}