{
  "id": "4f9dcea2-0185-43b8-8732-88d53f817baa",
  "pid": "71832048-cb5a-498b-a6d9-9d1831fd437b",
  "dblevel": 4,
  "location": "/VGMV/01_BaiGiang/HocTheoChuDe/19-ChonBanDoiTheoYChua",
  "isVideo": true,
  "url": "01-bai-giang.hoc-theo-chu-de.19-chon-ban-doi-theo-y-chua",
  "name": "19-Chọn Bạn Đời Theo Ý Chúa",
  "count": 7,
  "isLeaf": true,
  "keyword": null,
  "hash": null,
  "khash": null,
  "viewCount": null,
  "duration": null,
  "size": null,
  "children": [
    {
      "id": "119e2b95-f1c7-47ad-b113-2cf85b10a910",
      "pid": "4f9dcea2-0185-43b8-8732-88d53f817baa",
      "dblevel": 5,
      "location": "/VGMV/01_BaiGiang/HocTheoChuDe/19-ChonBanDoiTheoYChua/ChonBanDoiTheoYChua-P01",
      "isVideo": true,
      "url": "01-bai-giang.hoc-theo-chu-de.19-chon-ban-doi-theo-y-chua.chon-ban-doi-theo-y-chua-p01",
      "name": "Chọn Bạn Đời Theo Ý Chúa-P01",
      "count": 0,
      "isLeaf": null,
      "keyword": null,
      "hash": "U2FsdGVkX187jlHRz+LRhID8dnSjT1wfC5QPqSd/cm02+tVgxY60MUP9QyQ/yLNmXsQpOQN8UIJkf6S1H9Qw+Q==",
      "khash": "U2FsdGVkX1+vV9P05eXzQcxC79h4eUgz0XGoWpMtnxGecxgVegecCWl9gguGREqYEht1hlo8FoiWWfW1unc5Ww==",
      "viewCount": null,
      "duration": "59:1",
      "size": 1745706291
    },
    {
      "id": "3c4d654d-0bca-4a86-b6a1-7c332a81ebc0",
      "pid": "4f9dcea2-0185-43b8-8732-88d53f817baa",
      "dblevel": 5,
      "location": "/VGMV/01_BaiGiang/HocTheoChuDe/19-ChonBanDoiTheoYChua/ChonBanDoiTheoYChua-P02",
      "isVideo": true,
      "url": "01-bai-giang.hoc-theo-chu-de.19-chon-ban-doi-theo-y-chua.chon-ban-doi-theo-y-chua-p02",
      "name": "Chọn Bạn Đời Theo Ý Chúa-P02",
      "count": 0,
      "isLeaf": null,
      "keyword": null,
      "hash": "U2FsdGVkX19tUXU90ZHdgG4LBv15g+rxxgMjMzmlk4ikZTshLu1Nb3Iac3VU8ML+ajBd9wW/lI1LBfslMjN0KQ==",
      "khash": "U2FsdGVkX18LlLNLIhoeMYn6U2Yj64KIUPegykOJv8hZHhEmDXK8hYJe6Y4/SoA5SY8nsMq3V7f4Y3TLD8ssxA==",
      "viewCount": null,
      "duration": "44:35",
      "size": 1240511977
    },
    {
      "id": "2bf7256b-4a27-4e8f-884f-7e44f89580c6",
      "pid": "4f9dcea2-0185-43b8-8732-88d53f817baa",
      "dblevel": 5,
      "location": "/VGMV/01_BaiGiang/HocTheoChuDe/19-ChonBanDoiTheoYChua/ChonBanDoiTheoYChua-P03",
      "isVideo": true,
      "url": "01-bai-giang.hoc-theo-chu-de.19-chon-ban-doi-theo-y-chua.chon-ban-doi-theo-y-chua-p03",
      "name": "Chọn Bạn Đời Theo Ý Chúa-P03",
      "count": 0,
      "isLeaf": null,
      "keyword": null,
      "hash": "U2FsdGVkX1+Ehrnp4ML9JtgkipnSh2e8g421zNDa4D27G7TE/n60D2xbaQJ4y+bjEipvKFHYt4H0eabrPT89HA==",
      "khash": "U2FsdGVkX1/pn5MJMVSfKShTYfRNTiy+t0PN8FImOexm5JX6RdN+RI2JKauemb0FNpFyYDSoom3r/RRLOXeMZA==",
      "viewCount": null,
      "duration": "58:6",
      "size": 1722157996
    },
    {
      "id": "8c2b5f1a-1188-423a-8fc0-65d21295c9c4",
      "pid": "4f9dcea2-0185-43b8-8732-88d53f817baa",
      "dblevel": 5,
      "location": "/VGMV/01_BaiGiang/HocTheoChuDe/19-ChonBanDoiTheoYChua/ChonBanDoiTheoYChua-P04",
      "isVideo": true,
      "url": "01-bai-giang.hoc-theo-chu-de.19-chon-ban-doi-theo-y-chua.chon-ban-doi-theo-y-chua-p04",
      "name": "Chọn Bạn Đời Theo Ý Chúa-P04",
      "count": 0,
      "isLeaf": null,
      "keyword": null,
      "hash": "U2FsdGVkX19rxglgQlmGItsizMbqMU7NMGG3k1d8HFsO+sIgmj+1dZAdlUawRf/M+D9oVXNMB5f0pb0wID/6Mw==",
      "khash": "U2FsdGVkX18rvPw7mx2/t5ihvAEbXKSMI9F8oFfoV8BIhJxUeCLW6D0kv1Sa6/NbHQsnunNlpXd39Xngr06W4g==",
      "viewCount": null,
      "duration": "41:15",
      "size": 1217762345
    },
    {
      "id": "806f3964-4d7d-4c7e-b70e-6ecea8ff9b0f",
      "pid": "4f9dcea2-0185-43b8-8732-88d53f817baa",
      "dblevel": 5,
      "location": "/VGMV/01_BaiGiang/HocTheoChuDe/19-ChonBanDoiTheoYChua/ChonBanDoiTheoYChua-P05",
      "isVideo": true,
      "url": "01-bai-giang.hoc-theo-chu-de.19-chon-ban-doi-theo-y-chua.chon-ban-doi-theo-y-chua-p05",
      "name": "Chọn Bạn Đời Theo Ý Chúa-P05",
      "count": 0,
      "isLeaf": null,
      "keyword": null,
      "hash": "U2FsdGVkX19I7xV9a9jbA6vdbUZNt+QjffVaBSr2+PKfqzMHEW5BQD8S+bgluSKEfdJ7sb9NQcu5wu93OTi4jQ==",
      "khash": "U2FsdGVkX1/SV+QRY66k/GBUlnPQBVY03l5+x2fen52Bu0So/viepWHFvXrdeDSU1Cz5/ntTx9xOTDNeA6Qyrg==",
      "viewCount": null,
      "duration": "59:32",
      "size": 1752719282
    },
    {
      "id": "ef2dfcb9-a0a8-4ffd-8008-5a7247530bb3",
      "pid": "4f9dcea2-0185-43b8-8732-88d53f817baa",
      "dblevel": 5,
      "location": "",
      "isVideo": true,
      "url": "01-bai-giang.hoc-theo-chu-de.19-chon-ban-doi-theo-y-chua.chon-ban-doi-theo-y-chua-p06",
      "name": "Chọn Bạn Đời Theo Ý Chúa-P06",
      "count": 0,
      "isLeaf": null,
      "keyword": null,
      "hash": null,
      "khash": null,
      "viewCount": null,
      "duration": "72:18",
      "size": 2132451693
    }
  ]
}