{
  "id": "12948fed-9ed0-49b5-96e1-02e95a1e2408",
  "pid": "898cfb55-51f0-4444-aebd-db94d9c550d8",
  "dblevel": 4,
  "location": "/VGMV/01_BaiGiang/MucsuNguyenThi/Nam2013",
  "isVideo": true,
  "url": "01-bai-giang.muc-su-nguyen-thi.nam-2013",
  "name": "Năm 2013",
  "count": 50,
  "isLeaf": true,
  "keyword": null,
  "hash": null,
  "khash": null,
  "viewCount": null,
  "duration": null,
  "size": null,
  "children": [
    {
      "id": "f11f495a-c1fc-42af-ab71-1833179bf414",
      "pid": "12948fed-9ed0-49b5-96e1-02e95a1e2408",
      "dblevel": 5,
      "location": "/VGMV/01_BaiGiang/MucsuNguyenThi/Nam2013/01062013HanhPhucDauNamMat050112",
      "isVideo": true,
      "url": "01-bai-giang.muc-su-nguyen-thi.nam-2013.01062013-hanh-phuc-dau-nam-mat050112",
      "name": "01062013 Hạnh Phúc Đầu Năm Mat050112",
      "count": 0,
      "isLeaf": null,
      "keyword": null,
      "hash": "",
      "khash": "U2FsdGVkX1+ELUChBnGCpoR7+tYyCiKrTdKC37gAJfXEfOcFSNz3EFkIZ5RJjc8MUH70uyBdXAz3drnN9a8tYg==",
      "viewCount": null,
      "duration": "32:55",
      "size": 473580716
    },
    {
      "id": "f8e7ba9d-651d-4086-acd3-cae47add37bf",
      "pid": "12948fed-9ed0-49b5-96e1-02e95a1e2408",
      "dblevel": 5,
      "location": "/VGMV/01_BaiGiang/MucsuNguyenThi/Nam2013/01132013SongDaoSuotNamMat051316",
      "isVideo": true,
      "url": "01-bai-giang.muc-su-nguyen-thi.nam-2013.01132013-song-dao-suot-nam-mat051316",
      "name": "01132013 Sống Đạo Suốt Năm Mat051316",
      "count": 0,
      "isLeaf": null,
      "keyword": null,
      "hash": "",
      "khash": "U2FsdGVkX19YZLXCVyPSYaGq45hL9F/RE4afFC+Td1dEGJnI6bO2GUTWuT6NHvVj5pRPCeX1Rrh2UQmqB5IpIA==",
      "viewCount": null,
      "duration": "33:57",
      "size": 492466615
    },
    {
      "id": "3d541089-0041-42dd-8c2f-328479ddc142",
      "pid": "12948fed-9ed0-49b5-96e1-02e95a1e2408",
      "dblevel": 5,
      "location": "/VGMV/01_BaiGiang/MucsuNguyenThi/Nam2013/01202013GuongPhucVuE-xo-teEt0101-1003",
      "isVideo": true,
      "url": "01-bai-giang.muc-su-nguyen-thi.nam-2013.01202013-guong-phuc-vu-e-xo-te-et0101-1003",
      "name": "01202013 Gương Phục Vụ Ê-xơ-tê Et0101-1003",
      "count": 0,
      "isLeaf": null,
      "keyword": null,
      "hash": "",
      "khash": "U2FsdGVkX1+fCqyUsZBtYqlg7eNGzygShwHfK0OyzAh/B+VU8R2U5lSFg6CoY+Ssz6Em4APGvufyYDEqtTF0Tw==",
      "viewCount": null,
      "duration": "43:58",
      "size": 637412888
    },
    {
      "id": "143563ce-81a5-4089-b494-f311c299e2df",
      "pid": "12948fed-9ed0-49b5-96e1-02e95a1e2408",
      "dblevel": 5,
      "location": "/VGMV/01_BaiGiang/MucsuNguyenThi/Nam2013/01272013BiQuyetXayDungMat072427",
      "isVideo": true,
      "url": "01-bai-giang.muc-su-nguyen-thi.nam-2013.01272013-bi-quyet-xay-dung-mat072427",
      "name": "01272013 Bí Quyết Xây Dựng Mat072427",
      "count": 0,
      "isLeaf": null,
      "keyword": null,
      "hash": "",
      "khash": "U2FsdGVkX1/XFgjj41qXxIo6dMwZZYDeunmj7O+RHCR2l/nTqbZdYv5m007cx3Mv9HfMp6/1Sg3Ycr9DKL1usA==",
      "viewCount": null,
      "duration": "45:45",
      "size": 664621380
    },
    {
      "id": "57dba3b3-19c4-4ded-8890-9d8211af9930",
      "pid": "12948fed-9ed0-49b5-96e1-02e95a1e2408",
      "dblevel": 5,
      "location": "/VGMV/01_BaiGiang/MucsuNguyenThi/Nam2013/02032013LacDaVaoLoKimMat191626",
      "isVideo": true,
      "url": "01-bai-giang.muc-su-nguyen-thi.nam-2013.02032013-lac-da-vao-lo-kim-mat191626",
      "name": "02032013 Lạc Đà Vào Lỗ Kim Mat191626",
      "count": 0,
      "isLeaf": null,
      "keyword": null,
      "hash": "",
      "khash": "U2FsdGVkX1+8bCXaM4C8fMRxWpnEwT66QgcCrcRM624tWHrJCEijqJxJavk/xWVEsCQKVJMPt3NgZ1xH1rqh7g==",
      "viewCount": null,
      "duration": "40:29",
      "size": 587840513
    },
    {
      "id": "0be40255-6f42-4733-a10f-d8728ced0190",
      "pid": "12948fed-9ed0-49b5-96e1-02e95a1e2408",
      "dblevel": 5,
      "location": "/VGMV/01_BaiGiang/MucsuNguyenThi/Nam2013/02102013MuaXuanBatTanKh210108",
      "isVideo": true,
      "url": "01-bai-giang.muc-su-nguyen-thi.nam-2013.02102013-mua-xuan-bat-tan-kh210108",
      "name": "02102013 Mùa Xuân Bất Tận Kh210108",
      "count": 0,
      "isLeaf": null,
      "keyword": null,
      "hash": "",
      "khash": "U2FsdGVkX1/bPgck12ZsgMM8qpnp5U+naax/n6GyfWV6gqvpdslzEJOxWp61CeMyeuurypHjnx9JbNCQepSqxQ==",
      "viewCount": null,
      "duration": "27:51",
      "size": 403985698
    },
    {
      "id": "015312e3-d3fd-40b5-993e-106d585f51cd",
      "pid": "12948fed-9ed0-49b5-96e1-02e95a1e2408",
      "dblevel": 5,
      "location": "/VGMV/01_BaiGiang/MucsuNguyenThi/Nam2013/02172013TieuChuanSongDaoMoiMat051748",
      "isVideo": true,
      "url": "01-bai-giang.muc-su-nguyen-thi.nam-2013.02172013-tieu-chuan-song-dao-moi-mat051748",
      "name": "02172013 Tiêu Chuẩn Sống Đạo Mới Mat051748",
      "count": 0,
      "isLeaf": null,
      "keyword": null,
      "hash": "",
      "khash": "U2FsdGVkX1/jbPmwzRE3rtfFPtpM+XBS/+DQROJQbupVjlgZX57zGuqWdT05F1t+ZwvvtTDtvlgSmmtVYkYFQw==",
      "viewCount": null,
      "duration": "39:5",
      "size": 525533012
    },
    {
      "id": "9d3d5f5e-b5ab-406c-bbe9-971f2f32e28b",
      "pid": "12948fed-9ed0-49b5-96e1-02e95a1e2408",
      "dblevel": 5,
      "location": "/VGMV/01_BaiGiang/MucsuNguyenThi/Nam2013/02242013DaoDucThat-DaoDucGiaMat0601061618",
      "isVideo": true,
      "url": "01-bai-giang.muc-su-nguyen-thi.nam-2013.02242013-dao-duc-that-dao-duc-gia-mat0601061618",
      "name": "02242013 Đạo Đức Thật-Đạo Đức Giả Mat0601061618",
      "count": 0,
      "isLeaf": null,
      "keyword": null,
      "hash": "",
      "khash": "U2FsdGVkX1/0anevhh9H4vVTkJVaaKNHN5QJqNKlqsG8CQ5VEu+fioQVlIUUSNT5Z1UXPsikQ8lPPlDA6jwphw==",
      "viewCount": null,
      "duration": "30:53",
      "size": 447463954
    },
    {
      "id": "59fc9ce3-4744-48b9-b693-d60339d5ce9b",
      "pid": "12948fed-9ed0-49b5-96e1-02e95a1e2408",
      "dblevel": 5,
      "location": "/VGMV/01_BaiGiang/MucsuNguyenThi/Nam2013/03032013ChonBanITe030610",
      "isVideo": true,
      "url": "01-bai-giang.muc-su-nguyen-thi.nam-2013.03032013-chon-ban-ite030610",
      "name": "03032013 Chọn Bạn ITe030610",
      "count": 0,
      "isLeaf": null,
      "keyword": null,
      "hash": "",
      "khash": "U2FsdGVkX19L+Erfb1G9dysc2YLuvoef+WNS5QA0hDVowKQXm1iXe12RwhlJ+lpcHhpN1AiTp5dGCqho4K0VZQ==",
      "viewCount": null,
      "duration": "29:22",
      "size": 425320471
    },
    {
      "id": "436f2c64-67e8-4ab0-8bdb-97bdda70537f",
      "pid": "12948fed-9ed0-49b5-96e1-02e95a1e2408",
      "dblevel": 5,
      "location": "/VGMV/01_BaiGiang/MucsuNguyenThi/Nam2013/03102013KinhLayChaMat060715",
      "isVideo": true,
      "url": "01-bai-giang.muc-su-nguyen-thi.nam-2013.03102013-kinh-lay-cha-mat060715",
      "name": "03102013 Kính Lạy Cha Mat060715",
      "count": 0,
      "isLeaf": null,
      "keyword": null,
      "hash": "",
      "khash": "U2FsdGVkX1/vX2uT8QJYCrQQ2AwPScHoFeXNRjG4r/iIWKtB1i3/f2DVd9UlI5WCy3b/kjDNz6ZP2gKr5XWUtw==",
      "viewCount": null,
      "duration": "41:30",
      "size": 601702578
    },
    {
      "id": "b1ba39d2-d46c-4876-8265-6b954a69b435",
      "pid": "12948fed-9ed0-49b5-96e1-02e95a1e2408",
      "dblevel": 5,
      "location": "/VGMV/01_BaiGiang/MucsuNguyenThi/Nam2013/03172013UuTienTrongDoiSongMat061934",
      "isVideo": true,
      "url": "01-bai-giang.muc-su-nguyen-thi.nam-2013.03172013-uu-tien-trong-doi-song-mat061934",
      "name": "03172013 Ưu Tiên Trong Đời Sống Mat061934",
      "count": 0,
      "isLeaf": null,
      "keyword": null,
      "hash": "",
      "khash": "U2FsdGVkX1+YVDAVPUimuc1R3VwmIIaCzlkgxL4JGPeZYeldlxjA8T4559Z/TTbBcMGo7ry56+1x0hDV3eDhmw==",
      "viewCount": null,
      "duration": "38:14",
      "size": 554169021
    },
    {
      "id": "95074b62-cd5b-4a84-8cc2-30c1c854b2d0",
      "pid": "12948fed-9ed0-49b5-96e1-02e95a1e2408",
      "dblevel": 5,
      "location": "/VGMV/01_BaiGiang/MucsuNguyenThi/Nam2013/03242013Ho-sa-naMat210111",
      "isVideo": true,
      "url": "01-bai-giang.muc-su-nguyen-thi.nam-2013.03242013-ho-sa-na-mat210111",
      "name": "03242013 Hô-sa-na Mat210111",
      "count": 0,
      "isLeaf": null,
      "keyword": null,
      "hash": "",
      "khash": "U2FsdGVkX19eJ1V4pvQsWhTfxEzZAM6tScGc9D1AVTy3IEjJg5sfpO9+zxA3h8Lg4JY5Uk3ZtNw172sGSTA84A==",
      "viewCount": null,
      "duration": "33:16",
      "size": 482224622
    },
    {
      "id": "97fdc95e-d8dc-47cd-bcba-914d7ce9cd57",
      "pid": "12948fed-9ed0-49b5-96e1-02e95a1e2408",
      "dblevel": 5,
      "location": "/VGMV/01_BaiGiang/MucsuNguyenThi/Nam2013/03312013PhucSinhVaSauPhucSinhMat280120",
      "isVideo": true,
      "url": "01-bai-giang.muc-su-nguyen-thi.nam-2013.03312013-phuc-sinh-va-sau-phuc-sinh-mat280120",
      "name": "03312013 Phục Sinh Và Sau Phục Sinh Mat280120",
      "count": 0,
      "isLeaf": null,
      "keyword": null,
      "hash": "",
      "khash": "U2FsdGVkX1+q4mvTC+0jgaxQLo6BHjNBUNCh/c7p05Ed0Gl8ehh6bB78DuQATmAShzxfAlglujU1FEWPjpOoEg==",
      "viewCount": null,
      "duration": "34:23",
      "size": 498415008
    },
    {
      "id": "1890c178-ef93-483c-8904-e232f4a841eb",
      "pid": "12948fed-9ed0-49b5-96e1-02e95a1e2408",
      "dblevel": 5,
      "location": "/VGMV/01_BaiGiang/MucsuNguyenThi/Nam2013/04072013NiemTinXacThucIGi020311",
      "isVideo": true,
      "url": "01-bai-giang.muc-su-nguyen-thi.nam-2013.04072013-niem-tin-xac-thuc-igi020311",
      "name": "04072013 Niềm Tin Xác Thực IGi020311",
      "count": 0,
      "isLeaf": null,
      "keyword": null,
      "hash": "",
      "khash": "U2FsdGVkX19l9880HCrTMbyV9+9tBVa6KQJP692Lb2TeVliYH5MMNxf7rJ26YkXAiFAvwWzDVovQfqkEvMDDNw==",
      "viewCount": null,
      "duration": "33:19",
      "size": 484034600
    },
    {
      "id": "605e6293-4999-4dac-859c-5ef61dce02f0",
      "pid": "12948fed-9ed0-49b5-96e1-02e95a1e2408",
      "dblevel": 5,
      "location": "/VGMV/01_BaiGiang/MucsuNguyenThi/Nam2013/04212013VungVangBenChiGios010118",
      "isVideo": true,
      "url": "01-bai-giang.muc-su-nguyen-thi.nam-2013.04212013-vung-vang-ben-chi-gios010118",
      "name": "04212013 Vững Vàng Bền Chí Gios010118",
      "count": 0,
      "isLeaf": null,
      "keyword": null,
      "hash": "",
      "khash": "U2FsdGVkX1+E55k2J9GnvHGQJ2rD/X7g9UUAQHM/NHFJ9bjyZaOi7vpx5p9BbrmMpuLOVzp2lLxyiErDqGiG9Q==",
      "viewCount": null,
      "duration": "37:49",
      "size": 549835187
    },
    {
      "id": "434dff45-7971-468e-8f4c-cbebef2e2aea",
      "pid": "12948fed-9ed0-49b5-96e1-02e95a1e2408",
      "dblevel": 5,
      "location": "/VGMV/01_BaiGiang/MucsuNguyenThi/Nam2013/04282013DucTinCuaMotKyNuGios020114",
      "isVideo": true,
      "url": "01-bai-giang.muc-su-nguyen-thi.nam-2013.04282013-duc-tin-cua-mot-ky-nu-gios020114",
      "name": "04282013 Đức Tin Của Một Kỵ Nữ Gios020114",
      "count": 0,
      "isLeaf": null,
      "keyword": null,
      "hash": "",
      "khash": "U2FsdGVkX1+PB5fOLqxvHxtl7Y0KJdnQhK69kgVB8GhZnDCmANfO4/8CfTBq6bmvT4U8z8XVOHvQmVFGqFJLNQ==",
      "viewCount": null,
      "duration": "38:59",
      "size": 565247170
    },
    {
      "id": "da874cc7-a2a1-4a4c-a9ed-42f82d09ae0e",
      "pid": "12948fed-9ed0-49b5-96e1-02e95a1e2408",
      "dblevel": 5,
      "location": "/VGMV/01_BaiGiang/MucsuNguyenThi/Nam2013/05052013VuotSongGios030117",
      "isVideo": true,
      "url": "01-bai-giang.muc-su-nguyen-thi.nam-2013.05052013-vuot-song-gios030117",
      "name": "05052013 Vượt Sông Gios030117",
      "count": 0,
      "isLeaf": null,
      "keyword": null,
      "hash": "",
      "khash": "U2FsdGVkX181/XwT62NpY3j0iS8D0nh309OaXRvENFKFo1hRdiV+Sj4vncfyz37fdTN5Q305osucRK7CEDA3CQ==",
      "viewCount": null,
      "duration": "35:10",
      "size": 509903649
    },
    {
      "id": "1e66008d-90db-4ef7-adf0-5d22a52b8162",
      "pid": "12948fed-9ed0-49b5-96e1-02e95a1e2408",
      "dblevel": 5,
      "location": "/VGMV/01_BaiGiang/MucsuNguyenThi/Nam2013/05122013AnhHuongCuaMeSa270117",
      "isVideo": true,
      "url": "01-bai-giang.muc-su-nguyen-thi.nam-2013.05122013-anh-huong-cua-me-sa270117",
      "name": "05122013 Ảnh Hưởng Của Mẹ Sa270117",
      "count": 0,
      "isLeaf": null,
      "keyword": null,
      "hash": "",
      "khash": "U2FsdGVkX197Ejk+/WTkAEvi16Zv03yImG4bVPpnLgBsdlmq+ZC4OSGhC+kWlqUt5o1QbDXnAJAmgJSWDn/E2A==",
      "viewCount": null,
      "duration": "37:35",
      "size": 517228427
    },
    {
      "id": "a21e2940-d85e-4bb4-9dff-967f0aa7a5cc",
      "pid": "12948fed-9ed0-49b5-96e1-02e95a1e2408",
      "dblevel": 5,
      "location": "/VGMV/01_BaiGiang/MucsuNguyenThi/Nam2013/05192013ChienThangGios060119",
      "isVideo": true,
      "url": "01-bai-giang.muc-su-nguyen-thi.nam-2013.05192013-chien-thang-gios060119",
      "name": "05192013 Chiến Thắng Gios060119",
      "count": 0,
      "isLeaf": null,
      "keyword": null,
      "hash": "",
      "khash": "U2FsdGVkX1+RHdcGjEehmLcxru58l3JryLVQek2DyY30XtJF0LDGy9uC5ztiAQMLMCJfuQLIjsZddf7RMWy9uA==",
      "viewCount": null,
      "duration": "36:24",
      "size": 528524980
    },
    {
      "id": "68720728-d28b-4863-9b32-271ba060cb2b",
      "pid": "12948fed-9ed0-49b5-96e1-02e95a1e2408",
      "dblevel": 5,
      "location": "/VGMV/01_BaiGiang/MucsuNguyenThi/Nam2013/05262013ThatBaiGios070115",
      "isVideo": true,
      "url": "01-bai-giang.muc-su-nguyen-thi.nam-2013.05262013-that-bai-gios070115",
      "name": "05262013 Thất Bại Gios070115",
      "count": 0,
      "isLeaf": null,
      "keyword": null,
      "hash": "",
      "khash": "U2FsdGVkX19eyu+4oJbjhjpEl604YlPGWCA0KtADNCf3QqkZuUaDDnwMrY5UW4JKf1felrXq1SCyY0a6yMQNYg==",
      "viewCount": null,
      "duration": "40:50",
      "size": 594454947
    },
    {
      "id": "9d73ea01-769a-4d9d-a539-5d53bfa12481",
      "pid": "12948fed-9ed0-49b5-96e1-02e95a1e2408",
      "dblevel": 5,
      "location": "/VGMV/01_BaiGiang/MucsuNguyenThi/Nam2013/06022013HuuHaGios140615",
      "isVideo": true,
      "url": "01-bai-giang.muc-su-nguyen-thi.nam-2013.06022013-huu-ha-gios140615",
      "name": "06022013 Hựu Hạ Gios140615",
      "count": 0,
      "isLeaf": null,
      "keyword": null,
      "hash": "",
      "khash": "U2FsdGVkX1/B9hBSC1IV1wWqVm7QvlPnHZu1VDgnIcc5d9/HU/coZinekjj15W9Eq2c2VzQEYOCvTrDSnHC7+Q==",
      "viewCount": null,
      "duration": "32:42",
      "size": 473144043
    },
    {
      "id": "403d2912-5969-4d1d-ae5e-45af56a419e6",
      "pid": "12948fed-9ed0-49b5-96e1-02e95a1e2408",
      "dblevel": 5,
      "location": "/VGMV/01_BaiGiang/MucsuNguyenThi/Nam2013/06092013CachChuaChuaLanhMac020112",
      "isVideo": true,
      "url": "01-bai-giang.muc-su-nguyen-thi.nam-2013.06092013-cach-chua-chua-lanh-mac020112",
      "name": "06092013 Cách Chúa Chữa Lành Mac020112",
      "count": 0,
      "isLeaf": null,
      "keyword": null,
      "hash": "",
      "khash": "U2FsdGVkX19iOOvK13FDyRRdntKRFdAs4MQLRg3i3ZU9UHc+Da74PI/iViOxy5GeRoKOu9fqO//n7ANSs96fww==",
      "viewCount": null,
      "duration": "36:12",
      "size": 525472261
    },
    {
      "id": "0c9279e5-8755-4809-8954-aeb50c10d766",
      "pid": "12948fed-9ed0-49b5-96e1-02e95a1e2408",
      "dblevel": 5,
      "location": "/VGMV/01_BaiGiang/MucsuNguyenThi/Nam2013/06232013PhucSuChuaGios241424",
      "isVideo": true,
      "url": "01-bai-giang.muc-su-nguyen-thi.nam-2013.06232013-phuc-su-chua-gios241424",
      "name": "06232013 Phục Sự Chúa Gios241424",
      "count": 0,
      "isLeaf": null,
      "keyword": null,
      "hash": "",
      "khash": "U2FsdGVkX18+RBnhhu28GONPO/j6rRnVPK09VNxWQW/Kg4SRZm5TcmYw7u4Tbi/yE5YJ/YXarhUdgGfYoK2B9g==",
      "viewCount": null,
      "duration": "30:39",
      "size": 444395834
    },
    {
      "id": "8574e78d-da7c-47a9-8c73-4db5aef637f6",
      "pid": "12948fed-9ed0-49b5-96e1-02e95a1e2408",
      "dblevel": 5,
      "location": "/VGMV/01_BaiGiang/MucsuNguyenThi/Nam2013/06302013KetUocNe0928-1039",
      "isVideo": true,
      "url": "01-bai-giang.muc-su-nguyen-thi.nam-2013.06302013-ket-uoc-ne0928-1039",
      "name": "06302013 Kết Ước Ne0928-1039",
      "count": 0,
      "isLeaf": null,
      "keyword": null,
      "hash": "",
      "khash": "U2FsdGVkX18Zgp1ZEJpLzDySujvwPRsBT8yIQ0qBPBIDWTiZXPycjxPFcUQ3QXlot9Sdi0xHwZdAnhqJ2MG2GQ==",
      "viewCount": null,
      "duration": "37:54",
      "size": 550821281
    },
    {
      "id": "cf6b56f0-789e-40a2-866e-85680cce1bf5",
      "pid": "12948fed-9ed0-49b5-96e1-02e95a1e2408",
      "dblevel": 5,
      "location": "",
      "isVideo": true,
      "url": "01-bai-giang.muc-su-nguyen-thi.nam-2013.07072013-phuoc-thieng-lieng-ep010114",
      "name": "07072013 Phước Thiêng Liêng Ep010114",
      "count": 0,
      "isLeaf": null,
      "keyword": null,
      "hash": null,
      "khash": null,
      "viewCount": null,
      "duration": "37:6",
      "size": 538791082
    },
    {
      "id": "259d9c4d-7c37-4d2b-8196-c573f216d27b",
      "pid": "12948fed-9ed0-49b5-96e1-02e95a1e2408",
      "dblevel": 5,
      "location": "/VGMV/01_BaiGiang/MucsuNguyenThi/Nam2013/07072013PhuocThiengLiengEp010114",
      "isVideo": true,
      "url": "01-bai-giang.muc-su-nguyen-thi.nam-2013.07072013-phuoc-thieng-lieng-ep010114-",
      "name": "07072013 Phước Thiêng Liêng Ep010114 ",
      "count": 0,
      "isLeaf": null,
      "keyword": null,
      "hash": "",
      "khash": "U2FsdGVkX1+brfzIyiH6augV5Mg+EwgMEj87NTyjyq+mlEG4eGi6EL8g1C9jIYaAsOFeecDZc5kf1BBJX+PkAg==",
      "viewCount": null,
      "duration": "37:6",
      "size": 538791082
    },
    {
      "id": "81235d0a-c669-4468-bc06-855ced755a7b",
      "pid": "12948fed-9ed0-49b5-96e1-02e95a1e2408",
      "dblevel": 5,
      "location": "/VGMV/01_BaiGiang/MucsuNguyenThi/Nam2013/07142013LoiCauNguyenCuaMucSuEp011523",
      "isVideo": true,
      "url": "01-bai-giang.muc-su-nguyen-thi.nam-2013.07142013-loi-cau-nguyen-cua-muc-su-ep011523",
      "name": "07142013 Lời Cầu Nguyện Của Mục Sư Ep011523",
      "count": 0,
      "isLeaf": null,
      "keyword": null,
      "hash": "",
      "khash": "U2FsdGVkX1/eZngr8oElsKLFOvkgsur2ukMePvr7EaLin77GZzlBx56r1CVnUeziEafCsFdOcE/Ss4kSee7yhA==",
      "viewCount": null,
      "duration": "36:7",
      "size": 524482988
    },
    {
      "id": "e54b7d4b-fe30-428f-9e13-fda0a04b8b3a",
      "pid": "12948fed-9ed0-49b5-96e1-02e95a1e2408",
      "dblevel": 5,
      "location": "/VGMV/01_BaiGiang/MucsuNguyenThi/Nam2013/07212013DoiSongPhucSinhEp020110",
      "isVideo": true,
      "url": "01-bai-giang.muc-su-nguyen-thi.nam-2013.07212013-doi-song-phuc-sinh-ep020110",
      "name": "07212013 Đời Sống Phục Sinh Ep020110",
      "count": 0,
      "isLeaf": null,
      "keyword": null,
      "hash": "",
      "khash": "U2FsdGVkX1/PgzE/3HcuqDbUFlLlFcQhqHBsloyQbBdi6r9S43qBoHkhoFmA0okgFsO4fJ5O7MeGrUucUiyBEw==",
      "viewCount": null,
      "duration": "38:55",
      "size": 564898417
    },
    {
      "id": "b7fa3a0e-2b6d-4498-a768-b845300b5010",
      "pid": "12948fed-9ed0-49b5-96e1-02e95a1e2408",
      "dblevel": 5,
      "location": "/VGMV/01_BaiGiang/MucsuNguyenThi/Nam2013/07282013TamQuanTrongCuaLoiChuaGia011927",
      "isVideo": true,
      "url": "01-bai-giang.muc-su-nguyen-thi.nam-2013.07282013-tam-quan-trong-cua-loi-chua-gia011927",
      "name": "07282013 Tầm Quan Trọng Của Lời Chúa Gia011927",
      "count": 0,
      "isLeaf": null,
      "keyword": null,
      "hash": "",
      "khash": "U2FsdGVkX1+B46lZVEYnJ7u8sZf9TmS+UacOQxKWsp5rpM0Bj3ex+rO5rcopmOs4m5Ww2O8HGZHyeETwmbBiHg==",
      "viewCount": null,
      "duration": "35:39",
      "size": 517522150
    },
    {
      "id": "7dcd76a4-180b-47ec-a55d-2a5c70b60e62",
      "pid": "12948fed-9ed0-49b5-96e1-02e95a1e2408",
      "dblevel": 5,
      "location": "/VGMV/01_BaiGiang/MucsuNguyenThi/Nam2013/08042013NhanLoaiMoiEp021122",
      "isVideo": true,
      "url": "01-bai-giang.muc-su-nguyen-thi.nam-2013.08042013-nhan-loai-moi-ep021122",
      "name": "08042013 Nhân Loại Mới Ep021122",
      "count": 0,
      "isLeaf": null,
      "keyword": null,
      "hash": "",
      "khash": "U2FsdGVkX1+NHZtD6ErNDwSdRkkEGRF4dfOUYkYuaho5n1cL3aT3kGoEMwIA9R3REYF7INk89Mq0QhKb/SG9Mg==",
      "viewCount": null,
      "duration": "36:46",
      "size": 515146376
    },
    {
      "id": "8b0febf4-10cc-42b6-b975-57e737511e18",
      "pid": "12948fed-9ed0-49b5-96e1-02e95a1e2408",
      "dblevel": 5,
      "location": "/VGMV/01_BaiGiang/MucsuNguyenThi/Nam2013/08112013BaoVeNe060119",
      "isVideo": true,
      "url": "01-bai-giang.muc-su-nguyen-thi.nam-2013.08112013-bao-ve-ne060119",
      "name": "08112013 Bảo Vệ Ne060119",
      "count": 0,
      "isLeaf": null,
      "keyword": null,
      "hash": "",
      "khash": "U2FsdGVkX1+sejG+WiPsE/rVLT9L1936cTzyfXtaO9nw+rI4J9cleRDmKdrEMxy/NYbeWZOga2GXXUVDG1B4Vg==",
      "viewCount": null,
      "duration": "38:56",
      "size": 594307454
    },
    {
      "id": "652d43ed-ebb0-429a-a045-1efa42b78856",
      "pid": "12948fed-9ed0-49b5-96e1-02e95a1e2408",
      "dblevel": 5,
      "location": "/VGMV/01_BaiGiang/MucsuNguyenThi/Nam2013/08182013HoiThanhTrongChuongTrinhCuaDucChuaTroiEp030121",
      "isVideo": true,
      "url": "01-bai-giang.muc-su-nguyen-thi.nam-2013.08182013-hoi-thanh-trong-chuong-trinh-cua-duc-chua-troi-ep030121",
      "name": "08182013 Hội Thánh Trong Chương Trình Của Đức Chúa Trời Ep030121",
      "count": 0,
      "isLeaf": null,
      "keyword": null,
      "hash": "",
      "khash": "U2FsdGVkX1+qxpoAUWYFXDq3ABEbg6MAwdq82mCDCMkHefIYTDYMoXJdo+NEA1ZBsKBwGd97e2T9uC9xe8QPwg==",
      "viewCount": null,
      "duration": "32:11",
      "size": 490782079
    },
    {
      "id": "a2d9d27d-193a-4564-9a9d-2a0d70b382a5",
      "pid": "12948fed-9ed0-49b5-96e1-02e95a1e2408",
      "dblevel": 5,
      "location": "/VGMV/01_BaiGiang/MucsuNguyenThi/Nam2013/08252013KhuonMauMuonDoiEp040116",
      "isVideo": true,
      "url": "01-bai-giang.muc-su-nguyen-thi.nam-2013.08252013-khuon-mau-muon-doi-ep040116",
      "name": "08252013 Khuôn Mẫu Muôn Đời Ep040116",
      "count": 0,
      "isLeaf": null,
      "keyword": null,
      "hash": "",
      "khash": "U2FsdGVkX1/mdufDXr6FjDps9JZwpFnAAKoRHHAYMVPSuWLgZLyj3gq3iqeo0AXXqRHbhggfoocH9SUyKQEQUQ==",
      "viewCount": null,
      "duration": "40:55",
      "size": 623017874
    },
    {
      "id": "ee58d4f0-4e34-4f61-b710-f8f7caef3553",
      "pid": "12948fed-9ed0-49b5-96e1-02e95a1e2408",
      "dblevel": 5,
      "location": "/VGMV/01_BaiGiang/MucsuNguyenThi/Nam2013/09012013MacLayNguoiMoiEp041732",
      "isVideo": true,
      "url": "01-bai-giang.muc-su-nguyen-thi.nam-2013.09012013-mac-lay-nguoi-moi-ep041732",
      "name": "09012013 Mặc Lấy Người Mới Ep041732",
      "count": 0,
      "isLeaf": null,
      "keyword": null,
      "hash": "",
      "khash": "U2FsdGVkX1+htaDwi43Y1gH7S3FJuk2X3dwMd/SlZPZU3eNnYVgVuCs0usvastANb+jATtBhW/zFEt3ywTyYdw==",
      "viewCount": null,
      "duration": "40:19",
      "size": 615966614
    },
    {
      "id": "becd6afb-7a11-4c8e-93db-20879c8aab70",
      "pid": "12948fed-9ed0-49b5-96e1-02e95a1e2408",
      "dblevel": 5,
      "location": "/VGMV/01_BaiGiang/MucsuNguyenThi/Nam2013/09082013BatChuocDucChuaTroiEp050120",
      "isVideo": true,
      "url": "01-bai-giang.muc-su-nguyen-thi.nam-2013.09082013-bat-chuoc-duc-chua-troi-ep050120",
      "name": "09082013 Bắt Chước Đức Chúa Trời Ep050120",
      "count": 0,
      "isLeaf": null,
      "keyword": null,
      "hash": "",
      "khash": "U2FsdGVkX18WKviKvhiI35BLA7wnE217Iz5OdYDiO+w4jCDC4eg5IG8+Jqg/LctlDGyFX+FZUdksaZbCT2WJrg==",
      "viewCount": null,
      "duration": "32:51",
      "size": 501716830
    },
    {
      "id": "c55a539e-c091-463e-bb96-e612a213c2bd",
      "pid": "12948fed-9ed0-49b5-96e1-02e95a1e2408",
      "dblevel": 5,
      "location": "/VGMV/01_BaiGiang/MucsuNguyenThi/Nam2013/09152013NguoiTinChuaVaTienBacITi0606101719",
      "isVideo": true,
      "url": "01-bai-giang.muc-su-nguyen-thi.nam-2013.09152013nguoi-tin-chua-va-tien-bac-iti0606101719",
      "name": "09152013Người Tin Chúa Và Tiền Bạc ITi0606101719",
      "count": 0,
      "isLeaf": null,
      "keyword": null,
      "hash": "",
      "khash": "U2FsdGVkX1+jAmh0axgIoeCoX/VdhFNTFADam3QJrv6RDJkv2tVSRrw2JvS3KU0Cc8l83Qtf8QY42abfqieF2g==",
      "viewCount": null,
      "duration": "29:9",
      "size": 444902383
    },
    {
      "id": "4a84b657-6ab8-4bc1-a67a-0af5d6d06c9c",
      "pid": "12948fed-9ed0-49b5-96e1-02e95a1e2408",
      "dblevel": 5,
      "location": "/VGMV/01_BaiGiang/MucsuNguyenThi/Nam2013/09222013GiaDinhCoDocEp052133",
      "isVideo": true,
      "url": "01-bai-giang.muc-su-nguyen-thi.nam-2013.09222013-gia-dinh-co-doc-ep052133",
      "name": "09222013 Gia Đình Cơ Đốc Ep052133",
      "count": 0,
      "isLeaf": null,
      "keyword": null,
      "hash": "",
      "khash": "U2FsdGVkX185CMEDMuImT3CQuUy1r9leRR3iG6hFq0QZv3lNqil21awD2osoe7vcRhLmbUGhVkWzo14hluzhLQ==",
      "viewCount": null,
      "duration": "43:45",
      "size": 667335079
    },
    {
      "id": "b3617d7a-d439-44a0-b70a-33a6c34a24c3",
      "pid": "12948fed-9ed0-49b5-96e1-02e95a1e2408",
      "dblevel": 5,
      "location": "/VGMV/01_BaiGiang/MucsuNguyenThi/Nam2013/09292013ChienTranhTamLinhEp061020",
      "isVideo": true,
      "url": "01-bai-giang.muc-su-nguyen-thi.nam-2013.09292013-chien-tranh-tam-linh-ep061020",
      "name": "09292013 Chiến Tranh Tâm Linh Ep061020",
      "count": 0,
      "isLeaf": null,
      "keyword": null,
      "hash": "",
      "khash": "U2FsdGVkX18CZSGRhz+tkZ1hHXM1TrD+J1sdvQPooE5MzXxLVK0N7KfG/KE29WfL6miObeylShh+W70vBqhOcA==",
      "viewCount": null,
      "duration": "42:20",
      "size": 607699369
    },
    {
      "id": "fd6af319-2f7f-498b-b099-2a49df82c8fc",
      "pid": "12948fed-9ed0-49b5-96e1-02e95a1e2408",
      "dblevel": 5,
      "location": "/VGMV/01_BaiGiang/MucsuNguyenThi/Nam2013/10062013ThoPhuongThatThi24",
      "isVideo": true,
      "url": "01-bai-giang.muc-su-nguyen-thi.nam-2013.10062013-tho-phuong-that-thi24",
      "name": "10062013 Thờ Phượng Thật Thi24",
      "count": 0,
      "isLeaf": null,
      "keyword": null,
      "hash": "",
      "khash": "U2FsdGVkX1+98eWpschs9CxbdiRFyHDBi97LE4ruM6Utw6y174tzjZYPRxA6UNYXzCIwglON2LQ4qxU3p8wjWg==",
      "viewCount": null,
      "duration": "38:12",
      "size": 544082547
    },
    {
      "id": "708c0425-80c6-4b33-8305-fe5db208e362",
      "pid": "12948fed-9ed0-49b5-96e1-02e95a1e2408",
      "dblevel": 5,
      "location": "/VGMV/01_BaiGiang/MucsuNguyenThi/Nam2013/10132013SoAi-AiSoThi27",
      "isVideo": true,
      "url": "01-bai-giang.muc-su-nguyen-thi.nam-2013.10132013-so-ai-ai-so-thi27",
      "name": "10132013 Sợ Ai-Ai Sợ Thi27",
      "count": 0,
      "isLeaf": null,
      "keyword": null,
      "hash": "",
      "khash": "U2FsdGVkX1/APcOzE5RQTo0fgJgRmDlbSETeaeTgk0m0iZZmt2eBdYfhRLhZ01B/vWTy6upY144hTdFmAIR8jQ==",
      "viewCount": null,
      "duration": "35:30",
      "size": 541743899
    },
    {
      "id": "6fb50ba5-5f72-4e30-9273-2c31ffa0ae69",
      "pid": "12948fed-9ed0-49b5-96e1-02e95a1e2408",
      "dblevel": 5,
      "location": "/VGMV/01_BaiGiang/MucsuNguyenThi/Nam2013/10202013HanhPhucCuaNguoiDuocThaThuThi32",
      "isVideo": true,
      "url": "01-bai-giang.muc-su-nguyen-thi.nam-2013.10202013-hanh-phuc-cua-nguoi-duoc-tha-thu-thi32",
      "name": "10202013 Hạnh Phúc Của Người Được Tha Thứ Thi32",
      "count": 0,
      "isLeaf": null,
      "keyword": null,
      "hash": "",
      "khash": "U2FsdGVkX1/IfNki7coJc2v5imMPMn9qkWfiC9nfr03xIj6ajtmlYrEBI+A+ozLa/PqlxRkHXgdhlmeO4NtnNw==",
      "viewCount": null,
      "duration": "34:28",
      "size": 526366617
    },
    {
      "id": "807136a0-383f-4757-b29d-7f3ae11cb605",
      "pid": "12948fed-9ed0-49b5-96e1-02e95a1e2408",
      "dblevel": 5,
      "location": "/VGMV/01_BaiGiang/MucsuNguyenThi/Nam2013/10272013CuocDoiPhucVuIICo040118",
      "isVideo": true,
      "url": "01-bai-giang.muc-su-nguyen-thi.nam-2013.10272013-cuoc-doi-phuc-vu-iico040118",
      "name": "10272013 Cuộc Đời Phục Vụ IICo040118",
      "count": 0,
      "isLeaf": null,
      "keyword": null,
      "hash": "",
      "khash": "U2FsdGVkX1/K/SnV6CEcb9NNPu3gOtrG1FJeJWp75BQxJ+qzjPD5b4X1E0CwbulTSv3Zn00ZO60/U+y7XehuMA==",
      "viewCount": null,
      "duration": "34:51",
      "size": 534268731
    },
    {
      "id": "ab627547-b8c1-4388-9746-05135cc63092",
      "pid": "12948fed-9ed0-49b5-96e1-02e95a1e2408",
      "dblevel": 5,
      "location": "/VGMV/01_BaiGiang/MucsuNguyenThi/Nam2013/11032013MotKinhNghiemsongThi34",
      "isVideo": true,
      "url": "01-bai-giang.muc-su-nguyen-thi.nam-2013.11032013-mot-kinh-nghiem-song-thi34",
      "name": "11032013 Một Kinh Nghiệm sống Thi34",
      "count": 0,
      "isLeaf": null,
      "keyword": null,
      "hash": "",
      "khash": "U2FsdGVkX1+GCDLGlpdmRCrDY4tTNeOj8MzulgA7qHit1aiG53xXlhG/Xi6UNTj/t8OFv49zM/OpNPZ9GpTlmg==",
      "viewCount": null,
      "duration": "34:14",
      "size": 523259918
    },
    {
      "id": "662c29d4-5e24-48f4-906e-45e6862eb759",
      "pid": "12948fed-9ed0-49b5-96e1-02e95a1e2408",
      "dblevel": 5,
      "location": "/VGMV/01_BaiGiang/MucsuNguyenThi/Nam2013/11102013TruocToiTreNayDagiaThi37",
      "isVideo": true,
      "url": "01-bai-giang.muc-su-nguyen-thi.nam-2013.11102013-truoc-toi-tre-nay-da-gia-thi37",
      "name": "11102013 Trước Tôi Trẻ Nay Đã già Thi37",
      "count": 0,
      "isLeaf": null,
      "keyword": null,
      "hash": "",
      "khash": "U2FsdGVkX18UoB8O7SLocchrF5d35v+xC+J3H3nwzb0e4CVA3zYX+qkuCHY01p/jeXceX33ja/rCfMghOQoN8Q==",
      "viewCount": null,
      "duration": "26:23",
      "size": 403209999
    },
    {
      "id": "214cc050-f7d3-4196-8620-c9b7ee8a63b8",
      "pid": "12948fed-9ed0-49b5-96e1-02e95a1e2408",
      "dblevel": 5,
      "location": "/VGMV/01_BaiGiang/MucsuNguyenThi/Nam2013/11172013NhinNaiKiaThi42-43",
      "isVideo": true,
      "url": "01-bai-giang.muc-su-nguyen-thi.nam-2013.11172013-nhin-nai-kia-thi42-43",
      "name": "11172013 Nhìn Nai Kia Thi42-43",
      "count": 0,
      "isLeaf": null,
      "keyword": null,
      "hash": "",
      "khash": "U2FsdGVkX1/2x5VHpo/EVpE5QlSqIyF1lFICe/RnaN6m4ZxNnoQPVHurJAmyN6ofs++oZx1fjuepFsoWb4vI7Q==",
      "viewCount": null,
      "duration": "28:24",
      "size": 433425742
    },
    {
      "id": "639ea3e0-e219-4f80-aaac-667507383a1a",
      "pid": "12948fed-9ed0-49b5-96e1-02e95a1e2408",
      "dblevel": 5,
      "location": "/VGMV/01_BaiGiang/MucsuNguyenThi/Nam2013/11242013LyDoCamTaThi10302",
      "isVideo": true,
      "url": "01-bai-giang.muc-su-nguyen-thi.nam-2013.11242013-ly-do-cam-ta-thi10302",
      "name": "11242013 Lý Do Cảm Tạ Thi10302",
      "count": 0,
      "isLeaf": null,
      "keyword": null,
      "hash": "",
      "khash": "U2FsdGVkX1/thi9O+3DgBF64Iv4BVpJBoY/gkmGVfDwLadz4qOudlf5PAuuFYuzB9bON8MK3QYLbTLy6YDiz4A==",
      "viewCount": null,
      "duration": "19:29",
      "size": 296963353
    },
    {
      "id": "8171de49-b965-48d7-86c7-83784f1a7b5b",
      "pid": "12948fed-9ed0-49b5-96e1-02e95a1e2408",
      "dblevel": 5,
      "location": "/VGMV/01_BaiGiang/MucsuNguyenThi/Nam2013/12012013NhapTheGi010118",
      "isVideo": true,
      "url": "01-bai-giang.muc-su-nguyen-thi.nam-2013.12012013-nhap-the-gi010118",
      "name": "12012013 Nhập Thể Gi010118",
      "count": 0,
      "isLeaf": null,
      "keyword": null,
      "hash": "",
      "khash": "U2FsdGVkX1+2FOrJFRgqcB8Os99WkjVJ7HSElXas2tYcGA+sfyy6gMTyBFCArDp/RI1N91Z+TMtO3Lf0vRPAeA==",
      "viewCount": null,
      "duration": "33:56",
      "size": 517521877
    },
    {
      "id": "376b65df-abc0-417c-9dd0-488e36480f4d",
      "pid": "12948fed-9ed0-49b5-96e1-02e95a1e2408",
      "dblevel": 5,
      "location": "/VGMV/01_BaiGiang/MucsuNguyenThi/Nam2013/12082013NhapThePhi020111",
      "isVideo": true,
      "url": "01-bai-giang.muc-su-nguyen-thi.nam-2013.12082013-nhap-the-phi020111",
      "name": "12082013 Nhập Thể Phi020111",
      "count": 0,
      "isLeaf": null,
      "keyword": null,
      "hash": "",
      "khash": "U2FsdGVkX18qXs4FdaZ01PZprkfrWW+tWd7rVzH70BGsFsYYotMLLjYkJJnC2DHtb+dYd45uXUhGuKtwbAdybQ==",
      "viewCount": null,
      "duration": "35:58",
      "size": 549121143
    },
    {
      "id": "e4491a3c-2224-45fb-b684-3ec45d412d9e",
      "pid": "12948fed-9ed0-49b5-96e1-02e95a1e2408",
      "dblevel": 5,
      "location": "/VGMV/01_BaiGiang/MucsuNguyenThi/Nam2013/12152013NhapCuocIGi0101-0202",
      "isVideo": true,
      "url": "01-bai-giang.muc-su-nguyen-thi.nam-2013.12152013-nhap-cuoc-igi0101-0202",
      "name": "12152013 Nhập Cuộc IGi0101-0202",
      "count": 0,
      "isLeaf": null,
      "keyword": null,
      "hash": "",
      "khash": "U2FsdGVkX180CEO3aOaHJBBT8gaxmjvba9fCg0WirOLx5rh2MaiY/XjiQ9wj5WDYnhcwQHPO5YidecNhRVF4ww==",
      "viewCount": null,
      "duration": "31:7",
      "size": 474913815
    }
  ]
}