{
  "id": "32ce4fd5-5472-4fa4-a00a-1465d0d1c284",
  "pid": "71832048-cb5a-498b-a6d9-9d1831fd437b",
  "dblevel": 4,
  "location": "/VGMV/01_BaiGiang/HocTheoChuDe/22-BaySuDiepDanhChoHoiThanhVaCoDocNhanTrongMoiThoiDai-MSLamHuuPhuc",
  "isVideo": true,
  "url": "01-bai-giang.hoc-theo-chu-de.22-bay-su-diep-danh-cho-hoi-thanh-va-co-doc-nhan-trong-moi-thoi-dai-ms-lam-huu-phuc",
  "name": "22-Bảy Sứ Điệp Dành Cho Hội Thánh Và Cơ Đốc Nhân Trong Mọi Thời Đại - MS Lâm Hữu Phúc",
  "count": 8,
  "isLeaf": true,
  "keyword": null,
  "hash": null,
  "khash": null,
  "viewCount": null,
  "duration": null,
  "size": null,
  "children": [
    {
      "id": "30807814-0b1e-496e-ae19-26711410f007",
      "pid": "32ce4fd5-5472-4fa4-a00a-1465d0d1c284",
      "dblevel": 5,
      "location": "/VGMV/01_BaiGiang/HocTheoChuDe/22-BaySuDiepDanhChoHoiThanhVaCoDocNhanTrongMoiThoiDai-MSLamHuuPhuc/01-ThuGuiHoiThanhE-phe-so",
      "isVideo": true,
      "url": "01-bai-giang.hoc-theo-chu-de.22-bay-su-diep-danh-cho-hoi-thanh-va-co-doc-nhan-trong-moi-thoi-dai-ms-lam-huu-phuc.01-thu-gui-hoi-thanh-e-phe-so",
      "name": "01-Thư Gửi Hội Thánh Ê-phê-sô",
      "count": 0,
      "isLeaf": null,
      "keyword": null,
      "hash": "U2FsdGVkX1/Vt8cFyVIv0rTvlZHiMsTG7NtJ/hUD1hVMxMGZfoHsJdHNnitmfSBJaP+Y6NTP79KBfSDWgB83kQ==",
      "khash": "U2FsdGVkX191YHPdztX7HxhBbaRHXCe5GaJhIlSdmx1BmBmgb2Ih0GowCT7P9bsErLgEe/Q3R3Z5ic9FT2ZafQ==",
      "viewCount": null,
      "duration": "56:50",
      "size": 1080217101
    },
    {
      "id": "ae7ac101-726c-4456-9fdb-1fa285b8e140",
      "pid": "32ce4fd5-5472-4fa4-a00a-1465d0d1c284",
      "dblevel": 5,
      "location": "/VGMV/01_BaiGiang/HocTheoChuDe/22-BaySuDiepDanhChoHoiThanhVaCoDocNhanTrongMoiThoiDai-MSLamHuuPhuc/02-ThuGuiHoiThanhSi-miec-no",
      "isVideo": true,
      "url": "01-bai-giang.hoc-theo-chu-de.22-bay-su-diep-danh-cho-hoi-thanh-va-co-doc-nhan-trong-moi-thoi-dai-ms-lam-huu-phuc.02-thu-gui-hoi-thanh-si-miec-no",
      "name": "02-Thư Gửi Hội Thánh Si-miệc-nơ",
      "count": 0,
      "isLeaf": null,
      "keyword": null,
      "hash": "U2FsdGVkX1+u9OEqN6XpUKqd1k3sWLQzAK3bgpfxKh9DvUSBJHdHliyvubj9PCnByz5/W2Q4BEoY34t4+OTBqQ==",
      "khash": "U2FsdGVkX185kfhCOc91wiORnHEzHsI2vEVtY+ULI3oSS4SOtTpyDFduFIQM24dhjdiAEfqdu/IAisovRY1ZlQ==",
      "viewCount": null,
      "duration": "63:2",
      "size": 1190362872
    },
    {
      "id": "f3e6a383-4e6f-4c37-9ca9-1543462d4031",
      "pid": "32ce4fd5-5472-4fa4-a00a-1465d0d1c284",
      "dblevel": 5,
      "location": "/VGMV/01_BaiGiang/HocTheoChuDe/22-BaySuDiepDanhChoHoiThanhVaCoDocNhanTrongMoiThoiDai-MSLamHuuPhuc/03-ThuGuiHoiThanhBet-gam",
      "isVideo": true,
      "url": "01-bai-giang.hoc-theo-chu-de.22-bay-su-diep-danh-cho-hoi-thanh-va-co-doc-nhan-trong-moi-thoi-dai-ms-lam-huu-phuc.03-thu-gui-hoi-thanh-bet-gam",
      "name": "03-Thư Gửi Hội Thánh Bẹt-găm",
      "count": 0,
      "isLeaf": null,
      "keyword": null,
      "hash": "U2FsdGVkX1/BNeuLNCnkmsd8P21TDQRe1QT8E+27Jx9+ROQMvnky+7glD6dHkVNtsKOqLrGoEaNZpUaU51uuAA==",
      "khash": "U2FsdGVkX192WdB/OwUyQsooHPirZwWadCs0HliWefT21L/rIiVT7ryp+dO2y0ruA95cOkSH2/VIqd0nQFcKeQ==",
      "viewCount": null,
      "duration": "67:9",
      "size": 1269015552
    },
    {
      "id": "1dd87e48-4b4a-4f4c-9771-9037476f6dce",
      "pid": "32ce4fd5-5472-4fa4-a00a-1465d0d1c284",
      "dblevel": 5,
      "location": "/VGMV/01_BaiGiang/HocTheoChuDe/22-BaySuDiepDanhChoHoiThanhVaCoDocNhanTrongMoiThoiDai-MSLamHuuPhuc/04-ThuGuiHoiThanhThi-a-ti-ro",
      "isVideo": true,
      "url": "01-bai-giang.hoc-theo-chu-de.22-bay-su-diep-danh-cho-hoi-thanh-va-co-doc-nhan-trong-moi-thoi-dai-ms-lam-huu-phuc.04-thu-gui-hoi-thanh-thi-a-ti-ro",
      "name": "04-Thư Gửi Hội Thánh Thi-a-ti-rơ",
      "count": 0,
      "isLeaf": null,
      "keyword": null,
      "hash": "U2FsdGVkX1/ZSv8DjPV8K8nbCDSSs0Zt6snG8W7fbKx++oiFSQjrDaqGgPQpwzW9ABc8RYT30LKijNKqyU9SaA==",
      "khash": "U2FsdGVkX18oQJNiSs+PH0wjHkJ3qlEXMIick3vPudgYrpdpnZhGl1hYjgvBm7beGJRXzE8OcIW4WAeIeqCFbQ==",
      "viewCount": null,
      "duration": "69:52",
      "size": 1326107823
    },
    {
      "id": "998999ee-aa5b-48e0-b1c7-a9eeffeef0f1",
      "pid": "32ce4fd5-5472-4fa4-a00a-1465d0d1c284",
      "dblevel": 5,
      "location": "/VGMV/01_BaiGiang/HocTheoChuDe/22-BaySuDiepDanhChoHoiThanhVaCoDocNhanTrongMoiThoiDai-MSLamHuuPhuc/05-ThuGuiHoiThanhSat-de",
      "isVideo": true,
      "url": "01-bai-giang.hoc-theo-chu-de.22-bay-su-diep-danh-cho-hoi-thanh-va-co-doc-nhan-trong-moi-thoi-dai-ms-lam-huu-phuc.05-thu-gui-hoi-thanh-sat-de",
      "name": "05-Thư Gửi Hội Thánh Sạt-đe",
      "count": 0,
      "isLeaf": null,
      "keyword": null,
      "hash": "U2FsdGVkX1/mN9A5ajjn/42NSJnAvrAYDkqsrJvwKMSJGY9bkoNHhGIypAHBZ2XcZEGUrw5EG1/VPIKo2xjs/A==",
      "khash": "U2FsdGVkX1/2+ehsr9yR3Tlu8bBfVKEgaMCZ+LeKHf6W/7Qpw7+/3HlCCT/VLDkAhes7M5avhtAFZgRulm+KCg==",
      "viewCount": null,
      "duration": "63:29",
      "size": 1189123200
    },
    {
      "id": "75740f93-cbd1-4712-a5a0-b3c06d14d748",
      "pid": "32ce4fd5-5472-4fa4-a00a-1465d0d1c284",
      "dblevel": 5,
      "location": "/VGMV/01_BaiGiang/HocTheoChuDe/22-BaySuDiepDanhChoHoiThanhVaCoDocNhanTrongMoiThoiDai-MSLamHuuPhuc/06-ThuGuiHoiThanhPhi-la-den-phi",
      "isVideo": true,
      "url": "01-bai-giang.hoc-theo-chu-de.22-bay-su-diep-danh-cho-hoi-thanh-va-co-doc-nhan-trong-moi-thoi-dai-ms-lam-huu-phuc.06-thu-gui-hoi-thanh-phi-la-den-phi",
      "name": "06-Thư Gửi Hội Thánh Phi-la-đen-phi",
      "count": 0,
      "isLeaf": null,
      "keyword": null,
      "hash": "U2FsdGVkX18waYn6ioYaBniOQuo3Evmxjkxfgwqe5cU63ZMtH6FbdixNX0s3yEkbZdKAG2LbW4KEcqt3S2jYfA==",
      "khash": "U2FsdGVkX1/1S8PE0mF1ccviphEfeM/zvSeljvg9FJs1IKac42m9CahjnuWlUnoF14ryZxYz9XHampPskRCM2Q==",
      "viewCount": null,
      "duration": "63:45",
      "size": 1203651452
    },
    {
      "id": "14f618eb-8bfa-4439-a5a3-a51d33700442",
      "pid": "32ce4fd5-5472-4fa4-a00a-1465d0d1c284",
      "dblevel": 5,
      "location": "/VGMV/01_BaiGiang/HocTheoChuDe/22-BaySuDiepDanhChoHoiThanhVaCoDocNhanTrongMoiThoiDai-MSLamHuuPhuc/07-ThuGuiHoiThanhLao-di-xe",
      "isVideo": true,
      "url": "01-bai-giang.hoc-theo-chu-de.22-bay-su-diep-danh-cho-hoi-thanh-va-co-doc-nhan-trong-moi-thoi-dai-ms-lam-huu-phuc.07-thu-gui-hoi-thanh-lao-di-xe",
      "name": "07-Thư Gửi Hội Thánh Lao-đi-xê",
      "count": 0,
      "isLeaf": null,
      "keyword": null,
      "hash": "U2FsdGVkX1/JYk0haebjWZNwkCwQmOWmDP8PT/WPJ+WxbxbUrnr9fXSAUrccZb9nY0JGTJBXNZDGyPWho42l3w==",
      "khash": "U2FsdGVkX19we7MOWSPG1xkWZC38tq2H9qKZR2aUZr0U5rIr3hBKubJGmE6jBARWv+JdBKpMNlcWqrN5a4cS4g==",
      "viewCount": null,
      "duration": "66:27",
      "size": 1253153996
    },
    {
      "id": "37331b50-991d-40f2-b162-dae44d92ba62",
      "pid": "32ce4fd5-5472-4fa4-a00a-1465d0d1c284",
      "dblevel": 5,
      "location": "/VGMV/01_BaiGiang/HocTheoChuDe/22-BaySuDiepDanhChoHoiThanhVaCoDocNhanTrongMoiThoiDai-MSLamHuuPhuc/08-On7BucThuguiCacHoiThanh",
      "isVideo": true,
      "url": "01-bai-giang.hoc-theo-chu-de.22-bay-su-diep-danh-cho-hoi-thanh-va-co-doc-nhan-trong-moi-thoi-dai-ms-lam-huu-phuc.08-on-7-buc-thu-gui-cac-hoi-thanh",
      "name": "08-Ôn 7 Bức Thư gửi Các Hội Thánh",
      "count": 0,
      "isLeaf": null,
      "keyword": null,
      "hash": "U2FsdGVkX18JSkJEKx1laUT0kBWniqG5gpZ+yJiHWNzT09ckJuYd2JDr1e6ym0x70TiAMztKmGfcWUM/lh+Uig==",
      "khash": "U2FsdGVkX1/F2FpXxXp16iaBWoEh1W/aI9vWKQpm4nX7qVlqJV5N9fvP4I2URkeoBcOd8VTRXHYrAPlu/tmgmw==",
      "viewCount": null,
      "duration": "47:43",
      "size": 901490971
    }
  ]
}