{
  "id": "7425d2e4-7b21-4644-a273-76b48fdb3882",
  "pid": "418791c8-58d8-464d-8d6a-263831368705",
  "dblevel": 5,
  "location": "/VGMV/01_BaiGiang/HocTheoSachTrongKinhThanh/TimHieuThanhKinh/THTK56-ThuTit",
  "isVideo": true,
  "url": "01-bai-giang.hoc-theo-sach-trong-kinh-thanh.tim-hieu-thanh-kinh.thtk56-thu-tit",
  "name": "THTK56-Thư Tít",
  "count": 6,
  "isLeaf": true,
  "keyword": null,
  "hash": null,
  "khash": null,
  "viewCount": null,
  "duration": null,
  "size": null,
  "children": [
    {
      "id": "d03735dd-f0ed-41b4-a86a-5f2da12801cc",
      "pid": "7425d2e4-7b21-4644-a273-76b48fdb3882",
      "dblevel": 6,
      "location": "/VGMV/01_BaiGiang/HocTheoSachTrongKinhThanh/TimHieuThanhKinh/THTK56-ThuTit/Tit01",
      "isVideo": true,
      "url": "01-bai-giang.hoc-theo-sach-trong-kinh-thanh.tim-hieu-thanh-kinh.thtk56-thu-tit.tit-01",
      "name": "Tít 01",
      "count": 0,
      "isLeaf": null,
      "keyword": null,
      "hash": "U2FsdGVkX18pz2PJu6zaNjOBZ+lYQJQn5JkLTehO2YMaCn7IaddK8tsQQRFbyYPXoLSuLRRVIqM+I/C/E7kosA==",
      "khash": "U2FsdGVkX1+F6WLvnpLl/PCpHxkOZUryKxyEbiAADCMil82N/gfoO2vCyzh1Wiuw6nSgvj6jZOauGQ2zO91nQw==",
      "viewCount": null,
      "duration": "19:28",
      "size": 571316942
    },
    {
      "id": "55f9b029-48cc-4b6c-8fcb-6424221906e6",
      "pid": "7425d2e4-7b21-4644-a273-76b48fdb3882",
      "dblevel": 6,
      "location": "/VGMV/01_BaiGiang/HocTheoSachTrongKinhThanh/TimHieuThanhKinh/THTK56-ThuTit/Tit02",
      "isVideo": true,
      "url": "01-bai-giang.hoc-theo-sach-trong-kinh-thanh.tim-hieu-thanh-kinh.thtk56-thu-tit.tit-02",
      "name": "Tít 02",
      "count": 0,
      "isLeaf": null,
      "keyword": null,
      "hash": "U2FsdGVkX1/a9vyrtNitdMuQkirjxBKaLkrniWp79AFcPt178/ss58CenBy3sw2up2Q+ZhefNDfRD5yN2ED5jQ==",
      "khash": "U2FsdGVkX19npXrHt0xCWJv2curU8QmR3kQrwxkuRShhAh/h3+frbmXsw/6uT9rbdrV08QTx/3atdefHfv4JsA==",
      "viewCount": null,
      "duration": "30:59",
      "size": 908572113
    },
    {
      "id": "c1c8de41-744b-43c9-8895-f4e36da15874",
      "pid": "7425d2e4-7b21-4644-a273-76b48fdb3882",
      "dblevel": 6,
      "location": "/VGMV/01_BaiGiang/HocTheoSachTrongKinhThanh/TimHieuThanhKinh/THTK56-ThuTit/Tit03",
      "isVideo": true,
      "url": "01-bai-giang.hoc-theo-sach-trong-kinh-thanh.tim-hieu-thanh-kinh.thtk56-thu-tit.tit-03",
      "name": "Tít 03",
      "count": 0,
      "isLeaf": null,
      "keyword": null,
      "hash": "U2FsdGVkX19Uivtj7tS+T+V0MdU+MJwGKjYKmUue16DCdsqyIQHUb6ACcDW5Z/Lp0eiBfqPSW7HHOgzhPSIxkg==",
      "khash": "U2FsdGVkX1913rYgblUBNmwqcbYxlI2mDlXAfcTGlpRf8DVWx3ITzCveQbtI2N7OConucKbPoHylx7Hmv2QpZw==",
      "viewCount": null,
      "duration": "26:45",
      "size": 793805630
    },
    {
      "id": "baebec09-9ec3-4374-a637-b722e4c739c3",
      "pid": "7425d2e4-7b21-4644-a273-76b48fdb3882",
      "dblevel": 6,
      "location": "/VGMV/01_BaiGiang/HocTheoSachTrongKinhThanh/TimHieuThanhKinh/THTK56-ThuTit/Tit04",
      "isVideo": true,
      "url": "01-bai-giang.hoc-theo-sach-trong-kinh-thanh.tim-hieu-thanh-kinh.thtk56-thu-tit.tit-04",
      "name": "Tít 04",
      "count": 0,
      "isLeaf": null,
      "keyword": null,
      "hash": "U2FsdGVkX19px6UGkTdLH1OP5p7uxEmeXGF9iEt0ogUGi8RASjZ6OKdYjKno1CldHxhN5WdAPRaIeJN4dwB+mg==",
      "khash": "U2FsdGVkX19xgfxw01QuZjFzdPV2LDak7fgJ3JyXmOc6Sv6NX060kSimpv8ssUa368ejD2WvPjZ2Rm0wlLct/g==",
      "viewCount": null,
      "duration": "28:17",
      "size": 832627975
    },
    {
      "id": "d1ac7398-abd8-46d3-a325-ebbdc7e4d656",
      "pid": "7425d2e4-7b21-4644-a273-76b48fdb3882",
      "dblevel": 6,
      "location": "/VGMV/01_BaiGiang/HocTheoSachTrongKinhThanh/TimHieuThanhKinh/THTK56-ThuTit/Tit05",
      "isVideo": true,
      "url": "01-bai-giang.hoc-theo-sach-trong-kinh-thanh.tim-hieu-thanh-kinh.thtk56-thu-tit.tit-05",
      "name": "Tít 05",
      "count": 0,
      "isLeaf": null,
      "keyword": null,
      "hash": "U2FsdGVkX182Pm4YboNMBMx5GKaT4Q3EZxJatoiR1cUjEkCFMPzveo+WcVb2P16BINwDQ2+Dc2T8E3YRTgnNPQ==",
      "khash": "U2FsdGVkX18nikLqNXrNfV5run3y8J1W1Rrsum3e1Og8mrC8b5Cza3iFyRXh7wer4socgtFb6NY/iV/Cmkk33Q==",
      "viewCount": null,
      "duration": "30:18",
      "size": 891152109
    },
    {
      "id": "b82e8ad1-560a-474f-842f-52dfdf8b9a92",
      "pid": "7425d2e4-7b21-4644-a273-76b48fdb3882",
      "dblevel": 6,
      "location": "/VGMV/01_BaiGiang/HocTheoSachTrongKinhThanh/TimHieuThanhKinh/THTK56-ThuTit/Tit06",
      "isVideo": true,
      "url": "01-bai-giang.hoc-theo-sach-trong-kinh-thanh.tim-hieu-thanh-kinh.thtk56-thu-tit.tit-06",
      "name": "Tít 06",
      "count": 0,
      "isLeaf": null,
      "keyword": null,
      "hash": "U2FsdGVkX18OnGxdxvLOaYhTxsHyCsoKvhyzWDS3VTKKBLMBaXzo+9J8/QN+LmymtzP3Wb6LMa3gOIc2lKrF1A==",
      "khash": "U2FsdGVkX18XWRzLfUULFJqgY20VgYZ/jX1g5RoQo+Lybf6t8mmGipSjAztGAybZ/QiGRQo3p+gY4rudR3R4yA==",
      "viewCount": null,
      "duration": "32:25",
      "size": 954641765
    }
  ]
}