{
  "id": "0988cf42-c6da-44ec-9d62-067d087afc6e",
  "pid": "71832048-cb5a-498b-a6d9-9d1831fd437b",
  "dblevel": 4,
  "location": "/VGMV/01_BaiGiang/HocTheoChuDe/18-NhungCauChuyenViDaiNhatTungDuocKe",
  "isVideo": true,
  "url": "01-bai-giang.hoc-theo-chu-de.18-nhung-cau-chuyen-vi-dai-nhat-tung-duoc-ke",
  "name": "18-Những Câu Chuyện Vĩ Đại Nhất Từng Được Kể",
  "count": 11,
  "isLeaf": true,
  "keyword": null,
  "hash": null,
  "khash": null,
  "viewCount": null,
  "duration": null,
  "size": null,
  "children": [
    {
      "id": "23f1ee23-4e75-4d08-beb3-6ae9fd573d0f",
      "pid": "0988cf42-c6da-44ec-9d62-067d087afc6e",
      "dblevel": 5,
      "location": "/VGMV/01_BaiGiang/HocTheoChuDe/18-NhungCauChuyenViDaiNhatTungDuocKe/NhungCauChuyenViDaiNhatTungDuocKe-01",
      "isVideo": true,
      "url": "01-bai-giang.hoc-theo-chu-de.18-nhung-cau-chuyen-vi-dai-nhat-tung-duoc-ke.nhung-cau-chuyen-vi-dai-nhat-tung-duoc-ke-01",
      "name": "Những Câu Chuyện Vĩ Đại Nhất Từng Được Kể-01",
      "count": 0,
      "isLeaf": null,
      "keyword": null,
      "hash": "U2FsdGVkX18blGcDC2SrPLSS5o+oD7CzzFCLbnBTg14AWo6EtAT9m1JiilwP+FULepX6Cm3odcH4/heVSdcBYw==",
      "khash": "U2FsdGVkX1+EVGUORpr4+HtgbpAGEcT+NCla9xlPPLcQtfpACRQ7j7oNpQ+M4BoolyLisoesHp2a+w17jldjDQ==",
      "viewCount": null,
      "duration": "28:35",
      "size": 350343569
    },
    {
      "id": "df297b2f-e068-4484-8380-b10221386dc2",
      "pid": "0988cf42-c6da-44ec-9d62-067d087afc6e",
      "dblevel": 5,
      "location": "/VGMV/01_BaiGiang/HocTheoChuDe/18-NhungCauChuyenViDaiNhatTungDuocKe/NhungCauChuyenViDaiNhatTungDuocKe-02",
      "isVideo": true,
      "url": "01-bai-giang.hoc-theo-chu-de.18-nhung-cau-chuyen-vi-dai-nhat-tung-duoc-ke.nhung-cau-chuyen-vi-dai-nhat-tung-duoc-ke-02",
      "name": "Những Câu Chuyện Vĩ Đại Nhất Từng Được Kể-02",
      "count": 0,
      "isLeaf": null,
      "keyword": null,
      "hash": "U2FsdGVkX1+mvqlg5nCpTsSYQF+87IiuhzToFZ4yQvzaTH5RHKFckehXiihZeTXHx3PTVxm/5KV7ovaVvh+JNQ==",
      "khash": "U2FsdGVkX1/og8Xh1TqP9zIOLtCYBSstklV34XwBcid1D8KZv9Z7pI/7+yIpcqBIYRTf8AoGmJg9IiLLLSRgVQ==",
      "viewCount": null,
      "duration": "40:35",
      "size": 498419015
    },
    {
      "id": "39554ca5-132e-4dfc-94a9-71de8b6989ba",
      "pid": "0988cf42-c6da-44ec-9d62-067d087afc6e",
      "dblevel": 5,
      "location": "/VGMV/01_BaiGiang/HocTheoChuDe/18-NhungCauChuyenViDaiNhatTungDuocKe/NhungCauChuyenViDaiNhatTungDuocKe-03",
      "isVideo": true,
      "url": "01-bai-giang.hoc-theo-chu-de.18-nhung-cau-chuyen-vi-dai-nhat-tung-duoc-ke.nhung-cau-chuyen-vi-dai-nhat-tung-duoc-ke-03",
      "name": "Những Câu Chuyện Vĩ Đại Nhất Từng Được Kể-03",
      "count": 0,
      "isLeaf": null,
      "keyword": null,
      "hash": "U2FsdGVkX1+eGFsdY1P0fiuKV5h3D1Bt7lNDPZ+GWHUIR6WCTAOfzPyFRsBIkUfvrybIJRrAptFZZ29gLlJlog==",
      "khash": "U2FsdGVkX18D4V8LQSxOaoM+7KwEtqFpLB5u3NSfb6kOlkqxTGeAHENNrzOvHSYcm9kpAzbe1cB5mhhaiOaA7g==",
      "viewCount": null,
      "duration": "40:26",
      "size": 496859492
    },
    {
      "id": "5b6be13f-b1c5-4b17-b44e-1029d874f0ff",
      "pid": "0988cf42-c6da-44ec-9d62-067d087afc6e",
      "dblevel": 5,
      "location": "/VGMV/01_BaiGiang/HocTheoChuDe/18-NhungCauChuyenViDaiNhatTungDuocKe/NhungCauChuyenViDaiNhatTungDuocKe-04",
      "isVideo": true,
      "url": "01-bai-giang.hoc-theo-chu-de.18-nhung-cau-chuyen-vi-dai-nhat-tung-duoc-ke.nhung-cau-chuyen-vi-dai-nhat-tung-duoc-ke-04",
      "name": "Những Câu Chuyện Vĩ Đại Nhất Từng Được Kể-04",
      "count": 0,
      "isLeaf": null,
      "keyword": null,
      "hash": "U2FsdGVkX1/OmTmYdwwmIp0mgNQ1Em2m+LODZFLScTQjZSWyuaUZRQrGzHBI/Q5yoHlbFwtHcTVXkOCwBbxzBg==",
      "khash": "U2FsdGVkX19yFGX+t1oxBz70OU8aS7Xu1/ltIvl5eitTuezyUT3ddF0JktP0GyA1yjzyMsBIB1JjKxQgaScAmA==",
      "viewCount": null,
      "duration": "34:56",
      "size": 430067622
    },
    {
      "id": "6446c52f-4b59-45e3-9820-2e248c9a162f",
      "pid": "0988cf42-c6da-44ec-9d62-067d087afc6e",
      "dblevel": 5,
      "location": "/VGMV/01_BaiGiang/HocTheoChuDe/18-NhungCauChuyenViDaiNhatTungDuocKe/NhungCauChuyenViDaiNhatTungDuocKe-05",
      "isVideo": true,
      "url": "01-bai-giang.hoc-theo-chu-de.18-nhung-cau-chuyen-vi-dai-nhat-tung-duoc-ke.nhung-cau-chuyen-vi-dai-nhat-tung-duoc-ke-05",
      "name": "Những Câu Chuyện Vĩ Đại Nhất Từng Được Kể-05",
      "count": 0,
      "isLeaf": null,
      "keyword": null,
      "hash": "U2FsdGVkX1/DG+t1yElXkRm/bWCe2aeZM05G/dIki1ZYmehvYUTbIfUqCBORPfye9huiJuXmjia6pwt9tNKRIg==",
      "khash": "U2FsdGVkX1/MsetSRWwQPUNYBPozGg1i1TuGID9B5wCLh47vYwCVpdi6T+gm84gocXt3Sfj6csKezGuPIajFKA==",
      "viewCount": null,
      "duration": "24:51",
      "size": 306025773
    },
    {
      "id": "3a9169e6-b430-44ad-b281-6fb723ed5a9b",
      "pid": "0988cf42-c6da-44ec-9d62-067d087afc6e",
      "dblevel": 5,
      "location": "/VGMV/01_BaiGiang/HocTheoChuDe/18-NhungCauChuyenViDaiNhatTungDuocKe/NhungCauChuyenViDaiNhatTungDuocKe-06",
      "isVideo": true,
      "url": "01-bai-giang.hoc-theo-chu-de.18-nhung-cau-chuyen-vi-dai-nhat-tung-duoc-ke.nhung-cau-chuyen-vi-dai-nhat-tung-duoc-ke-06",
      "name": "Những Câu Chuyện Vĩ Đại Nhất Từng Được Kể-06",
      "count": 0,
      "isLeaf": null,
      "keyword": null,
      "hash": "U2FsdGVkX1+6o2b0lBcS4FMbJyxrKMoKd5FM3cvbb81X7Bj2eNmLLBvYA2GQAUfpyKrP8v/ZMkduowkT8Awq5w==",
      "khash": "U2FsdGVkX19zr43ou2l40I4uVEBRYQ+LRE7PybV12A12dCZTYxljjUaTCSYBFrMi1q2uX2mDy+Bl4H1IhG+rbg==",
      "viewCount": null,
      "duration": "33:25",
      "size": 411404350
    },
    {
      "id": "c9ae66cd-e150-4d79-acdf-d89b8dc9d6ed",
      "pid": "0988cf42-c6da-44ec-9d62-067d087afc6e",
      "dblevel": 5,
      "location": "/VGMV/01_BaiGiang/HocTheoChuDe/18-NhungCauChuyenViDaiNhatTungDuocKe/NhungCauChuyenViDaiNhatTungDuocKe-07",
      "isVideo": true,
      "url": "01-bai-giang.hoc-theo-chu-de.18-nhung-cau-chuyen-vi-dai-nhat-tung-duoc-ke.nhung-cau-chuyen-vi-dai-nhat-tung-duoc-ke-07",
      "name": "Những Câu Chuyện Vĩ Đại Nhất Từng Được Kể-07",
      "count": 0,
      "isLeaf": null,
      "keyword": null,
      "hash": "U2FsdGVkX18Lynzmxk/b/S21sDy7bogmHMasQZMKhf8s4APg7SwGB1XgjbiqbGWbdsykUE+NDmLsyJNHseFWGQ==",
      "khash": "U2FsdGVkX18i4V0NT0PB2wqp8U7MdIKXIjPzHUUni0FH4s0yL99CJcSLmQy3uPJgSiJtCjW4Of7mN2C/ziQ2yQ==",
      "viewCount": null,
      "duration": "35:22",
      "size": 431871648
    },
    {
      "id": "5c433d36-550c-4ea5-aac0-4acc85259664",
      "pid": "0988cf42-c6da-44ec-9d62-067d087afc6e",
      "dblevel": 5,
      "location": "/VGMV/01_BaiGiang/HocTheoChuDe/18-NhungCauChuyenViDaiNhatTungDuocKe/NhungCauChuyenViDaiNhatTungDuocKe-08",
      "isVideo": true,
      "url": "01-bai-giang.hoc-theo-chu-de.18-nhung-cau-chuyen-vi-dai-nhat-tung-duoc-ke.nhung-cau-chuyen-vi-dai-nhat-tung-duoc-ke-08",
      "name": "Những Câu Chuyện Vĩ Đại Nhất Từng Được Kể-08",
      "count": 0,
      "isLeaf": null,
      "keyword": null,
      "hash": "U2FsdGVkX1+JfdGHJ9zK1cV/Dt4sfnv+Ak7diu9QvDG1MsDU3Y20du7qM5LTUDsdwsFOG9GdMwegv2eUbCo/cw==",
      "khash": "U2FsdGVkX18UXhQ6S63NyXbrn5c2je4AwtNmMriATAIxhFlmgcsmxvAmuBd4xmMmWmnqmMEZw/OXKS9jLGI8FA==",
      "viewCount": null,
      "duration": "41:55",
      "size": 512997454
    },
    {
      "id": "866f6b90-b448-4567-a74c-b33b3e62f328",
      "pid": "0988cf42-c6da-44ec-9d62-067d087afc6e",
      "dblevel": 5,
      "location": "/VGMV/01_BaiGiang/HocTheoChuDe/18-NhungCauChuyenViDaiNhatTungDuocKe/NhungCauChuyenViDaiNhatTungDuocKe-09",
      "isVideo": true,
      "url": "01-bai-giang.hoc-theo-chu-de.18-nhung-cau-chuyen-vi-dai-nhat-tung-duoc-ke.nhung-cau-chuyen-vi-dai-nhat-tung-duoc-ke-09",
      "name": "Những Câu Chuyện Vĩ Đại Nhất Từng Được Kể-09",
      "count": 0,
      "isLeaf": null,
      "keyword": null,
      "hash": "U2FsdGVkX19lNC0VNlsLTitDljHMPHRNddMQDuqNAKcCTeE+mnnZ9PZAVtGW/q2D3uIs2h3TyrTZuyvD9yMRiw==",
      "khash": "U2FsdGVkX1/KujRaNL15y/srb5/xERw6+CgyvRgGvOz676uQoCVzHhvr097XPr+yJzRYpCGQAGNXcmL/c7ixJQ==",
      "viewCount": null,
      "duration": "34:26",
      "size": 423631355
    },
    {
      "id": "8d27f1f1-c0fa-4f6e-9028-199e1ec3dc34",
      "pid": "0988cf42-c6da-44ec-9d62-067d087afc6e",
      "dblevel": 5,
      "location": "/VGMV/01_BaiGiang/HocTheoChuDe/18-NhungCauChuyenViDaiNhatTungDuocKe/NhungCauChuyenViDaiNhatTungDuocKe-10",
      "isVideo": true,
      "url": "01-bai-giang.hoc-theo-chu-de.18-nhung-cau-chuyen-vi-dai-nhat-tung-duoc-ke.nhung-cau-chuyen-vi-dai-nhat-tung-duoc-ke-10",
      "name": "Những Câu Chuyện Vĩ Đại Nhất Từng Được Kể-10",
      "count": 0,
      "isLeaf": null,
      "keyword": null,
      "hash": "U2FsdGVkX1+DQ2gvFkImQFnJjOoGwJbCvvYYZJD2K290zKNT44YaTBI20GADX5Zp9iZosCoJCX0ZFAk9/vsBog==",
      "khash": "U2FsdGVkX18A4/TYAbgWYyVRrhi/VH3CcxH5D1lqxh5wREG4vC1j6ZDW492k5/6jcvdENExwK0smY37E1Izczg==",
      "viewCount": null,
      "duration": "33:7",
      "size": 407675069
    },
    {
      "id": "cc77796f-2658-424c-a082-5d9f4cf6c901",
      "pid": "0988cf42-c6da-44ec-9d62-067d087afc6e",
      "dblevel": 5,
      "location": "/VGMV/01_BaiGiang/HocTheoChuDe/18-NhungCauChuyenViDaiNhatTungDuocKe/NhungCauChuyenViDaiNhatTungDuocKe-11",
      "isVideo": true,
      "url": "01-bai-giang.hoc-theo-chu-de.18-nhung-cau-chuyen-vi-dai-nhat-tung-duoc-ke.nhung-cau-chuyen-vi-dai-nhat-tung-duoc-ke-11",
      "name": "Những Câu Chuyện Vĩ Đại Nhất Từng Được Kể-11",
      "count": 0,
      "isLeaf": null,
      "keyword": null,
      "hash": "U2FsdGVkX1/zZuZWstUVZVJ7zWWG+YKXYrbEKQqrUTnNPAX4T2wk7gYM90NYsShfO1WVupcdS5uS8HRGkMye3A==",
      "khash": "U2FsdGVkX1/hPkSxC5CujZ8br1nyvUvpXRzUF5d82cFQ1zqJW36tKUk2CEKNzTiB5VSnw0e9ooPxWI3fE70asQ==",
      "viewCount": null,
      "duration": "32:7",
      "size": 392239282
    }
  ]
}