{
  "id": "aafff1f2-ed52-45da-b0db-22bc45041ab9",
  "pid": "71832048-cb5a-498b-a6d9-9d1831fd437b",
  "dblevel": 4,
  "location": "/VGMV/01_BaiGiang/HocTheoChuDe/17-SongDeoDuoiMucDich",
  "isVideo": true,
  "url": "01-bai-giang.hoc-theo-chu-de.17-song-deo-duoi-muc-dich",
  "name": "17-Sống Đeo Đuổi Mục Đích",
  "count": 25,
  "isLeaf": true,
  "keyword": null,
  "hash": null,
  "khash": null,
  "viewCount": null,
  "duration": null,
  "size": null,
  "children": [
    {
      "id": "a9371e95-150e-401a-ae4e-301aa3b5fb4a",
      "pid": "aafff1f2-ed52-45da-b0db-22bc45041ab9",
      "dblevel": 5,
      "location": "/VGMV/01_BaiGiang/HocTheoChuDe/17-SongDeoDuoiMucDich/01_ChonLuaSaiLam-P1",
      "isVideo": true,
      "url": "01-bai-giang.hoc-theo-chu-de.17-song-deo-duoi-muc-dich.01-chon-lua-sai-lam-p1",
      "name": "01_Chọn Lựa Sai Lầm-P1",
      "count": 0,
      "isLeaf": null,
      "keyword": null,
      "hash": "U2FsdGVkX1/eHgane6ESVQGMwl9W3GhDRhvZDSnJjB+1VzMVlZ8lEUMC38qaf0Am+HogaN+PSCsGZLRQdQTWPg==",
      "khash": "U2FsdGVkX1/R/BzD6PCZMWehmhfYd/vzHebdJNrLkEi/olXeN6IrGuKyDL4OgJ/rsj+E10GW+JvfngTa6t/F6Q==",
      "viewCount": null,
      "duration": "46:14",
      "size": 1362532658
    },
    {
      "id": "26b03ce8-70e4-4a38-b1dd-3081c2d6f7e0",
      "pid": "aafff1f2-ed52-45da-b0db-22bc45041ab9",
      "dblevel": 5,
      "location": "/VGMV/01_BaiGiang/HocTheoChuDe/17-SongDeoDuoiMucDich/02_ChonLuaSaiLam-P2",
      "isVideo": true,
      "url": "01-bai-giang.hoc-theo-chu-de.17-song-deo-duoi-muc-dich.02-chon-lua-sai-lam-p2",
      "name": "02_Chọn Lựa Sai Lầm-P2",
      "count": 0,
      "isLeaf": null,
      "keyword": null,
      "hash": "U2FsdGVkX1+ajOHSWA7XBUIA0yreMMP0wbZ/sK6skxWZbWNWvLjoIReVXocr6lCPSQTFBa2lfUrDK96O5JSXrA==",
      "khash": "U2FsdGVkX19PLMBhyIxW2+FJa+QI7x8ACaT8sDUJDcP3B6INKTSk2jyJbZY5Y2jO6Zn5rwKFOoFL0im2ikkRhA==",
      "viewCount": null,
      "duration": "33:10",
      "size": 983896296
    },
    {
      "id": "112145bf-6d9c-4e45-898d-fac20e3bb876",
      "pid": "aafff1f2-ed52-45da-b0db-22bc45041ab9",
      "dblevel": 5,
      "location": "/VGMV/01_BaiGiang/HocTheoChuDe/17-SongDeoDuoiMucDich/03_NhanDienKeLacDuong",
      "isVideo": true,
      "url": "01-bai-giang.hoc-theo-chu-de.17-song-deo-duoi-muc-dich.03-nhan-dien-ke-lac-duong",
      "name": "03_Nhận Diện Kẻ Lạc Đường",
      "count": 0,
      "isLeaf": null,
      "keyword": null,
      "hash": "U2FsdGVkX19u/KTvhNoMbWusyCHMzcCQAd5J3i1gpK5fUlC5Me1BGxirDI1zP129zRKUS3WpIwM3+FSh5Ao04A==",
      "khash": "U2FsdGVkX1/xfK7K3qgJ9nFP4FQS98LBM9biQlfc7gVKiENGZagBmS9932nTFudbbR8eUj1QLophduy3ZnBBaw==",
      "viewCount": null,
      "duration": "46:39",
      "size": 1380893498
    },
    {
      "id": "0c268c2e-b7b3-4621-a0c7-3d7d0371828a",
      "pid": "aafff1f2-ed52-45da-b0db-22bc45041ab9",
      "dblevel": 5,
      "location": "/VGMV/01_BaiGiang/HocTheoChuDe/17-SongDeoDuoiMucDich/04_XacDinhMucDichSong-P1",
      "isVideo": true,
      "url": "01-bai-giang.hoc-theo-chu-de.17-song-deo-duoi-muc-dich.04-xac-dinh-muc-dich-song-p1",
      "name": "04_Xác Định Mục Đích Sống-P1",
      "count": 0,
      "isLeaf": null,
      "keyword": null,
      "hash": "U2FsdGVkX1/kYirpyauHn2+2DRf4Yk898HTiLdqQTaM4OOr+2vM6SU78xfFrBTk51KOtrYZjx02tJUFWAJeSmw==",
      "khash": "U2FsdGVkX181O+PQHP09xaNclUid3VO58Hf8RAry7CPtrmwBCI31KWEo41YKqW4pp81hn7cYoVwWWc5EN69N3w==",
      "viewCount": null,
      "duration": "29:14",
      "size": 865812008
    },
    {
      "id": "c5a98449-e757-42e8-944a-7195ffd96229",
      "pid": "aafff1f2-ed52-45da-b0db-22bc45041ab9",
      "dblevel": 5,
      "location": "/VGMV/01_BaiGiang/HocTheoChuDe/17-SongDeoDuoiMucDich/05_XacDinhMucDichSong-P2",
      "isVideo": true,
      "url": "01-bai-giang.hoc-theo-chu-de.17-song-deo-duoi-muc-dich.05-xac-dinh-muc-dich-song-p2",
      "name": "05_Xác Định Mục Đích Sống-P2",
      "count": 0,
      "isLeaf": null,
      "keyword": null,
      "hash": "U2FsdGVkX19iKPYYGAm0W6yltKNXzzeYYZNSTTo/P4ykWUdGupzZYqwvkmHxbMP/nWvCQOouudwRYZEA0gbixQ==",
      "khash": "U2FsdGVkX18luMSItezXZaJAaCAiRL2CDDRq7qwmI95hvNNIcisC4KdyITNXuHkUySI/erSpXH9KMG7ZF00P5Q==",
      "viewCount": null,
      "duration": "40:49",
      "size": 1205246067
    },
    {
      "id": "7085a189-5103-4632-8026-581ff7de95d6",
      "pid": "aafff1f2-ed52-45da-b0db-22bc45041ab9",
      "dblevel": 5,
      "location": "/VGMV/01_BaiGiang/HocTheoChuDe/17-SongDeoDuoiMucDich/06_XacDinhMucDichSong-P3",
      "isVideo": true,
      "url": "01-bai-giang.hoc-theo-chu-de.17-song-deo-duoi-muc-dich.06-xac-dinh-muc-dich-song-p3",
      "name": "06_Xác Định Mục Đích Sống-P3",
      "count": 0,
      "isLeaf": null,
      "keyword": null,
      "hash": "U2FsdGVkX19o1oQH6Fwa6C3FgzGetlFbPTPhxjNaw+DkfmwEn0Gv7gAqQlO72JD2wEULpO0pT6nzogSuJxJCTQ==",
      "khash": "U2FsdGVkX1/yUlfxoxfQs5E+hsCSeTLCaicw4lFelUEvc4SI7okVw2vd+srqplAmKusmp4J3JXdY6x6GacthVw==",
      "viewCount": null,
      "duration": "31:26",
      "size": 928083273
    },
    {
      "id": "0fb47227-5f58-4554-bc0c-67b1c50ce4aa",
      "pid": "aafff1f2-ed52-45da-b0db-22bc45041ab9",
      "dblevel": 5,
      "location": "/VGMV/01_BaiGiang/HocTheoChuDe/17-SongDeoDuoiMucDich/07_XacDinhMucDichSong-P4",
      "isVideo": true,
      "url": "01-bai-giang.hoc-theo-chu-de.17-song-deo-duoi-muc-dich.07-xac-dinh-muc-dich-song-p4",
      "name": "07_Xác Định Mục Đích Sống-P4",
      "count": 0,
      "isLeaf": null,
      "keyword": null,
      "hash": "U2FsdGVkX19UzyRweczUAoq4tfuuJ1w2zGLWNUQgW1+VSaXC1GA+ZB5A/WownvDlhq6i90/lJBL9mCCsRb26BA==",
      "khash": "U2FsdGVkX183dx7qVJ2eYW+RPtlyKUHhiJ9xKSWZE8ABU7c+FbyO4wBcsh7+qQFJQ7A5EvHn9Em98DPw8WAF4w==",
      "viewCount": null,
      "duration": "70:43",
      "size": 2089801554
    },
    {
      "id": "da68826a-485c-485b-88e0-93ae30ea181d",
      "pid": "aafff1f2-ed52-45da-b0db-22bc45041ab9",
      "dblevel": 5,
      "location": "/VGMV/01_BaiGiang/HocTheoChuDe/17-SongDeoDuoiMucDich/08_XacDinhMucDichSong-P5",
      "isVideo": true,
      "url": "01-bai-giang.hoc-theo-chu-de.17-song-deo-duoi-muc-dich.08-xac-dinh-muc-dich-song-p5",
      "name": "08_Xác Định Mục Đích Sống-P5",
      "count": 0,
      "isLeaf": null,
      "keyword": null,
      "hash": "U2FsdGVkX1/vTK7iPO86HJwWOhlu4oBVsWDaEHZ3NR9TffauGHUfbbKyI62Am2+qEyPC6x8gSo+B/Decfm7iSA==",
      "khash": "U2FsdGVkX1/VmJTrNQoH9uJv4EOyfIbeyhrpOEFuztw8w53ZEA2xwEXBg1GAcMpk3pSDQq0Y58ZcCAaktcTjzw==",
      "viewCount": null,
      "duration": "30:6",
      "size": 891167079
    },
    {
      "id": "e4d24c5b-44de-410e-a2e2-663d7b83207e",
      "pid": "aafff1f2-ed52-45da-b0db-22bc45041ab9",
      "dblevel": 5,
      "location": "/VGMV/01_BaiGiang/HocTheoChuDe/17-SongDeoDuoiMucDich/09_TienTrinhNhanBietSuBayToCuaChua",
      "isVideo": true,
      "url": "01-bai-giang.hoc-theo-chu-de.17-song-deo-duoi-muc-dich.09-tien-trinh-nhan-biet-su-bay-to-cua-chua",
      "name": "09_Tiến Trình Nhận Biết Sự Bày Tỏ Của Chúa",
      "count": 0,
      "isLeaf": null,
      "keyword": null,
      "hash": "U2FsdGVkX19am41MrImty4QNX94hC9xYmoDrEBsOVVDh3hocb1BLUPHVy+UaJCST/6ScjIBo5fVKlb0pfQfbGA==",
      "khash": "U2FsdGVkX1+/RmhBpxurEN7+LjrFSUu4ch5CDwy6drb6o6oj0tpjpo7s4x3ULHSJy7vYQJHTUAJy8W/AKnYCsg==",
      "viewCount": null,
      "duration": "62:17",
      "size": 1846934614
    },
    {
      "id": "49ba11fe-7c17-4ca0-b365-218647acd85e",
      "pid": "aafff1f2-ed52-45da-b0db-22bc45041ab9",
      "dblevel": 5,
      "location": "/VGMV/01_BaiGiang/HocTheoChuDe/17-SongDeoDuoiMucDich/10_ToiDaChet",
      "isVideo": true,
      "url": "01-bai-giang.hoc-theo-chu-de.17-song-deo-duoi-muc-dich.10-toi-da-chet",
      "name": "10_Tôi Đã Chết",
      "count": 0,
      "isLeaf": null,
      "keyword": null,
      "hash": "U2FsdGVkX19w2g8Ns4yEE+dQP1PiX31F7J8fUu+kbtAhlvPpnvG11Rd6UZVK+CkttU198rda99C/DvqnZ8+Q4Q==",
      "khash": "U2FsdGVkX1/4HvRygTu+se7PvIYZxiUKhJm8zlM2IlxznBNHFQV6/auUplO9+ZvN8ZJIrw/P1EFPjsL5vIYZeQ==",
      "viewCount": null,
      "duration": "59:49",
      "size": 1766057325
    },
    {
      "id": "18a96fb9-6096-4161-8d8e-d472eb05323e",
      "pid": "aafff1f2-ed52-45da-b0db-22bc45041ab9",
      "dblevel": 5,
      "location": "/VGMV/01_BaiGiang/HocTheoChuDe/17-SongDeoDuoiMucDich/11_ThaThu-P1",
      "isVideo": true,
      "url": "01-bai-giang.hoc-theo-chu-de.17-song-deo-duoi-muc-dich.11-tha-thu-p1",
      "name": "11_Tha Thứ-P1",
      "count": 0,
      "isLeaf": null,
      "keyword": null,
      "hash": "U2FsdGVkX18+m9F9xqJoGIg6s9vpNkqoU6zKYb0nXAsGxZf7GodipOApvzPeAdtLWOPFge+60FOvqcAYzW1nNA==",
      "khash": "U2FsdGVkX1/1lz6J0IG5Pi+fytxARjuYaIu6LdInHWGNZ6PfuTeTrHG3IlgHpfXDpS0+9SOSmrkIpRz5VhsHhA==",
      "viewCount": null,
      "duration": "61:51",
      "size": 1832520328
    },
    {
      "id": "7d67ee1a-af8a-44f1-bef3-6fc5a0e99443",
      "pid": "aafff1f2-ed52-45da-b0db-22bc45041ab9",
      "dblevel": 5,
      "location": "/VGMV/01_BaiGiang/HocTheoChuDe/17-SongDeoDuoiMucDich/12_ThaThu-P2",
      "isVideo": true,
      "url": "01-bai-giang.hoc-theo-chu-de.17-song-deo-duoi-muc-dich.12-tha-thu-p2",
      "name": "12_Tha Thứ-P2",
      "count": 0,
      "isLeaf": null,
      "keyword": null,
      "hash": "U2FsdGVkX1/yhCRZSvp1C0t7VbnG34Xs4RHq+Bk14hnzrZxRWjFQuBNBWrwiqHz0zZKPmZibWHRoxzmhBn6xEQ==",
      "khash": "U2FsdGVkX192NWXGBhOeXa0My6b8JlUWLecLDfDI4DEg597P77xL8FzLpfhs1xbtxlmFd+BpeaSbDJptf8D18w==",
      "viewCount": null,
      "duration": "55:44",
      "size": 1636534932
    },
    {
      "id": "bedd1ae9-b8e2-4335-9c39-69f6a5b4ed0f",
      "pid": "aafff1f2-ed52-45da-b0db-22bc45041ab9",
      "dblevel": 5,
      "location": "/VGMV/01_BaiGiang/HocTheoChuDe/17-SongDeoDuoiMucDich/13_ThuanPhucThamQuyenCuaChua",
      "isVideo": true,
      "url": "01-bai-giang.hoc-theo-chu-de.17-song-deo-duoi-muc-dich.13-thuan-phuc-tham-quyen-cua-chua",
      "name": "13_Thuận Phục Thẩm Quyền Của Chúa",
      "count": 0,
      "isLeaf": null,
      "keyword": null,
      "hash": "U2FsdGVkX1+F8x/1ChBAJFPlc47qG1YuCe2sPGTlp1ei2wykx1ID+vZBvdv1ebn1DVN6pld0N84/VRgKsz+/1Q==",
      "khash": "U2FsdGVkX19HAYxYJUadoDqhHZZQEjG4iWNuBa3XSr6Drkxi72Xp35hnx3aueM8Tz9+RdttgQ/4rbkmQtaC4DQ==",
      "viewCount": null,
      "duration": "56:15",
      "size": 1664356277
    },
    {
      "id": "599e74cc-c8da-49df-a2a4-ca7a2c00ff4c",
      "pid": "aafff1f2-ed52-45da-b0db-22bc45041ab9",
      "dblevel": 5,
      "location": "/VGMV/01_BaiGiang/HocTheoChuDe/17-SongDeoDuoiMucDich/14_TroNenGiongChua-P1",
      "isVideo": true,
      "url": "01-bai-giang.hoc-theo-chu-de.17-song-deo-duoi-muc-dich.14-tro-nen-giong-chua-p1",
      "name": "14_Trở Nên Giống Chúa-P1",
      "count": 0,
      "isLeaf": null,
      "keyword": null,
      "hash": "U2FsdGVkX18C2PG2kQiNUbiWfga9H2McOqIXfBKlfnXfdzuZ1vwMttfAn0fRe2Doimfo/5Zef2KllVPPfjRKzQ==",
      "khash": "U2FsdGVkX19WSON4ttG1vHIDeGy4APOJX/XqunmT4MVXMSn749o6x9L36tCP/t4GKq/hXGSTSjsfersfOfy8xQ==",
      "viewCount": null,
      "duration": "46:0",
      "size": 1363284939
    },
    {
      "id": "ec8e4e0a-0a53-40f8-a741-71152cafedbb",
      "pid": "aafff1f2-ed52-45da-b0db-22bc45041ab9",
      "dblevel": 5,
      "location": "/VGMV/01_BaiGiang/HocTheoChuDe/17-SongDeoDuoiMucDich/15_TroNenGiongChua-P2",
      "isVideo": true,
      "url": "01-bai-giang.hoc-theo-chu-de.17-song-deo-duoi-muc-dich.15-tro-nen-giong-chua-p2",
      "name": "15_Trở Nên Giống Chúa-P2",
      "count": 0,
      "isLeaf": null,
      "keyword": null,
      "hash": "U2FsdGVkX1+EhDVz/ddr0YtzYSQKv/FIMPbl/4jtnNguznbmB7Z4+pbpbAqjbf7sVn4wf+hfqNPopbQvNL+fmw==",
      "khash": "U2FsdGVkX18Jdo97bHtC5iQFOytYmMspv7WG7cBP8P6OrCQbts5/PqDkGy2Iyfd3ie977hCWwehpw8hZQOtPIg==",
      "viewCount": null,
      "duration": "55:24",
      "size": 1644899797
    },
    {
      "id": "7a9e2061-4bc7-407c-a26c-e8c69081c042",
      "pid": "aafff1f2-ed52-45da-b0db-22bc45041ab9",
      "dblevel": 5,
      "location": "/VGMV/01_BaiGiang/HocTheoChuDe/17-SongDeoDuoiMucDich/16_TroNenGiongChua-P3",
      "isVideo": true,
      "url": "01-bai-giang.hoc-theo-chu-de.17-song-deo-duoi-muc-dich.16-tro-nen-giong-chua-p3",
      "name": "16_Trở Nên Giống Chúa-P3",
      "count": 0,
      "isLeaf": null,
      "keyword": null,
      "hash": "U2FsdGVkX1+9rC4NHArIVrWfMJSMpn2ky+aNmOXYOGx2ydz4Rq71eWysUsvhjisYm4aAR1oLkbuNqSKUaM/lUA==",
      "khash": "U2FsdGVkX1+ZeikXkHSigsaSzGc3jjRL7gRYh55GV53by7IV73RRtKhNM1s9RlM8h+VXwqKgzRdb5HhbX8uHvg==",
      "viewCount": null,
      "duration": "26:11",
      "size": 769972825
    },
    {
      "id": "2069495b-c0df-4835-811d-ea7a5d018d11",
      "pid": "aafff1f2-ed52-45da-b0db-22bc45041ab9",
      "dblevel": 5,
      "location": "/VGMV/01_BaiGiang/HocTheoChuDe/17-SongDeoDuoiMucDich/17_NhanBietTiengGoi-PhanMoDau",
      "isVideo": true,
      "url": "01-bai-giang.hoc-theo-chu-de.17-song-deo-duoi-muc-dich.17-nhan-biet-tieng-goi-phan-mo-dau",
      "name": "17_Nhận Biết Tiếng Gọi-Phần Mở Đầu",
      "count": 0,
      "isLeaf": null,
      "keyword": null,
      "hash": "U2FsdGVkX18JsyaRR5h4NLKE9TB1MBngKlHVyLvIE9I+4KG5ri88k5yeDykd3kBQ/XOEEBxzhbTuNBRayiX2mg==",
      "khash": "U2FsdGVkX1+miJME6X5c/Dx6ATt5yJvkmAJRE4UajyO9Aj4mdrA16H5HDHc3Zby85TW92/HhENcZshpgBU7fKg==",
      "viewCount": null,
      "duration": "32:55",
      "size": 975024369
    },
    {
      "id": "61c7463d-d52a-4257-afdd-5b71205ef019",
      "pid": "aafff1f2-ed52-45da-b0db-22bc45041ab9",
      "dblevel": 5,
      "location": "/VGMV/01_BaiGiang/HocTheoChuDe/17-SongDeoDuoiMucDich/18_NhanBietTiengGoi-P1",
      "isVideo": true,
      "url": "01-bai-giang.hoc-theo-chu-de.17-song-deo-duoi-muc-dich.18-nhan-biet-tieng-goi-p1",
      "name": "18_Nhận Biết Tiếng Gọi-P1",
      "count": 0,
      "isLeaf": null,
      "keyword": null,
      "hash": "U2FsdGVkX1/F73Yjwex7HJPbbjQf3y7Wnkk7YDohwqEEQRO6EZ1h5Bpg3lzAJuWYOGTEKun3kVY9qEqPfJLBcw==",
      "khash": "U2FsdGVkX19MK1YabNhNCCJ2XzYo/RC7TxcBGpzvlS/O7aEXIgJgb+xWvD6wlx3t9MeA63gtzMS8ptiEe6UAzA==",
      "viewCount": null,
      "duration": "57:13",
      "size": 1687246875
    },
    {
      "id": "ca2583d2-c93c-48f9-ab0e-9a12a7ea5e7a",
      "pid": "aafff1f2-ed52-45da-b0db-22bc45041ab9",
      "dblevel": 5,
      "location": "/VGMV/01_BaiGiang/HocTheoChuDe/17-SongDeoDuoiMucDich/19_NhanBietTiengGoi-P2",
      "isVideo": true,
      "url": "01-bai-giang.hoc-theo-chu-de.17-song-deo-duoi-muc-dich.19-nhan-biet-tieng-goi-p2",
      "name": "19_Nhận Biết Tiếng Gọi-P2",
      "count": 0,
      "isLeaf": null,
      "keyword": null,
      "hash": "U2FsdGVkX19qI6ECNwUjodIT5a+Df0YRC9yKyZ2WWSgkxip6k7K5f81YmVX6S8pLNR6lZHAz+QDmE6Fjt9gZyQ==",
      "khash": "U2FsdGVkX1++SNEAwHZRXkFeJK07BCtKCgYhW+K5i0jzmzTW+Yr5TZxfrjzlLCW3dQmr+U48KWTcZd7iwf3y5w==",
      "viewCount": null,
      "duration": "61:21",
      "size": 1811040971
    },
    {
      "id": "601f9cd0-6b8a-4097-9e63-e69ea56011de",
      "pid": "aafff1f2-ed52-45da-b0db-22bc45041ab9",
      "dblevel": 5,
      "location": "/VGMV/01_BaiGiang/HocTheoChuDe/17-SongDeoDuoiMucDich/20_NhanBietTiengGoi-P3",
      "isVideo": true,
      "url": "01-bai-giang.hoc-theo-chu-de.17-song-deo-duoi-muc-dich.20-nhan-biet-tieng-goi-p3",
      "name": "20_Nhận Biết Tiếng Gọi-P3",
      "count": 0,
      "isLeaf": null,
      "keyword": null,
      "hash": "U2FsdGVkX1/MICRQxS9buCZuxytQZ+MJGoHiyQ4QbvRHJArOg5PRyPzPiA+0Ajax5ur+9kDnq9S821ozHXkB3A==",
      "khash": "U2FsdGVkX19j+U/e6UvEdjrB/UewtZfGBl34cKP5m73m/bmOwALmEynzzxK4/R2ZDNRfRD6AnDGtOC7lK7tGMQ==",
      "viewCount": null,
      "duration": "74:14",
      "size": 2188098018
    },
    {
      "id": "266f894f-5f61-4a06-b9cb-0d0f713a5eaf",
      "pid": "aafff1f2-ed52-45da-b0db-22bc45041ab9",
      "dblevel": 5,
      "location": "/VGMV/01_BaiGiang/HocTheoChuDe/17-SongDeoDuoiMucDich/21_NhanBietTiengGoi-P4",
      "isVideo": true,
      "url": "01-bai-giang.hoc-theo-chu-de.17-song-deo-duoi-muc-dich.21-nhan-biet-tieng-goi-p4",
      "name": "21_Nhận Biết Tiếng Gọi-P4",
      "count": 0,
      "isLeaf": null,
      "keyword": null,
      "hash": "U2FsdGVkX1+1EwqTu//usS/BjZzqTjPIfD9/9fmKBzdj7tA0oh+9lhbohpQwsRSDaqQpYwl1ofCbXlXP3voIeA==",
      "khash": "U2FsdGVkX19MbND0x3ofypPNyGgqGeRk7w9ZZBYuAQ1IG9teVT2qHOUdqFiCPgKta6rgFGqLvSBX8AqFWy3LOw==",
      "viewCount": null,
      "duration": "63:32",
      "size": 1882691825
    },
    {
      "id": "8ecc22e4-49ec-4ac2-9c29-45c26be72a0d",
      "pid": "aafff1f2-ed52-45da-b0db-22bc45041ab9",
      "dblevel": 5,
      "location": "/VGMV/01_BaiGiang/HocTheoChuDe/17-SongDeoDuoiMucDich/22_NhanBietTiengGoi-P5",
      "isVideo": true,
      "url": "01-bai-giang.hoc-theo-chu-de.17-song-deo-duoi-muc-dich.22-nhan-biet-tieng-goi-p5",
      "name": "22_Nhận Biết Tiếng Gọi-P5",
      "count": 0,
      "isLeaf": null,
      "keyword": null,
      "hash": "U2FsdGVkX18NOS5oAdGNhkA1M1UpofBxoc1/k1cUgk4dWzDQZVdr+Bxv4gex5U8xKrbB1D8yk1GLXX73nUtSEw==",
      "khash": "U2FsdGVkX19j1m/2yCX7UQNFNNhko/BT3HGxHCALNuZivtvSNTcBzwmu6H3gOiVew9TsU5jgT9JxPTGpGpCK3w==",
      "viewCount": null,
      "duration": "59:28",
      "size": 1756587185
    },
    {
      "id": "9d26ff46-0d36-48fb-acf3-f4b3aea6a70b",
      "pid": "aafff1f2-ed52-45da-b0db-22bc45041ab9",
      "dblevel": 5,
      "location": "/VGMV/01_BaiGiang/HocTheoChuDe/17-SongDeoDuoiMucDich/23_NhanBietTiengGoi-P6",
      "isVideo": true,
      "url": "01-bai-giang.hoc-theo-chu-de.17-song-deo-duoi-muc-dich.23-nhan-biet-tieng-goi-p6",
      "name": "23_Nhận Biết Tiếng Gọi-P6",
      "count": 0,
      "isLeaf": null,
      "keyword": null,
      "hash": "U2FsdGVkX1/ozNmU/Xyn0xrmp24vXKTr/tMrTmby05sJbEnAlE+eiDH/jLG5TSv9dKb8/9kKSOy6U6MDxPhl+Q==",
      "khash": "U2FsdGVkX18+7/8IccCAkLbSGUwRKRBc5pnKOO4bz2G3vgf7gFsB8JOWoy3fjHCpAMBKnRCX/Na9wu98hwamFQ==",
      "viewCount": null,
      "duration": "64:34",
      "size": 1813773833
    },
    {
      "id": "cd1ff20f-e122-4dfb-bb02-b619a52705ed",
      "pid": "aafff1f2-ed52-45da-b0db-22bc45041ab9",
      "dblevel": 5,
      "location": "/VGMV/01_BaiGiang/HocTheoChuDe/17-SongDeoDuoiMucDich/24_NhanBietTiengGoi-P7",
      "isVideo": true,
      "url": "01-bai-giang.hoc-theo-chu-de.17-song-deo-duoi-muc-dich.24-nhan-biet-tieng-goi-p7",
      "name": "24_Nhận Biết Tiếng Gọi-P7",
      "count": 0,
      "isLeaf": null,
      "keyword": null,
      "hash": "U2FsdGVkX1/+Hs7G2SucvCjcu8LQCQBIPRLj6Qt+tV1fgqdQGTrk/x1NLw5e5DgLxKOoN/yuwzB54ZNA75Umqw==",
      "khash": "U2FsdGVkX19FmHTMqgs0dyk4Y16whS2s9M4ttMYNSqyZbcenG3kmAOncqaQCAOLnCC86psFMOf88jqPaTRiv5A==",
      "viewCount": null,
      "duration": "39:13",
      "size": 920797413
    },
    {
      "id": "28cfe497-ad4f-4add-9fe5-f27c59875311",
      "pid": "aafff1f2-ed52-45da-b0db-22bc45041ab9",
      "dblevel": 5,
      "location": "/VGMV/01_BaiGiang/HocTheoChuDe/17-SongDeoDuoiMucDich/25_SongLaChristChetLaLoi",
      "isVideo": true,
      "url": "01-bai-giang.hoc-theo-chu-de.17-song-deo-duoi-muc-dich.25-song-la-christ-chet-la-loi",
      "name": "25_Sống Là Christ Chết Là Lợi",
      "count": 0,
      "isLeaf": null,
      "keyword": null,
      "hash": "U2FsdGVkX19JVJWskISsRBvTp9b7cK2OsAWZQ+Eo13OjqrwmgD+ljlA+S6PC/vdO/AmXU0JM9rxJwo1DRzPhXA==",
      "khash": "U2FsdGVkX1/5HqGN4zjJ1cv7y5YtSrd2wqqHl89VzGe/BSw/zdDiTippkaXBhRJmAu30s9pIfHi3ebuRKC97Og==",
      "viewCount": null,
      "duration": "34:11",
      "size": 982882785
    }
  ]
}