{
  "id": "27ce6b41-5d40-4021-a0ec-6ac6599ecdc3",
  "pid": "9d6679c1-e244-4fa6-86ac-7d5c90b0e506",
  "dblevel": 3,
  "location": "/VGMV/02_KhoaHocVaNiemTin/03-GiaiMaBiAnCuaSuSong",
  "isVideo": true,
  "url": "02-khoa-hoc-va-niem-tin.03-giai-ma-bi-an-cua-su-song",
  "name": "03-Giải Mã Bí Ẩn Của Sự Sống",
  "count": 1,
  "isLeaf": true,
  "keyword": null,
  "hash": null,
  "khash": null,
  "viewCount": null,
  "duration": null,
  "size": null,
  "children": [
    {
      "id": "0f40f616-bb2e-4b6f-bf05-692d6b632bde",
      "pid": "27ce6b41-5d40-4021-a0ec-6ac6599ecdc3",
      "dblevel": 4,
      "location": "/VGMV/02_KhoaHocVaNiemTin/03-GiaiMaBiAnCuaSuSong/GiaiMaBiAnCuaSuSong",
      "isVideo": true,
      "url": "02-khoa-hoc-va-niem-tin.03-giai-ma-bi-an-cua-su-song.giai-ma-bi-an-cua-su-song",
      "name": "Giải Mã Bí Ẩn Của Sự Sống",
      "count": 0,
      "isLeaf": null,
      "keyword": null,
      "hash": "",
      "khash": "U2FsdGVkX191CQewwSj9Tu3RloL5rQUwT0HOffjBZDtgPBtKLUViaaTv7nsg7pAzVcdCZS/AUgsf7RmOH5ZNew==",
      "viewCount": null,
      "duration": "57:57",
      "size": 828145893
    }
  ]
}