{
  "id": "faf967fe-590c-4791-8246-34737b8c9112",
  "pid": "a749b7d5-3bda-4c55-8bd7-33fa796b1a6c",
  "dblevel": 5,
  "location": "/VGMV/03_HoatHinh/HoatHinh-2D/HoatHinh2D-bo/McGeevaToi",
  "isVideo": true,
  "url": "03-hoat-hinh.hoat-hinh-2d.hoat-hinh-2d-bo.mcgee-va-toi",
  "name": "McGee và Tôi",
  "count": 7,
  "isLeaf": true,
  "keyword": null,
  "hash": null,
  "khash": null,
  "viewCount": null,
  "duration": null,
  "size": null,
  "children": [
    {
      "id": "515415a9-7fb1-4a79-8834-909489c52076",
      "pid": "faf967fe-590c-4791-8246-34737b8c9112",
      "dblevel": 6,
      "location": "/VGMV/03_HoatHinh/HoatHinh-2D/HoatHinh2D-bo/McGeevaToi/MCGEE01_LoiBiaDat",
      "isVideo": true,
      "url": "03-hoat-hinh.hoat-hinh-2d.hoat-hinh-2d-bo.mcgee-va-toi.mcgee01-loi-bia-dat",
      "name": "MCGEE01_Lời Bịa Đặt",
      "count": 0,
      "isLeaf": null,
      "keyword": null,
      "hash": "",
      "khash": "U2FsdGVkX1+Eoz1Ifrel8tfliplBhZ48ZayaMTZahqGu1yQ8tNHGCuXaQDog2yqSa2eNlBb06Cu2D+yKpWG0lA==",
      "viewCount": null,
      "duration": "29:59",
      "size": 521149105
    },
    {
      "id": "09fcddaa-ea9a-411a-befb-37f1adcc0084",
      "pid": "faf967fe-590c-4791-8246-34737b8c9112",
      "dblevel": 6,
      "location": "/VGMV/03_HoatHinh/HoatHinh-2D/HoatHinh2D-bo/McGeevaToi/MCGEE02_NhanVatNoiDanh",
      "isVideo": true,
      "url": "03-hoat-hinh.hoat-hinh-2d.hoat-hinh-2d-bo.mcgee-va-toi.mcgee02-nhan-vat-noi-danh",
      "name": "MCGEE02_Nhân Vật Nổi Danh",
      "count": 0,
      "isLeaf": null,
      "keyword": null,
      "hash": "",
      "khash": "U2FsdGVkX18BuWMcpzeHnCX5yZ5I9Wmjv34D1Y2smiTZhDs05GQ+1/0ko4FjyX39YgFjm0ndF1V8kkG3Vk3bfA==",
      "viewCount": null,
      "duration": "29:20",
      "size": 508553523
    },
    {
      "id": "93769567-cc09-4b87-8238-8174a8f0b5fa",
      "pid": "faf967fe-590c-4791-8246-34737b8c9112",
      "dblevel": 6,
      "location": "/VGMV/03_HoatHinh/HoatHinh-2D/HoatHinh2D-bo/McGeevaToi/MCGEE03_CuocDaoTauTaiHai",
      "isVideo": true,
      "url": "03-hoat-hinh.hoat-hinh-2d.hoat-hinh-2d-bo.mcgee-va-toi.mcgee03-cuoc-dao-tau-tai-hai",
      "name": "MCGEE03_Cuộc Đào Tẩu Tai Hại",
      "count": 0,
      "isLeaf": null,
      "keyword": null,
      "hash": "",
      "khash": "U2FsdGVkX1/0O2N2ssG3ZnEGGmoU9NrmFC/KNoqrEHl0pRZn1UbrjEyPKnMZEawfuRWdOFhHLzg7++C9CVz3dA==",
      "viewCount": null,
      "duration": "27:15",
      "size": 473391497
    },
    {
      "id": "b0607256-e803-4c2e-b5c2-89590687f08c",
      "pid": "faf967fe-590c-4791-8246-34737b8c9112",
      "dblevel": 6,
      "location": "/VGMV/03_HoatHinh/HoatHinh-2D/HoatHinh2D-bo/McGeevaToi/MCGEE04_DungCamBenhVuc",
      "isVideo": true,
      "url": "03-hoat-hinh.hoat-hinh-2d.hoat-hinh-2d-bo.mcgee-va-toi.mcgee04-dung-cam-benh-vuc",
      "name": "MCGEE04_Dũng Cảm Bênh Vực",
      "count": 0,
      "isLeaf": null,
      "keyword": null,
      "hash": "",
      "khash": "U2FsdGVkX1+oa5TNKd4Lzb2CubYoapZocOkAnCNaJIGDRup+zWarDQ7e0o9AW/Pla807kRxVCiZN83PeJavoHQ==",
      "viewCount": null,
      "duration": "28:53",
      "size": 500216076
    },
    {
      "id": "bc86b624-faf6-4dcf-b98c-4814d1617d78",
      "pid": "faf967fe-590c-4791-8246-34737b8c9112",
      "dblevel": 6,
      "location": "/VGMV/03_HoatHinh/HoatHinh-2D/HoatHinh2D-bo/McGeevaToi/MCGEE05_ConLoc",
      "isVideo": true,
      "url": "03-hoat-hinh.hoat-hinh-2d.hoat-hinh-2d-bo.mcgee-va-toi.mcgee05-con-loc",
      "name": "MCGEE05_Cơn Lốc",
      "count": 0,
      "isLeaf": null,
      "keyword": null,
      "hash": "",
      "khash": "U2FsdGVkX1/aC2miU0m7ABHh2th86vNt46xTaMD8vtAAj0mse5pugAh97/ZMezV1rThXjk/0JMmHi4RBiUEIYA==",
      "viewCount": null,
      "duration": "26:5",
      "size": 452283224
    },
    {
      "id": "7bb9fbdf-148a-4a75-8254-c7303e77e3be",
      "pid": "faf967fe-590c-4791-8246-34737b8c9112",
      "dblevel": 6,
      "location": "/VGMV/03_HoatHinh/HoatHinh-2D/HoatHinh2D-bo/McGeevaToi/MCGEE06_GanhTy",
      "isVideo": true,
      "url": "03-hoat-hinh.hoat-hinh-2d.hoat-hinh-2d-bo.mcgee-va-toi.mcgee06-ganh-ty",
      "name": "MCGEE06_Ganh Tỵ",
      "count": 0,
      "isLeaf": null,
      "keyword": null,
      "hash": "",
      "khash": "U2FsdGVkX1/MeGWIZI0QLb3BgplEkNHjhRhdau/CmMmloovlCXFtmjmHSGjs5xrrYltaHmnodF6vTIVpKqQEvw==",
      "viewCount": null,
      "duration": "28:26",
      "size": 490833403
    },
    {
      "id": "b4128628-3418-48e4-8a15-dc7040e8a17a",
      "pid": "faf967fe-590c-4791-8246-34737b8c9112",
      "dblevel": 6,
      "location": "/VGMV/03_HoatHinh/HoatHinh-2D/HoatHinh2D-bo/McGeevaToi/MCGEE10_ThangHonSoHai",
      "isVideo": true,
      "url": "03-hoat-hinh.hoat-hinh-2d.hoat-hinh-2d-bo.mcgee-va-toi.mcgee10-thang-hon-so-hai",
      "name": "MCGEE10_Thắng Hơn Sợ Hãi",
      "count": 0,
      "isLeaf": null,
      "keyword": null,
      "hash": "",
      "khash": "U2FsdGVkX1/I1axRqhwtDYa6NpMDnphc+s4dSSlFVxBJojCZalozXdLIJNeE6RBSLmcR+XClqXS6eRUhYyQVMg==",
      "viewCount": null,
      "duration": "45:32",
      "size": 791099940
    }
  ]
}