{
  "id": "02c34910-2aeb-4d3f-8686-37730b930ef6",
  "pid": "6b917fa9-2d0a-4e7d-9308-26ed0db8acea",
  "dblevel": 6,
  "location": "/VGMV/03_HoatHinh/HoatHinh-2D/HoatHinh2D-bo/TimHieuThanhKinh/04-PhucAmGiang",
  "isVideo": true,
  "url": "03-hoat-hinh.hoat-hinh-2d.hoat-hinh-2d-bo.tim-hieu-thanh-kinh.04-phuc-am-giang",
  "name": "04-Phúc Âm Giăng",
  "count": 20,
  "isLeaf": true,
  "keyword": null,
  "hash": null,
  "khash": null,
  "viewCount": null,
  "duration": null,
  "size": null,
  "children": [
    {
      "id": "5c98eeba-b3df-4407-8004-911c7adcaa91",
      "pid": "02c34910-2aeb-4d3f-8686-37730b930ef6",
      "dblevel": 7,
      "location": "/VGMV/03_HoatHinh/HoatHinh-2D/HoatHinh2D-bo/TimHieuThanhKinh/04-PhucAmGiang/01-BuoiBanDau",
      "isVideo": true,
      "url": "03-hoat-hinh.hoat-hinh-2d.hoat-hinh-2d-bo.tim-hieu-thanh-kinh.04-phuc-am-giang.01-buoi-ban-dau",
      "name": "01-Buổi Ban Đầu",
      "count": 0,
      "isLeaf": null,
      "keyword": null,
      "hash": null,
      "khash": null,
      "viewCount": null,
      "duration": "3:12",
      "size": 75370429
    },
    {
      "id": "f61d8f83-ff4f-4692-aa7f-3ca2ea148cd6",
      "pid": "02c34910-2aeb-4d3f-8686-37730b930ef6",
      "dblevel": 7,
      "location": "/VGMV/03_HoatHinh/HoatHinh-2D/HoatHinh2D-bo/TimHieuThanhKinh/04-PhucAmGiang/02-NhungMonDoDauTien",
      "isVideo": true,
      "url": "03-hoat-hinh.hoat-hinh-2d.hoat-hinh-2d-bo.tim-hieu-thanh-kinh.04-phuc-am-giang.02-nhung-mon-do-dau-tien",
      "name": "02-Những Môn Đồ Đầu Tiên",
      "count": 0,
      "isLeaf": null,
      "keyword": null,
      "hash": null,
      "khash": null,
      "viewCount": null,
      "duration": "3:29",
      "size": 116966207
    },
    {
      "id": "5c1dde48-b3a3-4959-8bc9-b8bedd9588ea",
      "pid": "02c34910-2aeb-4d3f-8686-37730b930ef6",
      "dblevel": 7,
      "location": "/VGMV/03_HoatHinh/HoatHinh-2D/HoatHinh2D-bo/TimHieuThanhKinh/04-PhucAmGiang/03-SanhLaiNghiaLaGi",
      "isVideo": true,
      "url": "03-hoat-hinh.hoat-hinh-2d.hoat-hinh-2d-bo.tim-hieu-thanh-kinh.04-phuc-am-giang.03-sanh-lai-nghia-la-gi",
      "name": "03-Sanh Lại Nghĩa Là Gì",
      "count": 0,
      "isLeaf": null,
      "keyword": null,
      "hash": null,
      "khash": null,
      "viewCount": null,
      "duration": "3:35",
      "size": 139974714
    },
    {
      "id": "a7bf525d-f810-4630-aae1-9d214f7caa53",
      "pid": "02c34910-2aeb-4d3f-8686-37730b930ef6",
      "dblevel": 7,
      "location": "/VGMV/03_HoatHinh/HoatHinh-2D/HoatHinh2D-bo/TimHieuThanhKinh/04-PhucAmGiang/04-KhatKhaoNuocHangSong",
      "isVideo": true,
      "url": "03-hoat-hinh.hoat-hinh-2d.hoat-hinh-2d-bo.tim-hieu-thanh-kinh.04-phuc-am-giang.04-khat-khao-nuoc-hang-song",
      "name": "04-Khát Khao Nước Hằng Sống",
      "count": 0,
      "isLeaf": null,
      "keyword": null,
      "hash": null,
      "khash": null,
      "viewCount": null,
      "duration": "3:12",
      "size": 93780066
    },
    {
      "id": "4e0d7170-e2d2-40ad-9def-c154e28d66be",
      "pid": "02c34910-2aeb-4d3f-8686-37730b930ef6",
      "dblevel": 7,
      "location": "/VGMV/03_HoatHinh/HoatHinh-2D/HoatHinh2D-bo/TimHieuThanhKinh/04-PhucAmGiang/05-DuocChuaLanh",
      "isVideo": true,
      "url": "03-hoat-hinh.hoat-hinh-2d.hoat-hinh-2d-bo.tim-hieu-thanh-kinh.04-phuc-am-giang.05-duoc-chua-lanh",
      "name": "05-Được Chữa Lành",
      "count": 0,
      "isLeaf": null,
      "keyword": null,
      "hash": null,
      "khash": null,
      "viewCount": null,
      "duration": "3:30",
      "size": 120700716
    },
    {
      "id": "a8fe3ea4-4f90-4b62-a817-992e97100aec",
      "pid": "02c34910-2aeb-4d3f-8686-37730b930ef6",
      "dblevel": 7,
      "location": "/VGMV/03_HoatHinh/HoatHinh-2D/HoatHinh2D-bo/TimHieuThanhKinh/04-PhucAmGiang/06-NhungPhepLaBenBoBien",
      "isVideo": true,
      "url": "03-hoat-hinh.hoat-hinh-2d.hoat-hinh-2d-bo.tim-hieu-thanh-kinh.04-phuc-am-giang.06-nhung-phep-la-ben-bo-bien",
      "name": "06-Những Phép Lạ Bên Bờ Biển",
      "count": 0,
      "isLeaf": null,
      "keyword": null,
      "hash": null,
      "khash": null,
      "viewCount": null,
      "duration": "3:8",
      "size": 169998849
    },
    {
      "id": "1f159fb1-fffd-43a8-b64c-75b2333afdcd",
      "pid": "02c34910-2aeb-4d3f-8686-37730b930ef6",
      "dblevel": 7,
      "location": "/VGMV/03_HoatHinh/HoatHinh-2D/HoatHinh2D-bo/TimHieuThanhKinh/04-PhucAmGiang/07-MotConBaoDangNoiLen",
      "isVideo": true,
      "url": "03-hoat-hinh.hoat-hinh-2d.hoat-hinh-2d-bo.tim-hieu-thanh-kinh.04-phuc-am-giang.07-mot-con-bao-dang-noi-len",
      "name": "07-Một Cơn Bão Đang Nổi Lên",
      "count": 0,
      "isLeaf": null,
      "keyword": null,
      "hash": null,
      "khash": null,
      "viewCount": null,
      "duration": "3:41",
      "size": 220032395
    },
    {
      "id": "8afbaf6b-0031-45ee-a671-1a03e4748c46",
      "pid": "02c34910-2aeb-4d3f-8686-37730b930ef6",
      "dblevel": 7,
      "location": "/VGMV/03_HoatHinh/HoatHinh-2D/HoatHinh2D-bo/TimHieuThanhKinh/04-PhucAmGiang/08-ChuaGie-xuAnhSangTheGian",
      "isVideo": true,
      "url": "03-hoat-hinh.hoat-hinh-2d.hoat-hinh-2d-bo.tim-hieu-thanh-kinh.04-phuc-am-giang.08-chua-gie-xu-anh-sang-the-gian",
      "name": "08-Chúa Giê-xu Ánh Sáng Thế Gian",
      "count": 0,
      "isLeaf": null,
      "keyword": null,
      "hash": null,
      "khash": null,
      "viewCount": null,
      "duration": "3:59",
      "size": 206223395
    },
    {
      "id": "e2a92ef2-e128-4e0d-becd-502b594e65e3",
      "pid": "02c34910-2aeb-4d3f-8686-37730b930ef6",
      "dblevel": 7,
      "location": "/VGMV/03_HoatHinh/HoatHinh-2D/HoatHinh2D-bo/TimHieuThanhKinh/04-PhucAmGiang/09-NguoiMuDuocSang",
      "isVideo": true,
      "url": "03-hoat-hinh.hoat-hinh-2d.hoat-hinh-2d-bo.tim-hieu-thanh-kinh.04-phuc-am-giang.09-nguoi-mu-duoc-sang",
      "name": "09-Người Mù Được Sáng",
      "count": 0,
      "isLeaf": null,
      "keyword": null,
      "hash": null,
      "khash": null,
      "viewCount": null,
      "duration": "4:1",
      "size": 204464702
    },
    {
      "id": "ab5bf4a8-f1ee-492d-a1ed-4ec15648d2c3",
      "pid": "02c34910-2aeb-4d3f-8686-37730b930ef6",
      "dblevel": 7,
      "location": "/VGMV/03_HoatHinh/HoatHinh-2D/HoatHinh2D-bo/TimHieuThanhKinh/04-PhucAmGiang/10-ChuaGie-xuDiVaoBangCua",
      "isVideo": true,
      "url": "03-hoat-hinh.hoat-hinh-2d.hoat-hinh-2d-bo.tim-hieu-thanh-kinh.04-phuc-am-giang.10-chua-gie-xu-di-vao-bang-cua",
      "name": "10-Chúa Giê-xu Đi Vào Bằng Cửa",
      "count": 0,
      "isLeaf": null,
      "keyword": null,
      "hash": null,
      "khash": null,
      "viewCount": null,
      "duration": "3:37",
      "size": 222650723
    },
    {
      "id": "caf2b66c-a012-4e04-b799-bb6dfa8305e9",
      "pid": "02c34910-2aeb-4d3f-8686-37730b930ef6",
      "dblevel": 7,
      "location": "/VGMV/03_HoatHinh/HoatHinh-2D/HoatHinh2D-bo/TimHieuThanhKinh/04-PhucAmGiang/11-NangQuyenTrenSuChet",
      "isVideo": true,
      "url": "03-hoat-hinh.hoat-hinh-2d.hoat-hinh-2d-bo.tim-hieu-thanh-kinh.04-phuc-am-giang.11-nang-quyen-tren-su-chet",
      "name": "11-Năng Quyền Trên Sự Chết",
      "count": 0,
      "isLeaf": null,
      "keyword": null,
      "hash": null,
      "khash": null,
      "viewCount": null,
      "duration": "3:30",
      "size": 197175402
    },
    {
      "id": "ff7a07ca-09dc-46b4-abcc-21fe4ab88552",
      "pid": "02c34910-2aeb-4d3f-8686-37730b930ef6",
      "dblevel": 7,
      "location": "/VGMV/03_HoatHinh/HoatHinh-2D/HoatHinh2D-bo/TimHieuThanhKinh/04-PhucAmGiang/12-NhungLoiCuoiCungCuaChuaGie-xu",
      "isVideo": true,
      "url": "03-hoat-hinh.hoat-hinh-2d.hoat-hinh-2d-bo.tim-hieu-thanh-kinh.04-phuc-am-giang.12-nhung-loi-cuoi-cung-cua-chua-gie-xu",
      "name": "12-Những Lời Cuối Cùng Của Chúa Giê-xu",
      "count": 0,
      "isLeaf": null,
      "keyword": null,
      "hash": null,
      "khash": null,
      "viewCount": null,
      "duration": "3:22",
      "size": 229303433
    },
    {
      "id": "fb0563ff-02dc-409c-8e86-40026871a779",
      "pid": "02c34910-2aeb-4d3f-8686-37730b930ef6",
      "dblevel": 7,
      "location": "/VGMV/03_HoatHinh/HoatHinh-2D/HoatHinh2D-bo/TimHieuThanhKinh/04-PhucAmGiang/13-BaiGiangCaNhanCuaChuaGie-xu",
      "isVideo": true,
      "url": "03-hoat-hinh.hoat-hinh-2d.hoat-hinh-2d-bo.tim-hieu-thanh-kinh.04-phuc-am-giang.13-bai-giang-ca-nhan-cua-chua-gie-xu",
      "name": "13-Bài Giảng Cá Nhân Của Chúa Giê-xu",
      "count": 0,
      "isLeaf": null,
      "keyword": null,
      "hash": null,
      "khash": null,
      "viewCount": null,
      "duration": "3:30",
      "size": 158064083
    },
    {
      "id": "a6c896c7-4afe-4759-bdae-482133e9111a",
      "pid": "02c34910-2aeb-4d3f-8686-37730b930ef6",
      "dblevel": 7,
      "location": "/VGMV/03_HoatHinh/HoatHinh-2D/HoatHinh2D-bo/TimHieuThanhKinh/04-PhucAmGiang/14-ChuaGie-xuAnUiCacMonDo",
      "isVideo": true,
      "url": "03-hoat-hinh.hoat-hinh-2d.hoat-hinh-2d-bo.tim-hieu-thanh-kinh.04-phuc-am-giang.14-chua-gie-xu-an-ui-cac-mon-do",
      "name": "14-Chúa Giê-xu An Ủi Các Môn Đồ",
      "count": 0,
      "isLeaf": null,
      "keyword": null,
      "hash": null,
      "khash": null,
      "viewCount": null,
      "duration": "3:27",
      "size": 169341989
    },
    {
      "id": "e5c58f89-b73b-4f7c-a660-f74643d6f6cb",
      "pid": "02c34910-2aeb-4d3f-8686-37730b930ef6",
      "dblevel": 7,
      "location": "/VGMV/03_HoatHinh/HoatHinh-2D/HoatHinh2D-bo/TimHieuThanhKinh/04-PhucAmGiang/15-CuOTrongChuaCuuThe",
      "isVideo": true,
      "url": "03-hoat-hinh.hoat-hinh-2d.hoat-hinh-2d-bo.tim-hieu-thanh-kinh.04-phuc-am-giang.15-cu-o-trong-chua-cuu-the",
      "name": "15-Cứ Ở Trong Chúa Cứu Thế",
      "count": 0,
      "isLeaf": null,
      "keyword": null,
      "hash": null,
      "khash": null,
      "viewCount": null,
      "duration": "3:26",
      "size": 179510257
    },
    {
      "id": "e90b004a-a5a1-472e-9925-a87506aa472b",
      "pid": "02c34910-2aeb-4d3f-8686-37730b930ef6",
      "dblevel": 7,
      "location": "/VGMV/03_HoatHinh/HoatHinh-2D/HoatHinh2D-bo/TimHieuThanhKinh/04-PhucAmGiang/16-TaiSaoChuaGie-xuRoiDiLaTotHon",
      "isVideo": true,
      "url": "03-hoat-hinh.hoat-hinh-2d.hoat-hinh-2d-bo.tim-hieu-thanh-kinh.04-phuc-am-giang.16-tai-sao-chua-gie-xu-roi-di-la-tot-hon",
      "name": "16-Tại Sao Chúa Giê-xu Rời Đi Là Tốt Hơn",
      "count": 0,
      "isLeaf": null,
      "keyword": null,
      "hash": null,
      "khash": null,
      "viewCount": null,
      "duration": "3:27",
      "size": 219284296
    },
    {
      "id": "97d2c2a0-75ad-4db2-8569-50e932cab32e",
      "pid": "02c34910-2aeb-4d3f-8686-37730b930ef6",
      "dblevel": 7,
      "location": "/VGMV/03_HoatHinh/HoatHinh-2D/HoatHinh2D-bo/TimHieuThanhKinh/04-PhucAmGiang/17-LoiCauNguyenCuaChua",
      "isVideo": true,
      "url": "03-hoat-hinh.hoat-hinh-2d.hoat-hinh-2d-bo.tim-hieu-thanh-kinh.04-phuc-am-giang.17-loi-cau-nguyen-cua-chua",
      "name": "17-Lời Cầu Nguyện Của Chúa",
      "count": 0,
      "isLeaf": null,
      "keyword": null,
      "hash": null,
      "khash": null,
      "viewCount": null,
      "duration": "3:36",
      "size": 219391547
    },
    {
      "id": "7ab3e048-1c05-432e-bb7c-46e3f22ed0c5",
      "pid": "02c34910-2aeb-4d3f-8686-37730b930ef6",
      "dblevel": 7,
      "location": "/VGMV/03_HoatHinh/HoatHinh-2D/HoatHinh2D-bo/TimHieuThanhKinh/04-PhucAmGiang/18-NgayCuoiCungCuaChuaGie-xu",
      "isVideo": true,
      "url": "03-hoat-hinh.hoat-hinh-2d.hoat-hinh-2d-bo.tim-hieu-thanh-kinh.04-phuc-am-giang.18-ngay-cuoi-cung-cua-chua-gie-xu",
      "name": "18-Ngày Cuối Cùng Của Chúa Giê-xu",
      "count": 0,
      "isLeaf": null,
      "keyword": null,
      "hash": null,
      "khash": null,
      "viewCount": null,
      "duration": "3:34",
      "size": 274292683
    },
    {
      "id": "e6c91d32-3567-481a-9bc4-9841bac75888",
      "pid": "02c34910-2aeb-4d3f-8686-37730b930ef6",
      "dblevel": 7,
      "location": "/VGMV/03_HoatHinh/HoatHinh-2D/HoatHinh2D-bo/TimHieuThanhKinh/04-PhucAmGiang/19-SuChetCuaChuaGie-xu",
      "isVideo": true,
      "url": "03-hoat-hinh.hoat-hinh-2d.hoat-hinh-2d-bo.tim-hieu-thanh-kinh.04-phuc-am-giang.19-su-chet-cua-chua-gie-xu",
      "name": "19-Sự Chết Của Chúa Giê-xu",
      "count": 0,
      "isLeaf": null,
      "keyword": null,
      "hash": null,
      "khash": null,
      "viewCount": null,
      "duration": "4:9",
      "size": 219691700
    },
    {
      "id": "6ee3c12d-6b82-4d9e-9a07-195b8a537ad7",
      "pid": "02c34910-2aeb-4d3f-8686-37730b930ef6",
      "dblevel": 7,
      "location": "/VGMV/03_HoatHinh/HoatHinh-2D/HoatHinh2D-bo/TimHieuThanhKinh/04-PhucAmGiang/20-TroVeGa-li-le",
      "isVideo": true,
      "url": "03-hoat-hinh.hoat-hinh-2d.hoat-hinh-2d-bo.tim-hieu-thanh-kinh.04-phuc-am-giang.20-tro-ve-ga-li-le",
      "name": "20-Trở Về Ga-li-lê",
      "count": 0,
      "isLeaf": null,
      "keyword": null,
      "hash": null,
      "khash": null,
      "viewCount": null,
      "duration": "4:13",
      "size": 300949832
    }
  ]
}