{
  "id": "44c8ca36-e441-4096-af9d-e358bccb24ce",
  "pid": "51526e0b-b928-458d-a409-2c39cde971c4",
  "dblevel": 4,
  "location": "/VGMV/03_HoatHinh/HoatHinh-3D/HoatHinh3D-le",
  "isVideo": true,
  "url": "03-hoat-hinh.hoat-hinh-3d.hoat-hinh-3d-le",
  "name": "Hoạt Hình 3D-lẻ",
  "count": 17,
  "isLeaf": true,
  "keyword": null,
  "hash": null,
  "khash": null,
  "viewCount": null,
  "duration": null,
  "size": null,
  "children": [
    {
      "id": "1046bdc2-c2f4-4700-9011-aed63d5106ce",
      "pid": "44c8ca36-e441-4096-af9d-e358bccb24ce",
      "dblevel": 5,
      "location": "/VGMV/03_HoatHinh/HoatHinh-3D/HoatHinh3D-le/BiMatCuaSuSongThat",
      "isVideo": true,
      "url": "03-hoat-hinh.hoat-hinh-3d.hoat-hinh-3d-le.bi-mat-cua-su-song-that",
      "name": "Bí Mật Của Sự Sống Thật",
      "count": 0,
      "isLeaf": null,
      "keyword": null,
      "hash": "",
      "khash": "U2FsdGVkX18ml9myvUFjaZf1JqP0J3zjJBhTzgnpbUlafiF4r/Ch5MP1KNy2KrDB85mRVkiE13Lt02arBJGyDA==",
      "viewCount": null,
      "duration": "34:38",
      "size": 964390809
    },
    {
      "id": "a1580fbc-4832-4aa9-bf7b-8ee4d4051263",
      "pid": "44c8ca36-e441-4096-af9d-e358bccb24ce",
      "dblevel": 5,
      "location": "/VGMV/03_HoatHinh/HoatHinh-3D/HoatHinh3D-le/ChaiDauQuyGia",
      "isVideo": true,
      "url": "03-hoat-hinh.hoat-hinh-3d.hoat-hinh-3d-le.chai-dau-quy-gia",
      "name": "Chai Dầu Quý Giá",
      "count": 0,
      "isLeaf": null,
      "keyword": null,
      "hash": "",
      "khash": "U2FsdGVkX19MkggPqgleNXvSPcRJpBoRyaXJ8Yr6BXpoxyM99ClErCYS5xLYeJznYXkD1fLraIZalNk4BzXHGQ==",
      "viewCount": null,
      "duration": "3:57",
      "size": 146922951
    },
    {
      "id": "f07da43a-bb93-463c-9dbf-1676ab7aed65",
      "pid": "44c8ca36-e441-4096-af9d-e358bccb24ce",
      "dblevel": 5,
      "location": "/VGMV/03_HoatHinh/HoatHinh-3D/HoatHinh3D-le/ChuSauXanh",
      "isVideo": true,
      "url": "03-hoat-hinh.hoat-hinh-3d.hoat-hinh-3d-le.chu-sau-xanh",
      "name": "Chú Sâu Xanh",
      "count": 0,
      "isLeaf": null,
      "keyword": null,
      "hash": "",
      "khash": "U2FsdGVkX197/89KEYJMzohSPa52CdqQqeZNfn3jUEJf8lkG2VXyXn1eCXDX2mK1gdvka9x+LWB/OIWZx4pZWg==",
      "viewCount": null,
      "duration": "35:33",
      "size": 615511294
    },
    {
      "id": "237e64eb-c2fa-4245-b32c-e4e577f3328b",
      "pid": "44c8ca36-e441-4096-af9d-e358bccb24ce",
      "dblevel": 5,
      "location": "/VGMV/03_HoatHinh/HoatHinh-3D/HoatHinh3D-le/CuocDoiChuaGie-xu",
      "isVideo": true,
      "url": "03-hoat-hinh.hoat-hinh-3d.hoat-hinh-3d-le.cuoc-doi-chua-gie-xu",
      "name": "Cuộc Đời Chúa Giê-xu",
      "count": 0,
      "isLeaf": null,
      "keyword": null,
      "hash": "",
      "khash": "U2FsdGVkX1+bwp7HtmrPS4oEK83WtwvWR0N6etZEK5nq3k6MVz0doNdpwt/ScybBDyythfB6yKOjO/zyUX9yqg==",
      "viewCount": null,
      "duration": "0:53",
      "size": 32199145
    },
    {
      "id": "0815becc-f85a-4a50-8c3e-10c9221d21aa",
      "pid": "44c8ca36-e441-4096-af9d-e358bccb24ce",
      "dblevel": 5,
      "location": "/VGMV/03_HoatHinh/HoatHinh-3D/HoatHinh3D-le/CauChuyenCuaDucChuaTroi",
      "isVideo": true,
      "url": "03-hoat-hinh.hoat-hinh-3d.hoat-hinh-3d-le.cau-chuyen-cua-duc-chua-troi",
      "name": "Câu Chuyện Của Đức Chúa Trời",
      "count": 0,
      "isLeaf": null,
      "keyword": null,
      "hash": "",
      "khash": "U2FsdGVkX1+AEPb9/d4ME3yCbBmUK8UdpFmdqkRN42ihGswLLLb0rdCbbogLv7h/ns3jMG7Y1+zdvV4/1Q+eCw==",
      "viewCount": null,
      "duration": "5:5",
      "size": 200188503
    },
    {
      "id": "01492bd9-176d-49c7-b4c3-a8e6129edfdb",
      "pid": "44c8ca36-e441-4096-af9d-e358bccb24ce",
      "dblevel": 5,
      "location": "/VGMV/03_HoatHinh/HoatHinh-3D/HoatHinh3D-le/CayCau",
      "isVideo": true,
      "url": "03-hoat-hinh.hoat-hinh-3d.hoat-hinh-3d-le.cay-cau",
      "name": "Cây Cầu",
      "count": 0,
      "isLeaf": null,
      "keyword": null,
      "hash": "",
      "khash": "U2FsdGVkX19RrAGQwMYMCQ1oMC0BkA84LtcsctRq62lLyr8o4EUDsznfYPl7Q8xoHOzHf7YpOk1g6TLlemwukQ==",
      "viewCount": null,
      "duration": "13:7",
      "size": 367561124
    },
    {
      "id": "c7986412-6243-4669-bd59-d7cdcc8633bc",
      "pid": "44c8ca36-e441-4096-af9d-e358bccb24ce",
      "dblevel": 5,
      "location": "/VGMV/03_HoatHinh/HoatHinh-3D/HoatHinh3D-le/CauMonCuocDoi",
      "isVideo": true,
      "url": "03-hoat-hinh.hoat-hinh-3d.hoat-hinh-3d-le.cau-mon-cuoc-doi",
      "name": "Cầu Môn Cuộc Đời",
      "count": 0,
      "isLeaf": null,
      "keyword": null,
      "hash": "",
      "khash": "U2FsdGVkX19RuXvMrA1sgfl8IZoLCMKWjTXZB9WYrLZGfrpVKuYn+QF9RZ6976eMar/l9ew5YdqHeIirNsmp3A==",
      "viewCount": null,
      "duration": "2:34",
      "size": 60221533
    },
    {
      "id": "16a9a127-86a5-43a3-812f-03b87dec06be",
      "pid": "44c8ca36-e441-4096-af9d-e358bccb24ce",
      "dblevel": 5,
      "location": "/VGMV/03_HoatHinh/HoatHinh-3D/HoatHinh3D-le/Gio-naPhieuLuuKy",
      "isVideo": true,
      "url": "03-hoat-hinh.hoat-hinh-3d.hoat-hinh-3d-le.gio-na-phieu-luu-ky",
      "name": "Giô-na Phiêu Lưu Ký",
      "count": 0,
      "isLeaf": null,
      "keyword": null,
      "hash": "",
      "khash": "U2FsdGVkX1/rIBoe1+IyQ1hcuXnsMPJCYQMXwFaokOBdBD9G4zJb+rp46jZMJAT1nqlm+D1Tlthpecg525TQZw==",
      "viewCount": null,
      "duration": "82:45",
      "size": 2420959078
    },
    {
      "id": "b5974f76-b87b-4609-b8ab-f444758f7d2e",
      "pid": "44c8ca36-e441-4096-af9d-e358bccb24ce",
      "dblevel": 5,
      "location": "/VGMV/03_HoatHinh/HoatHinh-3D/HoatHinh3D-le/GuongSangBeGio",
      "isVideo": true,
      "url": "03-hoat-hinh.hoat-hinh-3d.hoat-hinh-3d-le.guong-sang-be-gio",
      "name": "Gương Sáng Bé Giô",
      "count": 0,
      "isLeaf": null,
      "keyword": null,
      "hash": "",
      "khash": "U2FsdGVkX1+Pya3UQgSrWihSbnlGfJlDO+6EbgtjFxXiNU/MyXD/rWRhC6fVXE4TdfmGmHzKmG+ytUuy79ktTg==",
      "viewCount": null,
      "duration": "38:58",
      "size": 676859015
    },
    {
      "id": "1c11afb6-76e2-44cf-8cb2-e2229164aefd",
      "pid": "44c8ca36-e441-4096-af9d-e358bccb24ce",
      "dblevel": 5,
      "location": "/VGMV/03_HoatHinh/HoatHinh-3D/HoatHinh3D-le/KhongMotMinh",
      "isVideo": true,
      "url": "03-hoat-hinh.hoat-hinh-3d.hoat-hinh-3d-le.khong-mot-minh",
      "name": "Không Một Mình",
      "count": 0,
      "isLeaf": null,
      "keyword": null,
      "hash": "",
      "khash": "U2FsdGVkX18w1dJknsmd6Uk0HeoPEHPCd2eo3vDNMCu1boX7k4Bi3UWofgHlHad7mOF2dEqMwsXO2cvyLpE0UA==",
      "viewCount": null,
      "duration": "13:6",
      "size": 371911619
    },
    {
      "id": "e305f78c-949b-4f81-ac22-28b920d87667",
      "pid": "44c8ca36-e441-4096-af9d-e358bccb24ce",
      "dblevel": 5,
      "location": "/VGMV/03_HoatHinh/HoatHinh-3D/HoatHinh3D-le/MonQuaQuyNhat",
      "isVideo": true,
      "url": "03-hoat-hinh.hoat-hinh-3d.hoat-hinh-3d-le.mon-qua-quy-nhat",
      "name": "Món Quà Quý Nhất",
      "count": 0,
      "isLeaf": null,
      "keyword": null,
      "hash": "",
      "khash": "U2FsdGVkX1+ivo1DJHWW09hgO/beaOSIYFg0d9GVy1rdgk2rii8m5hgDFYCA1tFfdzFUF3BV+ou2JajHD8mI1Q==",
      "viewCount": null,
      "duration": "39:49",
      "size": 694890628
    },
    {
      "id": "74025a85-3fb3-4b67-a787-c31802c61c93",
      "pid": "44c8ca36-e441-4096-af9d-e358bccb24ce",
      "dblevel": 5,
      "location": "/VGMV/03_HoatHinh/HoatHinh-3D/HoatHinh3D-le/MuoiDieuRan",
      "isVideo": true,
      "url": "03-hoat-hinh.hoat-hinh-3d.hoat-hinh-3d-le.muoi-dieu-ran",
      "name": "Mười Điều Răn",
      "count": 0,
      "isLeaf": null,
      "keyword": null,
      "hash": "",
      "khash": "U2FsdGVkX1+TYdlpmkWaagwhgwyes6nnMaQfVILIanHmBb3ptxJ0tIROsXwRmt2ZaOPxz5AWHNB24YXxv0ekNA==",
      "viewCount": null,
      "duration": "84:32",
      "size": 1464152634
    },
    {
      "id": "872cfa1f-03e3-4d50-97a3-1c0958470b55",
      "pid": "44c8ca36-e441-4096-af9d-e358bccb24ce",
      "dblevel": 5,
      "location": "/VGMV/03_HoatHinh/HoatHinh-3D/HoatHinh3D-le/NguoiBaiVaNhungNguoiBan",
      "isVideo": true,
      "url": "03-hoat-hinh.hoat-hinh-3d.hoat-hinh-3d-le.nguoi-bai-va-nhung-nguoi-ban",
      "name": "Người Bại Và Những Người Bạn",
      "count": 0,
      "isLeaf": null,
      "keyword": null,
      "hash": "",
      "khash": "U2FsdGVkX19arlOFbeTYM+kWZyaOJgqNVTDbJ3X+zqxNj4kgM3fesj1yc/tsnMzkG84C2SIX7RT3Q0XEbZh+Qg==",
      "viewCount": null,
      "duration": "2:31",
      "size": 70767852
    },
    {
      "id": "6eed7209-5517-479f-a8bd-b27338c7155c",
      "pid": "44c8ca36-e441-4096-af9d-e358bccb24ce",
      "dblevel": 5,
      "location": "/VGMV/03_HoatHinh/HoatHinh-3D/HoatHinh3D-le/NguoiGiauNguDai",
      "isVideo": true,
      "url": "03-hoat-hinh.hoat-hinh-3d.hoat-hinh-3d-le.nguoi-giau-ngu-dai",
      "name": "Người Giàu Ngu Dại",
      "count": 0,
      "isLeaf": null,
      "keyword": null,
      "hash": "",
      "khash": "U2FsdGVkX19bxqBwZGypviKQ2hlue3OOaSfM2JOZ8daDskDyGJ2Mac8/tsrXWdv2bKTpfXAFz5NUtfWP6qgZLA==",
      "viewCount": null,
      "duration": "7:47",
      "size": 261706488
    },
    {
      "id": "2eab0c62-9e3a-4fd7-b6fe-53e9d9b8b60f",
      "pid": "44c8ca36-e441-4096-af9d-e358bccb24ce",
      "dblevel": 5,
      "location": "/VGMV/03_HoatHinh/HoatHinh-3D/HoatHinh3D-le/NguoiLamPhepLa",
      "isVideo": true,
      "url": "03-hoat-hinh.hoat-hinh-3d.hoat-hinh-3d-le.nguoi-lam-phep-la",
      "name": "Người Làm Phép Lạ",
      "count": 0,
      "isLeaf": null,
      "keyword": null,
      "hash": "",
      "khash": "U2FsdGVkX18sRUTa49F1FNr0vG8HEkn8Rn9rdU+KpVypFow1mYox0VBYP+w4SKyLTa2kEgWJJD4NO5D2tHo3Nw==",
      "viewCount": null,
      "duration": "90:55",
      "size": 1863903817
    },
    {
      "id": "afaf0f63-4a4c-4c97-bf66-4beb03807c5e",
      "pid": "44c8ca36-e441-4096-af9d-e358bccb24ce",
      "dblevel": 5,
      "location": "/VGMV/03_HoatHinh/HoatHinh-3D/HoatHinh3D-le/SongLai",
      "isVideo": true,
      "url": "03-hoat-hinh.hoat-hinh-3d.hoat-hinh-3d-le.song-lai",
      "name": "Sống Lại",
      "count": 0,
      "isLeaf": null,
      "keyword": null,
      "hash": "",
      "khash": "U2FsdGVkX18iQhucRbCrWr6PlJ7+HQeV17GkhQRC4q7ro+ZtzeKApOt+4KbEMlHBLSn8mYmAiKQeIOIipZxaxw==",
      "viewCount": null,
      "duration": "29:29",
      "size": 797481092
    },
    {
      "id": "5e603ab9-276d-4faa-ad83-d513dee43df4",
      "pid": "44c8ca36-e441-4096-af9d-e358bccb24ce",
      "dblevel": 5,
      "location": "/VGMV/03_HoatHinh/HoatHinh-3D/HoatHinh3D-le/TuSangTaoDenChuaCuuThe",
      "isVideo": true,
      "url": "03-hoat-hinh.hoat-hinh-3d.hoat-hinh-3d-le.tu-sang-tao-den-chua-cuu-the",
      "name": "Từ Sáng Tạo Đến Chúa Cứu Thế",
      "count": 0,
      "isLeaf": null,
      "keyword": null,
      "hash": "",
      "khash": "U2FsdGVkX194kQt4JLWiLPY3Fj6Lps7WKAXhYq68lmat6PdVmmaXE24UT3MP4QOAL8lp94x5IeRgRTDah06mTg==",
      "viewCount": null,
      "duration": "20:22",
      "size": 263357619
    }
  ]
}