{
  "id": "caab8302-abde-4b9f-a11f-d9620be99420",
  "pid": "a749b7d5-3bda-4c55-8bd7-33fa796b1a6c",
  "dblevel": 5,
  "location": "/VGMV/03_HoatHinh/HoatHinh-2D/HoatHinh2D-bo/SanKhauKichQue",
  "isVideo": true,
  "url": "03-hoat-hinh.hoat-hinh-2d.hoat-hinh-2d-bo.san-khau-kich-que",
  "name": "Sân Khấu Kịch Que",
  "count": 13,
  "isLeaf": true,
  "keyword": null,
  "hash": null,
  "khash": null,
  "viewCount": null,
  "duration": null,
  "size": null,
  "children": [
    {
      "id": "0309e5e7-1787-422e-a09e-0b9fa2cf88bb",
      "pid": "caab8302-abde-4b9f-a11f-d9620be99420",
      "dblevel": 6,
      "location": "/VGMV/03_HoatHinh/HoatHinh-2D/HoatHinh2D-bo/SanKhauKichQue/SKKQ-A-bo-lo",
      "isVideo": true,
      "url": "03-hoat-hinh.hoat-hinh-2d.hoat-hinh-2d-bo.san-khau-kich-que.skkq-a-bo-lo",
      "name": "SKKQ-A-bô-lô",
      "count": 0,
      "isLeaf": null,
      "keyword": null,
      "hash": "",
      "khash": "U2FsdGVkX18RWxDFfjy64audjrnGaT5GRDzwpbSoeYelD7hgjXTRWHrXFNKQonPomvHdO9A/FQEcMFpBHLRCIw==",
      "viewCount": null,
      "duration": "1:22",
      "size": 40594939
    },
    {
      "id": "3a1e90d8-0510-4270-9d28-165546f6acb3",
      "pid": "caab8302-abde-4b9f-a11f-d9620be99420",
      "dblevel": 6,
      "location": "/VGMV/03_HoatHinh/HoatHinh-2D/HoatHinh2D-bo/SanKhauKichQue/SKKQ-A-qui-la-Be-rit-sin",
      "isVideo": true,
      "url": "03-hoat-hinh.hoat-hinh-2d.hoat-hinh-2d-bo.san-khau-kich-que.skkq-a-qui-la-be-rit-sin",
      "name": "SKKQ-A-qui-la - Be-rit-sin",
      "count": 0,
      "isLeaf": null,
      "keyword": null,
      "hash": "",
      "khash": "U2FsdGVkX18q4y3CGIcUNEPUOSnPL7jqPrLGPI1MuPk9OICOQRsMRDeVvjveTpw91ubD5S/AYiI+U++Jbb8slQ==",
      "viewCount": null,
      "duration": "1:29",
      "size": 43955504
    },
    {
      "id": "db5a5b4a-a57a-4243-a7d1-34d5f1ce0f76",
      "pid": "caab8302-abde-4b9f-a11f-d9620be99420",
      "dblevel": 6,
      "location": "/VGMV/03_HoatHinh/HoatHinh-2D/HoatHinh2D-bo/SanKhauKichQue/SKKQ-An-ne",
      "isVideo": true,
      "url": "03-hoat-hinh.hoat-hinh-2d.hoat-hinh-2d-bo.san-khau-kich-que.skkq-an-ne",
      "name": "SKKQ-An-ne",
      "count": 0,
      "isLeaf": null,
      "keyword": null,
      "hash": "",
      "khash": "U2FsdGVkX19tPYINamJkASnf6e+VgGQLNhD5jQcg0jzS9jGkpSrCVd2nte6UdGf71ftABaM1eFgcX9opaV17lw==",
      "viewCount": null,
      "duration": "1:41",
      "size": 49745615
    },
    {
      "id": "c7fd186f-3827-4781-a3b0-4772d771fa0a",
      "pid": "caab8302-abde-4b9f-a11f-d9620be99420",
      "dblevel": 6,
      "location": "/VGMV/03_HoatHinh/HoatHinh-2D/HoatHinh2D-bo/SanKhauKichQue/SKKQ-Gio-na-than-Da-vit",
      "isVideo": true,
      "url": "03-hoat-hinh.hoat-hinh-2d.hoat-hinh-2d-bo.san-khau-kich-que.skkq-gio-na-than-da-vit",
      "name": "SKKQ-Giô-na-than - Đa-vít",
      "count": 0,
      "isLeaf": null,
      "keyword": null,
      "hash": "",
      "khash": "U2FsdGVkX18boF+eKHw1VHsV0x/u97N2dkl+l7mMyeFBDJewUJkLSY4WXu5jaOhE04bejgPTo5jvU/MLRSC6zw==",
      "viewCount": null,
      "duration": "2:27",
      "size": 72452864
    },
    {
      "id": "7a27101a-574d-4000-b850-839efaf4197f",
      "pid": "caab8302-abde-4b9f-a11f-d9620be99420",
      "dblevel": 6,
      "location": "/VGMV/03_HoatHinh/HoatHinh-2D/HoatHinh2D-bo/SanKhauKichQue/SKKQ-Ly-di",
      "isVideo": true,
      "url": "03-hoat-hinh.hoat-hinh-2d.hoat-hinh-2d-bo.san-khau-kich-que.skkq-ly-di",
      "name": "SKKQ-Ly-đi",
      "count": 0,
      "isLeaf": null,
      "keyword": null,
      "hash": "",
      "khash": "U2FsdGVkX1939hi2xZInJ9kwmz+xPFGWp4PtLX3avIu/uN+Apw6BPsYdvoHIZxGF6H6LktvQ2gkwIFe309RsBQ==",
      "viewCount": null,
      "duration": "0:45",
      "size": 22328272
    },
    {
      "id": "3cf18187-0560-48b8-9544-583486c6c5f5",
      "pid": "caab8302-abde-4b9f-a11f-d9620be99420",
      "dblevel": 6,
      "location": "/VGMV/03_HoatHinh/HoatHinh-2D/HoatHinh2D-bo/SanKhauKichQue/SKKQ-Phao-lo-Ba-na-ba",
      "isVideo": true,
      "url": "03-hoat-hinh.hoat-hinh-2d.hoat-hinh-2d-bo.san-khau-kich-que.skkq-phao-lo-ba-na-ba",
      "name": "SKKQ-Phao-lô - Ba-na-ba",
      "count": 0,
      "isLeaf": null,
      "keyword": null,
      "hash": "",
      "khash": "U2FsdGVkX1/KYagvWS1qrI1Xlou86bxyOw38uQls/WH5xcQT5GZqziIQn/fnGQFGblTOWoVxU9e/pBO2NJ1KBQ==",
      "viewCount": null,
      "duration": "1:33",
      "size": 46023046
    },
    {
      "id": "5931f7c8-4fa1-4f5e-b18d-ebdc1895921f",
      "pid": "caab8302-abde-4b9f-a11f-d9620be99420",
      "dblevel": 6,
      "location": "/VGMV/03_HoatHinh/HoatHinh-2D/HoatHinh2D-bo/SanKhauKichQue/SKKQ-Phao-lo-Si-la",
      "isVideo": true,
      "url": "03-hoat-hinh.hoat-hinh-2d.hoat-hinh-2d-bo.san-khau-kich-que.skkq-phao-lo-si-la",
      "name": "SKKQ-Phao-lô - Si-la",
      "count": 0,
      "isLeaf": null,
      "keyword": null,
      "hash": "",
      "khash": "U2FsdGVkX1/+gIGijCHdQA5Avab4qFSC0nKQ/hPpNuCEqltNBrEPKgwjk+e04Zz31OgFkTMBtZP/BWKImnZLPA==",
      "viewCount": null,
      "duration": "1:35",
      "size": 47159613
    },
    {
      "id": "526bc2a7-ba54-439e-a5cd-7078bfda7d01",
      "pid": "caab8302-abde-4b9f-a11f-d9620be99420",
      "dblevel": 6,
      "location": "/VGMV/03_HoatHinh/HoatHinh-2D/HoatHinh2D-bo/SanKhauKichQue/SKKQ-Phao-loVietVeSuTuKyLuat",
      "isVideo": true,
      "url": "03-hoat-hinh.hoat-hinh-2d.hoat-hinh-2d-bo.san-khau-kich-que.skkq-phao-lo-viet-ve-su-tu-ky-luat",
      "name": "SKKQ-Phao-lô Viết Về Sự Tự Kỷ Luật",
      "count": 0,
      "isLeaf": null,
      "keyword": null,
      "hash": "",
      "khash": "U2FsdGVkX19XIZgZaZbtRL1a1/0aGHLELr2wpKzPkBBkO83UgoBaF6Jh7a387ZlZH1ws4k4MQGpgMZm44GANrg==",
      "viewCount": null,
      "duration": "1:18",
      "size": 38668336
    },
    {
      "id": "67231cc2-e8fc-404e-88c6-978528632275",
      "pid": "caab8302-abde-4b9f-a11f-d9620be99420",
      "dblevel": 6,
      "location": "/VGMV/03_HoatHinh/HoatHinh-2D/HoatHinh2D-bo/SanKhauKichQue/SKKQ-Phi-e-roDuocGiaiThoat",
      "isVideo": true,
      "url": "03-hoat-hinh.hoat-hinh-2d.hoat-hinh-2d-bo.san-khau-kich-que.skkq-phi-e-ro-duoc-giai-thoat",
      "name": "SKKQ-Phi-e-rơ Được Giải Thoát",
      "count": 0,
      "isLeaf": null,
      "keyword": null,
      "hash": "",
      "khash": "U2FsdGVkX1+uPKk7K8WcisN1kXnYpkUkJuZ9BPYbZMYNktk+wPSgq64hjOf2Ji3JPsfI7UMNelFto6up4lCmtg==",
      "viewCount": null,
      "duration": "2:12",
      "size": 65302782
    },
    {
      "id": "ab8c2a7e-8fcc-4012-809d-4f4972cdee28",
      "pid": "caab8302-abde-4b9f-a11f-d9620be99420",
      "dblevel": 6,
      "location": "/VGMV/03_HoatHinh/HoatHinh-2D/HoatHinh2D-bo/SanKhauKichQue/SKKQ-Sa-mu-en-E-li",
      "isVideo": true,
      "url": "03-hoat-hinh.hoat-hinh-2d.hoat-hinh-2d-bo.san-khau-kich-que.skkq-sa-mu-en-e-li",
      "name": "SKKQ-Sa-mu-ên - Ê-li",
      "count": 0,
      "isLeaf": null,
      "keyword": null,
      "hash": "",
      "khash": "U2FsdGVkX19FKtjuLtA0KwhMaLOP3H7P6x4TNttb84cq0biz+FZLffUlaX3H2n2V724J9a2T2jO/g3H/HfE4eQ==",
      "viewCount": null,
      "duration": "1:46",
      "size": 52044998
    },
    {
      "id": "3387fcb5-f9ac-4efe-927c-477f3b57ce26",
      "pid": "caab8302-abde-4b9f-a11f-d9620be99420",
      "dblevel": 6,
      "location": "/VGMV/03_HoatHinh/HoatHinh-2D/HoatHinh2D-bo/SanKhauKichQue/SKKQ-SuDoGiang",
      "isVideo": true,
      "url": "03-hoat-hinh.hoat-hinh-2d.hoat-hinh-2d-bo.san-khau-kich-que.skkq-su-do-giang",
      "name": "SKKQ-Sứ Đồ Giăng",
      "count": 0,
      "isLeaf": null,
      "keyword": null,
      "hash": "",
      "khash": "U2FsdGVkX1/Cu5IOk6eRQ6J51Vx1qVY98XiSfLHyBtLJQao27IIxn4WBb+FIj58h1JSH6f0dZSCMw80OgB9I2w==",
      "viewCount": null,
      "duration": "1:9",
      "size": 34181268
    },
    {
      "id": "b33bec9b-8884-4bbc-b907-172dbcc4dff9",
      "pid": "caab8302-abde-4b9f-a11f-d9620be99420",
      "dblevel": 6,
      "location": "/VGMV/03_HoatHinh/HoatHinh-2D/HoatHinh2D-bo/SanKhauKichQue/SKKQ-Ta-bi-tha",
      "isVideo": true,
      "url": "03-hoat-hinh.hoat-hinh-2d.hoat-hinh-2d-bo.san-khau-kich-que.skkq-ta-bi-tha",
      "name": "SKKQ-Ta-bi-tha",
      "count": 0,
      "isLeaf": null,
      "keyword": null,
      "hash": "",
      "khash": "U2FsdGVkX19X/xzsT8RDtSmyNCF9RIEmcEJCRNmb7qXBqL05vXhpgI9j4O6ji65bxMG9tychzla5d6iS7Srq2g==",
      "viewCount": null,
      "duration": "0:40",
      "size": 19810847
    },
    {
      "id": "1111200b-8df3-4d86-ac7e-07ac8ebb31b3",
      "pid": "caab8302-abde-4b9f-a11f-d9620be99420",
      "dblevel": 6,
      "location": "/VGMV/03_HoatHinh/HoatHinh-2D/HoatHinh2D-bo/SanKhauKichQue/SKKQ-Da-vit-Sau-lo",
      "isVideo": true,
      "url": "03-hoat-hinh.hoat-hinh-2d.hoat-hinh-2d-bo.san-khau-kich-que.skkq-da-vit-sau-lo",
      "name": "SKKQ-Đa-vít - Sau-lơ",
      "count": 0,
      "isLeaf": null,
      "keyword": null,
      "hash": "",
      "khash": "U2FsdGVkX1+TQCF78tWr1OJosg69ugEeS4UQEkRtYe17Y/JUS3jrIHNWw5JkdWsQ3Og2Z7vD3J+Rkfq53galWw==",
      "viewCount": null,
      "duration": "1:19",
      "size": 38902226
    }
  ]
}