{
  "id": "afbfa309-c697-48e3-86fd-c21c3c456fa4",
  "pid": "8a176b06-ca04-4872-967c-9d9917adbb44",
  "dblevel": 5,
  "location": "/VGMV/03_HoatHinh/HoatHinh-3D/HoatHinh3D-bo/HanhTrinhDucTin",
  "isVideo": true,
  "url": "03-hoat-hinh.hoat-hinh-3d.hoat-hinh-3d-bo.hanh-trinh-duc-tin",
  "name": "Hành Trình Đức Tin",
  "count": 9,
  "isLeaf": true,
  "keyword": null,
  "hash": null,
  "khash": null,
  "viewCount": null,
  "duration": null,
  "size": null,
  "children": [
    {
      "id": "d11936e2-1397-4fdb-977a-defe2b18f3e0",
      "pid": "afbfa309-c697-48e3-86fd-c21c3c456fa4",
      "dblevel": 6,
      "location": "/VGMV/03_HoatHinh/HoatHinh-3D/HoatHinh3D-bo/HanhTrinhDucTin/HTDT01_CuocGapGoDauTien",
      "isVideo": true,
      "url": "03-hoat-hinh.hoat-hinh-3d.hoat-hinh-3d-bo.hanh-trinh-duc-tin.htdt01-cuoc-gap-go-dau-tien",
      "name": "HTDT01_Cuộc Gặp Gỡ Đầu Tiên",
      "count": 0,
      "isLeaf": null,
      "keyword": null,
      "hash": "",
      "khash": "U2FsdGVkX19CcSl5pGRg33otYPveDycQGSLikmOhrYSDzyiRYl8/YIcUnkbIC3iI9FsB5LShvUhokIgTB/azLw==",
      "viewCount": null,
      "duration": "12:0",
      "size": 353621774
    },
    {
      "id": "0a456dc7-c316-442f-b37e-7846f513ba23",
      "pid": "afbfa309-c697-48e3-86fd-c21c3c456fa4",
      "dblevel": 6,
      "location": "/VGMV/03_HoatHinh/HoatHinh-3D/HoatHinh3D-bo/HanhTrinhDucTin/HTDT02-NgayLamViecThuVi",
      "isVideo": true,
      "url": "03-hoat-hinh.hoat-hinh-3d.hoat-hinh-3d-bo.hanh-trinh-duc-tin.htdt02-ngay-lam-viec-thu-vi",
      "name": "HTDT02-Ngày Làm Việc Thú Vị",
      "count": 0,
      "isLeaf": null,
      "keyword": null,
      "hash": "",
      "khash": "U2FsdGVkX18f/nQqQEvDKpaNNQ+ohjyWfbrmed2nIZDoR6OKepDR1MP3MsYRHx5GvdJ40gx5Uvxane2pFuTKKg==",
      "viewCount": null,
      "duration": "13:0",
      "size": 530174530
    },
    {
      "id": "44438bf0-abc3-4e8c-91f4-f36579e3e39e",
      "pid": "afbfa309-c697-48e3-86fd-c21c3c456fa4",
      "dblevel": 6,
      "location": "/VGMV/03_HoatHinh/HoatHinh-3D/HoatHinh3D-bo/HanhTrinhDucTin/HTDT03-CauNguyenVoiChua",
      "isVideo": true,
      "url": "03-hoat-hinh.hoat-hinh-3d.hoat-hinh-3d-bo.hanh-trinh-duc-tin.htdt03-cau-nguyen-voi-chua",
      "name": "HTDT03-Cầu Nguyện Với Chúa",
      "count": 0,
      "isLeaf": null,
      "keyword": null,
      "hash": "",
      "khash": "U2FsdGVkX1+2Hlz9YHMkZPigTb/eiwo0f/02EzGo2ElcG+f+aEvY4fW3YQWEe4On0FEL43UJfxn3W18SNYtxwQ==",
      "viewCount": null,
      "duration": "12:50",
      "size": 799136539
    },
    {
      "id": "b95c8414-f34a-4e38-8285-c44598496d84",
      "pid": "afbfa309-c697-48e3-86fd-c21c3c456fa4",
      "dblevel": 6,
      "location": "/VGMV/03_HoatHinh/HoatHinh-3D/HoatHinh3D-bo/HanhTrinhDucTin/HTDT04-ChuaDangSangTao",
      "isVideo": true,
      "url": "03-hoat-hinh.hoat-hinh-3d.hoat-hinh-3d-bo.hanh-trinh-duc-tin.htdt04-chua-dang-sang-tao",
      "name": "HTDT04-Chúa Đấng Sáng Tạo",
      "count": 0,
      "isLeaf": null,
      "keyword": null,
      "hash": "",
      "khash": "U2FsdGVkX19yXzfiQ0Nz3dNBHCdtMpfVEI6HMb3LVJ8xxBA7Q+H+ThsJ2mrnWGqmNqpXqzlngIc05Y1qqRv7Rg==",
      "viewCount": null,
      "duration": "11:12",
      "size": 860177725
    },
    {
      "id": "c2dc291d-c080-444b-bf67-1a89ed6fcd53",
      "pid": "afbfa309-c697-48e3-86fd-c21c3c456fa4",
      "dblevel": 6,
      "location": "/VGMV/03_HoatHinh/HoatHinh-3D/HoatHinh3D-bo/HanhTrinhDucTin/HTDT05-ThaThuNhuChua",
      "isVideo": true,
      "url": "03-hoat-hinh.hoat-hinh-3d.hoat-hinh-3d-bo.hanh-trinh-duc-tin.htdt05-tha-thu-nhu-chua",
      "name": "HTDT05-Tha Thứ Như Chúa",
      "count": 0,
      "isLeaf": null,
      "keyword": null,
      "hash": "",
      "khash": "U2FsdGVkX18g21Gun4vW31aIniGqdj+7GEinDTzwjPtWblooStAr2rZmD9wJKD7uAaPUNl7cY2tp2NKubO4pWw==",
      "viewCount": null,
      "duration": "11:26",
      "size": 273822484
    },
    {
      "id": "92580e63-f127-467f-bdd6-7e0563ebe841",
      "pid": "afbfa309-c697-48e3-86fd-c21c3c456fa4",
      "dblevel": 6,
      "location": "/VGMV/03_HoatHinh/HoatHinh-3D/HoatHinh3D-bo/HanhTrinhDucTin/HTDT06-TinhYeuThuong",
      "isVideo": true,
      "url": "03-hoat-hinh.hoat-hinh-3d.hoat-hinh-3d-bo.hanh-trinh-duc-tin.htdt06-tinh-yeu-thuong",
      "name": "HTDT06-Tình Yêu Thương",
      "count": 0,
      "isLeaf": null,
      "keyword": null,
      "hash": "",
      "khash": "U2FsdGVkX1/rVEbx8QGaPPk4n8GqnwXJEmU1OnzBbOo6m2X4e3eJg5l1D7pq5NkChkrxo6/1FgUDJipNxXXXYg==",
      "viewCount": null,
      "duration": "10:42",
      "size": 830683786
    },
    {
      "id": "9f879be0-879d-47ed-8c8d-9ef2bb5b8eb7",
      "pid": "afbfa309-c697-48e3-86fd-c21c3c456fa4",
      "dblevel": 6,
      "location": "/VGMV/03_HoatHinh/HoatHinh-3D/HoatHinh3D-bo/HanhTrinhDucTin/HTDT07-SongBoiAnDien",
      "isVideo": true,
      "url": "03-hoat-hinh.hoat-hinh-3d.hoat-hinh-3d-bo.hanh-trinh-duc-tin.htdt07-song-boi-an-dien",
      "name": "HTDT07-Sống Bởi Ân Điển",
      "count": 0,
      "isLeaf": null,
      "keyword": null,
      "hash": "",
      "khash": "U2FsdGVkX18IpL3ncV8kBN/S8lKu5m6qHqKfIwZAQ0xa+5KknceA7fwjBOPkTwOzO5m3UXN2jqy/7cZ2XtFLEQ==",
      "viewCount": null,
      "duration": "9:32",
      "size": 780151703
    },
    {
      "id": "df0e9498-7dee-4811-b6e0-0aab31e10ebb",
      "pid": "afbfa309-c697-48e3-86fd-c21c3c456fa4",
      "dblevel": 6,
      "location": "",
      "isVideo": true,
      "url": "03-hoat-hinh.hoat-hinh-3d.hoat-hinh-3d-bo.hanh-trinh-duc-tin.htdt08-chuyen-di-su-menh",
      "name": "HTDT08-Chuyến Đi Sứ Mệnh",
      "count": 0,
      "isLeaf": null,
      "keyword": null,
      "hash": null,
      "khash": null,
      "viewCount": null,
      "duration": "13:15",
      "size": 1067678555
    }
  ]
}