{
  "id": "30409bb9-af4e-47be-b14c-6f1274ad1b5c",
  "pid": "a749b7d5-3bda-4c55-8bd7-33fa796b1a6c",
  "dblevel": 5,
  "location": "/VGMV/03_HoatHinh/HoatHinh-2D/HoatHinh2D-bo/WildBible",
  "isVideo": true,
  "url": "03-hoat-hinh.hoat-hinh-2d.hoat-hinh-2d-bo.wild-bible",
  "name": "Wild Bible",
  "count": 17,
  "isLeaf": true,
  "keyword": null,
  "hash": null,
  "khash": null,
  "viewCount": null,
  "duration": null,
  "size": null,
  "children": [
    {
      "id": "035d1aa3-fbd8-4ab4-a409-c85010b593a5",
      "pid": "30409bb9-af4e-47be-b14c-6f1274ad1b5c",
      "dblevel": 6,
      "location": "/VGMV/03_HoatHinh/HoatHinh-2D/HoatHinh2D-bo/WildBible/ChuaGie-xuBiBat",
      "isVideo": true,
      "url": "03-hoat-hinh.hoat-hinh-2d.hoat-hinh-2d-bo.wild-bible.chua-gie-xu-bi-bat",
      "name": "Chúa Giê-xu Bị Bắt",
      "count": 0,
      "isLeaf": null,
      "keyword": null,
      "hash": "",
      "khash": "U2FsdGVkX1+kdfByJvgWzTeorNHigL9jot4s4tsW3ipNipQc7bu9Vd36YtysRWMSACBkRjxBDnrA8poqU407BQ==",
      "viewCount": null,
      "duration": "1:36",
      "size": 57144543
    },
    {
      "id": "07fa98c7-3854-414b-bbde-e2edb9bd4034",
      "pid": "30409bb9-af4e-47be-b14c-6f1274ad1b5c",
      "dblevel": 6,
      "location": "/VGMV/03_HoatHinh/HoatHinh-2D/HoatHinh2D-bo/WildBible/ChuaGie-xuChuaLanhNguoiBai",
      "isVideo": true,
      "url": "03-hoat-hinh.hoat-hinh-2d.hoat-hinh-2d-bo.wild-bible.chua-gie-xu-chua-lanh-nguoi-bai",
      "name": "Chúa Giê-xu Chữa Lành Người Bại",
      "count": 0,
      "isLeaf": null,
      "keyword": null,
      "hash": "",
      "khash": "U2FsdGVkX1+URpPLb74NQoLrGssxTsjGXqFfV7jGTjhiki4cBhOArBux/p/V/2WPkto0FRNCp4uD45vHPkSsYQ==",
      "viewCount": null,
      "duration": "1:27",
      "size": 52804248
    },
    {
      "id": "fd82959c-1502-490c-bec3-a411a650223c",
      "pid": "30409bb9-af4e-47be-b14c-6f1274ad1b5c",
      "dblevel": 6,
      "location": "/VGMV/03_HoatHinh/HoatHinh-2D/HoatHinh2D-bo/WildBible/ChuaGie-xuChuaLanhNguoiMu",
      "isVideo": true,
      "url": "03-hoat-hinh.hoat-hinh-2d.hoat-hinh-2d-bo.wild-bible.chua-gie-xu-chua-lanh-nguoi-mu",
      "name": "Chúa Giê-xu Chữa Lành Người Mù",
      "count": 0,
      "isLeaf": null,
      "keyword": null,
      "hash": "",
      "khash": "U2FsdGVkX18+3hu7P79YyX+A31Eb4igd7fP6SmXqRinncxdWdNFLDK1PbR+32oBw3F7zfxZsOQOICz+8m32dlw==",
      "viewCount": null,
      "duration": "1:5",
      "size": 39040635
    },
    {
      "id": "1ca89ec1-108f-424a-89f8-c37c5dad62bc",
      "pid": "30409bb9-af4e-47be-b14c-6f1274ad1b5c",
      "dblevel": 6,
      "location": "/VGMV/03_HoatHinh/HoatHinh-2D/HoatHinh2D-bo/WildBible/ChuaGie-xuCauNguyenTaiVuonGhet-se-ma-ne",
      "isVideo": true,
      "url": "03-hoat-hinh.hoat-hinh-2d.hoat-hinh-2d-bo.wild-bible.chua-gie-xu-cau-nguyen-tai-vuon-ghet-se-ma-ne",
      "name": "Chúa Giê-xu Cầu Nguyện Tại Vườn Ghết-sê-ma-nê",
      "count": 0,
      "isLeaf": null,
      "keyword": null,
      "hash": "",
      "khash": "U2FsdGVkX1/HAUziL12zGbsD3eg6BbVIVAEwh//9s4DsjDtb/8wHukhsVhNFJOnqkADgElIIl2m/eCAWfXB8KQ==",
      "viewCount": null,
      "duration": "0:56",
      "size": 34271596
    },
    {
      "id": "6ac4fcc3-81b3-4a83-bd42-785ac419f831",
      "pid": "30409bb9-af4e-47be-b14c-6f1274ad1b5c",
      "dblevel": 6,
      "location": "/VGMV/03_HoatHinh/HoatHinh-2D/HoatHinh2D-bo/WildBible/ChuaGie-xuDepYenBaoTo",
      "isVideo": true,
      "url": "03-hoat-hinh.hoat-hinh-2d.hoat-hinh-2d-bo.wild-bible.chua-gie-xu-dep-yen-bao-to",
      "name": "Chúa Giê-xu Dẹp Yên Bão Tố",
      "count": 0,
      "isLeaf": null,
      "keyword": null,
      "hash": "",
      "khash": "U2FsdGVkX18H3LvIrqogaiuyx5HdNGB0jzbA/2fiVHYkl56eFh6RvG10pt2sAmpI+dA09vWkek2+CBgw5qGZTg==",
      "viewCount": null,
      "duration": "0:57",
      "size": 34035871
    },
    {
      "id": "2f28ed04-a1d2-49fc-be11-aa6ab3c59cca",
      "pid": "30409bb9-af4e-47be-b14c-6f1274ad1b5c",
      "dblevel": 6,
      "location": "/VGMV/03_HoatHinh/HoatHinh-2D/HoatHinh2D-bo/WildBible/ChuaGie-xuGiaiThichCauChuyenNguoiGieoGiong",
      "isVideo": true,
      "url": "03-hoat-hinh.hoat-hinh-2d.hoat-hinh-2d-bo.wild-bible.chua-gie-xu-giai-thich-cau-chuyen-nguoi-gieo-giong",
      "name": "Chúa Giê-xu Giải Thích Câu Chuyện Người Gieo Giống",
      "count": 0,
      "isLeaf": null,
      "keyword": null,
      "hash": "",
      "khash": "U2FsdGVkX19urAsGrJiF0CmgH/z0UhbsrOspRAR8Pdl9CytfrYtvrTLUtYOqa8Lat/qlZV5ScYVJH4j2Ov5emg==",
      "viewCount": null,
      "duration": "1:39",
      "size": 60615687
    },
    {
      "id": "3704b57d-28a0-4b50-b39e-e5d95bfab5dc",
      "pid": "30409bb9-af4e-47be-b14c-6f1274ad1b5c",
      "dblevel": 6,
      "location": "/VGMV/03_HoatHinh/HoatHinh-2D/HoatHinh2D-bo/WildBible/ChuaGie-xuHoaBanhRaNhieu",
      "isVideo": true,
      "url": "03-hoat-hinh.hoat-hinh-2d.hoat-hinh-2d-bo.wild-bible.chua-gie-xu-hoa-banh-ra-nhieu",
      "name": "Chúa Giê-xu Hóa Bánh Ra Nhiều",
      "count": 0,
      "isLeaf": null,
      "keyword": null,
      "hash": "",
      "khash": "U2FsdGVkX1/Gvsvn5KcN7YRQiE01b86XCVzJDGBKSTl9fGO4i6LKaIMkFm+91e+piBbLkf+zwaf9B3Qa56Dx4g==",
      "viewCount": null,
      "duration": "1:0",
      "size": 35559521
    },
    {
      "id": "111c26c4-3d19-495d-a320-1f9d9662867f",
      "pid": "30409bb9-af4e-47be-b14c-6f1274ad1b5c",
      "dblevel": 6,
      "location": "/VGMV/03_HoatHinh/HoatHinh-2D/HoatHinh2D-bo/WildBible/ChuaGie-xuNoiTruocVeSuChetCuaNgai",
      "isVideo": true,
      "url": "03-hoat-hinh.hoat-hinh-2d.hoat-hinh-2d-bo.wild-bible.chua-gie-xu-noi-truoc-ve-su-chet-cua-ngai",
      "name": "Chúa Giê-xu Nói Trước Về Sự Chết Của Ngài",
      "count": 0,
      "isLeaf": null,
      "keyword": null,
      "hash": "",
      "khash": "U2FsdGVkX18RE56hTCjti3sb/t+CXW+YAmGmasfz3dlXVTIAXzBuAdPv7Elb0DZ2P+6COCiUZXLG9/FQNsjA3Q==",
      "viewCount": null,
      "duration": "0:57",
      "size": 33612024
    },
    {
      "id": "f61f00bb-7aee-4734-a28d-dc05f0bd0d23",
      "pid": "30409bb9-af4e-47be-b14c-6f1274ad1b5c",
      "dblevel": 6,
      "location": "/VGMV/03_HoatHinh/HoatHinh-2D/HoatHinh2D-bo/WildBible/ChuaGie-xuAnCungNguoiThauThueVaKeCoToi",
      "isVideo": true,
      "url": "03-hoat-hinh.hoat-hinh-2d.hoat-hinh-2d-bo.wild-bible.chua-gie-xu-an-cung-nguoi-thau-thue-va-ke-co-toi",
      "name": "Chúa Giê-xu Ăn Cùng Người Thâu Thuế Và Kẻ Có Tội",
      "count": 0,
      "isLeaf": null,
      "keyword": null,
      "hash": "",
      "khash": "U2FsdGVkX19nmke2UPijYuqT9Pt1wBw8YlEvnodLgadNcV2ddDA4s785t3FqbCDQr1sxZCIFz3LohkDRdkblEg==",
      "viewCount": null,
      "duration": "0:55",
      "size": 33327872
    },
    {
      "id": "426d1bde-7ce0-4628-842f-affad7d59c1a",
      "pid": "30409bb9-af4e-47be-b14c-6f1274ad1b5c",
      "dblevel": 6,
      "location": "/VGMV/03_HoatHinh/HoatHinh-2D/HoatHinh2D-bo/WildBible/ChucVuGiangBap-tit",
      "isVideo": true,
      "url": "03-hoat-hinh.hoat-hinh-2d.hoat-hinh-2d-bo.wild-bible.chuc-vu-giang-bap-tit",
      "name": "Chức Vụ Giăng Báp-tít",
      "count": 0,
      "isLeaf": null,
      "keyword": null,
      "hash": "",
      "khash": "U2FsdGVkX1+ip9plgX8BdbAFHNTvK9m+SZgn95VpkH/h6wZxLQMyvGK8dEi0C4w1D6xYH2jcU9hyz+WIy31hZQ==",
      "viewCount": null,
      "duration": "2:30",
      "size": 89652047
    },
    {
      "id": "be9cfe6b-d312-479a-81f9-e63076d92064",
      "pid": "30409bb9-af4e-47be-b14c-6f1274ad1b5c",
      "dblevel": 6,
      "location": "/VGMV/03_HoatHinh/HoatHinh-2D/HoatHinh2D-bo/WildBible/CauChuyenVeNguoiSa-ma-riNhanLanh",
      "isVideo": true,
      "url": "03-hoat-hinh.hoat-hinh-2d.hoat-hinh-2d-bo.wild-bible.cau-chuyen-ve-nguoi-sa-ma-ri-nhan-lanh",
      "name": "Câu Chuyện Về Người Sa-ma-ri Nhân Lành",
      "count": 0,
      "isLeaf": null,
      "keyword": null,
      "hash": "",
      "khash": "U2FsdGVkX1+AtlYRMhK1oZmzw+r51cinqQ5GP/d7rKKIUxCnLaeC3WgssF9cWDSGAZDAyY7odTXi+JkbymavQA==",
      "viewCount": null,
      "duration": "1:53",
      "size": 70651902
    },
    {
      "id": "9d3e150a-05cc-48fb-b4e1-0fa7a963dc2d",
      "pid": "30409bb9-af4e-47be-b14c-6f1274ad1b5c",
      "dblevel": 6,
      "location": "/VGMV/03_HoatHinh/HoatHinh-2D/HoatHinh2D-bo/WildBible/SuCauNguyen",
      "isVideo": true,
      "url": "03-hoat-hinh.hoat-hinh-2d.hoat-hinh-2d-bo.wild-bible.su-cau-nguyen",
      "name": "Sự Cầu Nguyện",
      "count": 0,
      "isLeaf": null,
      "keyword": null,
      "hash": "",
      "khash": "U2FsdGVkX18nIlpl3OTehTfhPeV+Oj6Pb5VIl0nK8pVYPtsqh2nQWNT8OLrNp8h8ZiJE4+fNleh8wQkempvSgw==",
      "viewCount": null,
      "duration": "1:17",
      "size": 45048391
    },
    {
      "id": "6d5597a1-f65b-47f6-82f7-0e3a996aafac",
      "pid": "30409bb9-af4e-47be-b14c-6f1274ad1b5c",
      "dblevel": 6,
      "location": "/VGMV/03_HoatHinh/HoatHinh-2D/HoatHinh2D-bo/WildBible/SuKiengAn",
      "isVideo": true,
      "url": "03-hoat-hinh.hoat-hinh-2d.hoat-hinh-2d-bo.wild-bible.su-kieng-an",
      "name": "Sự Kiêng Ăn",
      "count": 0,
      "isLeaf": null,
      "keyword": null,
      "hash": "",
      "khash": "U2FsdGVkX1/nkBMoE95BXziRIUhTl893XmPJavA2L35AQ35M3Ia71DES7Mp/4j4Qpda2MMpjCpKfinWSjvosZg==",
      "viewCount": null,
      "duration": "1:18",
      "size": 47754225
    },
    {
      "id": "8923971a-98dc-4fd6-a086-2976cef5eb24",
      "pid": "30409bb9-af4e-47be-b14c-6f1274ad1b5c",
      "dblevel": 6,
      "location": "/VGMV/03_HoatHinh/HoatHinh-2D/HoatHinh2D-bo/WildBible/SuLoLang",
      "isVideo": true,
      "url": "03-hoat-hinh.hoat-hinh-2d.hoat-hinh-2d-bo.wild-bible.su-lo-lang",
      "name": "Sự Lo Lắng",
      "count": 0,
      "isLeaf": null,
      "keyword": null,
      "hash": "",
      "khash": "U2FsdGVkX18VZXJ33V18TP08V9MYsY4RUm3s99lvyZ3HLw08ByuK9LJAZ+FdExL0rWoo6YyAI5omuQMsNFBKhw==",
      "viewCount": null,
      "duration": "1:24",
      "size": 49922685
    },
    {
      "id": "5f0dd52c-b0a7-4347-a120-73eb005ae39b",
      "pid": "30409bb9-af4e-47be-b14c-6f1274ad1b5c",
      "dblevel": 6,
      "location": "/VGMV/03_HoatHinh/HoatHinh-2D/HoatHinh2D-bo/WildBible/ThiDuVeChienLacMat-DongBacBiMat",
      "isVideo": true,
      "url": "03-hoat-hinh.hoat-hinh-2d.hoat-hinh-2d-bo.wild-bible.thi-du-ve-chien-lac-mat-dong-bac-bi-mat",
      "name": "Thí Dụ Về Chiên Lạc Mất - Đồng Bạc Bị Mất",
      "count": 0,
      "isLeaf": null,
      "keyword": null,
      "hash": "",
      "khash": "U2FsdGVkX1/qnj8mJAxWN5tdnp/hsLsen2av4CvvwPGaVli0qi2+GwM7JaoOxMoH8WAZsdRAjIdvHKqLgSAWLg==",
      "viewCount": null,
      "duration": "1:2",
      "size": 36743779
    },
    {
      "id": "6e520cd9-3974-4535-acbc-fb61d04a292c",
      "pid": "30409bb9-af4e-47be-b14c-6f1274ad1b5c",
      "dblevel": 6,
      "location": "/VGMV/03_HoatHinh/HoatHinh-2D/HoatHinh2D-bo/WildBible/ThiDuVeConTraiHoangDang",
      "isVideo": true,
      "url": "03-hoat-hinh.hoat-hinh-2d.hoat-hinh-2d-bo.wild-bible.thi-du-ve-con-trai-hoang-dang",
      "name": "Thí Dụ Về Con Trai Hoang Đàng",
      "count": 0,
      "isLeaf": null,
      "keyword": null,
      "hash": "",
      "khash": "U2FsdGVkX1/1bRdiUuBgPctdEVyl8TGMKOYJxCmAF5OE0DV0fwedu0IN0C91rTz4WHqPP23g2KeqmjVp6eK5/Q==",
      "viewCount": null,
      "duration": "2:33",
      "size": 93983004
    },
    {
      "id": "fe01dc2a-3c5a-47b8-a2a6-7d48290f358a",
      "pid": "30409bb9-af4e-47be-b14c-6f1274ad1b5c",
      "dblevel": 6,
      "location": "/VGMV/03_HoatHinh/HoatHinh-2D/HoatHinh2D-bo/WildBible/ThiDuVeNuocThienDang",
      "isVideo": true,
      "url": "03-hoat-hinh.hoat-hinh-2d.hoat-hinh-2d-bo.wild-bible.thi-du-ve-nuoc-thien-dang",
      "name": "Thí Dụ Về Nước Thiên Đàng",
      "count": 0,
      "isLeaf": null,
      "keyword": null,
      "hash": "",
      "khash": "U2FsdGVkX1/QVpzDfCvaWzQ4ADq1qZQmeSw69Z010zRmyb/yyfeIsqpiKyT5p/fvJdiFq/CisdSL5fxOu9rtVQ==",
      "viewCount": null,
      "duration": "1:14",
      "size": 44338058
    }
  ]
}