{
  "id": "c033b479-4c4a-46d8-8114-2372c206a87b",
  "pid": "8a176b06-ca04-4872-967c-9d9917adbb44",
  "dblevel": 5,
  "location": "/VGMV/03_HoatHinh/HoatHinh-3D/HoatHinh3D-bo/CauChuyenRauCuQua",
  "isVideo": true,
  "url": "03-hoat-hinh.hoat-hinh-3d.hoat-hinh-3d-bo.cau-chuyen-rau-cu-qua",
  "name": "Câu Chuyện Rau Củ Quả",
  "count": 19,
  "isLeaf": true,
  "keyword": null,
  "hash": null,
  "khash": null,
  "viewCount": null,
  "duration": null,
  "size": null,
  "children": [
    {
      "id": "a8ebf252-9f81-4ad0-a2b8-ab8d1b924cb0",
      "pid": "c033b479-4c4a-46d8-8114-2372c206a87b",
      "dblevel": 6,
      "location": "/VGMV/03_HoatHinh/HoatHinh-3D/HoatHinh3D-bo/CauChuyenRauCuQua/P1T01-ChuChoConVaCaBayMau",
      "isVideo": true,
      "url": "03-hoat-hinh.hoat-hinh-3d.hoat-hinh-3d-bo.cau-chuyen-rau-cu-qua.p1t01-chu-cho-con-va-ca-bay-mau",
      "name": "P1T01-Chú Chó Con Và Cá Bảy Màu",
      "count": 0,
      "isLeaf": null,
      "keyword": null,
      "hash": "",
      "khash": "U2FsdGVkX18GEzgX+cMWP1CA+iwIqePZVvHDALtdrIyRzWV41432yq1kHW+KntCr7R7Uy0KYalgDs5iLET001w==",
      "viewCount": null,
      "duration": "12:6",
      "size": 357674766
    },
    {
      "id": "69d2f9f7-e47a-47b8-a884-a1040708d215",
      "pid": "c033b479-4c4a-46d8-8114-2372c206a87b",
      "dblevel": 6,
      "location": "/VGMV/03_HoatHinh/HoatHinh-3D/HoatHinh3D-bo/CauChuyenRauCuQua/P1T02-XinLoiHomNayChungToiDongCua",
      "isVideo": true,
      "url": "03-hoat-hinh.hoat-hinh-3d.hoat-hinh-3d-bo.cau-chuyen-rau-cu-qua.p1t02-xin-loi-hom-nay-chung-toi-dong-cua",
      "name": "P1T02-Xin Lỗi Hôm Nay Chúng Tôi Đóng Cửa",
      "count": 0,
      "isLeaf": null,
      "keyword": null,
      "hash": "",
      "khash": "U2FsdGVkX1+MNrAZejiIA8+Oqsk+suS8WCvX6teWxyDxzQvrs62dfvaRhLDDHtynaegEsI0eOt2fd6ZaicDWcA==",
      "viewCount": null,
      "duration": "12:5",
      "size": 357439132
    },
    {
      "id": "7db8b566-294c-43e9-bb6b-a6acadec3ff4",
      "pid": "c033b479-4c4a-46d8-8114-2372c206a87b",
      "dblevel": 6,
      "location": "/VGMV/03_HoatHinh/HoatHinh-3D/HoatHinh3D-bo/CauChuyenRauCuQua/P1T03-BobVaBoRauHoanhTrang",
      "isVideo": true,
      "url": "03-hoat-hinh.hoat-hinh-3d.hoat-hinh-3d-bo.cau-chuyen-rau-cu-qua.p1t03-bob-va-bo-rau-hoanh-trang",
      "name": "P1T03-Bob Và Bộ Râu Hoành Tráng",
      "count": 0,
      "isLeaf": null,
      "keyword": null,
      "hash": "",
      "khash": "U2FsdGVkX1+cb54R7HyAm4DR7L8y0Z6tKDUQ8Uy26T64KyQ72+tdjH60PeLLknXSZvOQCrS7JUrSTvt1TUCPhQ==",
      "viewCount": null,
      "duration": "12:5",
      "size": 356704951
    },
    {
      "id": "2613df80-3b89-4652-880d-66f40852cc97",
      "pid": "c033b479-4c4a-46d8-8114-2372c206a87b",
      "dblevel": 6,
      "location": "/VGMV/03_HoatHinh/HoatHinh-3D/HoatHinh3D-bo/CauChuyenRauCuQua/P1T04-ConGianGiuaLarryVaBob",
      "isVideo": true,
      "url": "03-hoat-hinh.hoat-hinh-3d.hoat-hinh-3d-bo.cau-chuyen-rau-cu-qua.p1t04-con-gian-giua-larry-va-bob",
      "name": "P1T04-Cơn Giận Giữa Larry Và Bob",
      "count": 0,
      "isLeaf": null,
      "keyword": null,
      "hash": "",
      "khash": "U2FsdGVkX189ZwJ7epHaYC8cw0ZBVBVHm27DO9u+Pw+gDfb5vIOkrymgd6jOk/KNB4jZ2F72DY2oQ+jIQrfApg==",
      "viewCount": null,
      "duration": "12:5",
      "size": 353135876
    },
    {
      "id": "5d5f5ea0-a582-4c36-80a4-77949473ea71",
      "pid": "c033b479-4c4a-46d8-8114-2372c206a87b",
      "dblevel": 6,
      "location": "/VGMV/03_HoatHinh/HoatHinh-3D/HoatHinh3D-bo/CauChuyenRauCuQua/P1T05-HoiThoNangMuiCuaBob",
      "isVideo": true,
      "url": "03-hoat-hinh.hoat-hinh-3d.hoat-hinh-3d-bo.cau-chuyen-rau-cu-qua.p1t05-hoi-tho-nang-mui-cua-bob",
      "name": "P1T05-Hơi Thở Nặng Mùi Của Bob",
      "count": 0,
      "isLeaf": null,
      "keyword": null,
      "hash": "",
      "khash": "U2FsdGVkX19pF8wFADELEh0ky8BLXMQwcOG0kvrFHvyhhcTy1IWDOTzqOpgB8EcjGErL5SWK0k54IZnaoVh4Tg==",
      "viewCount": null,
      "duration": "12:6",
      "size": 357750496
    },
    {
      "id": "140962e7-9f5e-4b24-83e1-00caea0f27c8",
      "pid": "c033b479-4c4a-46d8-8114-2372c206a87b",
      "dblevel": 6,
      "location": "/VGMV/03_HoatHinh/HoatHinh-3D/HoatHinh3D-bo/CauChuyenRauCuQua/P1T06-MotCuocHoanDoi",
      "isVideo": true,
      "url": "03-hoat-hinh.hoat-hinh-3d.hoat-hinh-3d-bo.cau-chuyen-rau-cu-qua.p1t06-mot-cuoc-hoan-doi",
      "name": "P1T06-Một Cuộc Hoán Đổi",
      "count": 0,
      "isLeaf": null,
      "keyword": null,
      "hash": "",
      "khash": "U2FsdGVkX18NkPc1fDtXHMggyutz/EGotL6/phtsgR3UKGIkKIgapgrmRQ/LM62Kol1qRAkDSPiwfC9wDlpotw==",
      "viewCount": null,
      "duration": "12:6",
      "size": 354321157
    },
    {
      "id": "04a881a4-269d-450e-aa51-b3db318762c8",
      "pid": "c033b479-4c4a-46d8-8114-2372c206a87b",
      "dblevel": 6,
      "location": "/VGMV/03_HoatHinh/HoatHinh-3D/HoatHinh3D-bo/CauChuyenRauCuQua/P1T07-JimmyVaJerryGiauCo",
      "isVideo": true,
      "url": "03-hoat-hinh.hoat-hinh-3d.hoat-hinh-3d-bo.cau-chuyen-rau-cu-qua.p1t07-jimmy-va-jerry-giau-co",
      "name": "P1T07-Jimmy Và Jerry Giàu Có",
      "count": 0,
      "isLeaf": null,
      "keyword": null,
      "hash": "",
      "khash": "U2FsdGVkX198DRytWa1SdDY/4tJNNet1F5q5DChIlJmNq4QYS5AIP2vjTg34WnayPjHwOyrl52gnb+8PALD1Rw==",
      "viewCount": null,
      "duration": "12:5",
      "size": 355455349
    },
    {
      "id": "815eabf3-cba7-48f7-9fda-707a5d4b59e2",
      "pid": "c033b479-4c4a-46d8-8114-2372c206a87b",
      "dblevel": 6,
      "location": "/VGMV/03_HoatHinh/HoatHinh-3D/HoatHinh3D-bo/CauChuyenRauCuQua/P1T08-CamGiacNongBuc",
      "isVideo": true,
      "url": "03-hoat-hinh.hoat-hinh-3d.hoat-hinh-3d-bo.cau-chuyen-rau-cu-qua.p1t08-cam-giac-nong-buc",
      "name": "P1T08-Cảm Giác Nóng Bức",
      "count": 0,
      "isLeaf": null,
      "keyword": null,
      "hash": "",
      "khash": "U2FsdGVkX1+Hz+Hb8tL7FF76P2dZXgqNuHcOm60zFNjM3Qvm8jX6AjgvBgVT0qNHJ+8iOZJL8mnu9UeldTXixw==",
      "viewCount": null,
      "duration": "12:5",
      "size": 356743173
    },
    {
      "id": "215c185a-1b0c-4c39-82ba-31fb42567855",
      "pid": "c033b479-4c4a-46d8-8114-2372c206a87b",
      "dblevel": 6,
      "location": "/VGMV/03_HoatHinh/HoatHinh-3D/HoatHinh3D-bo/CauChuyenRauCuQua/P1T09-CuDanhCuaLau-ra",
      "isVideo": true,
      "url": "03-hoat-hinh.hoat-hinh-3d.hoat-hinh-3d-bo.cau-chuyen-rau-cu-qua.p1t09-cu-danh-cua-lau-ra",
      "name": "P1T09-Cú Đánh Của Lau-ra",
      "count": 0,
      "isLeaf": null,
      "keyword": null,
      "hash": "",
      "khash": "U2FsdGVkX1+YBB1cxxXbElqflZs8cBbFMNc6xU0zw1aEk98JySg+BVIejUFBcqYSadFUF+2Jo7OTkWGpTBiHsA==",
      "viewCount": null,
      "duration": "12:6",
      "size": 358278464
    },
    {
      "id": "95946cb8-f5ce-4d7d-9741-8ab006475161",
      "pid": "c033b479-4c4a-46d8-8114-2372c206a87b",
      "dblevel": 6,
      "location": "/VGMV/03_HoatHinh/HoatHinh-3D/HoatHinh3D-bo/CauChuyenRauCuQua/P1T10-CuocChienBanhNuong",
      "isVideo": true,
      "url": "03-hoat-hinh.hoat-hinh-3d.hoat-hinh-3d-bo.cau-chuyen-rau-cu-qua.p1t10-cuoc-chien-banh-nuong",
      "name": "P1T10-Cuộc Chiến Bánh Nướng",
      "count": 0,
      "isLeaf": null,
      "keyword": null,
      "hash": "",
      "khash": "U2FsdGVkX19Qo8NeqJyGoA8D8UbSjyzSY+wLo94fTphkaef3gqGmZuGgCZuQ93w50o1Ib1anHsgCGo2yn5v9iw==",
      "viewCount": null,
      "duration": "12:6",
      "size": 357807908
    },
    {
      "id": "9e1b8b77-7fc2-4ac5-89a7-faa28775dd0c",
      "pid": "c033b479-4c4a-46d8-8114-2372c206a87b",
      "dblevel": 6,
      "location": "/VGMV/03_HoatHinh/HoatHinh-3D/HoatHinh3D-bo/CauChuyenRauCuQua/P1T11-ConTraiCuaBacPa",
      "isVideo": true,
      "url": "03-hoat-hinh.hoat-hinh-3d.hoat-hinh-3d-bo.cau-chuyen-rau-cu-qua.p1t11-con-trai-cua-bac-pa",
      "name": "P1T11-Con Trai Của Bác Pa",
      "count": 0,
      "isLeaf": null,
      "keyword": null,
      "hash": "",
      "khash": "U2FsdGVkX1+Bza4zG1lY5pe8fJJxhwRHgjIdUpKCJFU+/6Z4TqVF63L/lMGFG5ooVRop2straAOGA/H9sFmezA==",
      "viewCount": null,
      "duration": "12:6",
      "size": 357998161
    },
    {
      "id": "2c878253-4a83-4560-bf0c-7d7c2fe48118",
      "pid": "c033b479-4c4a-46d8-8114-2372c206a87b",
      "dblevel": 6,
      "location": "/VGMV/03_HoatHinh/HoatHinh-3D/HoatHinh3D-bo/CauChuyenRauCuQua/P1T12-SuAoTuongCuaLarry",
      "isVideo": true,
      "url": "03-hoat-hinh.hoat-hinh-3d.hoat-hinh-3d-bo.cau-chuyen-rau-cu-qua.p1t12-su-ao-tuong-cua-larry",
      "name": "P1T12-Sự Ảo Tưởng Của Larry",
      "count": 0,
      "isLeaf": null,
      "keyword": null,
      "hash": "",
      "khash": "U2FsdGVkX1+MO1iUfNFvRTMpm+RxYcB/oX6AjxFinkOPvuTh2Rl69YZIsDzrFWLGYD3SJK3khkokaPur4jOpsA==",
      "viewCount": null,
      "duration": "12:6",
      "size": 357830059
    },
    {
      "id": "94f52f5c-be4a-44a1-9f06-425406282cf0",
      "pid": "c033b479-4c4a-46d8-8114-2372c206a87b",
      "dblevel": 6,
      "location": "/VGMV/03_HoatHinh/HoatHinh-3D/HoatHinh3D-bo/CauChuyenRauCuQua/P1T13-CongChiengInhOi",
      "isVideo": true,
      "url": "03-hoat-hinh.hoat-hinh-3d.hoat-hinh-3d-bo.cau-chuyen-rau-cu-qua.p1t13-cong-chieng-inh-oi",
      "name": "P1T13-Còng Chiêng Inh Ỏi",
      "count": 0,
      "isLeaf": null,
      "keyword": null,
      "hash": "",
      "khash": "U2FsdGVkX18Yh0xqFy+Ws2qSXZ6deCGmLa76KMGaiMgaeCFqx8yIrF8HF2h7IL1R1k50uA4xuAfKZ+WGA3l4pg==",
      "viewCount": null,
      "duration": "12:6",
      "size": 358133178
    },
    {
      "id": "b764bb45-188e-414e-951b-d704c0bd066d",
      "pid": "c033b479-4c4a-46d8-8114-2372c206a87b",
      "dblevel": 6,
      "location": "/VGMV/03_HoatHinh/HoatHinh-3D/HoatHinh3D-bo/CauChuyenRauCuQua/P1T14-CuocTanCongCuaDoiQuanThoBui",
      "isVideo": true,
      "url": "03-hoat-hinh.hoat-hinh-3d.hoat-hinh-3d-bo.cau-chuyen-rau-cu-qua.p1t14-cuoc-tan-cong-cua-doi-quan-tho-bui",
      "name": "P1T14-Cuộc Tấn Công Của Đội Quân Thọ Bụi",
      "count": 0,
      "isLeaf": null,
      "keyword": null,
      "hash": "",
      "khash": "U2FsdGVkX1+o2JeLQ0rTNPonh9rbYUHJb4Gj7VQUndDl/ObpAYK4Vu1azigPQ46LX/lZwwyV/1BIGcJVUFpvqA==",
      "viewCount": null,
      "duration": "12:5",
      "size": 357726608
    },
    {
      "id": "8443b5bb-c843-4f34-80ac-082c91aa9e15",
      "pid": "c033b479-4c4a-46d8-8114-2372c206a87b",
      "dblevel": 6,
      "location": "/VGMV/03_HoatHinh/HoatHinh-3D/HoatHinh3D-bo/CauChuyenRauCuQua/P1T15-DanhSachCaiXo",
      "isVideo": true,
      "url": "03-hoat-hinh.hoat-hinh-3d.hoat-hinh-3d-bo.cau-chuyen-rau-cu-qua.p1t15-danh-sach-cai-xo",
      "name": "P1T15-Danh Sách Cái Xô",
      "count": 0,
      "isLeaf": null,
      "keyword": null,
      "hash": "",
      "khash": "U2FsdGVkX1+qokvnz7F+4GOt3ev7ax8IlQB9qp/zLu0Erc3oLIU64XsxFjhrFtbNAJM2Kui+dirNJSvP+mRqOg==",
      "viewCount": null,
      "duration": "12:5",
      "size": 355222282
    },
    {
      "id": "9baa45c9-73f7-4c04-ac70-01ba6a902f33",
      "pid": "c033b479-4c4a-46d8-8114-2372c206a87b",
      "dblevel": 6,
      "location": "/VGMV/03_HoatHinh/HoatHinh-3D/HoatHinh3D-bo/CauChuyenRauCuQua/P1T16-QuaTangAmNhac",
      "isVideo": true,
      "url": "03-hoat-hinh.hoat-hinh-3d.hoat-hinh-3d-bo.cau-chuyen-rau-cu-qua.p1t16-qua-tang-am-nhac",
      "name": "P1T16-Quà Tặng Âm Nhạc",
      "count": 0,
      "isLeaf": null,
      "keyword": null,
      "hash": "",
      "khash": "U2FsdGVkX1+dFQ0/PWCDWKY2wE8NqXEyogqvc+t+EkOb5Qhv+jTIcoJJppBsZqG++tYI5tFvy+JNPCDm6TEdwQ==",
      "viewCount": null,
      "duration": "12:5",
      "size": 357928478
    },
    {
      "id": "770eca6f-ebbf-4888-89ae-2d75683b6224",
      "pid": "c033b479-4c4a-46d8-8114-2372c206a87b",
      "dblevel": 6,
      "location": "/VGMV/03_HoatHinh/HoatHinh-3D/HoatHinh3D-bo/CauChuyenRauCuQua/VT-P1T17-NoiXao",
      "isVideo": true,
      "url": "03-hoat-hinh.hoat-hinh-3d.hoat-hinh-3d-bo.cau-chuyen-rau-cu-qua.vt-p1t17-noi-xao",
      "name": "VT-P1T17-Nói Xạo",
      "count": 0,
      "isLeaf": null,
      "keyword": null,
      "hash": "",
      "khash": "U2FsdGVkX18WhKrG6GVPEZyr5a8h94pmFBVJFslQXbdHDbXiPS2qnD8STTpE74l19fVVnz4iZIU+BeGnDgFjXQ==",
      "viewCount": null,
      "duration": "12:5",
      "size": 356917409
    },
    {
      "id": "dec7f83f-a05d-4ec4-8598-12c0e5943664",
      "pid": "c033b479-4c4a-46d8-8114-2372c206a87b",
      "dblevel": 6,
      "location": "/VGMV/03_HoatHinh/HoatHinh-3D/HoatHinh3D-bo/CauChuyenRauCuQua/VT-P1T18-XayDungPhaoDai",
      "isVideo": true,
      "url": "03-hoat-hinh.hoat-hinh-3d.hoat-hinh-3d-bo.cau-chuyen-rau-cu-qua.vt-p1t18-xay-dung-phao-dai",
      "name": "VT-P1T18-Xây Dựng Pháo Đài",
      "count": 0,
      "isLeaf": null,
      "keyword": null,
      "hash": "",
      "khash": "U2FsdGVkX19IxAIC+1ukQD264hg4aqSW33rPO6JvfyYnYQ0gLucxoGIMzFlusxPMXVC7C99yDBbYeymQuf/H2w==",
      "viewCount": null,
      "duration": "12:5",
      "size": 356697645
    },
    {
      "id": "7b34f5b4-f853-4a72-8af2-f3cbf6e2c4ab",
      "pid": "c033b479-4c4a-46d8-8114-2372c206a87b",
      "dblevel": 6,
      "location": "/VGMV/03_HoatHinh/HoatHinh-3D/HoatHinh3D-bo/CauChuyenRauCuQua/VT-P1T19-ThitBaRoiVaKem",
      "isVideo": true,
      "url": "03-hoat-hinh.hoat-hinh-3d.hoat-hinh-3d-bo.cau-chuyen-rau-cu-qua.vt-p1t19-thit-ba-roi-va-kem",
      "name": "VT-P1T19-Thịt Ba Rọi Và Kem",
      "count": 0,
      "isLeaf": null,
      "keyword": null,
      "hash": "",
      "khash": "U2FsdGVkX1+PFJV4mtLE1DPpOSPwuw1vB1hKGDHza9XAm6h9RMUVkwUiueHjiJ0v9lGL/Olg0ezT8YDYHSerjw==",
      "viewCount": null,
      "duration": "12:6",
      "size": 358018050
    }
  ]
}