{
  "id": "097cd307-2544-4fe3-a3d8-2136aee6dfe9",
  "pid": "a749b7d5-3bda-4c55-8bd7-33fa796b1a6c",
  "dblevel": 5,
  "location": "/VGMV/03_HoatHinh/HoatHinh-2D/HoatHinh2D-bo/LittleBibleHeroes",
  "isVideo": true,
  "url": "03-hoat-hinh.hoat-hinh-2d.hoat-hinh-2d-bo.little-bible-heroes",
  "name": "Little Bible Heroes",
  "count": 16,
  "isLeaf": true,
  "keyword": null,
  "hash": null,
  "khash": null,
  "viewCount": null,
  "duration": null,
  "size": null,
  "children": [
    {
      "id": "d1497696-5137-4069-9111-2f20eb7f2ace",
      "pid": "097cd307-2544-4fe3-a3d8-2136aee6dfe9",
      "dblevel": 6,
      "location": "/VGMV/03_HoatHinh/HoatHinh-2D/HoatHinh2D-bo/LittleBibleHeroes/ChuaGie-xuGiangSinh",
      "isVideo": true,
      "url": "03-hoat-hinh.hoat-hinh-2d.hoat-hinh-2d-bo.little-bible-heroes.chua-gie-xu-giang-sinh",
      "name": "Chúa Giê-xu Giáng Sinh",
      "count": 0,
      "isLeaf": null,
      "keyword": null,
      "hash": "",
      "khash": "U2FsdGVkX1/L02ae5Qb+t91qZ7QxirHSEoCifu9HnCYV4lJ9OT5/5+FquF5lp//b/dI0k8KIuf9hFwuuZuIE5Q==",
      "viewCount": null,
      "duration": "1:41",
      "size": 61146246
    },
    {
      "id": "1e63d2df-84cd-4f04-a5bd-3d535c2a2e93",
      "pid": "097cd307-2544-4fe3-a3d8-2136aee6dfe9",
      "dblevel": 6,
      "location": "/VGMV/03_HoatHinh/HoatHinh-2D/HoatHinh2D-bo/LittleBibleHeroes/ChuaGie-xuPhucSinh",
      "isVideo": true,
      "url": "03-hoat-hinh.hoat-hinh-2d.hoat-hinh-2d-bo.little-bible-heroes.chua-gie-xu-phuc-sinh",
      "name": "Chúa Giê-xu Phục Sinh",
      "count": 0,
      "isLeaf": null,
      "keyword": null,
      "hash": "",
      "khash": "U2FsdGVkX1+maSZoO/nOR3wv9tbwVYor0Ewtg/tkvUW4t12qB8199WxbXzJN+rixYievDEGARNsNQFxX+Yr+Qg==",
      "viewCount": null,
      "duration": "1:10",
      "size": 44586683
    },
    {
      "id": "e3fad87c-aa65-4e67-b179-19378b5c59a8",
      "pid": "097cd307-2544-4fe3-a3d8-2136aee6dfe9",
      "dblevel": 6,
      "location": "/VGMV/03_HoatHinh/HoatHinh-2D/HoatHinh2D-bo/LittleBibleHeroes/ConGaiNhoY-so-ra-en",
      "isVideo": true,
      "url": "03-hoat-hinh.hoat-hinh-2d.hoat-hinh-2d-bo.little-bible-heroes.con-gai-nho-y-so-ra-en",
      "name": "Con Gái Nhỏ Y-sơ-ra-ên",
      "count": 0,
      "isLeaf": null,
      "keyword": null,
      "hash": "",
      "khash": "U2FsdGVkX1/kLSkkyxzXvvaPpFRq3SUtxs71ky0gDd3qjXSGlN/oJeVHNxsrV/v5oMmg5WUWZu+Qxm0O+HV/Ig==",
      "viewCount": null,
      "duration": "1:26",
      "size": 55787017
    },
    {
      "id": "11a4de82-316a-4f87-8a5b-1c9a1f29df2e",
      "pid": "097cd307-2544-4fe3-a3d8-2136aee6dfe9",
      "dblevel": 6,
      "location": "/VGMV/03_HoatHinh/HoatHinh-2D/HoatHinh2D-bo/LittleBibleHeroes/Gio-sep",
      "isVideo": true,
      "url": "03-hoat-hinh.hoat-hinh-2d.hoat-hinh-2d-bo.little-bible-heroes.gio-sep",
      "name": "Giô-sép",
      "count": 0,
      "isLeaf": null,
      "keyword": null,
      "hash": "",
      "khash": "U2FsdGVkX1+3itrpSDi4NFII9/wLFotTEocpQmtSANaKWYERzSRXOEwB4ZKdFO3HHwKAsgH7GlzDja1BnjOddg==",
      "viewCount": null,
      "duration": "1:30",
      "size": 54175677
    },
    {
      "id": "d1519c2b-821a-43c3-916b-9c7987423ce2",
      "pid": "097cd307-2544-4fe3-a3d8-2136aee6dfe9",
      "dblevel": 6,
      "location": "/VGMV/03_HoatHinh/HoatHinh-2D/HoatHinh2D-bo/LittleBibleHeroes/Gio-sue",
      "isVideo": true,
      "url": "03-hoat-hinh.hoat-hinh-2d.hoat-hinh-2d-bo.little-bible-heroes.gio-sue",
      "name": "Giô-suê",
      "count": 0,
      "isLeaf": null,
      "keyword": null,
      "hash": "",
      "khash": "U2FsdGVkX19SiI8Jyl4RejJU2KCS1CgIpricO3+PIaKZgAjD0yQ7ama74H8585fLl0aQR+traz33zmrVYqvAlA==",
      "viewCount": null,
      "duration": "0:27",
      "size": 13492127
    },
    {
      "id": "94f211cb-5907-4ba3-8023-93a9b5d55928",
      "pid": "097cd307-2544-4fe3-a3d8-2136aee6dfe9",
      "dblevel": 6,
      "location": "/VGMV/03_HoatHinh/HoatHinh-2D/HoatHinh2D-bo/LittleBibleHeroes/Ma-the",
      "isVideo": true,
      "url": "03-hoat-hinh.hoat-hinh-2d.hoat-hinh-2d-bo.little-bible-heroes.ma-the",
      "name": "Ma-thê",
      "count": 0,
      "isLeaf": null,
      "keyword": null,
      "hash": "",
      "khash": "U2FsdGVkX18U0SWEVGz21FPVo1ugdl193a4n4CRt/55cxmlDHlCRg8b+x70tVZr2S8NSBY36oFQSrgehv2JLrg==",
      "viewCount": null,
      "duration": "1:34",
      "size": 56988208
    },
    {
      "id": "9a0df4d0-1632-4b81-8770-6a3a1a70f05a",
      "pid": "097cd307-2544-4fe3-a3d8-2136aee6dfe9",
      "dblevel": 6,
      "location": "/VGMV/03_HoatHinh/HoatHinh-2D/HoatHinh2D-bo/LittleBibleHeroes/Mi-ri-am",
      "isVideo": true,
      "url": "03-hoat-hinh.hoat-hinh-2d.hoat-hinh-2d-bo.little-bible-heroes.mi-ri-am",
      "name": "Mi-ri-am",
      "count": 0,
      "isLeaf": null,
      "keyword": null,
      "hash": "",
      "khash": "U2FsdGVkX193tKry9S2NhFhBikjkdMw3HWmaPWFb/u98BhZGZN1R/VH4ZD47pu4ETUodjQVrTArqHv6BYBH3CA==",
      "viewCount": null,
      "duration": "2:6",
      "size": 75686156
    },
    {
      "id": "112eebc6-f878-419e-ad46-1fd942325bf6",
      "pid": "097cd307-2544-4fe3-a3d8-2136aee6dfe9",
      "dblevel": 6,
      "location": "/VGMV/03_HoatHinh/HoatHinh-2D/HoatHinh2D-bo/LittleBibleHeroes/NguoiSamariNhanLanh",
      "isVideo": true,
      "url": "03-hoat-hinh.hoat-hinh-2d.hoat-hinh-2d-bo.little-bible-heroes.nguoi-samari-nhan-lanh",
      "name": "Người Samari Nhân Lành",
      "count": 0,
      "isLeaf": null,
      "keyword": null,
      "hash": "",
      "khash": "U2FsdGVkX18B/LEuOE1MHvkZEGR2PrJhARQQhnP2+3fw2hpohstKimV5nCq10LCZ9n0LA+WDj24lASmOu2bcGQ==",
      "viewCount": null,
      "duration": "2:55",
      "size": 104892573
    },
    {
      "id": "bbe97939-3f01-43d7-bce3-42bf769c273d",
      "pid": "097cd307-2544-4fe3-a3d8-2136aee6dfe9",
      "dblevel": 6,
      "location": "/VGMV/03_HoatHinh/HoatHinh-2D/HoatHinh2D-bo/LittleBibleHeroes/No-e",
      "isVideo": true,
      "url": "03-hoat-hinh.hoat-hinh-2d.hoat-hinh-2d-bo.little-bible-heroes.no-e",
      "name": "Nô-ê",
      "count": 0,
      "isLeaf": null,
      "keyword": null,
      "hash": "",
      "khash": "U2FsdGVkX18ODb/n3O6YimbT4KXnx1cto5BRZxXcALRQV2vpGL+R0nE2t6vwmQmo1O4siRxugbf8YXA/KJhphQ==",
      "viewCount": null,
      "duration": "1:34",
      "size": 56970697
    },
    {
      "id": "eb893e30-979e-4150-a30d-07e199bbc12d",
      "pid": "097cd307-2544-4fe3-a3d8-2136aee6dfe9",
      "dblevel": 6,
      "location": "/VGMV/03_HoatHinh/HoatHinh-2D/HoatHinh2D-bo/LittleBibleHeroes/PhepLaCuaChuaGie-xu",
      "isVideo": true,
      "url": "03-hoat-hinh.hoat-hinh-2d.hoat-hinh-2d-bo.little-bible-heroes.phep-la-cua-chua-gie-xu",
      "name": "Phép Lạ Của Chúa Giê-xu",
      "count": 0,
      "isLeaf": null,
      "keyword": null,
      "hash": "",
      "khash": "U2FsdGVkX1/i9UnnZ2fo/rw6mDQZN8RnAkyIQ1zX2uj4TooFXByjCSjM2k/UHCb3vUA2hRBfCKnrO75stIE1+w==",
      "viewCount": null,
      "duration": "1:41",
      "size": 61433877
    },
    {
      "id": "fe8e2184-be97-4fbd-af97-63522020d126",
      "pid": "097cd307-2544-4fe3-a3d8-2136aee6dfe9",
      "dblevel": 6,
      "location": "/VGMV/03_HoatHinh/HoatHinh-2D/HoatHinh2D-bo/LittleBibleHeroes/Ra-hap",
      "isVideo": true,
      "url": "03-hoat-hinh.hoat-hinh-2d.hoat-hinh-2d-bo.little-bible-heroes.ra-hap",
      "name": "Ra-háp",
      "count": 0,
      "isLeaf": null,
      "keyword": null,
      "hash": "",
      "khash": "U2FsdGVkX18tK6YtK0a0Jb0GOfgDbhFhx/E7oCWvI57SC49uwWCVUqSWnYO4H69yUv5zdIBjhXSFhcrJVlZzhg==",
      "viewCount": null,
      "duration": "1:12",
      "size": 35461745
    },
    {
      "id": "80feea09-2701-4a59-a96e-6fe26f8a0dbd",
      "pid": "097cd307-2544-4fe3-a3d8-2136aee6dfe9",
      "dblevel": 6,
      "location": "/VGMV/03_HoatHinh/HoatHinh-2D/HoatHinh2D-bo/LittleBibleHeroes/Sa-mu-en",
      "isVideo": true,
      "url": "03-hoat-hinh.hoat-hinh-2d.hoat-hinh-2d-bo.little-bible-heroes.sa-mu-en",
      "name": "Sa-mu-ên",
      "count": 0,
      "isLeaf": null,
      "keyword": null,
      "hash": "",
      "khash": "U2FsdGVkX19WSdgmNfX6J9KqYQNglHIK4v/7ehElvfdajSY19rEXW+A63jQAsiWHQtq++8XOdInU+xeZ1G0NQA==",
      "viewCount": null,
      "duration": "2:16",
      "size": 82349678
    },
    {
      "id": "5b09fca4-8d04-4331-927f-d590543606e1",
      "pid": "097cd307-2544-4fe3-a3d8-2136aee6dfe9",
      "dblevel": 6,
      "location": "/VGMV/03_HoatHinh/HoatHinh-2D/HoatHinh2D-bo/LittleBibleHeroes/SuSangTao",
      "isVideo": true,
      "url": "03-hoat-hinh.hoat-hinh-2d.hoat-hinh-2d-bo.little-bible-heroes.su-sang-tao",
      "name": "Sự Sáng Tạo",
      "count": 0,
      "isLeaf": null,
      "keyword": null,
      "hash": "",
      "khash": "U2FsdGVkX1+D/swJ0obSgYaO71SeIg951QCK8IokWQXKmmUa57AHiR7vUwGwZOgFpx27wOlkk/5IDONEzl1bnQ==",
      "viewCount": null,
      "duration": "1:24",
      "size": 50696237
    },
    {
      "id": "97067a28-f880-4599-b521-d8e2e7505205",
      "pid": "097cd307-2544-4fe3-a3d8-2136aee6dfe9",
      "dblevel": 6,
      "location": "/VGMV/03_HoatHinh/HoatHinh-2D/HoatHinh2D-bo/LittleBibleHeroes/E-xo-te",
      "isVideo": true,
      "url": "03-hoat-hinh.hoat-hinh-2d.hoat-hinh-2d-bo.little-bible-heroes.e-xo-te",
      "name": "Ê-xơ-tê",
      "count": 0,
      "isLeaf": null,
      "keyword": null,
      "hash": "",
      "khash": "U2FsdGVkX1+dsBpFZ790GVo8pgkAOSmwjCW5yXeZ8C4NOz6GK6xMAc0Z8WVeuk+lUevvcYGVF90xJ9TaISPx5A==",
      "viewCount": null,
      "duration": "1:18",
      "size": 47824274
    },
    {
      "id": "ebc75250-1317-439b-aafb-92f9063c5b39",
      "pid": "097cd307-2544-4fe3-a3d8-2136aee6dfe9",
      "dblevel": 6,
      "location": "/VGMV/03_HoatHinh/HoatHinh-2D/HoatHinh2D-bo/LittleBibleHeroes/Da-ni-en",
      "isVideo": true,
      "url": "03-hoat-hinh.hoat-hinh-2d.hoat-hinh-2d-bo.little-bible-heroes.da-ni-en",
      "name": "Đa-ni-ên",
      "count": 0,
      "isLeaf": null,
      "keyword": null,
      "hash": "",
      "khash": "U2FsdGVkX1/9aPodkTZ8dgV/4cXaXZwbOpwhDbu++AzmwJUTBczvem77TCLwC/F+Xe68YWHh/Anv4v2/nLoDaA==",
      "viewCount": null,
      "duration": "2:5",
      "size": 82445419
    },
    {
      "id": "6166f5d2-a91f-41b2-9457-f95c16205fcd",
      "pid": "097cd307-2544-4fe3-a3d8-2136aee6dfe9",
      "dblevel": 6,
      "location": "/VGMV/03_HoatHinh/HoatHinh-2D/HoatHinh2D-bo/LittleBibleHeroes/Da-vit",
      "isVideo": true,
      "url": "03-hoat-hinh.hoat-hinh-2d.hoat-hinh-2d-bo.little-bible-heroes.da-vit",
      "name": "Đa-vít",
      "count": 0,
      "isLeaf": null,
      "keyword": null,
      "hash": "",
      "khash": "U2FsdGVkX1/iTuAEnGtL1aOjKyJ0MDybXyzn/4vPSp0qnWfuXTmasg5X6udX1248O5vvzcpHbd+wBQIz8re7kA==",
      "viewCount": null,
      "duration": "1:48",
      "size": 65232591
    }
  ]
}