{
  "id": "6022460f-2158-44ff-9417-fbe37b730f1a",
  "pid": "8a176b06-ca04-4872-967c-9d9917adbb44",
  "dblevel": 5,
  "location": "/VGMV/03_HoatHinh/HoatHinh-3D/HoatHinh3D-bo/CauchuyenButChi",
  "isVideo": true,
  "url": "03-hoat-hinh.hoat-hinh-3d.hoat-hinh-3d-bo.cau-chuyen-but-chi",
  "name": "Câu chuyện Bút Chì",
  "count": 7,
  "isLeaf": true,
  "keyword": null,
  "hash": null,
  "khash": null,
  "viewCount": null,
  "duration": null,
  "size": null,
  "children": [
    {
      "id": "0611843d-3772-4ecf-a4f3-a0d503e17ce0",
      "pid": "6022460f-2158-44ff-9417-fbe37b730f1a",
      "dblevel": 6,
      "location": "/VGMV/03_HoatHinh/HoatHinh-3D/HoatHinh3D-bo/CauchuyenButChi/01ButChi-ViSaoHocKinhThanh",
      "isVideo": true,
      "url": "03-hoat-hinh.hoat-hinh-3d.hoat-hinh-3d-bo.cau-chuyen-but-chi.01but-chi-vi-sao-hoc-kinh-thanh",
      "name": "01Bút Chi-Vì Sao Học Kinh Thánh",
      "count": 0,
      "isLeaf": null,
      "keyword": null,
      "hash": "",
      "khash": "U2FsdGVkX1+mUc54BLWEeo8gZ7QISnu+GfBOiBLMDZDBs7mF6oo87leHY0Ffp87IMQ9jmKrmWCPOB+wPSXVcXw==",
      "viewCount": null,
      "duration": "10:28",
      "size": 731422046
    },
    {
      "id": "2531befa-47d0-4a76-bfcc-7ac978cd8b89",
      "pid": "6022460f-2158-44ff-9417-fbe37b730f1a",
      "dblevel": 6,
      "location": "/VGMV/03_HoatHinh/HoatHinh-3D/HoatHinh3D-bo/CauchuyenButChi/02ButChi-ThangHonSoHai",
      "isVideo": true,
      "url": "03-hoat-hinh.hoat-hinh-3d.hoat-hinh-3d-bo.cau-chuyen-but-chi.02but-chi-thang-hon-so-hai",
      "name": "02Bút Chì-Thắng Hơn Sợ Hãi",
      "count": 0,
      "isLeaf": null,
      "keyword": null,
      "hash": "",
      "khash": "U2FsdGVkX18N/ikG/gUMvNL1UMoYxYkvNMLzWESN0hA8ofiCka+5xd1zLyNW+26odjuxKhn+kqZ90ObXJGNwqw==",
      "viewCount": null,
      "duration": "14:46",
      "size": 554494500
    },
    {
      "id": "8a2035e9-794f-4706-8ff8-9b93bfe16edc",
      "pid": "6022460f-2158-44ff-9417-fbe37b730f1a",
      "dblevel": 6,
      "location": "/VGMV/03_HoatHinh/HoatHinh-3D/HoatHinh3D-bo/CauchuyenButChi/03ButChi-ThaThu",
      "isVideo": true,
      "url": "03-hoat-hinh.hoat-hinh-3d.hoat-hinh-3d-bo.cau-chuyen-but-chi.03but-chi-tha-thu-",
      "name": "03Bút Chì-Tha Thứ ",
      "count": 0,
      "isLeaf": null,
      "keyword": null,
      "hash": "",
      "khash": "U2FsdGVkX1/CkmgQCOZRlNrqbDkFPHaQmjf8kFEiG0wDmA95+9HVn6GdHir84xiwpYvvx/qiMqAI22TZlrwjbw==",
      "viewCount": null,
      "duration": "16:4",
      "size": 548287943
    },
    {
      "id": "6d69d5ba-483f-43a0-b8dc-3986f866d2e4",
      "pid": "6022460f-2158-44ff-9417-fbe37b730f1a",
      "dblevel": 6,
      "location": "/VGMV/03_HoatHinh/HoatHinh-3D/HoatHinh3D-bo/CauchuyenButChi/04ButChi-MonQua",
      "isVideo": true,
      "url": "03-hoat-hinh.hoat-hinh-3d.hoat-hinh-3d-bo.cau-chuyen-but-chi.04but-chi-mon-qua",
      "name": "04Bút Chì-Món Quà",
      "count": 0,
      "isLeaf": null,
      "keyword": null,
      "hash": "",
      "khash": "U2FsdGVkX18we3674vzennt6RbnwS7TTlXLgWdQCtzG15twwDb0EHxLIMzjmysk2irm462Y3QIMoWnRAaSh9Cw==",
      "viewCount": null,
      "duration": "12:18",
      "size": 518456840
    },
    {
      "id": "81852b99-e747-4240-92ca-0c3be800f535",
      "pid": "6022460f-2158-44ff-9417-fbe37b730f1a",
      "dblevel": 6,
      "location": "/VGMV/03_HoatHinh/HoatHinh-3D/HoatHinh3D-bo/CauchuyenButChi/05ButChi-Dacthangcamdo",
      "isVideo": true,
      "url": "03-hoat-hinh.hoat-hinh-3d.hoat-hinh-3d-bo.cau-chuyen-but-chi.05but-chi-dac-thang-cam-do",
      "name": "05Bút Chì - Đắc thắng cám dỗ",
      "count": 0,
      "isLeaf": null,
      "keyword": null,
      "hash": "",
      "khash": "U2FsdGVkX192SVf0kvDzqmN2/gONzop6ob5GZTviaKfnFQe5ZKLlzPft0a0Dk4AttA3GjsXUS+3SX6ji4IoiCw==",
      "viewCount": null,
      "duration": "14:18",
      "size": 486913412
    },
    {
      "id": "cfdff3c8-274d-4542-b148-37dd15924784",
      "pid": "6022460f-2158-44ff-9417-fbe37b730f1a",
      "dblevel": 6,
      "location": "/VGMV/03_HoatHinh/HoatHinh-3D/HoatHinh3D-bo/CauchuyenButChi/06ButChi-DucTinvaTinhYeuThuong",
      "isVideo": true,
      "url": "03-hoat-hinh.hoat-hinh-3d.hoat-hinh-3d-bo.cau-chuyen-but-chi.06but-chi-duc-tin-va-tinh-yeu-thuong",
      "name": "06Bút Chì - Đức Tin và Tình Yêu Thương",
      "count": 0,
      "isLeaf": null,
      "keyword": null,
      "hash": "",
      "khash": "U2FsdGVkX1/TZyr4c2MxZfHyFtPon7jbhYIRv+97ocjo3Hs3FDvtzXDPOsplmv0Jq38hJOOQcqoFf9Rpj1ChlA==",
      "viewCount": null,
      "duration": "12:28",
      "size": 350554081
    },
    {
      "id": "46c815f2-4fa3-4562-a4e5-5a629ffee012",
      "pid": "6022460f-2158-44ff-9417-fbe37b730f1a",
      "dblevel": 6,
      "location": "/VGMV/03_HoatHinh/HoatHinh-3D/HoatHinh3D-bo/CauchuyenButChi/07ButChi-DuocYeuDeYeu",
      "isVideo": true,
      "url": "03-hoat-hinh.hoat-hinh-3d.hoat-hinh-3d-bo.cau-chuyen-but-chi.07but-chi-duoc-yeu-de-yeu",
      "name": "07Bút Chì - Được Yêu Để Yêu",
      "count": 0,
      "isLeaf": null,
      "keyword": null,
      "hash": "",
      "khash": "U2FsdGVkX19wMVUaqU57AOdw5J8Pwz6lHFHk44WLJPc9ZsChvMMoL9Z/DyXtfYHDwOAKChVFCe7ykwAdToax3g==",
      "viewCount": null,
      "duration": "14:20",
      "size": 426047026
    }
  ]
}