{
  "id": "27232fc9-cbf9-44ef-a327-2507f4c9a43d",
  "pid": "6b917fa9-2d0a-4e7d-9308-26ed0db8acea",
  "dblevel": 6,
  "location": "/VGMV/03_HoatHinh/HoatHinh-2D/HoatHinh2D-bo/TimHieuThanhKinh/03-PhucAmLu-ca",
  "isVideo": true,
  "url": "03-hoat-hinh.hoat-hinh-2d.hoat-hinh-2d-bo.tim-hieu-thanh-kinh.03-phuc-am-lu-ca",
  "name": "03-Phúc Âm Lu-ca",
  "count": 1,
  "isLeaf": true,
  "keyword": null,
  "hash": null,
  "khash": null,
  "viewCount": null,
  "duration": null,
  "size": null,
  "children": [
    {
      "id": "dc20d1f4-b8b4-4e91-9bb2-ffa898f59f3b",
      "pid": "27232fc9-cbf9-44ef-a327-2507f4c9a43d",
      "dblevel": 7,
      "location": "/VGMV/03_HoatHinh/HoatHinh-2D/HoatHinh2D-bo/TimHieuThanhKinh/03-PhucAmLu-ca/TTBLu01_ThienSuVaCacLoiLoanBao",
      "isVideo": true,
      "url": "03-hoat-hinh.hoat-hinh-2d.hoat-hinh-2d-bo.tim-hieu-thanh-kinh.03-phuc-am-lu-ca.ttblu01-thien-su-va-cac-loi-loan-bao",
      "name": "TTBLu01_Thiên Sứ Và Các Lời Loan Báo",
      "count": 0,
      "isLeaf": null,
      "keyword": null,
      "hash": null,
      "khash": null,
      "viewCount": null,
      "duration": "4:30",
      "size": 337992788
    }
  ]
}