{
  "id": "6c9a9909-1f6d-45be-9488-5000284b8f1f",
  "pid": "a749b7d5-3bda-4c55-8bd7-33fa796b1a6c",
  "dblevel": 5,
  "location": "/VGMV/03_HoatHinh/HoatHinh-2D/HoatHinh2D-bo/NhungPhuNuTrongKinhThanh",
  "isVideo": true,
  "url": "03-hoat-hinh.hoat-hinh-2d.hoat-hinh-2d-bo.nhung-phu-nu-trong-kinh-thanh",
  "name": "Những Phụ Nữ Trong Kinh Thánh",
  "count": 6,
  "isLeaf": true,
  "keyword": null,
  "hash": null,
  "khash": null,
  "viewCount": null,
  "duration": null,
  "size": null,
  "children": [
    {
      "id": "fd2045d6-f7fc-46a5-bd73-24e09cbd5936",
      "pid": "6c9a9909-1f6d-45be-9488-5000284b8f1f",
      "dblevel": 6,
      "location": "/VGMV/03_HoatHinh/HoatHinh-2D/HoatHinh2D-bo/NhungPhuNuTrongKinhThanh/An-ne",
      "isVideo": true,
      "url": "03-hoat-hinh.hoat-hinh-2d.hoat-hinh-2d-bo.nhung-phu-nu-trong-kinh-thanh.an-ne",
      "name": "An-ne",
      "count": 0,
      "isLeaf": null,
      "keyword": null,
      "hash": "",
      "khash": "U2FsdGVkX1+CUxMukH2Hnk0vDZVgG2RTmzX22XsaWSn58hhVrR47QJdO4FClQF/x8aOpM7kZ2ucFql+qmqiV9g==",
      "viewCount": null,
      "duration": "0:30",
      "size": 15183935
    },
    {
      "id": "5a194753-9da5-4353-af7a-a3f8dafe9f62",
      "pid": "6c9a9909-1f6d-45be-9488-5000284b8f1f",
      "dblevel": 6,
      "location": "/VGMV/03_HoatHinh/HoatHinh-2D/HoatHinh2D-bo/NhungPhuNuTrongKinhThanh/HoangHauE-xo-te",
      "isVideo": true,
      "url": "03-hoat-hinh.hoat-hinh-2d.hoat-hinh-2d-bo.nhung-phu-nu-trong-kinh-thanh.hoang-hau-e-xo-te",
      "name": "Hoàng Hậu Ê-xơ-tê",
      "count": 0,
      "isLeaf": null,
      "keyword": null,
      "hash": "",
      "khash": "U2FsdGVkX1/8rlVESdEV/BilWPQ6ce8CiT8FkRBtdCF0xg6rC91IaTrYntdY0zrarU/YD5CSlBjfJVoI1GahQg==",
      "viewCount": null,
      "duration": "1:46",
      "size": 52716046
    },
    {
      "id": "9df07490-9753-4bc1-9f2b-9948bbb96e25",
      "pid": "6c9a9909-1f6d-45be-9488-5000284b8f1f",
      "dblevel": 6,
      "location": "/VGMV/03_HoatHinh/HoatHinh-2D/HoatHinh2D-bo/NhungPhuNuTrongKinhThanh/NguoiPhuNuBenGiengNuoc",
      "isVideo": true,
      "url": "03-hoat-hinh.hoat-hinh-2d.hoat-hinh-2d-bo.nhung-phu-nu-trong-kinh-thanh.nguoi-phu-nu-ben-gieng-nuoc-",
      "name": "Người Phụ Nũ Bên Giếng Nước ",
      "count": 0,
      "isLeaf": null,
      "keyword": null,
      "hash": "",
      "khash": "U2FsdGVkX1+tb6A/38CKBejfp3X8XLRe4A8kMtPuQ1r154Acy3lXW2cw2LXCtZzL3XsLTXOBYfk1tr3FWNbJWw==",
      "viewCount": null,
      "duration": "1:22",
      "size": 40177958
    },
    {
      "id": "22bd5e34-59cc-47da-ab54-d3524f4bacdc",
      "pid": "6c9a9909-1f6d-45be-9488-5000284b8f1f",
      "dblevel": 6,
      "location": "/VGMV/03_HoatHinh/HoatHinh-2D/HoatHinh2D-bo/NhungPhuNuTrongKinhThanh/Ra-hap",
      "isVideo": true,
      "url": "03-hoat-hinh.hoat-hinh-2d.hoat-hinh-2d-bo.nhung-phu-nu-trong-kinh-thanh.ra-hap",
      "name": "Ra-háp",
      "count": 0,
      "isLeaf": null,
      "keyword": null,
      "hash": "",
      "khash": "U2FsdGVkX1/O3jyHxfj8kT0FuiXZ9Mt/9go6W8YpLZ8Eggw/paRnElfXi+nUmv7K5Gs9FbIJz/zNwXDrvUMnvA==",
      "viewCount": null,
      "duration": "1:43",
      "size": 62041800
    },
    {
      "id": "e535d539-1e97-448c-9143-46cd2c028093",
      "pid": "6c9a9909-1f6d-45be-9488-5000284b8f1f",
      "dblevel": 6,
      "location": "/VGMV/03_HoatHinh/HoatHinh-2D/HoatHinh2D-bo/NhungPhuNuTrongKinhThanh/Ru-to",
      "isVideo": true,
      "url": "03-hoat-hinh.hoat-hinh-2d.hoat-hinh-2d-bo.nhung-phu-nu-trong-kinh-thanh.ru-to",
      "name": "Ru-tơ",
      "count": 0,
      "isLeaf": null,
      "keyword": null,
      "hash": "",
      "khash": "U2FsdGVkX1+AqguvwQNn5cw0PbLfwgJOTDtQvKiN8q4NyxYJzfMHaJonrZdxAr+RyRI6EVBeG3UsOUr7Syc07Q==",
      "viewCount": null,
      "duration": "1:15",
      "size": 36665509
    },
    {
      "id": "3b444b42-66b8-41a1-b4fc-471220d679f9",
      "pid": "6c9a9909-1f6d-45be-9488-5000284b8f1f",
      "dblevel": 6,
      "location": "/VGMV/03_HoatHinh/HoatHinh-2D/HoatHinh2D-bo/NhungPhuNuTrongKinhThanh/DanBaGoaNgheo",
      "isVideo": true,
      "url": "03-hoat-hinh.hoat-hinh-2d.hoat-hinh-2d-bo.nhung-phu-nu-trong-kinh-thanh.dan-ba-goa-ngheo",
      "name": "Đàn Bà Góa Nghèo",
      "count": 0,
      "isLeaf": null,
      "keyword": null,
      "hash": "",
      "khash": "U2FsdGVkX1+qeavgxnQnr7lcEWh60VU79BxiAExV2JEid/CJgFeW30NANJOTremUCOzhsNmDpChtGxeoXpqQaw==",
      "viewCount": null,
      "duration": "0:54",
      "size": 26577936
    }
  ]
}