{
  "id": "a3b02ded-18f5-4556-91bf-708bf2638ee3",
  "pid": "a749b7d5-3bda-4c55-8bd7-33fa796b1a6c",
  "dblevel": 5,
  "location": "/VGMV/03_HoatHinh/HoatHinh-2D/HoatHinh2D-bo/FamilyEntertainment-2",
  "isVideo": true,
  "url": "03-hoat-hinh.hoat-hinh-2d.hoat-hinh-2d-bo.family-entertainment-2",
  "name": "Family Entertainment-2",
  "count": 7,
  "isLeaf": true,
  "keyword": null,
  "hash": null,
  "khash": null,
  "viewCount": null,
  "duration": null,
  "size": null,
  "children": [
    {
      "id": "21c25f42-9033-419f-b898-50f37b302e76",
      "pid": "a3b02ded-18f5-4556-91bf-708bf2638ee3",
      "dblevel": 6,
      "location": "/VGMV/03_HoatHinh/HoatHinh-2D/HoatHinh2D-bo/FamilyEntertainment-2/BanhSuSong",
      "isVideo": true,
      "url": "03-hoat-hinh.hoat-hinh-2d.hoat-hinh-2d-bo.family-entertainment-2.banh-su-song",
      "name": "Bánh Sự Sống",
      "count": 0,
      "isLeaf": null,
      "keyword": null,
      "hash": "",
      "khash": "U2FsdGVkX18/2T1ktOlML8eKbUS+VGq9l8AY1OE/46eZUrbj7c7tJ5o0TJV7rgSi5FWeuNKq0rcqf9GzUNeGyw==",
      "viewCount": null,
      "duration": "2:23",
      "size": 63848899
    },
    {
      "id": "8c963098-13b8-4be8-a1e3-110174f2a22b",
      "pid": "a3b02ded-18f5-4556-91bf-708bf2638ee3",
      "dblevel": 6,
      "location": "/VGMV/03_HoatHinh/HoatHinh-2D/HoatHinh2D-bo/FamilyEntertainment-2/ChangTraiTreGiauCo",
      "isVideo": true,
      "url": "03-hoat-hinh.hoat-hinh-2d.hoat-hinh-2d-bo.family-entertainment-2.chang-trai-tre-giau-co",
      "name": "Chàng Trai Trẻ Giàu Có",
      "count": 0,
      "isLeaf": null,
      "keyword": null,
      "hash": "",
      "khash": "U2FsdGVkX1/xVpqcntUv4tHqS4AIdTSaSyWeBN5CKivJfKSIfGtOxQvqu2pL2je0N7QQbq9NOpYRelBLaw1ILw==",
      "viewCount": null,
      "duration": "1:33",
      "size": 43229128
    },
    {
      "id": "42182032-9067-4753-be1b-3789aa1b1860",
      "pid": "a3b02ded-18f5-4556-91bf-708bf2638ee3",
      "dblevel": 6,
      "location": "/VGMV/03_HoatHinh/HoatHinh-2D/HoatHinh2D-bo/FamilyEntertainment-2/HoangHauE-xo-te",
      "isVideo": true,
      "url": "03-hoat-hinh.hoat-hinh-2d.hoat-hinh-2d-bo.family-entertainment-2.hoang-hau-e-xo-te",
      "name": "Hoàng Hậu Ê-xơ-tê",
      "count": 0,
      "isLeaf": null,
      "keyword": null,
      "hash": "",
      "khash": "U2FsdGVkX18zegqKqOtV8Bke1OSmDm2H3VPUDbY4U3IWKx9KJXTN8+KTQNpat5BjF4qbQOraKlZA8MT9a+hT/Q==",
      "viewCount": null,
      "duration": "5:12",
      "size": 143303521
    },
    {
      "id": "e7678b0f-ceeb-4b17-b4df-e5a6e4d67c6b",
      "pid": "a3b02ded-18f5-4556-91bf-708bf2638ee3",
      "dblevel": 6,
      "location": "/VGMV/03_HoatHinh/HoatHinh-2D/HoatHinh2D-bo/FamilyEntertainment-2/NguoiAnhCuaDuaEmHoangDang",
      "isVideo": true,
      "url": "03-hoat-hinh.hoat-hinh-2d.hoat-hinh-2d-bo.family-entertainment-2.nguoi-anh-cua-dua-em-hoang-dang",
      "name": "Người Anh Của Đứa Em Hoang Đàng",
      "count": 0,
      "isLeaf": null,
      "keyword": null,
      "hash": "",
      "khash": "U2FsdGVkX1/pDyT2y+ZyNtP1BxdEIIrp4t9vHm2yhJ9zY1s6IFahx/1BALjQDyjf/RXk8umJS5/A80HwgXde+Q==",
      "viewCount": null,
      "duration": "1:58",
      "size": 49318381
    },
    {
      "id": "ab18f287-c0be-4d3d-ac4a-92c67c3449d6",
      "pid": "a3b02ded-18f5-4556-91bf-708bf2638ee3",
      "dblevel": 6,
      "location": "/VGMV/03_HoatHinh/HoatHinh-2D/HoatHinh2D-bo/FamilyEntertainment-2/NguoiKhonNguoiDai",
      "isVideo": true,
      "url": "03-hoat-hinh.hoat-hinh-2d.hoat-hinh-2d-bo.family-entertainment-2.nguoi-khon-nguoi-dai",
      "name": "Người Khôn Người Dại",
      "count": 0,
      "isLeaf": null,
      "keyword": null,
      "hash": "",
      "khash": "U2FsdGVkX18eQ+VuSWOd69EjvlHQ89X12WoMAAGluwPcWvu+renMocDa6H5gXxmohpK5XW+DNJJiv8W7LnhZiA==",
      "viewCount": null,
      "duration": "8:2",
      "size": 239761239
    },
    {
      "id": "5ba49a41-ad1f-490d-a661-7ee6807b48ac",
      "pid": "a3b02ded-18f5-4556-91bf-708bf2638ee3",
      "dblevel": 6,
      "location": "/VGMV/03_HoatHinh/HoatHinh-2D/HoatHinh2D-bo/FamilyEntertainment-2/Ru-to",
      "isVideo": true,
      "url": "03-hoat-hinh.hoat-hinh-2d.hoat-hinh-2d-bo.family-entertainment-2.ru-to",
      "name": "Ru-tơ",
      "count": 0,
      "isLeaf": null,
      "keyword": null,
      "hash": "",
      "khash": "U2FsdGVkX1/JkFVTWhsss6hbbohYr+qum8XfgluodpBHtpL5eYTIL3gOrQRRIdT/2O7zgHDkoq6rU1fSCI7sGg==",
      "viewCount": null,
      "duration": "1:34",
      "size": 33727523
    },
    {
      "id": "b942e249-f916-4488-a585-df5033c5dbb4",
      "pid": "a3b02ded-18f5-4556-91bf-708bf2638ee3",
      "dblevel": 6,
      "location": "/VGMV/03_HoatHinh/HoatHinh-2D/HoatHinh2D-bo/FamilyEntertainment-2/DemChuaGie-xuGiangSinh",
      "isVideo": true,
      "url": "03-hoat-hinh.hoat-hinh-2d.hoat-hinh-2d-bo.family-entertainment-2.dem-chua-gie-xu-giang-sinh",
      "name": "Đêm Chúa Giê-xu Giáng Sinh",
      "count": 0,
      "isLeaf": null,
      "keyword": null,
      "hash": "",
      "khash": "U2FsdGVkX1+9jwnm0To5MjsErLyCYzsS4hLxxXjGvafFQPR6v0C1uZnaDIHxt+lqEOMn+YUKdEriKcoiIvU2QA==",
      "viewCount": null,
      "duration": "3:0",
      "size": 83929995
    }
  ]
}