{
  "id": "60085679-99fa-4575-a050-f5ee5b5d549c",
  "pid": "a749b7d5-3bda-4c55-8bd7-33fa796b1a6c",
  "dblevel": 5,
  "location": "/VGMV/03_HoatHinh/HoatHinh-2D/HoatHinh2D-bo/CauChuyenGiangSinh",
  "isVideo": true,
  "url": "03-hoat-hinh.hoat-hinh-2d.hoat-hinh-2d-bo.cau-chuyen-giang-sinh",
  "name": "Câu Chuyện Giáng Sinh",
  "count": 4,
  "isLeaf": true,
  "keyword": null,
  "hash": null,
  "khash": null,
  "viewCount": null,
  "duration": null,
  "size": null,
  "children": [
    {
      "id": "2bc1d0dd-1e22-4036-9c8a-c2e864295ce8",
      "pid": "60085679-99fa-4575-a050-f5ee5b5d549c",
      "dblevel": 6,
      "location": "/VGMV/03_HoatHinh/HoatHinh-2D/HoatHinh2D-bo/CauChuyenGiangSinh/GS01_Ma-rivaGio-sep",
      "isVideo": true,
      "url": "03-hoat-hinh.hoat-hinh-2d.hoat-hinh-2d-bo.cau-chuyen-giang-sinh.gs01-ma-ri-va-gio-sep",
      "name": "GS01_Ma-ri và Giô-sép",
      "count": 0,
      "isLeaf": null,
      "keyword": null,
      "hash": "",
      "khash": "U2FsdGVkX1+iYBI1qgYgBAQupYRFmR34JIgVWG0auRQAcnpNpLM/B1BWJAX6UnFzZITR2SDB8p1wYbC6qXYoPA==",
      "viewCount": null,
      "duration": "3:2",
      "size": 89802389
    },
    {
      "id": "383c8446-08ba-44cc-9c12-74febca8adaf",
      "pid": "60085679-99fa-4575-a050-f5ee5b5d549c",
      "dblevel": 6,
      "location": "/VGMV/03_HoatHinh/HoatHinh-2D/HoatHinh2D-bo/CauChuyenGiangSinh/GS02_ChuaGie-xuSinhRa",
      "isVideo": true,
      "url": "03-hoat-hinh.hoat-hinh-2d.hoat-hinh-2d-bo.cau-chuyen-giang-sinh.gs02-chua-gie-xu-sinh-ra",
      "name": "GS02_Chúa Giê-xu Sinh Ra",
      "count": 0,
      "isLeaf": null,
      "keyword": null,
      "hash": "",
      "khash": "U2FsdGVkX18uIyP/1RD347abHDpamjARtQCjiyGV5PNPr4nTel9nhjrAQbXBy6eJY/JdaynHNZfgxu5Aa1IDZg==",
      "viewCount": null,
      "duration": "1:55",
      "size": 54377743
    },
    {
      "id": "cd854ffe-0775-4687-a2ee-b26f451dbed9",
      "pid": "60085679-99fa-4575-a050-f5ee5b5d549c",
      "dblevel": 6,
      "location": "/VGMV/03_HoatHinh/HoatHinh-2D/HoatHinh2D-bo/CauChuyenGiangSinh/GS03_NhungNguoiChanChien",
      "isVideo": true,
      "url": "03-hoat-hinh.hoat-hinh-2d.hoat-hinh-2d-bo.cau-chuyen-giang-sinh.gs03-nhung-nguoi-chan-chien",
      "name": "GS03_Những Người Chăn Chiên",
      "count": 0,
      "isLeaf": null,
      "keyword": null,
      "hash": "",
      "khash": "U2FsdGVkX1+tPRvZWGRE8Gko69hwzNnxDucKAIW0WkY+CxVYbh+4HYswdQFP4C4EaV6+psgneUwHMsl6Byyj/A==",
      "viewCount": null,
      "duration": "2:24",
      "size": 71441734
    },
    {
      "id": "7cb2a277-a4bc-4169-aaed-1f728b593b68",
      "pid": "60085679-99fa-4575-a050-f5ee5b5d549c",
      "dblevel": 6,
      "location": "/VGMV/03_HoatHinh/HoatHinh-2D/HoatHinh2D-bo/CauChuyenGiangSinh/GS04_CacNhaThongThai",
      "isVideo": true,
      "url": "03-hoat-hinh.hoat-hinh-2d.hoat-hinh-2d-bo.cau-chuyen-giang-sinh.gs04-cac-nha-thong-thai",
      "name": "GS04_Các Nhà Thông Thái",
      "count": 0,
      "isLeaf": null,
      "keyword": null,
      "hash": "",
      "khash": "U2FsdGVkX19vdJovy2lkFpG/2MDXmxmQKYPlY3SNR1oqc7nSN6jRCue7/Mdk766qtPHj1riyfD3p7aHBiQneLQ==",
      "viewCount": null,
      "duration": "3:30",
      "size": 103169508
    }
  ]
}