{
  "id": "166221ad-715d-4f40-ad22-7f6ac8895a52",
  "pid": "8a176b06-ca04-4872-967c-9d9917adbb44",
  "dblevel": 5,
  "location": "/VGMV/03_HoatHinh/HoatHinh-3D/HoatHinh3D-bo/CauchuyenBacSiMienRung",
  "isVideo": true,
  "url": "03-hoat-hinh.hoat-hinh-3d.hoat-hinh-3d-bo.cau-chuyen-bac-si-mien-rung",
  "name": "Câu chuyện Bác Sĩ Miền Rừng",
  "count": 8,
  "isLeaf": true,
  "keyword": null,
  "hash": null,
  "khash": null,
  "viewCount": null,
  "duration": null,
  "size": null,
  "children": [
    {
      "id": "7c2510ef-0405-462a-9782-d8b6c0bc9ce0",
      "pid": "166221ad-715d-4f40-ad22-7f6ac8895a52",
      "dblevel": 6,
      "location": "/VGMV/03_HoatHinh/HoatHinh-3D/HoatHinh3D-bo/CauchuyenBacSiMienRung/01-BucTuongToiLoi",
      "isVideo": true,
      "url": "03-hoat-hinh.hoat-hinh-3d.hoat-hinh-3d-bo.cau-chuyen-bac-si-mien-rung.01-buc-tuong-toi-loi",
      "name": "01-Bức Tường Tội Lỗi",
      "count": 0,
      "isLeaf": null,
      "keyword": null,
      "hash": "",
      "khash": "U2FsdGVkX18g3ewlssFf/czfTNuV8KsNTWb7F2B/bA61u0wfM4tv8ItZtMmdW9RmTXcTaQ9qauaRUuClZ/2HgQ==",
      "viewCount": null,
      "duration": "5:32",
      "size": 151413455
    },
    {
      "id": "4d18a9e4-4511-4e4d-aa2d-c62adae7695d",
      "pid": "166221ad-715d-4f40-ad22-7f6ac8895a52",
      "dblevel": 6,
      "location": "/VGMV/03_HoatHinh/HoatHinh-3D/HoatHinh3D-bo/CauchuyenBacSiMienRung/02-CamBay",
      "isVideo": true,
      "url": "03-hoat-hinh.hoat-hinh-3d.hoat-hinh-3d-bo.cau-chuyen-bac-si-mien-rung.02-cam-bay",
      "name": "02-Cạm Bẫy",
      "count": 0,
      "isLeaf": null,
      "keyword": null,
      "hash": "",
      "khash": "U2FsdGVkX1+3akPyC9wN8B4SaUL9FUif4MOCqEH3dd7YsmnniujmORmaWQWjODlSf4gnF6rwsBCp3uEaftPUFA==",
      "viewCount": null,
      "duration": "3:34",
      "size": 90730999
    },
    {
      "id": "48db61e4-6ad1-4173-ac35-c00a34be92d1",
      "pid": "166221ad-715d-4f40-ad22-7f6ac8895a52",
      "dblevel": 6,
      "location": "/VGMV/03_HoatHinh/HoatHinh-3D/HoatHinh3D-bo/CauchuyenBacSiMienRung/03-TaiNanKhongNgo",
      "isVideo": true,
      "url": "03-hoat-hinh.hoat-hinh-3d.hoat-hinh-3d-bo.cau-chuyen-bac-si-mien-rung.03-tai-nan-khong-ngo",
      "name": "03-Tai Nạn Không Ngờ",
      "count": 0,
      "isLeaf": null,
      "keyword": null,
      "hash": "",
      "khash": "U2FsdGVkX19JDAWD9/IMqGp56X077rmlB5OH7nlR+mGl3GyVbVV2fnfBBO/fAuTA0yglcicqHCa6zUKdI47TSg==",
      "viewCount": null,
      "duration": "6:14",
      "size": 167746148
    },
    {
      "id": "82f57836-3c19-4682-a6fa-2e6fbd63afba",
      "pid": "166221ad-715d-4f40-ad22-7f6ac8895a52",
      "dblevel": 6,
      "location": "/VGMV/03_HoatHinh/HoatHinh-3D/HoatHinh3D-bo/CauchuyenBacSiMienRung/04-TinHayKhongTin",
      "isVideo": true,
      "url": "03-hoat-hinh.hoat-hinh-3d.hoat-hinh-3d-bo.cau-chuyen-bac-si-mien-rung.04-tin-hay-khong-tin",
      "name": "04-Tin Hay Không Tin",
      "count": 0,
      "isLeaf": null,
      "keyword": null,
      "hash": "",
      "khash": "U2FsdGVkX1/qzRcdRzg6YN/iq9BrDYd+YmqyFeXPWu/Qlh8q136mwbNovq6aiBjH8WzK7ilMh16+zPHGSKwqYw==",
      "viewCount": null,
      "duration": "6:19",
      "size": 170818495
    },
    {
      "id": "9274c3f8-7996-4b1e-9f76-71c2c9a2fdf8",
      "pid": "166221ad-715d-4f40-ad22-7f6ac8895a52",
      "dblevel": 6,
      "location": "/VGMV/03_HoatHinh/HoatHinh-3D/HoatHinh3D-bo/CauchuyenBacSiMienRung/05-BanKhongTheTuCuuLayMinh",
      "isVideo": true,
      "url": "03-hoat-hinh.hoat-hinh-3d.hoat-hinh-3d-bo.cau-chuyen-bac-si-mien-rung.05-ban-khong-the-tu-cuu-lay-minh",
      "name": "05-Bạn Không Thể Tự Cứu Lấy Mình",
      "count": 0,
      "isLeaf": null,
      "keyword": null,
      "hash": "",
      "khash": "U2FsdGVkX19+LEOdlfh3WRyZwMu7kVcZjOzUYRW5qcMG9+osvx60xS67N6goMv1OjzqK1flA+LubT56HxGoFEA==",
      "viewCount": null,
      "duration": "5:8",
      "size": 140904278
    },
    {
      "id": "78c9a1e9-81d8-480c-bb0a-29994f95b686",
      "pid": "166221ad-715d-4f40-ad22-7f6ac8895a52",
      "dblevel": 6,
      "location": "/VGMV/03_HoatHinh/HoatHinh-3D/HoatHinh3D-bo/CauchuyenBacSiMienRung/06-NuoiOngTayAo",
      "isVideo": true,
      "url": "03-hoat-hinh.hoat-hinh-3d.hoat-hinh-3d-bo.cau-chuyen-bac-si-mien-rung.06-nuoi-ong-tay-ao",
      "name": "06-Nuôi Ong Tay Áo",
      "count": 0,
      "isLeaf": null,
      "keyword": null,
      "hash": "",
      "khash": "U2FsdGVkX1/GMF70bGIL65jmTwTn3CYFtCIZ7sHcHsrfrViQV9LtWU77HT48uBXbunKGoyz1FW9cyMqrNExoCA==",
      "viewCount": null,
      "duration": "4:29",
      "size": 118341262
    },
    {
      "id": "fb48c663-152d-41e9-8221-92184e7eb476",
      "pid": "166221ad-715d-4f40-ad22-7f6ac8895a52",
      "dblevel": 6,
      "location": "/VGMV/03_HoatHinh/HoatHinh-3D/HoatHinh3D-bo/CauchuyenBacSiMienRung/07-NgoiSaiCho",
      "isVideo": true,
      "url": "03-hoat-hinh.hoat-hinh-3d.hoat-hinh-3d-bo.cau-chuyen-bac-si-mien-rung.07-ngoi-sai-cho",
      "name": "07-Ngồi Sai Chỗ",
      "count": 0,
      "isLeaf": null,
      "keyword": null,
      "hash": "",
      "khash": "U2FsdGVkX1/zZSFhkZ9Vly7/UbyiL1s0HG0ee38911CXZJXzxuVu+w5YqUAfBWPXZoPszejQvAuLcVK09N65ZQ==",
      "viewCount": null,
      "duration": "5:7",
      "size": 134247971
    },
    {
      "id": "e083e03b-baf0-4f93-8f2e-097968368320",
      "pid": "166221ad-715d-4f40-ad22-7f6ac8895a52",
      "dblevel": 6,
      "location": "/VGMV/03_HoatHinh/HoatHinh-3D/HoatHinh3D-bo/CauchuyenBacSiMienRung/08-BeoConThanhBeoLon",
      "isVideo": true,
      "url": "03-hoat-hinh.hoat-hinh-3d.hoat-hinh-3d-bo.cau-chuyen-bac-si-mien-rung.08-beo-con-thanh-beo-lon",
      "name": "08-Beo Con Thành Beo Lớn",
      "count": 0,
      "isLeaf": null,
      "keyword": null,
      "hash": "",
      "khash": "U2FsdGVkX19pt2wg096nJpPgtT0auqwvMg5wrDASCvMkfuHRo1M5UxSJIzF1J4HdwD+JGWzEypmQj3L/y1vGnw==",
      "viewCount": null,
      "duration": "10:19",
      "size": 264154624
    }
  ]
}