{
  "id": "cf09e1b3-9934-47ef-bf52-bc1aa6ec4f5a",
  "pid": "4e91f348-af5c-4bf5-a525-166b05262350",
  "dblevel": 3,
  "location": "/VGMV/04_ThieuNhi/KhamPhaDieuKyDieu",
  "isVideo": true,
  "url": "04-thieu-nhi.kham-pha-dieu-ky-dieu",
  "name": "Khám Phá Điều Kỳ Diệu",
  "count": 2,
  "isLeaf": true,
  "keyword": null,
  "hash": null,
  "khash": null,
  "viewCount": null,
  "duration": null,
  "size": null,
  "children": [
    {
      "id": "7afd10ab-62e4-499d-8eda-a4566287e5e4",
      "pid": "cf09e1b3-9934-47ef-bf52-bc1aa6ec4f5a",
      "dblevel": 4,
      "location": "/VGMV/04_ThieuNhi/KhamPhaDieuKyDieu/NguoiKhonNguoiDai",
      "isVideo": true,
      "url": "04-thieu-nhi.kham-pha-dieu-ky-dieu.nguoi-khon-nguoi-dai",
      "name": "Người Khôn Người Dại",
      "count": 0,
      "isLeaf": null,
      "keyword": null,
      "hash": "",
      "khash": "U2FsdGVkX19j/CklpYDO98+uaSfFWYs5srIJGERQBpKrOxeRWLtv0d8u/pnhQxakA/Zs7l2RVYqmqQEyiSCUww==",
      "viewCount": null,
      "duration": "8:2",
      "size": 239761239
    },
    {
      "id": "8a49d863-785c-419e-b925-1c2e41c2e0f1",
      "pid": "cf09e1b3-9934-47ef-bf52-bc1aa6ec4f5a",
      "dblevel": 4,
      "location": "/VGMV/04_ThieuNhi/KhamPhaDieuKyDieu/ViSaoChuaYeuCon",
      "isVideo": true,
      "url": "04-thieu-nhi.kham-pha-dieu-ky-dieu.vi-sao-chua-yeu-con",
      "name": "Vì Sao Chúa Yêu Con",
      "count": 0,
      "isLeaf": null,
      "keyword": null,
      "hash": "",
      "khash": "U2FsdGVkX19CgmZ6OsT1CrNoMbZVPUqVaODMbmUrzP+muii/BzrTdEF3KW3Zez1qnTyrSPO5xWrj5SLMriWwGg==",
      "viewCount": null,
      "duration": "3:41",
      "size": 124512595
    }
  ]
}