{
  "id": "6a6b9ae4-1cef-4e1b-b247-8d2eed5f4f56",
  "pid": "4e91f348-af5c-4bf5-a525-166b05262350",
  "dblevel": 3,
  "location": "/VGMV/04_ThieuNhi/BuocTheoChuaGie-xu",
  "isVideo": true,
  "url": "04-thieu-nhi.buoc-theo-chua-gie-xu",
  "name": "Bước Theo Chúa Giê-xu",
  "count": 2,
  "isLeaf": true,
  "keyword": null,
  "hash": null,
  "khash": null,
  "viewCount": null,
  "duration": null,
  "size": null,
  "children": [
    {
      "id": "bedcbbd6-f435-48a6-8448-aebe0951ba80",
      "pid": "6a6b9ae4-1cef-4e1b-b247-8d2eed5f4f56",
      "dblevel": 4,
      "location": "/VGMV/04_ThieuNhi/BuocTheoChuaGie-xu/01_ConTinChuaDaDungNenMoiVat",
      "isVideo": true,
      "url": "04-thieu-nhi.buoc-theo-chua-gie-xu.01-con-tin-chua-da-dung-nen-moi-vat",
      "name": "01_Con Tin Chúa Đã Dựng Nên Mọi Vật",
      "count": 0,
      "isLeaf": null,
      "keyword": null,
      "hash": "",
      "khash": "U2FsdGVkX18W/0kWiJHoRYEK5OHe9w08/8KXG3TXApuUTCsPQYXVMwZ/rxN8WnaKZ7nuEkYan8qMA48UIgbdlQ==",
      "viewCount": null,
      "duration": "12:9",
      "size": 358526282
    },
    {
      "id": "11c49473-ef0d-4e6e-9800-7acb70b6567a",
      "pid": "6a6b9ae4-1cef-4e1b-b247-8d2eed5f4f56",
      "dblevel": 4,
      "location": "/VGMV/04_ThieuNhi/BuocTheoChuaGie-xu/02_ConTinChuaDaDungNenConThatDacBiet",
      "isVideo": true,
      "url": "04-thieu-nhi.buoc-theo-chua-gie-xu.02-con-tin-chua-da-dung-nen-con-that-dac-biet",
      "name": "02_Con Tin Chúa Đã Dựng Nên Con Thật Đặc Biệt",
      "count": 0,
      "isLeaf": null,
      "keyword": null,
      "hash": "",
      "khash": "U2FsdGVkX19nagyGH6cQT31nWR1+lijMCqd667TeLLTJpuCWZOIUGu+dxZDP83fU5KWERGHtcYu6XE683JDqWw==",
      "viewCount": null,
      "duration": "21:4",
      "size": 630436982
    }
  ]
}