{
  "id": "9f2a93c9-ee2a-4153-be90-7184a44b833c",
  "pid": "4e91f348-af5c-4bf5-a525-166b05262350",
  "dblevel": 3,
  "location": "/VGMV/04_ThieuNhi/Konnect.",
  "isVideo": true,
  "url": "04-thieu-nhi.konnect",
  "name": "Konnect.",
  "count": 3,
  "isLeaf": true,
  "keyword": null,
  "hash": null,
  "khash": null,
  "viewCount": null,
  "duration": null,
  "size": null,
  "children": [
    {
      "id": "0f595e6b-6e00-49ef-8a83-7a0135e8b4d2",
      "pid": "9f2a93c9-ee2a-4153-be90-7184a44b833c",
      "dblevel": 4,
      "location": "/VGMV/04_ThieuNhi/Konnect./01-KhongVienCo",
      "isVideo": true,
      "url": "04-thieu-nhi.konnect.01-khong-vien-co",
      "name": "01-Không Viện Cớ",
      "count": 0,
      "isLeaf": null,
      "keyword": null,
      "hash": "",
      "khash": "U2FsdGVkX1/TmgGK/OXaqeTFe3/Q9VHOMWf9FpfWowBXVQqZVCjAjGAjU7F1fe/6gmlPeUEnotz28ehu9vatGQ==",
      "viewCount": null,
      "duration": "15:45",
      "size": 457729675
    },
    {
      "id": "757bae97-3eee-4f3e-b91d-d804359dbf6f",
      "pid": "9f2a93c9-ee2a-4153-be90-7184a44b833c",
      "dblevel": 4,
      "location": "/VGMV/04_ThieuNhi/Konnect./02-KhongKeuCa",
      "isVideo": true,
      "url": "04-thieu-nhi.konnect.02-khong-keu-ca",
      "name": "02-Không Kêu Ca",
      "count": 0,
      "isLeaf": null,
      "keyword": null,
      "hash": "",
      "khash": "U2FsdGVkX19XNRaGGiXNgkfkgdPnuc65CvGT4X4vcaMvnVQ5gmzDd5F9jjLP8GBUuvqiwWxc8LBv11/a1xy+vA==",
      "viewCount": null,
      "duration": "16:29",
      "size": 489630814
    },
    {
      "id": "47675591-877a-4cc8-b386-b579b2088a27",
      "pid": "9f2a93c9-ee2a-4153-be90-7184a44b833c",
      "dblevel": 4,
      "location": "/VGMV/04_ThieuNhi/Konnect./03-AnUongLanhManh",
      "isVideo": true,
      "url": "04-thieu-nhi.konnect.03-an-uong-lanh-manh",
      "name": "03-Ăn Uống Lành Mạnh",
      "count": 0,
      "isLeaf": null,
      "keyword": null,
      "hash": "",
      "khash": "U2FsdGVkX1/3RZIITr/fcQu6oeRyXKCcPaxhpC2WtPNnmeAcP+m+99knog1vPuRD2afq4CA9gOBcY7H8Kpe7Gg==",
      "viewCount": null,
      "duration": "15:52",
      "size": 432903571
    }
  ]
}