{
  "id": "340d0773-9406-489c-877b-766377e09d67",
  "pid": "4e91f348-af5c-4bf5-a525-166b05262350",
  "dblevel": 3,
  "location": "/VGMV/04_ThieuNhi/SacMauThanhKinh",
  "isVideo": true,
  "url": "04-thieu-nhi.sac-mau-thanh-kinh",
  "name": "Sắc Màu Thánh Kinh",
  "count": 3,
  "isLeaf": true,
  "keyword": null,
  "hash": null,
  "khash": null,
  "viewCount": null,
  "duration": null,
  "size": null,
  "children": [
    {
      "id": "f1f2a7cd-48e9-4810-9bc1-a13cf8f60393",
      "pid": "340d0773-9406-489c-877b-766377e09d67",
      "dblevel": 4,
      "location": "/VGMV/04_ThieuNhi/SacMauThanhKinh/ConNguoiDauTien",
      "isVideo": true,
      "url": "04-thieu-nhi.sac-mau-thanh-kinh.con-nguoi-dau-tien",
      "name": "Con Người Đầu Tiên",
      "count": 0,
      "isLeaf": null,
      "keyword": null,
      "hash": "",
      "khash": "U2FsdGVkX187gRCs81CTYZT/Q5+LR5XCzQESPfyk+sK7CCOtM8poLuCauEBSp/MtiMiAJ6ct4KmK7Op7+uLDhg==",
      "viewCount": null,
      "duration": "7:44",
      "size": 306912390
    },
    {
      "id": "ac0280d5-84ee-4cff-ba7f-c1aa27dd1ec7",
      "pid": "340d0773-9406-489c-877b-766377e09d67",
      "dblevel": 4,
      "location": "/VGMV/04_ThieuNhi/SacMauThanhKinh/HoctheoguongGio-sep",
      "isVideo": true,
      "url": "04-thieu-nhi.sac-mau-thanh-kinh.hoc-theo-guong-gio-sep",
      "name": "Học theo gương Giô-sép",
      "count": 0,
      "isLeaf": null,
      "keyword": null,
      "hash": "",
      "khash": "U2FsdGVkX18L0l/cJsfXZKUbxgZP1RbqlwXrVswDEpflh2+Z2s9I4yzRc+I8ZxoPwvpdb77i6OwVY/hBpRwlaA==",
      "viewCount": null,
      "duration": "18:40",
      "size": 551407335
    },
    {
      "id": "cff9083a-18ad-41fc-be13-ae93137973d5",
      "pid": "340d0773-9406-489c-877b-766377e09d67",
      "dblevel": 4,
      "location": "/VGMV/04_ThieuNhi/SacMauThanhKinh/VongQuaySangTao",
      "isVideo": true,
      "url": "04-thieu-nhi.sac-mau-thanh-kinh.vong-quay-sang-tao",
      "name": "Vòng Quay Sáng Tạo",
      "count": 0,
      "isLeaf": null,
      "keyword": null,
      "hash": "",
      "khash": "U2FsdGVkX1+TK82gUQyo66S7hOW/HuaPuwUx11KjaokscYJqWLifjfqQr9sfr+cdQmeBj4bZVd1yo0NV+IkyVw==",
      "viewCount": null,
      "duration": "10:27",
      "size": 414811556
    }
  ]
}