{
  "id": "04f25fe5-5649-44c4-8d18-c32158b3f839",
  "pid": "93cb081b-7d11-4d11-8abe-f1c1989bf56b",
  "dblevel": 4,
  "location": "/VGMV/05_NgonNguKyHieu/HoatHinh/NhaKyNiemAnhHungDucTin",
  "isVideo": true,
  "url": "05-ngon-ngu-ky-hieu.hoat-hinh.nha-ky-niem-anh-hung-duc-tin",
  "name": "Nhà Kỷ Niệm Anh Hùng Đức Tin",
  "count": 12,
  "isLeaf": true,
  "keyword": null,
  "hash": null,
  "khash": null,
  "viewCount": null,
  "duration": null,
  "size": null,
  "children": [
    {
      "id": "9b61933e-ba27-477b-91ca-7022eeaad905",
      "pid": "04f25fe5-5649-44c4-8d18-c32158b3f839",
      "dblevel": 5,
      "location": "/VGMV/05_NgonNguKyHieu/HoatHinh/NhaKyNiemAnhHungDucTin/01_He-bo-ro",
      "isVideo": true,
      "url": "05-ngon-ngu-ky-hieu.hoat-hinh.nha-ky-niem-anh-hung-duc-tin.01-he-bo-ro",
      "name": "01_Hê-bơ-rơ",
      "count": 0,
      "isLeaf": null,
      "keyword": null,
      "hash": "",
      "khash": "U2FsdGVkX18RqRDspTfmeHxqpJJwftkwdyn5SlrcyOL1Hdhg2wU4jTwP+3umYR82YsD+oJHgOUCBXXqSdBNDPw==",
      "viewCount": null,
      "duration": "2:26",
      "size": 89136508
    },
    {
      "id": "137d1b37-2bb9-4aa6-b6d5-941d0f7e785b",
      "pid": "04f25fe5-5649-44c4-8d18-c32158b3f839",
      "dblevel": 5,
      "location": "/VGMV/05_NgonNguKyHieu/HoatHinh/NhaKyNiemAnhHungDucTin/02_A-ben",
      "isVideo": true,
      "url": "05-ngon-ngu-ky-hieu.hoat-hinh.nha-ky-niem-anh-hung-duc-tin.02-a-ben",
      "name": "02_A-bên",
      "count": 0,
      "isLeaf": null,
      "keyword": null,
      "hash": "",
      "khash": "U2FsdGVkX1/QBG9HaLusj3JuHGgHqmQM5CQHGNZ8n0O6BfdHtH84QEQ8fg3M/hj5Jn225lF8MPn4P1cWQBE37A==",
      "viewCount": null,
      "duration": "1:7",
      "size": 40923378
    },
    {
      "id": "35b00307-5a01-4e53-8a0d-0aac05408a40",
      "pid": "04f25fe5-5649-44c4-8d18-c32158b3f839",
      "dblevel": 5,
      "location": "/VGMV/05_NgonNguKyHieu/HoatHinh/NhaKyNiemAnhHungDucTin/03_He-noc",
      "isVideo": true,
      "url": "05-ngon-ngu-ky-hieu.hoat-hinh.nha-ky-niem-anh-hung-duc-tin.03-he-noc",
      "name": "03_Hê-nóc",
      "count": 0,
      "isLeaf": null,
      "keyword": null,
      "hash": "",
      "khash": "U2FsdGVkX1+BVc8pO2iJ4OOtvzW8bIy5SWWy9bhLshh1CWx3FbTbh1Mxo2PYlss7CDLp9DONwMWfySXLrUICOw==",
      "viewCount": null,
      "duration": "0:49",
      "size": 30226297
    },
    {
      "id": "65aa4ac5-2203-4415-a285-21f83d7efc09",
      "pid": "04f25fe5-5649-44c4-8d18-c32158b3f839",
      "dblevel": 5,
      "location": "/VGMV/05_NgonNguKyHieu/HoatHinh/NhaKyNiemAnhHungDucTin/04_Ap-ra-hamvaLot",
      "isVideo": true,
      "url": "05-ngon-ngu-ky-hieu.hoat-hinh.nha-ky-niem-anh-hung-duc-tin.04-ap-ra-ham-va-lot",
      "name": "04_Áp-ra-ham và Lót",
      "count": 0,
      "isLeaf": null,
      "keyword": null,
      "hash": "",
      "khash": "U2FsdGVkX19PNGRWIOapR6wYKTfVDWsN7JN6cTln+rOcI66747twNZ6rAIH8D7/C5mBdh+3S+2SGIu/U4CxdCw==",
      "viewCount": null,
      "duration": "1:43",
      "size": 63057664
    },
    {
      "id": "d6fb406b-4914-485e-8854-90efd1906956",
      "pid": "04f25fe5-5649-44c4-8d18-c32158b3f839",
      "dblevel": 5,
      "location": "/VGMV/05_NgonNguKyHieu/HoatHinh/NhaKyNiemAnhHungDucTin/05_Ap-ramDoiTenThanhAp-ra-ham",
      "isVideo": true,
      "url": "05-ngon-ngu-ky-hieu.hoat-hinh.nha-ky-niem-anh-hung-duc-tin.05-ap-ram-doi-ten-thanh-ap-ra-ham",
      "name": "05_Áp-ram Đổi Tên Thành Áp-ra-ham",
      "count": 0,
      "isLeaf": null,
      "keyword": null,
      "hash": "",
      "khash": "U2FsdGVkX1++hi7QMXOh8iiIrIRmliXFTny5VC6xN6h9qUoO6jqbc/VtH7WqkV/7RbUIVXB2Dpkiqa2gvPzqtQ==",
      "viewCount": null,
      "duration": "1:31",
      "size": 55657669
    },
    {
      "id": "abb091b0-7718-41b6-b4c4-6e3d65457831",
      "pid": "04f25fe5-5649-44c4-8d18-c32158b3f839",
      "dblevel": 5,
      "location": "/VGMV/05_NgonNguKyHieu/HoatHinh/NhaKyNiemAnhHungDucTin/06_Sara",
      "isVideo": true,
      "url": "05-ngon-ngu-ky-hieu.hoat-hinh.nha-ky-niem-anh-hung-duc-tin.06-sara",
      "name": "06_Sara",
      "count": 0,
      "isLeaf": null,
      "keyword": null,
      "hash": "",
      "khash": "U2FsdGVkX197IdQXDfBfEWj7EnNzZrDK5YA34lEOdnUGqVATXBdbM34RbjCExU+J/AbhaIl0G5N+iG2uRxNHSQ==",
      "viewCount": null,
      "duration": "1:46",
      "size": 64497417
    },
    {
      "id": "9f39f120-77fc-444d-9bac-1d44ba7b4128",
      "pid": "04f25fe5-5649-44c4-8d18-c32158b3f839",
      "dblevel": 5,
      "location": "/VGMV/05_NgonNguKyHieu/HoatHinh/NhaKyNiemAnhHungDucTin/07_EmbeMoi-se",
      "isVideo": true,
      "url": "05-ngon-ngu-ky-hieu.hoat-hinh.nha-ky-niem-anh-hung-duc-tin.07-em-be-moi-se",
      "name": "07_Em bé Môi-se",
      "count": 0,
      "isLeaf": null,
      "keyword": null,
      "hash": "",
      "khash": "U2FsdGVkX1+XUHAx17NQqggS6E3QKGUKz/JbRDiBaCVtfX4X8MIHXtiR3s0UUAWeDhDyY0R50FT+314qrfl+PQ==",
      "viewCount": null,
      "duration": "2:50",
      "size": 231757020
    },
    {
      "id": "4f47699b-51e6-4fb4-aa5b-db5f4dbe9556",
      "pid": "04f25fe5-5649-44c4-8d18-c32158b3f839",
      "dblevel": 5,
      "location": "/VGMV/05_NgonNguKyHieu/HoatHinh/NhaKyNiemAnhHungDucTin/08_Moi-sevaBuiGaiChay",
      "isVideo": true,
      "url": "05-ngon-ngu-ky-hieu.hoat-hinh.nha-ky-niem-anh-hung-duc-tin.08-moi-se-va-bui-gai-chay",
      "name": "08_Môi-se và Bụi Gai Cháy",
      "count": 0,
      "isLeaf": null,
      "keyword": null,
      "hash": "",
      "khash": "U2FsdGVkX19HMWOuRzhp0MTEUuaM+OBDW6Esyqrd24DYKwo78+vsfLiIYDheKQssPIT3JSfqNJK5sz0rg3FBOA==",
      "viewCount": null,
      "duration": "4:54",
      "size": 194173526
    },
    {
      "id": "27b3043a-f22e-4234-b656-91db852970df",
      "pid": "04f25fe5-5649-44c4-8d18-c32158b3f839",
      "dblevel": 5,
      "location": "/VGMV/05_NgonNguKyHieu/HoatHinh/NhaKyNiemAnhHungDucTin/09_Gio-sepVaChiecAo",
      "isVideo": true,
      "url": "05-ngon-ngu-ky-hieu.hoat-hinh.nha-ky-niem-anh-hung-duc-tin.09-gio-sep-va-chiec-ao",
      "name": "09_Giô-sep Và Chiếc Áo",
      "count": 0,
      "isLeaf": null,
      "keyword": null,
      "hash": "",
      "khash": "U2FsdGVkX18pp2qolKoVRP5ZXS3URLuoJoSMz+zpqVS0TF+4ZAP489Hym3aLRgoUvRlqptKVYLTsABhy6+FKdA==",
      "viewCount": null,
      "duration": "3:21",
      "size": 121246445
    },
    {
      "id": "35983b23-c25c-4447-ad4d-c8b9638cb79c",
      "pid": "04f25fe5-5649-44c4-8d18-c32158b3f839",
      "dblevel": 5,
      "location": "/VGMV/05_NgonNguKyHieu/HoatHinh/NhaKyNiemAnhHungDucTin/10_Gio-sepTaiAiCap",
      "isVideo": true,
      "url": "05-ngon-ngu-ky-hieu.hoat-hinh.nha-ky-niem-anh-hung-duc-tin.10-gio-sep-tai-ai-cap",
      "name": "10_Giô-sép Tại Ai Cập",
      "count": 0,
      "isLeaf": null,
      "keyword": null,
      "hash": "",
      "khash": "U2FsdGVkX18toQ49/h79fQNbOGyWF+EJAQSmgF+Y84norRg3CkVL9nw/yei3iu25q+t75XaqGIw0/q2MQLEZbA==",
      "viewCount": null,
      "duration": "3:17",
      "size": 119315663
    },
    {
      "id": "1b02b549-74c8-442d-b3b3-3f307cdbe7b2",
      "pid": "04f25fe5-5649-44c4-8d18-c32158b3f839",
      "dblevel": 5,
      "location": "/VGMV/05_NgonNguKyHieu/HoatHinh/NhaKyNiemAnhHungDucTin/11_Gio-sepThaThuCacAnh",
      "isVideo": true,
      "url": "05-ngon-ngu-ky-hieu.hoat-hinh.nha-ky-niem-anh-hung-duc-tin.11-gio-sep-tha-thu-cac-anh",
      "name": "11_Giô-sép Tha Thứ Các Anh",
      "count": 0,
      "isLeaf": null,
      "keyword": null,
      "hash": "",
      "khash": "U2FsdGVkX1+poTNOUWYkO6lbq8ev60SMrkg/e6v7RW1tJt9Vd6BNX0gVOu5QiOP5gcU8sY8NmNmN4OHEFTcpag==",
      "viewCount": null,
      "duration": "3:42",
      "size": 134132130
    },
    {
      "id": "3e9b7d54-40c6-4cbe-8d00-3c0fcc116634",
      "pid": "04f25fe5-5649-44c4-8d18-c32158b3f839",
      "dblevel": 5,
      "location": "/VGMV/05_NgonNguKyHieu/HoatHinh/NhaKyNiemAnhHungDucTin/12_Gio-sepVaVungDatHua",
      "isVideo": true,
      "url": "05-ngon-ngu-ky-hieu.hoat-hinh.nha-ky-niem-anh-hung-duc-tin.12-gio-sep-va-vung-dat-hua",
      "name": "12_Giô-sép Và Vùng Đất Hứa",
      "count": 0,
      "isLeaf": null,
      "keyword": null,
      "hash": "",
      "khash": "U2FsdGVkX19VKiMQA42uEDkfb2unol73SAKCH9f/WpzEgTDbfVfiXsr7DLSe33/atTbMDSi1UYhDQclKq/JDsQ==",
      "viewCount": null,
      "duration": "2:44",
      "size": 107639178
    }
  ]
}