{
  "id": "ddae39e0-044e-4478-82d7-9ec3f15de45b",
  "pid": "93cb081b-7d11-4d11-8abe-f1c1989bf56b",
  "dblevel": 4,
  "location": "/VGMV/05_NgonNguKyHieu/HoatHinh/Fa-Enter_",
  "isVideo": true,
  "url": "05-ngon-ngu-ky-hieu.hoat-hinh.fa-enter-",
  "name": "Fa-Enter_",
  "count": 8,
  "isLeaf": true,
  "keyword": null,
  "hash": null,
  "khash": null,
  "viewCount": null,
  "duration": null,
  "size": null,
  "children": [
    {
      "id": "65555aa5-27d7-47bc-942f-7e47d23a2f62",
      "pid": "ddae39e0-044e-4478-82d7-9ec3f15de45b",
      "dblevel": 5,
      "location": "/VGMV/05_NgonNguKyHieu/HoatHinh/Fa-Enter_/FaEnter01-ViVuaMoiRaDoi",
      "isVideo": true,
      "url": "05-ngon-ngu-ky-hieu.hoat-hinh.fa-enter-.faenter01-vi-vua-moi-ra-doi",
      "name": "FaEnter01-Vị Vua Mới Ra Đời",
      "count": 0,
      "isLeaf": null,
      "keyword": null,
      "hash": "",
      "khash": "U2FsdGVkX19/4fTpI4moJuo8I970hmfSnUHiLpJQOjseLOmqcv+GwRGMk+tdKs6rjFUp/pgyeQkKYbGL1Lm+9A==",
      "viewCount": null,
      "duration": "48:15",
      "size": 1747514971
    },
    {
      "id": "401f8023-fb71-49dd-82af-cac4ed80ad91",
      "pid": "ddae39e0-044e-4478-82d7-9ec3f15de45b",
      "dblevel": 5,
      "location": "/VGMV/05_NgonNguKyHieu/HoatHinh/Fa-Enter_/FaEnter02-GiangBap-tit",
      "isVideo": true,
      "url": "05-ngon-ngu-ky-hieu.hoat-hinh.fa-enter-.faenter02-giang-bap-tit",
      "name": "FaEnter02-Giăng Báp-tít",
      "count": 0,
      "isLeaf": null,
      "keyword": null,
      "hash": "",
      "khash": "U2FsdGVkX198rROPAFLOoV7vTIfYL42rj+IaLd9WcuYLJBlc/4TJagi8BdfLhMHh3x5mEt9/3Zy0+cSahPmSFw==",
      "viewCount": null,
      "duration": "39:37",
      "size": 1424612658
    },
    {
      "id": "e032e82a-cdcc-4965-8694-f8aea8b9cd1c",
      "pid": "ddae39e0-044e-4478-82d7-9ec3f15de45b",
      "dblevel": 5,
      "location": "/VGMV/05_NgonNguKyHieu/HoatHinh/Fa-Enter_/FaEnter03-PhepLaCuaChuaGie-xu",
      "isVideo": true,
      "url": "05-ngon-ngu-ky-hieu.hoat-hinh.fa-enter-.faenter03-phep-la-cua-chua-gie-xu",
      "name": "FaEnter03-Phép Lạ Của Chúa Giê-xu",
      "count": 0,
      "isLeaf": null,
      "keyword": null,
      "hash": "",
      "khash": "U2FsdGVkX1+h/7SUrbvpaJ2rChGUgyz35jofCnJQZJCkGTB3WRiGj6JVu9y0iJYDqFqcsWTMrpsJjuL7juQVeA==",
      "viewCount": null,
      "duration": "47:0",
      "size": 1688932818
    },
    {
      "id": "48f12e0e-11fb-4594-a5d6-aabe626ca3fd",
      "pid": "ddae39e0-044e-4478-82d7-9ec3f15de45b",
      "dblevel": 5,
      "location": "/VGMV/05_NgonNguKyHieu/HoatHinh/Fa-Enter_/FaEnter04-QuanAnCongBinh",
      "isVideo": true,
      "url": "05-ngon-ngu-ky-hieu.hoat-hinh.fa-enter-.faenter04-quan-an-cong-binh",
      "name": "FaEnter04-Quan Án Công Bình",
      "count": 0,
      "isLeaf": null,
      "keyword": null,
      "hash": "",
      "khash": "U2FsdGVkX1/luS9LmAoqmYruXUboy0tkDObIFI8NlATTbl5RdgpOIs3x0a4xJCj9UoOe7GT81ebEyMt/FNiP7g==",
      "viewCount": null,
      "duration": "47:55",
      "size": 1725160335
    },
    {
      "id": "40d81376-8f93-4059-a52f-02998962178c",
      "pid": "ddae39e0-044e-4478-82d7-9ec3f15de45b",
      "dblevel": 5,
      "location": "/VGMV/05_NgonNguKyHieu/HoatHinh/Fa-Enter_/FaEnter05-NguoiSa-ma-riNhanLanh",
      "isVideo": true,
      "url": "05-ngon-ngu-ky-hieu.hoat-hinh.fa-enter-.faenter05-nguoi-sa-ma-ri-nhan-lanh",
      "name": "FaEnter05-Người Sa-ma-ri Nhân Lành",
      "count": 0,
      "isLeaf": null,
      "keyword": null,
      "hash": "",
      "khash": "U2FsdGVkX19+2z6JIWnvGACq9QrQBOlVsX6bNYIrRn3i3VrqiMV74J05KykBA1KVMB1EfGO4J6svWfGC3YBFig==",
      "viewCount": null,
      "duration": "39:43",
      "size": 1429459590
    },
    {
      "id": "f7781808-0079-41b7-9e8a-caee562f82e7",
      "pid": "ddae39e0-044e-4478-82d7-9ec3f15de45b",
      "dblevel": 5,
      "location": "/VGMV/05_NgonNguKyHieu/HoatHinh/Fa-Enter_/FaEnter06-ThaThu",
      "isVideo": true,
      "url": "05-ngon-ngu-ky-hieu.hoat-hinh.fa-enter-.faenter06-tha-thu",
      "name": "FaEnter06-Tha Thứ",
      "count": 0,
      "isLeaf": null,
      "keyword": null,
      "hash": "",
      "khash": "U2FsdGVkX1/QI6Cx0yusUGf+cnxxibGjsjQlC7oM5Us+xZooFolBaM5XqYcDxDQSgr5Akh4FSMFwBiPDRx+hBg==",
      "viewCount": null,
      "duration": "42:55",
      "size": 1546545900
    },
    {
      "id": "56b98301-1882-492f-9569-fbf40403ff1d",
      "pid": "ddae39e0-044e-4478-82d7-9ec3f15de45b",
      "dblevel": 5,
      "location": "/VGMV/05_NgonNguKyHieu/HoatHinh/Fa-Enter_/FaEnter07-ConTraiHoangDang",
      "isVideo": true,
      "url": "05-ngon-ngu-ky-hieu.hoat-hinh.fa-enter-.faenter07-con-trai-hoang-dang",
      "name": "FaEnter07-Con Trai Hoang Đàng",
      "count": 0,
      "isLeaf": null,
      "keyword": null,
      "hash": "",
      "khash": "U2FsdGVkX1+9hoXZg9PFCfUuEQdwKuc8wpmmgixs1h05nIYmORkrmpT6eGYGqkwIUruU49+SssWk26gGpsetXQ==",
      "viewCount": null,
      "duration": "56:22",
      "size": 2031339057
    },
    {
      "id": "b0133117-6660-4ee1-940c-ef4707b803e0",
      "pid": "ddae39e0-044e-4478-82d7-9ec3f15de45b",
      "dblevel": 5,
      "location": "/VGMV/05_NgonNguKyHieu/HoatHinh/Fa-Enter_/FaEnter08-ChuaDaSongLai",
      "isVideo": true,
      "url": "05-ngon-ngu-ky-hieu.hoat-hinh.fa-enter-.faenter08-chua-da-song-lai",
      "name": "FaEnter08-Chúa Đã Sống Lại",
      "count": 0,
      "isLeaf": null,
      "keyword": null,
      "hash": "",
      "khash": "U2FsdGVkX1+wDif/YAsnzdbNxh+TsHj4AF17vkSJegDGUClS0ziECLrIxF4DWbCG92fciuA9yXAUDA7t/Yw1Jw==",
      "viewCount": null,
      "duration": "46:46",
      "size": 1680872041
    }
  ]
}