{
  "id": "be05b8af-2bc8-4035-90c1-d860a4e3d2d9",
  "pid": "e2205af5-a731-4c3f-b2ed-b9433e18d105",
  "dblevel": 3,
  "location": "/VGMV/05_NgonNguKyHieu/GiaoLyCanBan",
  "isVideo": true,
  "url": "05-ngon-ngu-ky-hieu.giao-ly-can-ban",
  "name": "Giáo Lý Căn Bản",
  "count": 15,
  "isLeaf": true,
  "keyword": null,
  "hash": null,
  "khash": null,
  "viewCount": null,
  "duration": null,
  "size": null,
  "children": [
    {
      "id": "ef3020a0-a4b0-47c5-b53d-817de922ff39",
      "pid": "be05b8af-2bc8-4035-90c1-d860a4e3d2d9",
      "dblevel": 4,
      "location": "/VGMV/05_NgonNguKyHieu/GiaoLyCanBan/Bai01_DucChuaTroi",
      "isVideo": true,
      "url": "05-ngon-ngu-ky-hieu.giao-ly-can-ban.bai-01-duc-chua-troi",
      "name": "Bài 01_Đức Chúa Trời",
      "count": 0,
      "isLeaf": null,
      "keyword": null,
      "hash": "",
      "khash": "U2FsdGVkX1+Va0kCN6kL6WyiUDFDU86rEcpgkuzdsgyP/OsYa+X1y+vFJXs5qoX0SgWe1GKQBWM/IfdTxeI4Ng==",
      "viewCount": null,
      "duration": "7:46",
      "size": 281680680
    },
    {
      "id": "bcbb049e-988e-4332-bc02-6f2fe3a0ea88",
      "pid": "be05b8af-2bc8-4035-90c1-d860a4e3d2d9",
      "dblevel": 4,
      "location": "/VGMV/05_NgonNguKyHieu/GiaoLyCanBan/Bai02_KinhThanh",
      "isVideo": true,
      "url": "05-ngon-ngu-ky-hieu.giao-ly-can-ban.bai-02-kinh-thanh",
      "name": "Bài 02_Kinh Thánh",
      "count": 0,
      "isLeaf": null,
      "keyword": null,
      "hash": "",
      "khash": "U2FsdGVkX18ZAuR/zy9iodCeQSaj1PohhRgmnsoHYjJsNlrTSERsa1RixfcsDWE2jS+inU+W9ssNWwjDPD7QUw==",
      "viewCount": null,
      "duration": "7:33",
      "size": 270927636
    },
    {
      "id": "b1ce369d-6225-444f-9251-d3388599caf4",
      "pid": "be05b8af-2bc8-4035-90c1-d860a4e3d2d9",
      "dblevel": 4,
      "location": "/VGMV/05_NgonNguKyHieu/GiaoLyCanBan/Bai03_ConNguoi",
      "isVideo": true,
      "url": "05-ngon-ngu-ky-hieu.giao-ly-can-ban.bai-03-con-nguoi",
      "name": "Bài 03_Con Người",
      "count": 0,
      "isLeaf": null,
      "keyword": null,
      "hash": "",
      "khash": "U2FsdGVkX1+MR1Tsmudv23+ABeUgi3ErrHp4FX+dFxRxa5oaKuIrf9KC0t1n7NJBJ/Spk1b8Ry5syWti1CWugw==",
      "viewCount": null,
      "duration": "7:49",
      "size": 284016159
    },
    {
      "id": "cfd34817-7560-4a4e-b116-439d1ec714d6",
      "pid": "be05b8af-2bc8-4035-90c1-d860a4e3d2d9",
      "dblevel": 4,
      "location": "/VGMV/05_NgonNguKyHieu/GiaoLyCanBan/Bai04_ToiLoi",
      "isVideo": true,
      "url": "05-ngon-ngu-ky-hieu.giao-ly-can-ban.bai-04-toi-loi",
      "name": "Bài 04_Tội Lỗi",
      "count": 0,
      "isLeaf": null,
      "keyword": null,
      "hash": "",
      "khash": "U2FsdGVkX1+2tqX0ooKeK1h5vN1UHoChFqa7zRA/frsRq7LHdnI0YLPZ9DbSomiDPRwNIoiNoBt1yHvy7VjS3w==",
      "viewCount": null,
      "duration": "3:50",
      "size": 139348414
    },
    {
      "id": "3b17c981-c315-4d21-8cbf-757783b5b6d3",
      "pid": "be05b8af-2bc8-4035-90c1-d860a4e3d2d9",
      "dblevel": 4,
      "location": "/VGMV/05_NgonNguKyHieu/GiaoLyCanBan/Bai05_ChuaCuuTheGie-xu",
      "isVideo": true,
      "url": "05-ngon-ngu-ky-hieu.giao-ly-can-ban.bai-05-chua-cuu-the-gie-xu",
      "name": "Bài 05_Chúa Cứu Thế Giê-xu",
      "count": 0,
      "isLeaf": null,
      "keyword": null,
      "hash": "",
      "khash": "U2FsdGVkX1/ItuCGU3hREB594iemeWeyTWkHBtlFcS8NM6VwZS+6NyxmITH9K6Se8laRjwyCtDF3XD2SycTJXw==",
      "viewCount": null,
      "duration": "11:42",
      "size": 454894200
    },
    {
      "id": "ed25bcfd-5b70-4bef-baf7-dab57a109288",
      "pid": "be05b8af-2bc8-4035-90c1-d860a4e3d2d9",
      "dblevel": 4,
      "location": "/VGMV/05_NgonNguKyHieu/GiaoLyCanBan/Bai06_DucThanhLinh",
      "isVideo": true,
      "url": "05-ngon-ngu-ky-hieu.giao-ly-can-ban.bai-06-duc-thanh-linh",
      "name": "Bài 06_Đức Thánh Linh",
      "count": 0,
      "isLeaf": null,
      "keyword": null,
      "hash": "",
      "khash": "U2FsdGVkX1+1z87jOAvvuY/QUqIPWlgzDodHW47i5IuY2EovZl/e/yt4Nfjfabv0HvULyS40l7cZbEbWy5Q3EQ==",
      "viewCount": null,
      "duration": "3:25",
      "size": 123893671
    },
    {
      "id": "e1ea999b-4b8f-4d8c-acb3-4ad7d7e20a89",
      "pid": "be05b8af-2bc8-4035-90c1-d860a4e3d2d9",
      "dblevel": 4,
      "location": "/VGMV/05_NgonNguKyHieu/GiaoLyCanBan/Bai07_CauNguyen",
      "isVideo": true,
      "url": "05-ngon-ngu-ky-hieu.giao-ly-can-ban.bai-07-cau-nguyen",
      "name": "Bài 07_Cầu Nguyện",
      "count": 0,
      "isLeaf": null,
      "keyword": null,
      "hash": "",
      "khash": "U2FsdGVkX1/AXVm39Cr2LL6KWEGFChUfudDMVGS+3Y2bX4yUnabQmcghOSXhc5PMV3MX6M4b/pT5eKBxpob2Ug==",
      "viewCount": null,
      "duration": "4:53",
      "size": 176610511
    },
    {
      "id": "ada207ed-b2b9-4414-82fa-438736b21649",
      "pid": "be05b8af-2bc8-4035-90c1-d860a4e3d2d9",
      "dblevel": 4,
      "location": "/VGMV/05_NgonNguKyHieu/GiaoLyCanBan/Bai08_SuThoPhuong",
      "isVideo": true,
      "url": "05-ngon-ngu-ky-hieu.giao-ly-can-ban.bai-08-su-tho-phuong",
      "name": "Bài 08_Sự Thờ Phượng",
      "count": 0,
      "isLeaf": null,
      "keyword": null,
      "hash": "",
      "khash": "U2FsdGVkX1/5z3myRRSj1xPzsrT2bGnWOeEw7Cnw8oRJNrCgse4Ki4N3e3vbCu0OOCHcZzm5FmQ8YsHt2lAHzw==",
      "viewCount": null,
      "duration": "5:30",
      "size": 199019948
    },
    {
      "id": "cb589212-cea3-4b30-ac41-c94273491dfc",
      "pid": "be05b8af-2bc8-4035-90c1-d860a4e3d2d9",
      "dblevel": 4,
      "location": "/VGMV/05_NgonNguKyHieu/GiaoLyCanBan/Bai09_MuoiDieuRan",
      "isVideo": true,
      "url": "05-ngon-ngu-ky-hieu.giao-ly-can-ban.bai-09-muoi-dieu-ran",
      "name": "Bài 09_Mười Điều Răn",
      "count": 0,
      "isLeaf": null,
      "keyword": null,
      "hash": "",
      "khash": "U2FsdGVkX194Pyflg60tdircfcAnZCYXaTpuYJ8TmI/Lz5+GFw87BaqiVwGcZJIWo/sAjyDI5wQr6wgNPylyZg==",
      "viewCount": null,
      "duration": "8:57",
      "size": 324711712
    },
    {
      "id": "e9a8a89c-0830-4d77-ab06-ac6fcdc300ad",
      "pid": "be05b8af-2bc8-4035-90c1-d860a4e3d2d9",
      "dblevel": 4,
      "location": "/VGMV/05_NgonNguKyHieu/GiaoLyCanBan/Bai10_HoiThanhVaThanhLe",
      "isVideo": true,
      "url": "05-ngon-ngu-ky-hieu.giao-ly-can-ban.bai-10-hoi-thanh-va-thanh-le",
      "name": "Bài 10_Hội Thánh Và Thánh Lễ",
      "count": 0,
      "isLeaf": null,
      "keyword": null,
      "hash": "",
      "khash": "U2FsdGVkX1+5avaA9M4Ocm54TcvhTyVodX7StHWTFr0mG7FDqkVt3Ss1t+Hc1qACfGPBzIEMqPMWqjfBGdzvsQ==",
      "viewCount": null,
      "duration": "11:29",
      "size": 416520989
    },
    {
      "id": "216e1eb8-807c-400f-a001-e52367717b7e",
      "pid": "be05b8af-2bc8-4035-90c1-d860a4e3d2d9",
      "dblevel": 4,
      "location": "/VGMV/05_NgonNguKyHieu/GiaoLyCanBan/Bai11_DangHien",
      "isVideo": true,
      "url": "05-ngon-ngu-ky-hieu.giao-ly-can-ban.bai-11-dang-hien",
      "name": "Bài 11_Dâng Hiến",
      "count": 0,
      "isLeaf": null,
      "keyword": null,
      "hash": "",
      "khash": "U2FsdGVkX18QFoSwwYnc0yyRCUr6z7S34Dw6FkrZw7derWcp3kclQRHF99zrowPXL9IF/aQ+m+zY/rTZMFJF3w==",
      "viewCount": null,
      "duration": "4:54",
      "size": 177843530
    },
    {
      "id": "a5c76bc7-8f20-4dc4-9413-6efc741f1b2a",
      "pid": "be05b8af-2bc8-4035-90c1-d860a4e3d2d9",
      "dblevel": 4,
      "location": "/VGMV/05_NgonNguKyHieu/GiaoLyCanBan/Bai12_ThienDangVaHoaNguc",
      "isVideo": true,
      "url": "05-ngon-ngu-ky-hieu.giao-ly-can-ban.bai-12-thien-dang-va-hoa-nguc",
      "name": "Bài 12_Thiên Đàng Và Hỏa Ngục",
      "count": 0,
      "isLeaf": null,
      "keyword": null,
      "hash": "",
      "khash": "U2FsdGVkX1/x8XPrWx4iTyUMeJTR01snNh/yVZj0DnPGFVM91W1oZMq9HCQfRbis8HoXo6BFwsEy71O6vbrTQg==",
      "viewCount": null,
      "duration": "3:0",
      "size": 108720509
    },
    {
      "id": "7aee29e4-0a23-49ea-b6cb-9221ea9af3e7",
      "pid": "be05b8af-2bc8-4035-90c1-d860a4e3d2d9",
      "dblevel": 4,
      "location": "/VGMV/05_NgonNguKyHieu/GiaoLyCanBan/Bai13_SuTaiLamCuaChuaGie-xu",
      "isVideo": true,
      "url": "05-ngon-ngu-ky-hieu.giao-ly-can-ban.bai-13-su-tai-lam-cua-chua-gie-xu",
      "name": "Bài 13_Sự Tái Lâm Của Chúa Giê-xu",
      "count": 0,
      "isLeaf": null,
      "keyword": null,
      "hash": "",
      "khash": "U2FsdGVkX1/f3IqLNFbLCvIqHX1wsnvUW5AHR+Q1a7i2l/MCYQvW1fk3hYXER+flWp5hPpzd4kq13Pgr835cZA==",
      "viewCount": null,
      "duration": "4:13",
      "size": 152560039
    },
    {
      "id": "8a586ca1-629c-4f34-a1b6-5dc44aec39be",
      "pid": "be05b8af-2bc8-4035-90c1-d860a4e3d2d9",
      "dblevel": 4,
      "location": "/VGMV/05_NgonNguKyHieu/GiaoLyCanBan/Bai14_TinDieuCacSuDo",
      "isVideo": true,
      "url": "05-ngon-ngu-ky-hieu.giao-ly-can-ban.bai-14-tin-dieu-cac-su-do",
      "name": "Bài 14_Tín Điều Các Sứ Đồ",
      "count": 0,
      "isLeaf": null,
      "keyword": null,
      "hash": "",
      "khash": "U2FsdGVkX194ilElJcDfi20242ggQCpKz7otB3Pl7m98169szBgBBIjj1LiNTF6teU7V5XLSDzvRU8PXtSaaPw==",
      "viewCount": null,
      "duration": "1:42",
      "size": 65182225
    },
    {
      "id": "6a5f49dc-8a71-4966-ba2a-988a7dff0b75",
      "pid": "be05b8af-2bc8-4035-90c1-d860a4e3d2d9",
      "dblevel": 4,
      "location": "/VGMV/05_NgonNguKyHieu/GiaoLyCanBan/Bai15_BaiCauNguyenChung",
      "isVideo": true,
      "url": "05-ngon-ngu-ky-hieu.giao-ly-can-ban.bai-15-bai-cau-nguyen-chung",
      "name": "Bài 15_Bài Cầu Nguyện Chung",
      "count": 0,
      "isLeaf": null,
      "keyword": null,
      "hash": "",
      "khash": "U2FsdGVkX1/YVk3GL8pFb/+aufoVMvCPJ3i8r232vyvEmP3u49sORvEBoD0Pqm7VTwbrMZ1ApPVD5qyRjDhtJQ==",
      "viewCount": null,
      "duration": "1:0",
      "size": 36931407
    }
  ]
}