{
  "id": "114afc1f-2d4f-4284-a168-2655b3a87490",
  "pid": "93cb081b-7d11-4d11-8abe-f1c1989bf56b",
  "dblevel": 4,
  "location": "/VGMV/05_NgonNguKyHieu/HoatHinh/SuDieuKyCuaLongThuongXot",
  "isVideo": true,
  "url": "05-ngon-ngu-ky-hieu.hoat-hinh.su-dieu-ky-cua-long-thuong-xot",
  "name": "Sự Diệu Kỳ Của Lòng Thương Xót",
  "count": 4,
  "isLeaf": true,
  "keyword": null,
  "hash": null,
  "khash": null,
  "viewCount": null,
  "duration": null,
  "size": null,
  "children": [
    {
      "id": "e8aac14c-12a4-434a-98e7-09598b7b798c",
      "pid": "114afc1f-2d4f-4284-a168-2655b3a87490",
      "dblevel": 5,
      "location": "/VGMV/05_NgonNguKyHieu/HoatHinh/SuDieuKyCuaLongThuongXot/01_ChuaGie-xuChuaLanhChoNguoiBai",
      "isVideo": true,
      "url": "05-ngon-ngu-ky-hieu.hoat-hinh.su-dieu-ky-cua-long-thuong-xot.01-chua-gie-xu-chua-lanh-cho-nguoi-bai",
      "name": "01_Chúa Giê-xu Chữa Lành Cho Người Bại",
      "count": 0,
      "isLeaf": null,
      "keyword": null,
      "hash": "",
      "khash": "U2FsdGVkX18cCC97w4SRBMDLuQ/x3ejAK9WI3eTtRod+NwN9dDnq/StIsuj+MZOkc5h/9a5SfyGjICxuib/F2A==",
      "viewCount": null,
      "duration": "3:28",
      "size": 125808540
    },
    {
      "id": "1e230f3c-4d0a-4461-98f6-bd3056b62aa4",
      "pid": "114afc1f-2d4f-4284-a168-2655b3a87490",
      "dblevel": 5,
      "location": "/VGMV/05_NgonNguKyHieu/HoatHinh/SuDieuKyCuaLongThuongXot/02_NguoiSa-ma-riNhanLanh",
      "isVideo": true,
      "url": "05-ngon-ngu-ky-hieu.hoat-hinh.su-dieu-ky-cua-long-thuong-xot.02-nguoi-sa-ma-ri-nhan-lanh",
      "name": "02_Người Sa-ma-ri Nhân Lành",
      "count": 0,
      "isLeaf": null,
      "keyword": null,
      "hash": "",
      "khash": "U2FsdGVkX186NWh+4kXHGvcU0gaaenZIdtLqwPfIQFmzQX8W++i/Fzt6NjPjJu3ynXOPoURiwJqn7WWvRiY0EQ==",
      "viewCount": null,
      "duration": "3:8",
      "size": 124136745
    },
    {
      "id": "49885857-6dda-4eb1-b5d8-2d9f3e5d587e",
      "pid": "114afc1f-2d4f-4284-a168-2655b3a87490",
      "dblevel": 5,
      "location": "/VGMV/05_NgonNguKyHieu/HoatHinh/SuDieuKyCuaLongThuongXot/03_Phao-lo",
      "isVideo": true,
      "url": "05-ngon-ngu-ky-hieu.hoat-hinh.su-dieu-ky-cua-long-thuong-xot.03-phao-lo",
      "name": "03_Phao-lô",
      "count": 0,
      "isLeaf": null,
      "keyword": null,
      "hash": "",
      "khash": "U2FsdGVkX18FFq2PMECSNt9EFWPZnoyT340PfYmbvXp9wEtvJfd4XjQOmnx13oDOFeDxP5s4vUAdgWa6zgf0cg==",
      "viewCount": null,
      "duration": "3:5",
      "size": 111908872
    },
    {
      "id": "3622b421-71b3-468d-9839-7635d4bcb901",
      "pid": "114afc1f-2d4f-4284-a168-2655b3a87490",
      "dblevel": 5,
      "location": "/VGMV/05_NgonNguKyHieu/HoatHinh/SuDieuKyCuaLongThuongXot/04_Phi-e-ro",
      "isVideo": true,
      "url": "05-ngon-ngu-ky-hieu.hoat-hinh.su-dieu-ky-cua-long-thuong-xot.04-phi-e-ro",
      "name": "04_Phi-e-rơ",
      "count": 0,
      "isLeaf": null,
      "keyword": null,
      "hash": "",
      "khash": "U2FsdGVkX1/VihipqVtn+DvKfbAFv3jWrp/ECvTtiVmfeqD0J1Ub3HWiyeoKUvfaFLX3bqylhSwjzVSIQf6Z2g==",
      "viewCount": null,
      "duration": "6:1",
      "size": 219209578
    }
  ]
}