{
  "id": "7bb7b1e4-75fe-483f-a016-780d79b58a95",
  "pid": "c900d20d-56b4-4e62-91d2-f8777154afe9",
  "dblevel": 4,
  "location": "/VGMV/05_NgonNguKyHieu/KeChuyenKinhThanh/TanUoc",
  "isVideo": true,
  "url": "05-ngon-ngu-ky-hieu.ke-chuyen-kinh-thanh.tan-uoc",
  "name": "Tân Ước",
  "count": 3,
  "isLeaf": true,
  "keyword": null,
  "hash": null,
  "khash": null,
  "viewCount": null,
  "duration": null,
  "size": null,
  "children": [
    {
      "id": "1f059edc-e34a-4388-84a6-733782439c9d",
      "pid": "7bb7b1e4-75fe-483f-a016-780d79b58a95",
      "dblevel": 5,
      "location": "/VGMV/05_NgonNguKyHieu/KeChuyenKinhThanh/TanUoc/001-DamCuoiOCa-navaChuaGie-xuDepSachDenTho",
      "isVideo": true,
      "url": "05-ngon-ngu-ky-hieu.ke-chuyen-kinh-thanh.tan-uoc.001-dam-cuoi-o-ca-na-va-chua-gie-xu-dep-sach-den-tho",
      "name": "001-Đám Cưới Ở Ca-na và Chúa Giê-xu Dẹp Sạch Đền Thờ",
      "count": 0,
      "isLeaf": null,
      "keyword": null,
      "hash": "",
      "khash": "U2FsdGVkX19nrjck4hHYFlHJwKJYnOULuYrEy11iQZ/Ms692nxkRhUB37D+4EgAKvwSJHrA+Upw+Cx00nrm4ew==",
      "viewCount": null,
      "duration": "3:55",
      "size": 141799300
    },
    {
      "id": "404cb398-5291-40e9-9d22-c0f732385bab",
      "pid": "7bb7b1e4-75fe-483f-a016-780d79b58a95",
      "dblevel": 5,
      "location": "/VGMV/05_NgonNguKyHieu/KeChuyenKinhThanh/TanUoc/002-CauChuyenXa-che",
      "isVideo": true,
      "url": "05-ngon-ngu-ky-hieu.ke-chuyen-kinh-thanh.tan-uoc.002-cau-chuyen-xa-che",
      "name": "002-Câu Chuyện Xa-chê",
      "count": 0,
      "isLeaf": null,
      "keyword": null,
      "hash": "",
      "khash": "U2FsdGVkX18cqE8DxuHrFPhuYutd7K2q1iNEb2mreau/eVm1yOaVMFo4RxoaMlZRlPKKQHijN4VAuMiNbWQzLw==",
      "viewCount": null,
      "duration": "2:6",
      "size": 75849529
    },
    {
      "id": "ba7fe2ad-edd8-4391-89fd-b49804b88dbd",
      "pid": "7bb7b1e4-75fe-483f-a016-780d79b58a95",
      "dblevel": 5,
      "location": "/VGMV/05_NgonNguKyHieu/KeChuyenKinhThanh/TanUoc/003-Sau-loBatBoHoiThanh",
      "isVideo": true,
      "url": "05-ngon-ngu-ky-hieu.ke-chuyen-kinh-thanh.tan-uoc.003-sau-lo-bat-bo-hoi-thanh",
      "name": "003-Sau-lơ Bắt Bớ Hội Thánh",
      "count": 0,
      "isLeaf": null,
      "keyword": null,
      "hash": "",
      "khash": "U2FsdGVkX1/TQWFHNyDRlkIZBgZeWAvEdwpcFe0JxxkJTIOMV295F9y79R9qLd9B33XgaAxp6L//is4wur/f7Q==",
      "viewCount": null,
      "duration": "2:51",
      "size": 102965153
    }
  ]
}