{
  "id": "e866e770-41e9-4939-9a1b-00e0a8be09d9",
  "pid": "93cb081b-7d11-4d11-8abe-f1c1989bf56b",
  "dblevel": 4,
  "location": "/VGMV/05_NgonNguKyHieu/HoatHinh/Wildbible_",
  "isVideo": true,
  "url": "05-ngon-ngu-ky-hieu.hoat-hinh.wildbible-",
  "name": "Wildbible_",
  "count": 17,
  "isLeaf": true,
  "keyword": null,
  "hash": null,
  "khash": null,
  "viewCount": null,
  "duration": null,
  "size": null,
  "children": [
    {
      "id": "906dbcb5-da36-4e27-af7f-fb1e2d75d0c4",
      "pid": "e866e770-41e9-4939-9a1b-00e0a8be09d9",
      "dblevel": 5,
      "location": "/VGMV/05_NgonNguKyHieu/HoatHinh/Wildbible_/01_ChucVuCuaGiangBap-tit",
      "isVideo": true,
      "url": "05-ngon-ngu-ky-hieu.hoat-hinh.wildbible-.01-chuc-vu-cua-giang-bap-tit",
      "name": "01_Chức Vụ Của Giăng Báp-tít",
      "count": 0,
      "isLeaf": null,
      "keyword": null,
      "hash": "",
      "khash": "U2FsdGVkX18H9JhHm2mSJuW/ajRbHei5N4DVNGi/5VBhs/VS3wnKWHopK7Et7WgTXvu6kjWbyAGGqYx0ugwqmg==",
      "viewCount": null,
      "duration": "3:1",
      "size": 108518959
    },
    {
      "id": "b2cf45f7-0c9a-4470-b9e1-d18e240f019f",
      "pid": "e866e770-41e9-4939-9a1b-00e0a8be09d9",
      "dblevel": 5,
      "location": "/VGMV/05_NgonNguKyHieu/HoatHinh/Wildbible_/02_ChuaGie-xuChuaLanhNguoiBai",
      "isVideo": true,
      "url": "05-ngon-ngu-ky-hieu.hoat-hinh.wildbible-.02-chua-gie-xu-chua-lanh-nguoi-bai",
      "name": "02_Chúa Giê-xu Chữa Lành Người Bại",
      "count": 0,
      "isLeaf": null,
      "keyword": null,
      "hash": "",
      "khash": "U2FsdGVkX195T9i4mhI4lNlIlUDKzsLxXQy7egl9rAPSz7gCeCOtPJLakhWdP+RZgw4H9KwbuCurtwLi8ucqjQ==",
      "viewCount": null,
      "duration": "1:43",
      "size": 61950413
    },
    {
      "id": "f39633ea-ee20-4403-90a5-cf25b64789ab",
      "pid": "e866e770-41e9-4939-9a1b-00e0a8be09d9",
      "dblevel": 5,
      "location": "/VGMV/05_NgonNguKyHieu/HoatHinh/Wildbible_/03_ChuaGie-xuancungkethauthuevakecotoi",
      "isVideo": true,
      "url": "05-ngon-ngu-ky-hieu.hoat-hinh.wildbible-.03-chua-gie-xu-an-cung-ke-thau-thue-va-ke-co-toi",
      "name": "03_Chúa Giê-xu ăn cùng kẻ thâu thuế và kẻ có tội",
      "count": 0,
      "isLeaf": null,
      "keyword": null,
      "hash": "",
      "khash": "U2FsdGVkX198F7Z8/BCp7EqbjSAEwqfkfrQA1wH2+tKOlxDwLEAJlNJhTem61ZISvNHWPFj5vU8BU0kYlSHdtg==",
      "viewCount": null,
      "duration": "1:10",
      "size": 42580983
    },
    {
      "id": "d30327e8-61c1-422c-984c-bdd928853e75",
      "pid": "e866e770-41e9-4939-9a1b-00e0a8be09d9",
      "dblevel": 5,
      "location": "/VGMV/05_NgonNguKyHieu/HoatHinh/Wildbible_/04_SuCauNguyen",
      "isVideo": true,
      "url": "05-ngon-ngu-ky-hieu.hoat-hinh.wildbible-.04-su-cau-nguyen",
      "name": "04_Sự Cầu Nguyện",
      "count": 0,
      "isLeaf": null,
      "keyword": null,
      "hash": "",
      "khash": "U2FsdGVkX19zneg3boE7EGE0mCoGbjQZWSDnl5OUQzZ/D+/dbjJkOWXlyLRiXsWahlqiIJYAAJzDJ/VhVzXRzQ==",
      "viewCount": null,
      "duration": "1:31",
      "size": 54765432
    },
    {
      "id": "677ca37d-56c0-4d0f-9546-55561aea163e",
      "pid": "e866e770-41e9-4939-9a1b-00e0a8be09d9",
      "dblevel": 5,
      "location": "/VGMV/05_NgonNguKyHieu/HoatHinh/Wildbible_/05_SuKiengAn",
      "isVideo": true,
      "url": "05-ngon-ngu-ky-hieu.hoat-hinh.wildbible-.05-su-kieng-an",
      "name": "05_Sự Kiêng Ăn",
      "count": 0,
      "isLeaf": null,
      "keyword": null,
      "hash": "",
      "khash": "U2FsdGVkX1/y3oIpM5UFV65CsVXqhNy/hpgJTsura8W077xQXJmsNXV5fOdQB9pYsCbY04AB3iHIrRM6sGt7Vw==",
      "viewCount": null,
      "duration": "1:33",
      "size": 55693072
    },
    {
      "id": "6979417a-7bd5-467f-9e5a-6288bf0ba5f2",
      "pid": "e866e770-41e9-4939-9a1b-00e0a8be09d9",
      "dblevel": 5,
      "location": "/VGMV/05_NgonNguKyHieu/HoatHinh/Wildbible_/06_SuLoLang",
      "isVideo": true,
      "url": "05-ngon-ngu-ky-hieu.hoat-hinh.wildbible-.06-su-lo-lang",
      "name": "06_Sự Lo Lắng",
      "count": 0,
      "isLeaf": null,
      "keyword": null,
      "hash": "",
      "khash": "U2FsdGVkX19jz2euZN44B4sJnk1kyHV6Zek8YbS1VqPNpdFllfN0p5EV+zmItJDN2kBpRS/Rm5Hh1BvU+n1CcA==",
      "viewCount": null,
      "duration": "1:36",
      "size": 57546244
    },
    {
      "id": "25c689fd-61ba-4365-b878-4526831c5c06",
      "pid": "e866e770-41e9-4939-9a1b-00e0a8be09d9",
      "dblevel": 5,
      "location": "/VGMV/05_NgonNguKyHieu/HoatHinh/Wildbible_/07_ChuaGie-xuGiaiThichVeNguoiGieoGiong",
      "isVideo": true,
      "url": "05-ngon-ngu-ky-hieu.hoat-hinh.wildbible-.07-chua-gie-xu-giai-thich-ve-nguoi-gieo-giong",
      "name": "07_Chúa Giê-xu Giải Thích Về Người Gieo Giống",
      "count": 0,
      "isLeaf": null,
      "keyword": null,
      "hash": "",
      "khash": "U2FsdGVkX1+Qdh6bjIQWNThwSTbRjecgMBTPWKxVhDqiEqwqvZ2lLqP7UbtQYAtoYpn32m8EccPMczJ1A0eRZw==",
      "viewCount": null,
      "duration": "1:54",
      "size": 68717427
    },
    {
      "id": "11c32ab0-ca53-492b-aabe-5104f3248dbe",
      "pid": "e866e770-41e9-4939-9a1b-00e0a8be09d9",
      "dblevel": 5,
      "location": "/VGMV/05_NgonNguKyHieu/HoatHinh/Wildbible_/08_ThiDuVeNuocThienDang",
      "isVideo": true,
      "url": "05-ngon-ngu-ky-hieu.hoat-hinh.wildbible-.08-thi-du-ve-nuoc-thien-dang",
      "name": "08_Thí Dụ Về Nước Thiên Đàng",
      "count": 0,
      "isLeaf": null,
      "keyword": null,
      "hash": "",
      "khash": "U2FsdGVkX1/4xeMDDBi5b9+2kqSXZeCziqdZE+hmkYbNAANe6XkJao1rUkqSUs8op9mpa3iZsNI6eHLKPfnOMA==",
      "viewCount": null,
      "duration": "1:26",
      "size": 51462149
    },
    {
      "id": "f02022ba-d05a-4151-b201-edb86b935fa0",
      "pid": "e866e770-41e9-4939-9a1b-00e0a8be09d9",
      "dblevel": 5,
      "location": "/VGMV/05_NgonNguKyHieu/HoatHinh/Wildbible_/09_ChuaGie-xuDepYenBaoTo",
      "isVideo": true,
      "url": "05-ngon-ngu-ky-hieu.hoat-hinh.wildbible-.09-chua-gie-xu-dep-yen-bao-to",
      "name": "09_Chúa Giê-xu Dẹp Yên Bão Tố",
      "count": 0,
      "isLeaf": null,
      "keyword": null,
      "hash": "",
      "khash": "U2FsdGVkX1+A+MRLIZjWsam8QZGThBRH3+VMrh9xer+jPsoYpKEpxVAUKiat5TktoXoffrhbQnLVpmY4vaVrvg==",
      "viewCount": null,
      "duration": "1:9",
      "size": 41332254
    },
    {
      "id": "80a40323-2b64-4ba4-a8d6-9ee0ed4125cf",
      "pid": "e866e770-41e9-4939-9a1b-00e0a8be09d9",
      "dblevel": 5,
      "location": "/VGMV/05_NgonNguKyHieu/HoatHinh/Wildbible_/10_ChuaGie-xuHoaBanhRaNhieu",
      "isVideo": true,
      "url": "05-ngon-ngu-ky-hieu.hoat-hinh.wildbible-.10-chua-gie-xu-hoa-banh-ra-nhieu",
      "name": "10_Chúa Giê-xu Hóa Bánh Ra Nhiều",
      "count": 0,
      "isLeaf": null,
      "keyword": null,
      "hash": "",
      "khash": "U2FsdGVkX18mIY2xRPOVrYsm4axbbpzy2NgpWLZovcMtTKLAznCbAK/CBRn0l2munv/VvDSvvyvS91d41l513g==",
      "viewCount": null,
      "duration": "1:10",
      "size": 41889822
    },
    {
      "id": "1b82499d-c702-4e5c-9a99-ece54a36826b",
      "pid": "e866e770-41e9-4939-9a1b-00e0a8be09d9",
      "dblevel": 5,
      "location": "/VGMV/05_NgonNguKyHieu/HoatHinh/Wildbible_/11_ChuaGie-xuChuaLanhChoNguoiMu",
      "isVideo": true,
      "url": "05-ngon-ngu-ky-hieu.hoat-hinh.wildbible-.11-chua-gie-xu-chua-lanh-cho-nguoi-mu",
      "name": "11_Chúa Giê-xu Chữa Lành Cho Người Mù",
      "count": 0,
      "isLeaf": null,
      "keyword": null,
      "hash": "",
      "khash": "U2FsdGVkX1+bll+ObslajF/qtlzcWotmAaWM2Y9Tp70UYsUD53hxNIF/oe9pZmeYk2G5kyG2AWWD2k/UM0eC8A==",
      "viewCount": null,
      "duration": "1:18",
      "size": 47003043
    },
    {
      "id": "effbec71-897a-4061-ac03-df5978c8bb3d",
      "pid": "e866e770-41e9-4939-9a1b-00e0a8be09d9",
      "dblevel": 5,
      "location": "/VGMV/05_NgonNguKyHieu/HoatHinh/Wildbible_/12_NguoiSa-ma-riNhanLanh",
      "isVideo": true,
      "url": "05-ngon-ngu-ky-hieu.hoat-hinh.wildbible-.12-nguoi-sa-ma-ri-nhan-lanh",
      "name": "12_Người Sa-ma-ri Nhân Lành",
      "count": 0,
      "isLeaf": null,
      "keyword": null,
      "hash": "",
      "khash": "U2FsdGVkX1+kx7Rxk//6hZqXfBW/YB14LKJeYjk/kihc/+qGf0mLXaQ+RhszuFh/8wHnHeD1XpgJayuy3EpgPg==",
      "viewCount": null,
      "duration": "2:12",
      "size": 79299976
    },
    {
      "id": "4ee50324-21a7-4269-bcf1-e80bff1ac2ba",
      "pid": "e866e770-41e9-4939-9a1b-00e0a8be09d9",
      "dblevel": 5,
      "location": "/VGMV/05_NgonNguKyHieu/HoatHinh/Wildbible_/13_ThiDuChienLacMatVaDongTienBiMat",
      "isVideo": true,
      "url": "05-ngon-ngu-ky-hieu.hoat-hinh.wildbible-.13-thi-du-chien-lac-mat-va-dong-tien-bi-mat",
      "name": "13_Thí Dụ Chiên Lạc Mất Và Đồng Tiền Bị Mất",
      "count": 0,
      "isLeaf": null,
      "keyword": null,
      "hash": "",
      "khash": "U2FsdGVkX1/zt9ZVia8i6lhomhrt9oU9wCf3nkIzJIt1FRgwk7zu+GZChhfofdwsz7i0BkpQyVXGNqcEjZ2fAQ==",
      "viewCount": null,
      "duration": "1:20",
      "size": 48047274
    },
    {
      "id": "8b6a8338-5274-4db5-84be-608a3429eda9",
      "pid": "e866e770-41e9-4939-9a1b-00e0a8be09d9",
      "dblevel": 5,
      "location": "/VGMV/05_NgonNguKyHieu/HoatHinh/Wildbible_/14_ConTraiHoangDang",
      "isVideo": true,
      "url": "05-ngon-ngu-ky-hieu.hoat-hinh.wildbible-.14-con-trai-hoang-dang",
      "name": "14_Con Trai Hoang Đàng",
      "count": 0,
      "isLeaf": null,
      "keyword": null,
      "hash": "",
      "khash": "U2FsdGVkX19kk1ajRuZ1aQ1ETNyQv/ksMbLJUPolckU24qW0qgaEOPFaf2hTUiqFcNtpXpV2L4ZUbEImfNeAqg==",
      "viewCount": null,
      "duration": "2:50",
      "size": 101560659
    },
    {
      "id": "48b5a61e-f464-4223-9622-57af8fcb59cf",
      "pid": "e866e770-41e9-4939-9a1b-00e0a8be09d9",
      "dblevel": 5,
      "location": "/VGMV/05_NgonNguKyHieu/HoatHinh/Wildbible_/15_ChuaGie-xuNoiTruocVeSuChetCuaNgai",
      "isVideo": true,
      "url": "05-ngon-ngu-ky-hieu.hoat-hinh.wildbible-.15-chua-gie-xu-noi-truoc-ve-su-chet-cua-ngai",
      "name": "15_Chúa Giê-xu Nói Trước Về Sự Chết Của Ngài",
      "count": 0,
      "isLeaf": null,
      "keyword": null,
      "hash": "",
      "khash": "U2FsdGVkX19/RTnzb2+TUCRhePS/dGAPbqGCTYghi4ex3ooL4RD9fcCZzjLDPzNWY79lVCWTBcNAz8aMYX1z5Q==",
      "viewCount": null,
      "duration": "1:9",
      "size": 41529693
    },
    {
      "id": "7679f3b0-1e87-4551-9c37-6142635aa3d4",
      "pid": "e866e770-41e9-4939-9a1b-00e0a8be09d9",
      "dblevel": 5,
      "location": "/VGMV/05_NgonNguKyHieu/HoatHinh/Wildbible_/16_ChuaGie-xuCauNguyenTaiVuonGhet-se-mane",
      "isVideo": true,
      "url": "05-ngon-ngu-ky-hieu.hoat-hinh.wildbible-.16-chua-gie-xu-cau-nguyen-tai-vuon-ghet-se-ma-ne",
      "name": "16_Chúa Giê-xu Cầu Nguyện Tại Vườn Ghết-sê-ma nê",
      "count": 0,
      "isLeaf": null,
      "keyword": null,
      "hash": "",
      "khash": "U2FsdGVkX1+zNZPtFA6qOyidIjwWkQMI0DB4IbYgvTgNc8u9RMfQ99tdgljcZFCYdxmgn6ndjE5ggayKkOEKRw==",
      "viewCount": null,
      "duration": "1:10",
      "size": 42157555
    },
    {
      "id": "7961b123-9649-45b6-b7e0-bf739201b607",
      "pid": "e866e770-41e9-4939-9a1b-00e0a8be09d9",
      "dblevel": 5,
      "location": "/VGMV/05_NgonNguKyHieu/HoatHinh/Wildbible_/17_ChuaGie-xuBiBat",
      "isVideo": true,
      "url": "05-ngon-ngu-ky-hieu.hoat-hinh.wildbible-.17-chua-gie-xu-bi-bat",
      "name": "17_Chúa Giê-xu Bị Bắt",
      "count": 0,
      "isLeaf": null,
      "keyword": null,
      "hash": "",
      "khash": "U2FsdGVkX19CpUA5vH0LyO1zt5qx2QHn1+8RM0wzAXvIh4lT7MYPcKrFdomZds2X3CkaXo82l5svv1JUfLHkUA==",
      "viewCount": null,
      "duration": "1:46",
      "size": 64279934
    }
  ]
}