{
  "id": "62f9e4c7-670f-4104-b17b-0a5232728edb",
  "pid": "93cb081b-7d11-4d11-8abe-f1c1989bf56b",
  "dblevel": 4,
  "location": "/VGMV/05_NgonNguKyHieu/HoatHinh/BacSiMienRung",
  "isVideo": true,
  "url": "05-ngon-ngu-ky-hieu.hoat-hinh.bac-si-mien-rung",
  "name": "Bác Sĩ Miền Rừng",
  "count": 8,
  "isLeaf": true,
  "keyword": null,
  "hash": null,
  "khash": null,
  "viewCount": null,
  "duration": null,
  "size": null,
  "children": [
    {
      "id": "98fb705d-dadd-4c10-9bb3-c141ef95fcf1",
      "pid": "62f9e4c7-670f-4104-b17b-0a5232728edb",
      "dblevel": 5,
      "location": "/VGMV/05_NgonNguKyHieu/HoatHinh/BacSiMienRung/01-BucTuongToiLoi",
      "isVideo": true,
      "url": "05-ngon-ngu-ky-hieu.hoat-hinh.bac-si-mien-rung.01-buc-tuong-toi-loi",
      "name": "01-Bức Tường Tội Lỗi",
      "count": 0,
      "isLeaf": null,
      "keyword": null,
      "hash": "",
      "khash": "U2FsdGVkX1/oljsXHGP43cwX3SCwCs8ddZltmIi25ABZQ66BJ0byyZbwwy+PD0UB8Fur4Ti4uvyeLY09Tn1kpw==",
      "viewCount": null,
      "duration": "5:32",
      "size": 201461012
    },
    {
      "id": "9ab05d52-b223-4a6f-b271-739a4fc25ea0",
      "pid": "62f9e4c7-670f-4104-b17b-0a5232728edb",
      "dblevel": 5,
      "location": "/VGMV/05_NgonNguKyHieu/HoatHinh/BacSiMienRung/02-CamBay",
      "isVideo": true,
      "url": "05-ngon-ngu-ky-hieu.hoat-hinh.bac-si-mien-rung.02-cam-bay",
      "name": "02-Cạm Bẫy",
      "count": 0,
      "isLeaf": null,
      "keyword": null,
      "hash": "",
      "khash": "U2FsdGVkX18rGgbMFECBerAwkcvgW8yD+nwxsmktC20EzMMlc8IAJi+m2iFaV5eArmUcUte9xGh3jrAN5sNIpQ==",
      "viewCount": null,
      "duration": "3:34",
      "size": 128797561
    },
    {
      "id": "ef389dcf-a46d-4d01-ac97-deeec1bd67e4",
      "pid": "62f9e4c7-670f-4104-b17b-0a5232728edb",
      "dblevel": 5,
      "location": "/VGMV/05_NgonNguKyHieu/HoatHinh/BacSiMienRung/03-TaiNanKhongNgo",
      "isVideo": true,
      "url": "05-ngon-ngu-ky-hieu.hoat-hinh.bac-si-mien-rung.03-tai-nan-khong-ngo",
      "name": "03-Tai Nạn Không Ngờ",
      "count": 0,
      "isLeaf": null,
      "keyword": null,
      "hash": "",
      "khash": "U2FsdGVkX1/4Oh6I2iSQc0TK9XSENtUw7XzibwjcCKtBBMJgkOKa7n23djhqCKsI7aFXtVCm5GgGJVtqpAmGVw==",
      "viewCount": null,
      "duration": "6:14",
      "size": 223634771
    },
    {
      "id": "a29d0364-9a44-4d65-af04-05589285e47f",
      "pid": "62f9e4c7-670f-4104-b17b-0a5232728edb",
      "dblevel": 5,
      "location": "/VGMV/05_NgonNguKyHieu/HoatHinh/BacSiMienRung/04-TinHayKhongTin",
      "isVideo": true,
      "url": "05-ngon-ngu-ky-hieu.hoat-hinh.bac-si-mien-rung.04-tin-hay-khong-tin",
      "name": "04-Tin Hay Không Tin",
      "count": 0,
      "isLeaf": null,
      "keyword": null,
      "hash": "",
      "khash": "U2FsdGVkX1/kAcqgPeB2WyZ46TIlKz6hZZ5JosTnuh2kx/C48Ab4EmuT3zx8bO1FZGIeoKFnlSVRYxc/03zSMg==",
      "viewCount": null,
      "duration": "6:19",
      "size": 221510040
    },
    {
      "id": "fed6e44d-518a-4e17-b263-0f6e490b0c25",
      "pid": "62f9e4c7-670f-4104-b17b-0a5232728edb",
      "dblevel": 5,
      "location": "/VGMV/05_NgonNguKyHieu/HoatHinh/BacSiMienRung/05-BanKhongTheTuCuuLayMinh",
      "isVideo": true,
      "url": "05-ngon-ngu-ky-hieu.hoat-hinh.bac-si-mien-rung.05-ban-khong-the-tu-cuu-lay-minh",
      "name": "05-Bạn Không Thể Tự Cứu Lấy Mình",
      "count": 0,
      "isLeaf": null,
      "keyword": null,
      "hash": "",
      "khash": "U2FsdGVkX19QUUJPInzzv4bMK2zTSbSzFq4C4JAGhBZEfJzi5T1tUEn47blbI12cL+XqVWXnBe0sB8tYM1WQfA==",
      "viewCount": null,
      "duration": "5:8",
      "size": 184783492
    },
    {
      "id": "0b94cb71-aa65-45a3-8879-fbaee90ee8d9",
      "pid": "62f9e4c7-670f-4104-b17b-0a5232728edb",
      "dblevel": 5,
      "location": "/VGMV/05_NgonNguKyHieu/HoatHinh/BacSiMienRung/06-NuoiOngTayAo",
      "isVideo": true,
      "url": "05-ngon-ngu-ky-hieu.hoat-hinh.bac-si-mien-rung.06-nuoi-ong-tay-ao",
      "name": "06-Nuôi Ong Tay Áo",
      "count": 0,
      "isLeaf": null,
      "keyword": null,
      "hash": "",
      "khash": "U2FsdGVkX1+kJ9caMOwb+cnwhaN6k1uBCF+iIKrZV3HCpoVxwZHz1I8YH2YXfASZD6i4kjTbzqlJg2GlSNOBzQ==",
      "viewCount": null,
      "duration": "4:29",
      "size": 160673556
    },
    {
      "id": "16118f89-a464-45e9-adac-15cf10360101",
      "pid": "62f9e4c7-670f-4104-b17b-0a5232728edb",
      "dblevel": 5,
      "location": "/VGMV/05_NgonNguKyHieu/HoatHinh/BacSiMienRung/07-NgoiSaiCho",
      "isVideo": true,
      "url": "05-ngon-ngu-ky-hieu.hoat-hinh.bac-si-mien-rung.07-ngoi-sai-cho",
      "name": "07-Ngồi Sai Chỗ",
      "count": 0,
      "isLeaf": null,
      "keyword": null,
      "hash": "",
      "khash": "U2FsdGVkX18ouzQzOCAXAePuEpdxlNyLYvXGy/C4QdsXyrrG8XrZO+7042wVPuKFfjllR4lZQ6AbJ7QyArdqBg==",
      "viewCount": null,
      "duration": "5:7",
      "size": 184099567
    },
    {
      "id": "68b922ab-9c81-419e-93b5-92b11afce63c",
      "pid": "62f9e4c7-670f-4104-b17b-0a5232728edb",
      "dblevel": 5,
      "location": "/VGMV/05_NgonNguKyHieu/HoatHinh/BacSiMienRung/08-BeoConThanhBeoLon",
      "isVideo": true,
      "url": "05-ngon-ngu-ky-hieu.hoat-hinh.bac-si-mien-rung.08-beo-con-thanh-beo-lon",
      "name": "08-Beo Con Thành Beo Lớn",
      "count": 0,
      "isLeaf": null,
      "keyword": null,
      "hash": "",
      "khash": "U2FsdGVkX1+Hn2lxIc7oI1A+Rk4f8qeLAACS2jTpEJbgF9vZjyAVm0euAhfduOtef18semzzzmff4xQ48F+e/Q==",
      "viewCount": null,
      "duration": "10:36",
      "size": 380907485
    }
  ]
}