{
  "id": "4b9e68cb-3536-416f-9ce6-6f08ae0f4a69",
  "pid": "e3490c0c-6b5a-4d96-8952-c2cb6bd9261b",
  "dblevel": 4,
  "location": "/VGMV/06-Phim/PhimTruyen/BiBatBo",
  "isVideo": true,
  "url": "06-phim.phim-truyen.bi-bat-bo",
  "name": "Bị Bắt Bớ",
  "count": 2,
  "isLeaf": true,
  "keyword": null,
  "hash": null,
  "khash": null,
  "viewCount": null,
  "duration": null,
  "size": null,
  "children": [
    {
      "id": "1d6136b1-2c4b-4709-b87f-3ebe9700bf29",
      "pid": "4b9e68cb-3536-416f-9ce6-6f08ae0f4a69",
      "dblevel": 5,
      "location": "",
      "isVideo": true,
      "url": "06-phim.phim-truyen.bi-bat-bo.bi-bat-bo",
      "name": "Bị Bắt Bớ",
      "count": 0,
      "isLeaf": null,
      "keyword": null,
      "hash": null,
      "khash": null,
      "viewCount": null,
      "duration": "91:6",
      "size": 2283625603
    }
  ]
}