{
  "id": "1b72080e-ffbf-46c3-8936-4e1ad9039641",
  "pid": "e3490c0c-6b5a-4d96-8952-c2cb6bd9261b",
  "dblevel": 4,
  "location": "/VGMV/06-Phim/PhimTruyen/MuoiDieuRan(1956)",
  "isVideo": true,
  "url": "06-phim.phim-truyen.muoi-dieu-ran-1956",
  "name": "Mười Điều Răn (1956)",
  "count": 2,
  "isLeaf": true,
  "keyword": null,
  "hash": null,
  "khash": null,
  "viewCount": null,
  "duration": null,
  "size": null,
  "children": [
    {
      "id": "e9b011bc-fa41-464f-aa10-3db69489b9eb",
      "pid": "1b72080e-ffbf-46c3-8936-4e1ad9039641",
      "dblevel": 5,
      "location": "",
      "isVideo": true,
      "url": "06-phim.phim-truyen.muoi-dieu-ran-1956.muoi-dieu-ran-1956",
      "name": "Mười Điều Răn ̣1956",
      "count": 0,
      "isLeaf": null,
      "keyword": null,
      "hash": null,
      "khash": null,
      "viewCount": null,
      "duration": "223:58",
      "size": 3553787069
    }
  ]
}