{
  "id": "b9ae5720-9383-41dc-89ae-f99e583dcb71",
  "pid": "d677a665-95b0-407a-9be8-667c3e49d2fd",
  "dblevel": 4,
  "location": "/VGMV/06-Phim/PhimveChuaGie-xu/NguoiLamPhepLa",
  "isVideo": true,
  "url": "06-phim.phim-ve-chua-gie-xu.nguoi-lam-phep-la",
  "name": "Người Làm Phép Lạ",
  "count": 1,
  "isLeaf": true,
  "keyword": null,
  "hash": null,
  "khash": null,
  "viewCount": null,
  "duration": null,
  "size": null,
  "children": [
    {
      "id": "fe6b102c-d7ff-45c1-ac9a-36ba603f728a",
      "pid": "b9ae5720-9383-41dc-89ae-f99e583dcb71",
      "dblevel": 5,
      "location": "/VGMV/06-Phim/PhimveChuaGie-xu/NguoiLamPhepLa/NguoiLamPhepLa",
      "isVideo": true,
      "url": "06-phim.phim-ve-chua-gie-xu.nguoi-lam-phep-la.nguoi-lam-phep-la",
      "name": "Người Làm Phép Lạ",
      "count": 0,
      "isLeaf": null,
      "keyword": null,
      "hash": "",
      "khash": "U2FsdGVkX1/YaG3ztU5d1y7PqZHCA0Nckxf/RDBD2+nm5lB9YLjDmA4mx8ZZRaw72Ki3WHB2pobsHeaWpa9Yog==",
      "viewCount": null,
      "duration": "90:55",
      "size": 1863903817
    }
  ]
}