{
  "id": "ce808f45-12ae-48ad-9781-0482d7999af4",
  "pid": "e3490c0c-6b5a-4d96-8952-c2cb6bd9261b",
  "dblevel": 4,
  "location": "/VGMV/06-Phim/PhimTruyen/DuocCuuVot",
  "isVideo": true,
  "url": "06-phim.phim-truyen.duoc-cuu-vot",
  "name": "Được Cứu Vớt",
  "count": 2,
  "isLeaf": true,
  "keyword": null,
  "hash": null,
  "khash": null,
  "viewCount": null,
  "duration": null,
  "size": null,
  "children": [
    {
      "id": "9f8625e0-2cb6-468a-a375-4f6b4249f4cc",
      "pid": "ce808f45-12ae-48ad-9781-0482d7999af4",
      "dblevel": 5,
      "location": "",
      "isVideo": true,
      "url": "06-phim.phim-truyen.duoc-cuu-vot.duoc-cuu-vot",
      "name": "Được Cứu Vớt",
      "count": 0,
      "isLeaf": null,
      "keyword": null,
      "hash": null,
      "khash": null,
      "viewCount": null,
      "duration": "91:16",
      "size": 2837285628
    }
  ]
}