{
  "id": "6570a4d8-5d3a-4168-8fdf-5b15f3649653",
  "pid": "04e31d82-0e53-4499-a15e-05223d17a1e3",
  "dblevel": 3,
  "location": "/VGMV/06-Phim/Rivka",
  "isVideo": true,
  "url": "06-phim.rivka",
  "name": "Rivka",
  "count": 12,
  "isLeaf": true,
  "keyword": null,
  "hash": null,
  "khash": null,
  "viewCount": null,
  "duration": null,
  "size": null,
  "children": [
    {
      "id": "4b6a0ad7-2126-4fb9-a02f-3c941595a79a",
      "pid": "6570a4d8-5d3a-4168-8fdf-5b15f3649653",
      "dblevel": 4,
      "location": "",
      "isVideo": true,
      "url": "06-phim.rivka.01-trong-gia-dinh",
      "name": "01_Trong Gia Đình",
      "count": 0,
      "isLeaf": null,
      "keyword": null,
      "hash": null,
      "khash": null,
      "viewCount": null,
      "duration": "21:0",
      "size": 307615007
    },
    {
      "id": "d01f2692-6dd4-48c1-96c2-700bfe4f778c",
      "pid": "6570a4d8-5d3a-4168-8fdf-5b15f3649653",
      "dblevel": 4,
      "location": "",
      "isVideo": true,
      "url": "06-phim.rivka.02-viec-thu-cong",
      "name": "02_Việc Thủ Công",
      "count": 0,
      "isLeaf": null,
      "keyword": null,
      "hash": null,
      "khash": null,
      "viewCount": null,
      "duration": "24:8",
      "size": 362676161
    },
    {
      "id": "cb8c1962-a6ce-4f22-a261-b1a7882e22d5",
      "pid": "6570a4d8-5d3a-4168-8fdf-5b15f3649653",
      "dblevel": 4,
      "location": "",
      "isVideo": true,
      "url": "06-phim.rivka.03-banh-hang-ngay",
      "name": "03_Bánh Hằng Ngày",
      "count": 0,
      "isLeaf": null,
      "keyword": null,
      "hash": null,
      "khash": null,
      "viewCount": null,
      "duration": "21:49",
      "size": 323641685
    },
    {
      "id": "a11b8901-e268-4020-98b2-521385d4f40d",
      "pid": "6570a4d8-5d3a-4168-8fdf-5b15f3649653",
      "dblevel": 4,
      "location": "",
      "isVideo": true,
      "url": "06-phim.rivka.04-nhung-luc-tro-ngai",
      "name": "04_Những Lúc Trở Ngại",
      "count": 0,
      "isLeaf": null,
      "keyword": null,
      "hash": null,
      "khash": null,
      "viewCount": null,
      "duration": "17:27",
      "size": 240944499
    },
    {
      "id": "62b71da8-37bf-4fe4-a598-b830aa67f171",
      "pid": "6570a4d8-5d3a-4168-8fdf-5b15f3649653",
      "dblevel": 4,
      "location": "",
      "isVideo": true,
      "url": "06-phim.rivka.05-gio-va-gieng",
      "name": "05_Gió Và Giếng",
      "count": 0,
      "isLeaf": null,
      "keyword": null,
      "hash": null,
      "khash": null,
      "viewCount": null,
      "duration": "24:14",
      "size": 362679251
    },
    {
      "id": "2723e685-3f07-451d-9be2-805ea608325b",
      "pid": "6570a4d8-5d3a-4168-8fdf-5b15f3649653",
      "dblevel": 4,
      "location": "",
      "isVideo": true,
      "url": "06-phim.rivka.06-tim-su-binh-an",
      "name": "06_Tìm Sự Bình An",
      "count": 0,
      "isLeaf": null,
      "keyword": null,
      "hash": null,
      "khash": null,
      "viewCount": null,
      "duration": "20:15",
      "size": 289812245
    },
    {
      "id": "aff90bd4-9edd-47e5-8340-996ede032e43",
      "pid": "6570a4d8-5d3a-4168-8fdf-5b15f3649653",
      "dblevel": 4,
      "location": "",
      "isVideo": true,
      "url": "06-phim.rivka.07-ban-va-thu",
      "name": "07_Bạn và Thù",
      "count": 0,
      "isLeaf": null,
      "keyword": null,
      "hash": null,
      "khash": null,
      "viewCount": null,
      "duration": "25:19",
      "size": 385254921
    },
    {
      "id": "2ca546cf-5d5e-4f16-b76e-160fc29cf96c",
      "pid": "6570a4d8-5d3a-4168-8fdf-5b15f3649653",
      "dblevel": 4,
      "location": "",
      "isVideo": true,
      "url": "06-phim.rivka.08-rua-sach-nhung-cay-den",
      "name": "08_Rửa Sạch Những Cây Đèn",
      "count": 0,
      "isLeaf": null,
      "keyword": null,
      "hash": null,
      "khash": null,
      "viewCount": null,
      "duration": "24:59",
      "size": 378607230
    },
    {
      "id": "44beecc8-388c-47fb-b521-1abced319242",
      "pid": "6570a4d8-5d3a-4168-8fdf-5b15f3649653",
      "dblevel": 4,
      "location": "",
      "isVideo": true,
      "url": "06-phim.rivka.09-ngay-hon-le",
      "name": "09_Ngày Hôn Lễ",
      "count": 0,
      "isLeaf": null,
      "keyword": null,
      "hash": null,
      "khash": null,
      "viewCount": null,
      "duration": "27:22",
      "size": 421232898
    },
    {
      "id": "7d97ca19-ef4e-4379-b232-37a64149c2c8",
      "pid": "6570a4d8-5d3a-4168-8fdf-5b15f3649653",
      "dblevel": 4,
      "location": "",
      "isVideo": true,
      "url": "06-phim.rivka.10-mui-len-bi-tuot",
      "name": "10_Mũi Len Bị Tuột",
      "count": 0,
      "isLeaf": null,
      "keyword": null,
      "hash": null,
      "khash": null,
      "viewCount": null,
      "duration": "23:32",
      "size": 352485567
    },
    {
      "id": "8d6102ae-2e53-4e28-9a8a-99e851d1ee60",
      "pid": "6570a4d8-5d3a-4168-8fdf-5b15f3649653",
      "dblevel": 4,
      "location": "",
      "isVideo": true,
      "url": "06-phim.rivka.11-chao-doi",
      "name": "11_Chào Đời",
      "count": 0,
      "isLeaf": null,
      "keyword": null,
      "hash": null,
      "khash": null,
      "viewCount": null,
      "duration": "26:54",
      "size": 412806948
    },
    {
      "id": "7f7ce264-c480-426f-9f64-f3e5f2778caf",
      "pid": "6570a4d8-5d3a-4168-8fdf-5b15f3649653",
      "dblevel": 4,
      "location": "",
      "isVideo": true,
      "url": "06-phim.rivka.12-chia-se-phuc-am",
      "name": "12_Chia Sẻ Phúc Âm",
      "count": 0,
      "isLeaf": null,
      "keyword": null,
      "hash": null,
      "khash": null,
      "viewCount": null,
      "duration": "24:59",
      "size": 379858458
    }
  ]
}