{
  "id": "5f567b62-3dde-45e4-aba1-900c1e0f6e02",
  "pid": "e3490c0c-6b5a-4d96-8952-c2cb6bd9261b",
  "dblevel": 4,
  "location": "/VGMV/06-Phim/PhimTruyen/29MetDuoiMatDat",
  "isVideo": true,
  "url": "06-phim.phim-truyen.29-met-duoi-mat-dat",
  "name": "29 Mét Dưới Mặt Đất",
  "count": 1,
  "isLeaf": true,
  "keyword": null,
  "hash": null,
  "khash": null,
  "viewCount": null,
  "duration": null,
  "size": null,
  "children": [
    {
      "id": "fe82b610-e3c1-453d-bed3-6bc5227b7c2a",
      "pid": "5f567b62-3dde-45e4-aba1-900c1e0f6e02",
      "dblevel": 5,
      "location": "/VGMV/06-Phim/PhimTruyen/29MetDuoiMatDat/29MetDuoiMatDat",
      "isVideo": true,
      "url": "06-phim.phim-truyen.29-met-duoi-mat-dat.29-met-duoi-mat-dat",
      "name": "29 Mét Dưới Mặt Đất",
      "count": 0,
      "isLeaf": null,
      "keyword": null,
      "hash": "",
      "khash": "U2FsdGVkX19Cyfpe2vfCNNWELGB+8eQkQC4lpEVcracY5ESqRkRw0E8toQlh3P4Q3gagG1leOdMHsFWU5GRqRg==",
      "viewCount": null,
      "duration": "113:44",
      "size": 1133387874
    }
  ]
}