{
  "id": "ef34c818-2bf2-43a0-ba94-eda69343f96c",
  "pid": "e3490c0c-6b5a-4d96-8952-c2cb6bd9261b",
  "dblevel": 4,
  "location": "/VGMV/06-Phim/PhimTruyen/BanCoThatTin",
  "isVideo": true,
  "url": "06-phim.phim-truyen.ban-co-that-tin",
  "name": "Bạn Có Thật Tin",
  "count": 1,
  "isLeaf": true,
  "keyword": null,
  "hash": null,
  "khash": null,
  "viewCount": null,
  "duration": null,
  "size": null,
  "children": [
    {
      "id": "a509fe34-923a-472a-a2a2-b501406faa69",
      "pid": "ef34c818-2bf2-43a0-ba94-eda69343f96c",
      "dblevel": 5,
      "location": "/VGMV/06-Phim/PhimTruyen/BanCoThatTin/BanCoThatTin",
      "isVideo": true,
      "url": "06-phim.phim-truyen.ban-co-that-tin.ban-co-that-tin",
      "name": "Bạn Có Thật Tin",
      "count": 0,
      "isLeaf": null,
      "keyword": null,
      "hash": "",
      "khash": "U2FsdGVkX18lyOgLUIhoq0nSkwYlfzV+JUrsk+NccsUBMhmieUy3tqvJaxJJrbbEKFstJPO89mbZ6xNtxSCnvw==",
      "viewCount": null,
      "duration": "120:4",
      "size": 2973694192
    }
  ]
}