{
  "id": "55b106fc-fdc6-49d0-a396-e3be034a3196",
  "pid": "e3490c0c-6b5a-4d96-8952-c2cb6bd9261b",
  "dblevel": 4,
  "location": "/VGMV/06-Phim/PhimTruyen/ChatVanDucTin",
  "isVideo": true,
  "url": "06-phim.phim-truyen.chat-van-duc-tin",
  "name": "Chất Vấn Đức Tin",
  "count": 2,
  "isLeaf": true,
  "keyword": null,
  "hash": null,
  "khash": null,
  "viewCount": null,
  "duration": null,
  "size": null,
  "children": [
    {
      "id": "585c2cad-b272-472a-8b5b-f32e21549c6e",
      "pid": "55b106fc-fdc6-49d0-a396-e3be034a3196",
      "dblevel": 5,
      "location": "",
      "isVideo": true,
      "url": "06-phim.phim-truyen.chat-van-duc-tin.chat-van-duc-tin",
      "name": "Chất Vấn Đức Tin",
      "count": 0,
      "isLeaf": null,
      "keyword": null,
      "hash": null,
      "khash": null,
      "viewCount": null,
      "duration": "103:45",
      "size": 2717787028
    }
  ]
}