{
  "id": "82ef630c-e43c-4f02-9273-ae1a438c048e",
  "pid": "d677a665-95b0-407a-9be8-667c3e49d2fd",
  "dblevel": 4,
  "location": "/VGMV/06-Phim/PhimveChuaGie-xu/ChuaGie-xuTheoCacSachPhucAm",
  "isVideo": true,
  "url": "06-phim.phim-ve-chua-gie-xu.chua-gie-xu-theo-cac-sach-phuc-am",
  "name": "Chúa Giê-xu Theo Các Sách Phúc Âm",
  "count": 4,
  "isLeaf": true,
  "keyword": null,
  "hash": null,
  "khash": null,
  "viewCount": null,
  "duration": null,
  "size": null,
  "children": [
    {
      "id": "02b32074-6924-44f2-92ac-1168ab559797",
      "pid": "82ef630c-e43c-4f02-9273-ae1a438c048e",
      "dblevel": 5,
      "location": "/VGMV/06-Phim/PhimveChuaGie-xu/ChuaGie-xuTheoCacSachPhucAm/01-ChuaGie-xuTheoPhucAmMa-thi-o",
      "isVideo": true,
      "url": "06-phim.phim-ve-chua-gie-xu.chua-gie-xu-theo-cac-sach-phuc-am.01-chua-gie-xu-theo-phuc-am-ma-thi-o",
      "name": "01-Chúa Giê-xu Theo Phúc Âm Ma-thi-ơ",
      "count": 0,
      "isLeaf": null,
      "keyword": null,
      "hash": "",
      "khash": "U2FsdGVkX1/kRp2wxlXnYXxdklX5/UFIElX+jYIFMUQtcZZ7HHfvbEdRaUecx/t5G9x1te6xl4EHpV84QJNA2A==",
      "viewCount": null,
      "duration": "186:52",
      "size": 4669225994
    },
    {
      "id": "dbc6f87b-6546-4e2b-828c-d37ff9f1b281",
      "pid": "82ef630c-e43c-4f02-9273-ae1a438c048e",
      "dblevel": 5,
      "location": "/VGMV/06-Phim/PhimveChuaGie-xu/ChuaGie-xuTheoCacSachPhucAm/02-ChuaGie-xuTheoPhucAmMac",
      "isVideo": true,
      "url": "06-phim.phim-ve-chua-gie-xu.chua-gie-xu-theo-cac-sach-phuc-am.02-chua-gie-xu-theo-phuc-am-mac",
      "name": "02-Chúa Giê-xu Theo Phúc Âm Mác",
      "count": 0,
      "isLeaf": null,
      "keyword": null,
      "hash": "",
      "khash": "U2FsdGVkX187hxzj9rdLRWK5pfTuovt+TPR4V1O80Xp3h2YgOQx1Xy9C1xMvEZhgEKUaeGNr8PneCxwGSY4lGg==",
      "viewCount": null,
      "duration": "119:55",
      "size": 2999560333
    },
    {
      "id": "247cdb38-3b86-459c-88c6-a61a3fd481ed",
      "pid": "82ef630c-e43c-4f02-9273-ae1a438c048e",
      "dblevel": 5,
      "location": "/VGMV/06-Phim/PhimveChuaGie-xu/ChuaGie-xuTheoCacSachPhucAm/03-ChuaGie-xuTheoPhucAmLu-ca",
      "isVideo": true,
      "url": "06-phim.phim-ve-chua-gie-xu.chua-gie-xu-theo-cac-sach-phuc-am.03-chua-gie-xu-theo-phuc-am-lu-ca",
      "name": "03-Chúa Giê-xu Theo Phúc Âm Lu-ca",
      "count": 0,
      "isLeaf": null,
      "keyword": null,
      "hash": "",
      "khash": "U2FsdGVkX19pYJ5TCyTwsWPPqF//lw6oHcb1x7owgGFw1XXrfq2jBGc6nj1+l7FzHCHQDM+CRH2iXk4DnQEYCw==",
      "viewCount": null,
      "duration": "202:40",
      "size": 5067932020
    },
    {
      "id": "99ba8904-25a2-4164-aacd-a48db0457a60",
      "pid": "82ef630c-e43c-4f02-9273-ae1a438c048e",
      "dblevel": 5,
      "location": "/VGMV/06-Phim/PhimveChuaGie-xu/ChuaGie-xuTheoCacSachPhucAm/04-ChuaGie-xuTheoPhucAmGiang",
      "isVideo": true,
      "url": "06-phim.phim-ve-chua-gie-xu.chua-gie-xu-theo-cac-sach-phuc-am.04-chua-gie-xu-theo-phuc-am-giang",
      "name": "04-Chúa Giê-xu Theo Phúc Âm Giăng",
      "count": 0,
      "isLeaf": null,
      "keyword": null,
      "hash": "",
      "khash": "U2FsdGVkX19a3Mfalr2e1s3oXQ8BizQPsUnL4xX8l9d3MhQ5DSBBAWk7zjdQS1k6mAQmQdvRxKgchGa+qH6KYg==",
      "viewCount": null,
      "duration": "157:18",
      "size": 3929465611
    }
  ]
}