{
  "id": "27ed727e-c690-4493-8db3-90f77eed4ade",
  "pid": "e3490c0c-6b5a-4d96-8952-c2cb6bd9261b",
  "dblevel": 4,
  "location": "/VGMV/06-Phim/PhimTruyen/LeGiangSinhCuaToi",
  "isVideo": true,
  "url": "06-phim.phim-truyen.le-giang-sinh-cua-toi",
  "name": "Lễ Giáng Sinh Của Tôi",
  "count": 2,
  "isLeaf": true,
  "keyword": null,
  "hash": null,
  "khash": null,
  "viewCount": null,
  "duration": null,
  "size": null,
  "children": [
    {
      "id": "01eed117-9676-4011-b290-f78b192cfaf0",
      "pid": "27ed727e-c690-4493-8db3-90f77eed4ade",
      "dblevel": 5,
      "location": "",
      "isVideo": true,
      "url": "06-phim.phim-truyen.le-giang-sinh-cua-toi.le-giang-sinh-cua-toi",
      "name": "Lễ Giáng Sinh Của Tôi",
      "count": 0,
      "isLeaf": null,
      "keyword": null,
      "hash": null,
      "khash": null,
      "viewCount": null,
      "duration": "92:53",
      "size": 2831788907
    }
  ]
}