{
  "id": "f9814ce5-7168-4cd2-9163-f2701749af40",
  "pid": "e3490c0c-6b5a-4d96-8952-c2cb6bd9261b",
  "dblevel": 4,
  "location": "/VGMV/06-Phim/PhimTruyen/ThapTuGiaVaConDaoBam",
  "isVideo": true,
  "url": "06-phim.phim-truyen.thap-tu-gia-va-con-dao-bam",
  "name": "Thập Tự Giá Và Con Dao Bấm",
  "count": 2,
  "isLeaf": true,
  "keyword": null,
  "hash": null,
  "khash": null,
  "viewCount": null,
  "duration": null,
  "size": null,
  "children": [
    {
      "id": "2e883684-0019-433e-9c48-14090defa28d",
      "pid": "f9814ce5-7168-4cd2-9163-f2701749af40",
      "dblevel": 5,
      "location": "",
      "isVideo": true,
      "url": "06-phim.phim-truyen.thap-tu-gia-va-con-dao-bam.thap-tu-gia-va-con-dao-bam",
      "name": "Thập Tự Giá Và Con Dao Bấm",
      "count": 0,
      "isLeaf": null,
      "keyword": null,
      "hash": null,
      "khash": null,
      "viewCount": null,
      "duration": "106:24",
      "size": 3289372953
    }
  ]
}