{
  "id": "882c7fd4-5fc5-4cff-8bf4-56faafc019ff",
  "pid": "e3490c0c-6b5a-4d96-8952-c2cb6bd9261b",
  "dblevel": 4,
  "location": "/VGMV/06-Phim/PhimTruyen/ThoiDiemCuaChua",
  "isVideo": true,
  "url": "06-phim.phim-truyen.thoi-diem-cua-chua",
  "name": "Thời Điểm Của Chúa",
  "count": 2,
  "isLeaf": true,
  "keyword": null,
  "hash": null,
  "khash": null,
  "viewCount": null,
  "duration": null,
  "size": null,
  "children": [
    {
      "id": "07aad7d2-78ad-4457-b2b4-46c004f94f54",
      "pid": "882c7fd4-5fc5-4cff-8bf4-56faafc019ff",
      "dblevel": 5,
      "location": "",
      "isVideo": true,
      "url": "06-phim.phim-truyen.thoi-diem-cua-chua.thoi-diem-cua-chua",
      "name": "Thời Điểm Của Chúa",
      "count": 0,
      "isLeaf": null,
      "keyword": null,
      "hash": null,
      "khash": null,
      "viewCount": null,
      "duration": "89:47",
      "size": 2639353812
    }
  ]
}