{
  "id": "4a3b13c1-9636-4f72-868a-a45b01a81c3f",
  "pid": "e3490c0c-6b5a-4d96-8952-c2cb6bd9261b",
  "dblevel": 4,
  "location": "/VGMV/06-Phim/PhimTruyen/NhuNhungMuiTen",
  "isVideo": true,
  "url": "06-phim.phim-truyen.nhu-nhung-mui-ten",
  "name": "Như Những Mũi Tên",
  "count": 2,
  "isLeaf": true,
  "keyword": null,
  "hash": null,
  "khash": null,
  "viewCount": null,
  "duration": null,
  "size": null,
  "children": [
    {
      "id": "5004b486-d31b-446f-9dad-56f7071e57c2",
      "pid": "4a3b13c1-9636-4f72-868a-a45b01a81c3f",
      "dblevel": 5,
      "location": "",
      "isVideo": true,
      "url": "06-phim.phim-truyen.nhu-nhung-mui-ten.nhu-nhung-mui-ten",
      "name": "Như Những Mũi Tên",
      "count": 0,
      "isLeaf": null,
      "keyword": null,
      "hash": null,
      "khash": null,
      "viewCount": null,
      "duration": "99:11",
      "size": 2912422899
    }
  ]
}