{
  "id": "54c9292d-b524-48ca-97c1-97a763d2c9f4",
  "pid": "e3490c0c-6b5a-4d96-8952-c2cb6bd9261b",
  "dblevel": 4,
  "location": "/VGMV/06-Phim/PhimTruyen/DucTinCuaKing",
  "isVideo": true,
  "url": "06-phim.phim-truyen.duc-tin-cua-king",
  "name": "Đức Tin Của King",
  "count": 2,
  "isLeaf": true,
  "keyword": null,
  "hash": null,
  "khash": null,
  "viewCount": null,
  "duration": null,
  "size": null,
  "children": [
    {
      "id": "735e0c4d-29e1-4ea2-aca5-270619e06846",
      "pid": "54c9292d-b524-48ca-97c1-97a763d2c9f4",
      "dblevel": 5,
      "location": "",
      "isVideo": true,
      "url": "06-phim.phim-truyen.duc-tin-cua-king.duc-tin-cua-king",
      "name": "Đức Tin Của King",
      "count": 0,
      "isLeaf": null,
      "keyword": null,
      "hash": null,
      "khash": null,
      "viewCount": null,
      "duration": "107:50",
      "size": 2691773036
    }
  ]
}