{
  "id": "f6b260b6-1019-4734-822c-e0e931e9b512",
  "pid": "e3490c0c-6b5a-4d96-8952-c2cb6bd9261b",
  "dblevel": 4,
  "location": "/VGMV/06-Phim/PhimTruyen/ChuaGie-xuSeLamGi",
  "isVideo": true,
  "url": "06-phim.phim-truyen.chua-gie-xu-se-lam-gi",
  "name": "Chúa Giê-xu Sẽ Làm Gì",
  "count": 2,
  "isLeaf": true,
  "keyword": null,
  "hash": null,
  "khash": null,
  "viewCount": null,
  "duration": null,
  "size": null,
  "children": [
    {
      "id": "a3d326d9-9de4-42b4-9679-15afa95cac83",
      "pid": "f6b260b6-1019-4734-822c-e0e931e9b512",
      "dblevel": 5,
      "location": "",
      "isVideo": true,
      "url": "06-phim.phim-truyen.chua-gie-xu-se-lam-gi.chua-gie-xu-se-lam-gi",
      "name": "Chúa Giê-xu Sẽ Làm Gì",
      "count": 0,
      "isLeaf": null,
      "keyword": null,
      "hash": null,
      "khash": null,
      "viewCount": null,
      "duration": "94:2",
      "size": 1412142513
    }
  ]
}