{
  "id": "2f8449b8-2f7f-431e-a287-08c89200c1d0",
  "pid": "e3490c0c-6b5a-4d96-8952-c2cb6bd9261b",
  "dblevel": 4,
  "location": "/VGMV/06-Phim/PhimTruyen/TamTheThaThu",
  "isVideo": true,
  "url": "06-phim.phim-truyen.tam-the-tha-thu",
  "name": "Tấm Thẻ Tha Thứ",
  "count": 2,
  "isLeaf": true,
  "keyword": null,
  "hash": null,
  "khash": null,
  "viewCount": null,
  "duration": null,
  "size": null,
  "children": [
    {
      "id": "c8edfec1-f83a-49f0-8766-819e6a24b079",
      "pid": "2f8449b8-2f7f-431e-a287-08c89200c1d0",
      "dblevel": 5,
      "location": "",
      "isVideo": true,
      "url": "06-phim.phim-truyen.tam-the-tha-thu.tam-the-tha-thu",
      "name": "Tấm Thẻ Tha Thứ",
      "count": 0,
      "isLeaf": null,
      "keyword": null,
      "hash": null,
      "khash": null,
      "viewCount": null,
      "duration": "101:36",
      "size": 3000957368
    }
  ]
}