{
  "id": "24ba9465-583c-4bf6-9465-9117fb933372",
  "pid": "e3490c0c-6b5a-4d96-8952-c2cb6bd9261b",
  "dblevel": 4,
  "location": "/VGMV/06-Phim/PhimTruyen/LaBanCuaChua",
  "isVideo": true,
  "url": "06-phim.phim-truyen.la-ban-cua-chua",
  "name": "La Bàn Của Chúa",
  "count": 2,
  "isLeaf": true,
  "keyword": null,
  "hash": null,
  "khash": null,
  "viewCount": null,
  "duration": null,
  "size": null,
  "children": [
    {
      "id": "2b42fabc-e04c-4396-9f01-034c48b2d444",
      "pid": "24ba9465-583c-4bf6-9465-9117fb933372",
      "dblevel": 5,
      "location": "",
      "isVideo": true,
      "url": "06-phim.phim-truyen.la-ban-cua-chua.la-ban-cua-chua",
      "name": "La Bàn Của Chúa",
      "count": 0,
      "isLeaf": null,
      "keyword": null,
      "hash": null,
      "khash": null,
      "viewCount": null,
      "duration": "103:35",
      "size": 3206854410
    }
  ]
}