{
  "id": "5d89df13-08a2-45fa-866c-973f3bd2f90c",
  "pid": "e3490c0c-6b5a-4d96-8952-c2cb6bd9261b",
  "dblevel": 4,
  "location": "/VGMV/06-Phim/PhimTruyen/KhongDeVo",
  "isVideo": true,
  "url": "06-phim.phim-truyen.khong-de-vo",
  "name": "Không Dễ Vở",
  "count": 2,
  "isLeaf": true,
  "keyword": null,
  "hash": null,
  "khash": null,
  "viewCount": null,
  "duration": null,
  "size": null,
  "children": [
    {
      "id": "3cbea980-f08c-4af5-a8c3-451d901ed3b6",
      "pid": "5d89df13-08a2-45fa-866c-973f3bd2f90c",
      "dblevel": 5,
      "location": "",
      "isVideo": true,
      "url": "06-phim.phim-truyen.khong-de-vo.khong-de-vo",
      "name": "Không Dễ Vở",
      "count": 0,
      "isLeaf": null,
      "keyword": null,
      "hash": null,
      "khash": null,
      "viewCount": null,
      "duration": "99:37",
      "size": 3047762651
    }
  ]
}