{
  "id": "0466ea00-1917-41e8-b187-7cf847d92569",
  "pid": "e3490c0c-6b5a-4d96-8952-c2cb6bd9261b",
  "dblevel": 4,
  "location": "/VGMV/06-Phim/PhimTruyen/TraiNghiemKhongQuen",
  "isVideo": true,
  "url": "06-phim.phim-truyen.trai-nghiem-khong-quen",
  "name": "Trải Nghiệm Không Quên",
  "count": 2,
  "isLeaf": true,
  "keyword": null,
  "hash": null,
  "khash": null,
  "viewCount": null,
  "duration": null,
  "size": null,
  "children": [
    {
      "id": "9df4a074-3c92-4e56-90ea-77d730f9bbcb",
      "pid": "0466ea00-1917-41e8-b187-7cf847d92569",
      "dblevel": 5,
      "location": "",
      "isVideo": true,
      "url": "06-phim.phim-truyen.trai-nghiem-khong-quen.trai-nghiem-khong-quen",
      "name": "Trải Nghiệm Không Quên",
      "count": 0,
      "isLeaf": null,
      "keyword": null,
      "hash": null,
      "khash": null,
      "viewCount": null,
      "duration": "116:15",
      "size": 3515171834
    }
  ]
}