{
  "id": "195e80d5-6960-4a5b-bd50-4c5a26732ba3",
  "pid": "e3490c0c-6b5a-4d96-8952-c2cb6bd9261b",
  "dblevel": 4,
  "location": "/VGMV/06-Phim/PhimTruyen/DungVung-2010",
  "isVideo": true,
  "url": "06-phim.phim-truyen.dung-vung-2010",
  "name": "Đứng Vững-2010",
  "count": 2,
  "isLeaf": true,
  "keyword": null,
  "hash": null,
  "khash": null,
  "viewCount": null,
  "duration": null,
  "size": null,
  "children": [
    {
      "id": "aee91db7-399b-4535-bcf7-38fb82523378",
      "pid": "195e80d5-6960-4a5b-bd50-4c5a26732ba3",
      "dblevel": 5,
      "location": "",
      "isVideo": true,
      "url": "06-phim.phim-truyen.dung-vung-2010.dung-vung",
      "name": "Đứng Vững",
      "count": 0,
      "isLeaf": null,
      "keyword": null,
      "hash": null,
      "khash": null,
      "viewCount": null,
      "duration": "80:25",
      "size": 2445943233
    }
  ]
}