{
  "id": "1f5ef292-679c-4d40-96fa-23a620d997f1",
  "pid": "04e31d82-0e53-4499-a15e-05223d17a1e3",
  "dblevel": 3,
  "location": "/VGMV/06-Phim/CauChuyenKinhThanh",
  "isVideo": true,
  "url": "06-phim.cau-chuyen-kinh-thanh",
  "name": "Câu Chuyện Kinh Thánh",
  "count": 10,
  "isLeaf": true,
  "keyword": null,
  "hash": null,
  "khash": null,
  "viewCount": null,
  "duration": null,
  "size": null,
  "children": [
    {
      "id": "42133fb8-b1f0-454b-a4a9-11eeb01024a2",
      "pid": "1f5ef292-679c-4d40-96fa-23a620d997f1",
      "dblevel": 4,
      "location": "/VGMV/06-Phim/CauChuyenKinhThanh/CauChuyenKinhThanh-P01",
      "isVideo": true,
      "url": "06-phim.cau-chuyen-kinh-thanh.cau-chuyen-kinh-thanh-p01",
      "name": "Câu Chuyện Kinh Thánh-P01",
      "count": 0,
      "isLeaf": null,
      "keyword": null,
      "hash": "",
      "khash": "U2FsdGVkX1+koOrGuq5+i4TtgLXRhqGPV2QHTtGJwj0aF134hIBegEWsllDDyPiMZgv5AVZ22n7lxA5sPUPBDw==",
      "viewCount": null,
      "duration": "49:41",
      "size": 1458865742
    },
    {
      "id": "26ca51e5-9e94-4604-99b5-04302cfb6665",
      "pid": "1f5ef292-679c-4d40-96fa-23a620d997f1",
      "dblevel": 4,
      "location": "/VGMV/06-Phim/CauChuyenKinhThanh/CauChuyenKinhThanh-P02",
      "isVideo": true,
      "url": "06-phim.cau-chuyen-kinh-thanh.cau-chuyen-kinh-thanh-p02",
      "name": "Câu Chuyện Kinh Thánh-P02",
      "count": 0,
      "isLeaf": null,
      "keyword": null,
      "hash": "",
      "khash": "U2FsdGVkX1+BCzNRCF1MrAYVdxythMnp25Eykns/sa+1YgqYaIzItSSuMsQ1RPMVGb3VDbUyPunqu5V5vgDIaA==",
      "viewCount": null,
      "duration": "47:27",
      "size": 1401381566
    },
    {
      "id": "9f0551fe-adc4-4da2-9636-af153c063d6b",
      "pid": "1f5ef292-679c-4d40-96fa-23a620d997f1",
      "dblevel": 4,
      "location": "/VGMV/06-Phim/CauChuyenKinhThanh/CauChuyenKinhThanh-P03",
      "isVideo": true,
      "url": "06-phim.cau-chuyen-kinh-thanh.cau-chuyen-kinh-thanh-p03",
      "name": "Câu Chuyện Kinh Thánh-P03",
      "count": 0,
      "isLeaf": null,
      "keyword": null,
      "hash": "",
      "khash": "U2FsdGVkX18b93Uvq547IvXcUdpJG0cmbCKCOylRlF1wzOaagnfrlxm2GXw4kuHLQZiKSSBtQCMKb+S59K9wWw==",
      "viewCount": null,
      "duration": "47:40",
      "size": 1407480853
    },
    {
      "id": "e598fc65-09a0-4825-9920-939d0b77e426",
      "pid": "1f5ef292-679c-4d40-96fa-23a620d997f1",
      "dblevel": 4,
      "location": "/VGMV/06-Phim/CauChuyenKinhThanh/CauChuyenKinhThanh-P04",
      "isVideo": true,
      "url": "06-phim.cau-chuyen-kinh-thanh.cau-chuyen-kinh-thanh-p04",
      "name": "Câu Chuyện Kinh Thánh-P04",
      "count": 0,
      "isLeaf": null,
      "keyword": null,
      "hash": "",
      "khash": "U2FsdGVkX18zWEY+9XfW4AjfnGpGEC9SSaD+UI+KJTXbsUW9Hxf3aiIPcORIGhwIXwQYj/oWjEd3F4XEZz+iOw==",
      "viewCount": null,
      "duration": "48:41",
      "size": 1437571127
    },
    {
      "id": "03f209d0-7718-4872-8ec2-07cdab720afe",
      "pid": "1f5ef292-679c-4d40-96fa-23a620d997f1",
      "dblevel": 4,
      "location": "/VGMV/06-Phim/CauChuyenKinhThanh/CauChuyenKinhThanh-P05",
      "isVideo": true,
      "url": "06-phim.cau-chuyen-kinh-thanh.cau-chuyen-kinh-thanh-p05",
      "name": "Câu Chuyện Kinh Thánh-P05",
      "count": 0,
      "isLeaf": null,
      "keyword": null,
      "hash": "",
      "khash": "U2FsdGVkX1+mz28L3AxoQcsUOmOb1e75nujPHc18YEsdRMOO7Qy+S/LWrjn8UvRKFlTZyADQAR+wu7eaTlg7jg==",
      "viewCount": null,
      "duration": "45:43",
      "size": 1340376908
    },
    {
      "id": "70899a96-8470-4d43-a9c0-19140057e93b",
      "pid": "1f5ef292-679c-4d40-96fa-23a620d997f1",
      "dblevel": 4,
      "location": "/VGMV/06-Phim/CauChuyenKinhThanh/CauChuyenKinhThanh-P06",
      "isVideo": true,
      "url": "06-phim.cau-chuyen-kinh-thanh.cau-chuyen-kinh-thanh-p06",
      "name": "Câu Chuyện Kinh Thánh-P06",
      "count": 0,
      "isLeaf": null,
      "keyword": null,
      "hash": "",
      "khash": "U2FsdGVkX1/R3yR8QFbxPA2gaa+lDOV1h1aGfxBiQluOlWZAhGaRfrB7jiUKuC1V8IFCUvmzfqw5CiIZIi757Q==",
      "viewCount": null,
      "duration": "48:38",
      "size": 1429279152
    },
    {
      "id": "9be1d5ff-18f4-45f6-8fd2-6e2e1e406c01",
      "pid": "1f5ef292-679c-4d40-96fa-23a620d997f1",
      "dblevel": 4,
      "location": "/VGMV/06-Phim/CauChuyenKinhThanh/CauChuyenKinhThanh-P07",
      "isVideo": true,
      "url": "06-phim.cau-chuyen-kinh-thanh.cau-chuyen-kinh-thanh-p07",
      "name": "Câu Chuyện Kinh Thánh-P07",
      "count": 0,
      "isLeaf": null,
      "keyword": null,
      "hash": "",
      "khash": "U2FsdGVkX1/uW3OW+Mxh25FTeoaoJjvSnUMo7cPfGFBhO1htlspnb66JJjmobihC2lYKyaZ/BoR9PX64oKUaKA==",
      "viewCount": null,
      "duration": "46:38",
      "size": 1377431393
    },
    {
      "id": "33703f38-031c-4e41-989e-68e49cf5822f",
      "pid": "1f5ef292-679c-4d40-96fa-23a620d997f1",
      "dblevel": 4,
      "location": "/VGMV/06-Phim/CauChuyenKinhThanh/CauChuyenKinhThanh-P08",
      "isVideo": true,
      "url": "06-phim.cau-chuyen-kinh-thanh.cau-chuyen-kinh-thanh-p08",
      "name": "Câu Chuyện Kinh Thánh-P08",
      "count": 0,
      "isLeaf": null,
      "keyword": null,
      "hash": "",
      "khash": "U2FsdGVkX18Cgzg0VpNKiCQb6PyxRaCV8RMtOdLe7IMRF31+hZboQam56S2KuoBn6owt9AMhpcXlSkvx9VFqIQ==",
      "viewCount": null,
      "duration": "50:43",
      "size": 1496394056
    },
    {
      "id": "6fb93f13-bbc4-4df2-b9fb-5659e7e7c752",
      "pid": "1f5ef292-679c-4d40-96fa-23a620d997f1",
      "dblevel": 4,
      "location": "/VGMV/06-Phim/CauChuyenKinhThanh/CauChuyenKinhThanh-P09",
      "isVideo": true,
      "url": "06-phim.cau-chuyen-kinh-thanh.cau-chuyen-kinh-thanh-p09",
      "name": "Câu Chuyện Kinh Thánh-P09",
      "count": 0,
      "isLeaf": null,
      "keyword": null,
      "hash": "",
      "khash": "U2FsdGVkX19Up0k3UFVEsaDQgG8kfh3LtN8kniWreMqYOcV2PVlnXxdYJtz460NQwSHEEekrujQNTU64GZs/dw==",
      "viewCount": null,
      "duration": "54:44",
      "size": 1616647744
    },
    {
      "id": "5864f385-753b-4c5b-ba90-4f89ad3cb408",
      "pid": "1f5ef292-679c-4d40-96fa-23a620d997f1",
      "dblevel": 4,
      "location": "/VGMV/06-Phim/CauChuyenKinhThanh/CauChuyenKinhThanh-P10",
      "isVideo": true,
      "url": "06-phim.cau-chuyen-kinh-thanh.cau-chuyen-kinh-thanh-p10",
      "name": "Câu Chuyện Kinh Thánh-P10",
      "count": 0,
      "isLeaf": null,
      "keyword": null,
      "hash": "",
      "khash": "U2FsdGVkX18ikSkBbgsR1cgrIdkO35c4hy+xM8+OncdcXKyfPZtbkZFHo88BPsTHuqC6yhGBnfZkWEYT+CAGzA==",
      "viewCount": null,
      "duration": "51:53",
      "size": 1529894750
    }
  ]
}