{
  "id": "43064d7d-251b-4f81-b51d-9eaaf302d487",
  "pid": "e3490c0c-6b5a-4d96-8952-c2cb6bd9261b",
  "dblevel": 4,
  "location": "/VGMV/06-Phim/PhimTruyen/ChuaKhongChet_P3",
  "isVideo": true,
  "url": "06-phim.phim-truyen.chua-khong-chet-p3",
  "name": "Chúa Không Chết_P3",
  "count": 2,
  "isLeaf": true,
  "keyword": null,
  "hash": null,
  "khash": null,
  "viewCount": null,
  "duration": null,
  "size": null,
  "children": [
    {
      "id": "f8492f27-7f9d-4bb4-b237-e5644024e491",
      "pid": "43064d7d-251b-4f81-b51d-9eaaf302d487",
      "dblevel": 5,
      "location": "",
      "isVideo": true,
      "url": "06-phim.phim-truyen.chua-khong-chet-p3.chua-khong-chet-03",
      "name": "Chúa Không Chết-03",
      "count": 0,
      "isLeaf": null,
      "keyword": null,
      "hash": null,
      "khash": null,
      "viewCount": null,
      "duration": "104:54",
      "size": 2764070899
    }
  ]
}