{
  "id": "c1499825-72ef-4787-9471-7c4c0c85db35",
  "pid": "e3490c0c-6b5a-4d96-8952-c2cb6bd9261b",
  "dblevel": 4,
  "location": "/VGMV/06-Phim/PhimTruyen/ViDaiHon",
  "isVideo": true,
  "url": "06-phim.phim-truyen.vi-dai-hon",
  "name": "Vĩ Đại Hơn",
  "count": 2,
  "isLeaf": true,
  "keyword": null,
  "hash": null,
  "khash": null,
  "viewCount": null,
  "duration": null,
  "size": null,
  "children": [
    {
      "id": "5c8d62d3-89a8-4e51-bcf2-9335c6cb928f",
      "pid": "c1499825-72ef-4787-9471-7c4c0c85db35",
      "dblevel": 5,
      "location": "",
      "isVideo": true,
      "url": "06-phim.phim-truyen.vi-dai-hon.vi-dai-hon",
      "name": "Vĩ Đại Hơn",
      "count": 0,
      "isLeaf": null,
      "keyword": null,
      "hash": null,
      "khash": null,
      "viewCount": null,
      "duration": "130:54",
      "size": 3945669370
    }
  ]
}