{
  "id": "5b69bbf0-d247-4e04-b70b-ae338a892093",
  "pid": "d677a665-95b0-407a-9be8-667c3e49d2fd",
  "dblevel": 4,
  "location": "/VGMV/06-Phim/PhimveChuaGie-xu/CuocDoiChuaGie-xu-TheoPhucAmGiang",
  "isVideo": true,
  "url": "06-phim.phim-ve-chua-gie-xu.cuoc-doi-chua-gie-xu-theo-phuc-am-giang",
  "name": "Cuộc Đời Chúa Giê-xu - Theo Phúc Âm Giăng",
  "count": 1,
  "isLeaf": true,
  "keyword": null,
  "hash": null,
  "khash": null,
  "viewCount": null,
  "duration": null,
  "size": null,
  "children": [
    {
      "id": "0b569719-6391-4e7e-ba27-c0c8c000cb92",
      "pid": "5b69bbf0-d247-4e04-b70b-ae338a892093",
      "dblevel": 5,
      "location": "/VGMV/06-Phim/PhimveChuaGie-xu/CuocDoiChuaGie-xu-TheoPhucAmGiang/CuocDoiChuaGie-xu-TheoPhucAmGiang",
      "isVideo": true,
      "url": "06-phim.phim-ve-chua-gie-xu.cuoc-doi-chua-gie-xu-theo-phuc-am-giang.cuoc-doi-chua-gie-xu-theo-phuc-am-giang",
      "name": "Cuộc Đời Chúa Giê-xu - Theo Phúc Âm Giăng",
      "count": 0,
      "isLeaf": null,
      "keyword": null,
      "hash": "",
      "khash": "U2FsdGVkX1+euziqgAOy6r541VngXo3lWdbB4UmtmZ8si/DEGMNz4/qH437VKYRfyBmJsBmVpF3paNpMfN/3OA==",
      "viewCount": null,
      "duration": "183:14",
      "size": 3380080042
    }
  ]
}