{
  "id": "4411b5a5-c50f-4772-8dd4-9ecacee5e2d9",
  "pid": "e3490c0c-6b5a-4d96-8952-c2cb6bd9261b",
  "dblevel": 4,
  "location": "/VGMV/06-Phim/PhimTruyen/TrangMangKetDuyen",
  "isVideo": true,
  "url": "06-phim.phim-truyen.trang-mang-ket-duyen",
  "name": "Trang Mạng Kết Duyên",
  "count": 2,
  "isLeaf": true,
  "keyword": null,
  "hash": null,
  "khash": null,
  "viewCount": null,
  "duration": null,
  "size": null,
  "children": [
    {
      "id": "986f1504-fb92-42f5-b7f3-b11670c69f97",
      "pid": "4411b5a5-c50f-4772-8dd4-9ecacee5e2d9",
      "dblevel": 5,
      "location": "",
      "isVideo": true,
      "url": "06-phim.phim-truyen.trang-mang-ket-duyen.trang-mang-ket-duyen",
      "name": "Trang Mạng Kết Duyên",
      "count": 0,
      "isLeaf": null,
      "keyword": null,
      "hash": null,
      "khash": null,
      "viewCount": null,
      "duration": "99:30",
      "size": 1291508278
    }
  ]
}