{
  "id": "5592686f-9b44-4b07-87d1-3c4d98cdfc07",
  "pid": "e3490c0c-6b5a-4d96-8952-c2cb6bd9261b",
  "dblevel": 4,
  "location": "/VGMV/06-Phim/PhimTruyen/HamHam",
  "isVideo": true,
  "url": "06-phim.phim-truyen.ham-ham",
  "name": "Hâm Hẩm",
  "count": 2,
  "isLeaf": true,
  "keyword": null,
  "hash": null,
  "khash": null,
  "viewCount": null,
  "duration": null,
  "size": null,
  "children": [
    {
      "id": "a8b0a0b5-7880-49a6-ba78-d6c5f0df7134",
      "pid": "5592686f-9b44-4b07-87d1-3c4d98cdfc07",
      "dblevel": 5,
      "location": "",
      "isVideo": true,
      "url": "06-phim.phim-truyen.ham-ham.ham-ham",
      "name": "Hâm Hẩm",
      "count": 0,
      "isLeaf": null,
      "keyword": null,
      "hash": null,
      "khash": null,
      "viewCount": null,
      "duration": "97:35",
      "size": 2972688197
    }
  ]
}