{
  "id": "9bdfc1d7-ad8c-4469-88e9-4a27a450a29a",
  "pid": "e3490c0c-6b5a-4d96-8952-c2cb6bd9261b",
  "dblevel": 4,
  "location": "/VGMV/06-Phim/PhimTruyen/ChayDua",
  "isVideo": true,
  "url": "06-phim.phim-truyen.chay-dua",
  "name": "Chạy Đua",
  "count": 2,
  "isLeaf": true,
  "keyword": null,
  "hash": null,
  "khash": null,
  "viewCount": null,
  "duration": null,
  "size": null,
  "children": [
    {
      "id": "651c76c3-15bd-4d48-a328-0b1c67d688b8",
      "pid": "9bdfc1d7-ad8c-4469-88e9-4a27a450a29a",
      "dblevel": 5,
      "location": "",
      "isVideo": true,
      "url": "06-phim.phim-truyen.chay-dua.chay-dua",
      "name": "Chạy Đua",
      "count": 0,
      "isLeaf": null,
      "keyword": null,
      "hash": null,
      "khash": null,
      "viewCount": null,
      "duration": "102:27",
      "size": 3087032110
    }
  ]
}