{
  "id": "fad45bc3-e81b-4d2f-b74a-a8cdf67af395",
  "pid": "e3490c0c-6b5a-4d96-8952-c2cb6bd9261b",
  "dblevel": 4,
  "location": "/VGMV/06-Phim/PhimTruyen/NhungThuBiVutBo",
  "isVideo": true,
  "url": "06-phim.phim-truyen.nhung-thu-bi-vut-bo",
  "name": "Những Thứ Bị Vứt Bỏ",
  "count": 2,
  "isLeaf": true,
  "keyword": null,
  "hash": null,
  "khash": null,
  "viewCount": null,
  "duration": null,
  "size": null,
  "children": [
    {
      "id": "190aa6d2-ecb6-4505-b240-ab32c940cf25",
      "pid": "fad45bc3-e81b-4d2f-b74a-a8cdf67af395",
      "dblevel": 5,
      "location": "",
      "isVideo": true,
      "url": "06-phim.phim-truyen.nhung-thu-bi-vut-bo.nhung-thu-bi-vut-bo",
      "name": "Những Thứ Bị Vứt Bỏ",
      "count": 0,
      "isLeaf": null,
      "keyword": null,
      "hash": null,
      "khash": null,
      "viewCount": null,
      "duration": "107:27",
      "size": 3308549087
    }
  ]
}