{
  "id": "deb2621e-e840-4d1d-8e97-9262d4f87e6a",
  "pid": "e3490c0c-6b5a-4d96-8952-c2cb6bd9261b",
  "dblevel": 4,
  "location": "/VGMV/06-Phim/PhimTruyen/CungKieuKhacBietNhuToi",
  "isVideo": true,
  "url": "06-phim.phim-truyen.cung-kieu-khac-biet-nhu-toi",
  "name": "Cùng Kiểu Khác Biệt Như Tôi",
  "count": 2,
  "isLeaf": true,
  "keyword": null,
  "hash": null,
  "khash": null,
  "viewCount": null,
  "duration": null,
  "size": null,
  "children": [
    {
      "id": "4ea04ba2-b3d6-4767-a83e-8c3030a9e307",
      "pid": "deb2621e-e840-4d1d-8e97-9262d4f87e6a",
      "dblevel": 5,
      "location": "",
      "isVideo": true,
      "url": "06-phim.phim-truyen.cung-kieu-khac-biet-nhu-toi.cung-kieu-khac-biet-nhu-toi",
      "name": "Cùng Kiểu Khác Biệt Như Tôi",
      "count": 0,
      "isLeaf": null,
      "keyword": null,
      "hash": null,
      "khash": null,
      "viewCount": null,
      "duration": "119:32",
      "size": 3159349942
    }
  ]
}