{
  "id": "c62cb5a5-c512-4089-a8e3-a50d70bf2607",
  "pid": "e3490c0c-6b5a-4d96-8952-c2cb6bd9261b",
  "dblevel": 4,
  "location": "/VGMV/06-Phim/PhimTruyen/BanhDa",
  "isVideo": true,
  "url": "06-phim.phim-truyen.banh-da",
  "name": "Bánh Đà",
  "count": 1,
  "isLeaf": true,
  "keyword": null,
  "hash": null,
  "khash": null,
  "viewCount": null,
  "duration": null,
  "size": null,
  "children": [
    {
      "id": "2cfee5ba-37e3-474a-be31-4243802f72ee",
      "pid": "c62cb5a5-c512-4089-a8e3-a50d70bf2607",
      "dblevel": 5,
      "location": "/VGMV/06-Phim/PhimTruyen/BanhDa/BanhDa",
      "isVideo": true,
      "url": "06-phim.phim-truyen.banh-da.banh-da",
      "name": "Bánh Đà",
      "count": 0,
      "isLeaf": null,
      "keyword": null,
      "hash": "",
      "khash": "U2FsdGVkX18RephrOIkW0mNETmyY3kRsTY6BazLnzsB2qFKRcpH0rUcEkuFyj2m13hAh11LO2KRTvnffWH51tA==",
      "viewCount": null,
      "duration": "114:35",
      "size": 2338159372
    }
  ]
}