{
  "id": "55b8af2a-1490-49fa-841b-4b691ff64442",
  "pid": "e3490c0c-6b5a-4d96-8952-c2cb6bd9261b",
  "dblevel": 4,
  "location": "/VGMV/06-Phim/PhimTruyen/NhungPhepMauTuThienDang",
  "isVideo": true,
  "url": "06-phim.phim-truyen.nhung-phep-mau-tu-thien-dang",
  "name": "Những Phép Mầu Từ Thiên Đàng",
  "count": 2,
  "isLeaf": true,
  "keyword": null,
  "hash": null,
  "khash": null,
  "viewCount": null,
  "duration": null,
  "size": null,
  "children": [
    {
      "id": "0598ee6e-5240-4c50-a5ae-ece173303a93",
      "pid": "55b8af2a-1490-49fa-841b-4b691ff64442",
      "dblevel": 5,
      "location": "",
      "isVideo": true,
      "url": "06-phim.phim-truyen.nhung-phep-mau-tu-thien-dang.nhung-phep-mau-tu-thien-dang",
      "name": "Những Phép Mầu Từ Thiên Đàng",
      "count": 0,
      "isLeaf": null,
      "keyword": null,
      "hash": null,
      "khash": null,
      "viewCount": null,
      "duration": "109:1",
      "size": 2881384598
    }
  ]
}