{
  "id": "a20a559a-38f3-4ffb-a321-a145ba4d8f07",
  "pid": "e3490c0c-6b5a-4d96-8952-c2cb6bd9261b",
  "dblevel": 4,
  "location": "/VGMV/06-Phim/PhimTruyen/BaiCaCuaDucTin-pd",
  "isVideo": true,
  "url": "06-phim.phim-truyen.bai-ca-cua-duc-tin-pd",
  "name": "Bài Ca Của Đức Tin-pd",
  "count": 1,
  "isLeaf": true,
  "keyword": null,
  "hash": null,
  "khash": null,
  "viewCount": null,
  "duration": null,
  "size": null,
  "children": [
    {
      "id": "55b6ac93-188e-4ae9-8ca7-1d679d344409",
      "pid": "a20a559a-38f3-4ffb-a321-a145ba4d8f07",
      "dblevel": 5,
      "location": "/VGMV/06-Phim/PhimTruyen/BaiCaCuaDucTin-pd/BaiCaDucTin",
      "isVideo": true,
      "url": "06-phim.phim-truyen.bai-ca-cua-duc-tin-pd.bai-ca-duc-tin",
      "name": "Bài Ca Đức Tin",
      "count": 0,
      "isLeaf": null,
      "keyword": null,
      "hash": "",
      "khash": "U2FsdGVkX18ODCH0S6xsWd1FwToHVTKPkWCsVsfmkyqIs7rhXrKAigL2cf4TYHc1Enk4cmcaD8S5aIKMpG63Tw==",
      "viewCount": null,
      "duration": "102:39",
      "size": 3171408689
    }
  ]
}