{
  "id": "5ca4b9ed-5b8e-4c19-a069-d087f0517650",
  "pid": "e3490c0c-6b5a-4d96-8952-c2cb6bd9261b",
  "dblevel": 4,
  "location": "/VGMV/06-Phim/PhimTruyen/SucManhTruyenThong",
  "isVideo": true,
  "url": "06-phim.phim-truyen.suc-manh-truyen-thong",
  "name": "Sức Mạnh Truyền Thông",
  "count": 2,
  "isLeaf": true,
  "keyword": null,
  "hash": null,
  "khash": null,
  "viewCount": null,
  "duration": null,
  "size": null,
  "children": [
    {
      "id": "2c971c90-52ad-44d4-a244-3aaf5e77de56",
      "pid": "5ca4b9ed-5b8e-4c19-a069-d087f0517650",
      "dblevel": 5,
      "location": "",
      "isVideo": true,
      "url": "06-phim.phim-truyen.suc-manh-truyen-thong.suc-manh-truyen-thong",
      "name": "Sức Mạnh Truyền Thông",
      "count": 0,
      "isLeaf": null,
      "keyword": null,
      "hash": null,
      "khash": null,
      "viewCount": null,
      "duration": "90:3",
      "size": 2777785992
    }
  ]
}