{
  "id": "4a2ca687-732a-4b53-9197-2f4da5de584b",
  "pid": "e3490c0c-6b5a-4d96-8952-c2cb6bd9261b",
  "dblevel": 4,
  "location": "/VGMV/06-Phim/PhimTruyen/VanDeCuaDucTin",
  "isVideo": true,
  "url": "06-phim.phim-truyen.van-de-cua-duc-tin",
  "name": "Vấn Đề Của Đức Tin",
  "count": 2,
  "isLeaf": true,
  "keyword": null,
  "hash": null,
  "khash": null,
  "viewCount": null,
  "duration": null,
  "size": null,
  "children": [
    {
      "id": "202b2759-fdd2-48c0-8c77-27666345dade",
      "pid": "4a2ca687-732a-4b53-9197-2f4da5de584b",
      "dblevel": 5,
      "location": "",
      "isVideo": true,
      "url": "06-phim.phim-truyen.van-de-cua-duc-tin.van-de-cua-duc-tin",
      "name": "Vấn Đề Của Đức Tin",
      "count": 0,
      "isLeaf": null,
      "keyword": null,
      "hash": null,
      "khash": null,
      "viewCount": null,
      "duration": "87:53",
      "size": 2335957163
    }
  ]
}