{
  "id": "49eb97bc-d970-4fe8-a569-bc2cf55d3cd2",
  "pid": "e3490c0c-6b5a-4d96-8952-c2cb6bd9261b",
  "dblevel": 4,
  "location": "/VGMV/06-Phim/PhimTruyen/Polycarp.",
  "isVideo": true,
  "url": "06-phim.phim-truyen.polycarp",
  "name": "Polycarp",
  "count": 2,
  "isLeaf": true,
  "keyword": null,
  "hash": null,
  "khash": null,
  "viewCount": null,
  "duration": null,
  "size": null,
  "children": [
    {
      "id": "984f2f18-d3f6-497a-a576-7eee3019dab2",
      "pid": "49eb97bc-d970-4fe8-a569-bc2cf55d3cd2",
      "dblevel": 5,
      "location": "",
      "isVideo": true,
      "url": "06-phim.phim-truyen.polycarp.polycarp",
      "name": "Polycarp",
      "count": 0,
      "isLeaf": null,
      "keyword": null,
      "hash": null,
      "khash": null,
      "viewCount": null,
      "duration": "92:44",
      "size": 2829490904
    }
  ]
}