{
  "id": "99c8c31e-f776-49d6-8952-e1df854132ae",
  "pid": "e3490c0c-6b5a-4d96-8952-c2cb6bd9261b",
  "dblevel": 4,
  "location": "/VGMV/06-Phim/PhimTruyen/CoMayThoiGian",
  "isVideo": true,
  "url": "06-phim.phim-truyen.co-may-thoi-gian",
  "name": "Cổ Máy Thời Gian",
  "count": 2,
  "isLeaf": true,
  "keyword": null,
  "hash": null,
  "khash": null,
  "viewCount": null,
  "duration": null,
  "size": null,
  "children": [
    {
      "id": "33fdf592-038d-490a-97ca-20b9ca905706",
      "pid": "99c8c31e-f776-49d6-8952-e1df854132ae",
      "dblevel": 5,
      "location": "",
      "isVideo": true,
      "url": "06-phim.phim-truyen.co-may-thoi-gian.co-may-thoi-gian",
      "name": "Cỗ Máy Thời Gian",
      "count": 0,
      "isLeaf": null,
      "keyword": null,
      "hash": null,
      "khash": null,
      "viewCount": null,
      "duration": "97:50",
      "size": 2870266753
    }
  ]
}