{
  "id": "22a352f7-e41b-4e8b-8a27-1a7bd5bc00b2",
  "pid": "e3490c0c-6b5a-4d96-8952-c2cb6bd9261b",
  "dblevel": 4,
  "location": "/VGMV/06-Phim/PhimTruyen/KhongTheChiaCat",
  "isVideo": true,
  "url": "06-phim.phim-truyen.khong-the-chia-cat",
  "name": "Không Thể Chia Cắt",
  "count": 2,
  "isLeaf": true,
  "keyword": null,
  "hash": null,
  "khash": null,
  "viewCount": null,
  "duration": null,
  "size": null,
  "children": [
    {
      "id": "a73e7cb5-ae7f-45df-9507-55a3e5e9cd12",
      "pid": "22a352f7-e41b-4e8b-8a27-1a7bd5bc00b2",
      "dblevel": 5,
      "location": "",
      "isVideo": true,
      "url": "06-phim.phim-truyen.khong-the-chia-cat.khong-the-chia-cat",
      "name": "Không Thể Chia Cắt",
      "count": 0,
      "isLeaf": null,
      "keyword": null,
      "hash": null,
      "khash": null,
      "viewCount": null,
      "duration": "120:48",
      "size": 3655298681
    }
  ]
}