{
  "id": "74e2b0a3-2e0c-467f-8b98-2e3171651632",
  "pid": "e3490c0c-6b5a-4d96-8952-c2cb6bd9261b",
  "dblevel": 4,
  "location": "/VGMV/06-Phim/PhimTruyen/ToiKhongHoThen",
  "isVideo": true,
  "url": "06-phim.phim-truyen.toi-khong-ho-then",
  "name": "Tôi Không Hỗ Thẹn",
  "count": 2,
  "isLeaf": true,
  "keyword": null,
  "hash": null,
  "khash": null,
  "viewCount": null,
  "duration": null,
  "size": null,
  "children": [
    {
      "id": "0552b97d-a0ce-43dd-aa7e-9519975f880c",
      "pid": "74e2b0a3-2e0c-467f-8b98-2e3171651632",
      "dblevel": 5,
      "location": "",
      "isVideo": true,
      "url": "06-phim.phim-truyen.toi-khong-ho-then.toi-khong-ho-then",
      "name": "Tôi Không Hỗ Thẹn",
      "count": 0,
      "isLeaf": null,
      "keyword": null,
      "hash": null,
      "khash": null,
      "viewCount": null,
      "duration": "112:21",
      "size": 2966871991
    }
  ]
}