{
  "id": "57d0a5e1-422f-4c89-b558-00c99bd1b578",
  "pid": "e3490c0c-6b5a-4d96-8952-c2cb6bd9261b",
  "dblevel": 4,
  "location": "/VGMV/06-Phim/PhimTruyen/ThuGuiChua",
  "isVideo": true,
  "url": "06-phim.phim-truyen.thu-gui-chua",
  "name": "Thư Gửi Chúa",
  "count": 2,
  "isLeaf": true,
  "keyword": null,
  "hash": null,
  "khash": null,
  "viewCount": null,
  "duration": null,
  "size": null,
  "children": [
    {
      "id": "698c8816-2bb2-4f1d-9108-ae3055828949",
      "pid": "57d0a5e1-422f-4c89-b558-00c99bd1b578",
      "dblevel": 5,
      "location": "",
      "isVideo": true,
      "url": "06-phim.phim-truyen.thu-gui-chua.thu-gui-chua",
      "name": "Thư Gửi Chúa",
      "count": 0,
      "isLeaf": null,
      "keyword": null,
      "hash": null,
      "khash": null,
      "viewCount": null,
      "duration": "113:41",
      "size": 2987473441
    }
  ]
}