{
  "id": "7c4dae2f-fce3-4920-b502-adc49cb9dae8",
  "pid": "d677a665-95b0-407a-9be8-667c3e49d2fd",
  "dblevel": 4,
  "location": "/VGMV/06-Phim/PhimveChuaGie-xu/CauChuyenChuaGiangSinh",
  "isVideo": true,
  "url": "06-phim.phim-ve-chua-gie-xu.cau-chuyen-chua-giang-sinh",
  "name": "Câu Chuyện Chúa Giáng Sinh",
  "count": 1,
  "isLeaf": true,
  "keyword": null,
  "hash": null,
  "khash": null,
  "viewCount": null,
  "duration": null,
  "size": null,
  "children": [
    {
      "id": "c02503e2-a5d2-4484-a915-b546301011c5",
      "pid": "7c4dae2f-fce3-4920-b502-adc49cb9dae8",
      "dblevel": 5,
      "location": "/VGMV/06-Phim/PhimveChuaGie-xu/CauChuyenChuaGiangSinh/CauChuyenChuaGiangSinh",
      "isVideo": true,
      "url": "06-phim.phim-ve-chua-gie-xu.cau-chuyen-chua-giang-sinh.cau-chuyen-chua-giang-sinh",
      "name": "Câu Chuyện Chúa Giáng Sinh",
      "count": 0,
      "isLeaf": null,
      "keyword": null,
      "hash": "",
      "khash": "U2FsdGVkX19NzkllR48wZy6fuJMJ8N+8H/10E4KUVTSCydscK/BY6Ru+hhobc+pD0zWwU4rJ9XQcX/nRLfdwzA==",
      "viewCount": null,
      "duration": "100:54",
      "size": 2492734297
    }
  ]
}