{
  "id": "8a134b5e-8b41-46da-86d5-81aaca5d70a6",
  "pid": "e3490c0c-6b5a-4d96-8952-c2cb6bd9261b",
  "dblevel": 4,
  "location": "/VGMV/06-Phim/PhimTruyen/NhaThoAllSaints",
  "isVideo": true,
  "url": "06-phim.phim-truyen.nha-tho-all-saints",
  "name": "Nhà Thờ All Saints",
  "count": 2,
  "isLeaf": true,
  "keyword": null,
  "hash": null,
  "khash": null,
  "viewCount": null,
  "duration": null,
  "size": null,
  "children": [
    {
      "id": "cfb549d5-6f95-40b2-b3db-2cd92fe0b28e",
      "pid": "8a134b5e-8b41-46da-86d5-81aaca5d70a6",
      "dblevel": 5,
      "location": "",
      "isVideo": true,
      "url": "06-phim.phim-truyen.nha-tho-all-saints.nha-tho-all-saints",
      "name": "Nhà Thờ All Saints",
      "count": 0,
      "isLeaf": null,
      "keyword": null,
      "hash": null,
      "khash": null,
      "viewCount": null,
      "duration": "108:49",
      "size": 2892578032
    }
  ]
}