{
  "id": "2bc147d7-4a39-4184-92b6-d238696865cf",
  "pid": "e3490c0c-6b5a-4d96-8952-c2cb6bd9261b",
  "dblevel": 4,
  "location": "/VGMV/06-Phim/PhimTruyen/CuocDieuTraVeDangChrist",
  "isVideo": true,
  "url": "06-phim.phim-truyen.cuoc-dieu-tra-ve-dang-christ",
  "name": "Cuộc Điều Tra Về Đấng Christ",
  "count": 2,
  "isLeaf": true,
  "keyword": null,
  "hash": null,
  "khash": null,
  "viewCount": null,
  "duration": null,
  "size": null,
  "children": [
    {
      "id": "26507ca6-b2a1-4883-948b-a35f6b92b8b9",
      "pid": "2bc147d7-4a39-4184-92b6-d238696865cf",
      "dblevel": 5,
      "location": "",
      "isVideo": true,
      "url": "06-phim.phim-truyen.cuoc-dieu-tra-ve-dang-christ.cuoc-dieu-tra-ve-dang-christ",
      "name": "Cuộc Điều Tra Về Đấng Christ",
      "count": 0,
      "isLeaf": null,
      "keyword": null,
      "hash": null,
      "khash": null,
      "viewCount": null,
      "duration": "113:43",
      "size": 2992565633
    }
  ]
}