{
  "id": "5ccc1076-9ef8-4ead-8aac-d015750f4409",
  "pid": "e3490c0c-6b5a-4d96-8952-c2cb6bd9261b",
  "dblevel": 4,
  "location": "/VGMV/06-Phim/PhimTruyen/TronThoat",
  "isVideo": true,
  "url": "06-phim.phim-truyen.tron-thoat",
  "name": "Trốn Thoát",
  "count": 2,
  "isLeaf": true,
  "keyword": null,
  "hash": null,
  "khash": null,
  "viewCount": null,
  "duration": null,
  "size": null,
  "children": [
    {
      "id": "0984f56f-3bab-45be-8f6c-b5031d70303f",
      "pid": "5ccc1076-9ef8-4ead-8aac-d015750f4409",
      "dblevel": 5,
      "location": "",
      "isVideo": true,
      "url": "06-phim.phim-truyen.tron-thoat.tron-thoat",
      "name": "Trốn Thoát",
      "count": 0,
      "isLeaf": null,
      "keyword": null,
      "hash": null,
      "khash": null,
      "viewCount": null,
      "duration": "89:6",
      "size": 2727768411
    }
  ]
}