{
  "id": "b7ff4d45-66de-453b-b375-1993ec026bd5",
  "pid": "e3490c0c-6b5a-4d96-8952-c2cb6bd9261b",
  "dblevel": 4,
  "location": "/VGMV/06-Phim/PhimTruyen/PhaVoApLuc",
  "isVideo": true,
  "url": "06-phim.phim-truyen.pha-vo-ap-luc",
  "name": "Phá Vỡ Áp Lực",
  "count": 2,
  "isLeaf": true,
  "keyword": null,
  "hash": null,
  "khash": null,
  "viewCount": null,
  "duration": null,
  "size": null,
  "children": [
    {
      "id": "b80b42e0-06ed-444e-ab0b-0de52320eb86",
      "pid": "b7ff4d45-66de-453b-b375-1993ec026bd5",
      "dblevel": 5,
      "location": "",
      "isVideo": true,
      "url": "06-phim.phim-truyen.pha-vo-ap-luc.pha-vo-ap-luc",
      "name": "Phá Vỡ Áp Lực",
      "count": 0,
      "isLeaf": null,
      "keyword": null,
      "hash": null,
      "khash": null,
      "viewCount": null,
      "duration": "94:35",
      "size": 1008729272
    }
  ]
}