{
  "id": "c229c1f1-5824-46b6-9ffe-db6f0c5f3228",
  "pid": "e3490c0c-6b5a-4d96-8952-c2cb6bd9261b",
  "dblevel": 4,
  "location": "/VGMV/06-Phim/PhimTruyen/PhongChien",
  "isVideo": true,
  "url": "06-phim.phim-truyen.phong-chien",
  "name": "Phòng Chiến",
  "count": 2,
  "isLeaf": true,
  "keyword": null,
  "hash": null,
  "khash": null,
  "viewCount": null,
  "duration": null,
  "size": null,
  "children": [
    {
      "id": "0edcdc11-175b-45ee-bc5e-d9ee80f3e9a6",
      "pid": "c229c1f1-5824-46b6-9ffe-db6f0c5f3228",
      "dblevel": 5,
      "location": "",
      "isVideo": true,
      "url": "06-phim.phim-truyen.phong-chien.phong-chien",
      "name": "Phòng Chiến",
      "count": 0,
      "isLeaf": null,
      "keyword": null,
      "hash": null,
      "khash": null,
      "viewCount": null,
      "duration": "120:5",
      "size": 3160171362
    }
  ]
}