{
  "id": "40da9939-6170-4ab3-9fce-18f958803a70",
  "pid": "e3490c0c-6b5a-4d96-8952-c2cb6bd9261b",
  "dblevel": 4,
  "location": "/VGMV/06-Phim/PhimTruyen/ChuaKhongChet_P4-pd",
  "isVideo": true,
  "url": "06-phim.phim-truyen.chua-khong-chet-p4-pd",
  "name": "Chúa Không Chết_P4-pd",
  "count": 2,
  "isLeaf": true,
  "keyword": null,
  "hash": null,
  "khash": null,
  "viewCount": null,
  "duration": null,
  "size": null,
  "children": [
    {
      "id": "15b5db62-0c7a-4b91-aebb-713c91c93628",
      "pid": "40da9939-6170-4ab3-9fce-18f958803a70",
      "dblevel": 5,
      "location": "",
      "isVideo": true,
      "url": "06-phim.phim-truyen.chua-khong-chet-p4-pd.chua-khong-chet-04-chung-toi-la-nguoi-dan",
      "name": "Chúa Không Chết-04_Chúng Tôi Là Người Dân",
      "count": 0,
      "isLeaf": null,
      "keyword": null,
      "hash": null,
      "khash": null,
      "viewCount": null,
      "duration": "92:2",
      "size": 2868246815
    }
  ]
}