{
  "id": "d41499db-f052-4dc9-90c5-97a101875c44",
  "pid": "e3490c0c-6b5a-4d96-8952-c2cb6bd9261b",
  "dblevel": 4,
  "location": "/VGMV/06-Phim/PhimTruyen/PhuocHanhQuaConDuongDauKho",
  "isVideo": true,
  "url": "06-phim.phim-truyen.phuoc-hanh-qua-con-duong-dau-kho",
  "name": "Phước Hạnh Qua Con Đường Đau Khổ",
  "count": 2,
  "isLeaf": true,
  "keyword": null,
  "hash": null,
  "khash": null,
  "viewCount": null,
  "duration": null,
  "size": null,
  "children": [
    {
      "id": "7275f084-38c8-42a4-995c-7a29c7755650",
      "pid": "d41499db-f052-4dc9-90c5-97a101875c44",
      "dblevel": 5,
      "location": "",
      "isVideo": true,
      "url": "06-phim.phim-truyen.phuoc-hanh-qua-con-duong-dau-kho.phuoc-hanh-qua-con-duong-dau-kho",
      "name": "Phước Hạnh Qua Con Đường Đau Khổ",
      "count": 0,
      "isLeaf": null,
      "keyword": null,
      "hash": null,
      "khash": null,
      "viewCount": null,
      "duration": "111:31",
      "size": 3361213680
    }
  ]
}