{
  "id": "73526b17-7c84-4106-8ebd-84d49e03ca6b",
  "pid": "d677a665-95b0-407a-9be8-667c3e49d2fd",
  "dblevel": 4,
  "location": "/VGMV/06-Phim/PhimveChuaGie-xu/Gie-xuNa-xa-ret",
  "isVideo": true,
  "url": "06-phim.phim-ve-chua-gie-xu.gie-xu-na-xa-ret",
  "name": "Giê-xu Na-xa-rét",
  "count": 4,
  "isLeaf": true,
  "keyword": null,
  "hash": null,
  "khash": null,
  "viewCount": null,
  "duration": null,
  "size": null,
  "children": [
    {
      "id": "13849ab2-07b3-4523-a13c-27b071ac92ad",
      "pid": "73526b17-7c84-4106-8ebd-84d49e03ca6b",
      "dblevel": 5,
      "location": "/VGMV/06-Phim/PhimveChuaGie-xu/Gie-xuNa-xa-ret/Gie-xuNa-xa-retP1",
      "isVideo": true,
      "url": "06-phim.phim-ve-chua-gie-xu.gie-xu-na-xa-ret.gie-xu-na-xa-ret-p1",
      "name": "Giê-xu Na-xa-rét P1",
      "count": 0,
      "isLeaf": null,
      "keyword": null,
      "hash": "",
      "khash": "U2FsdGVkX18iHeH5xeZKCiHx2+LUZpSO2PtYO8LjaZvA8VSDoDkbXWLI6IRL/Ux7I0ZS7ps+/9qZFpFKCMXihw==",
      "viewCount": null,
      "duration": "96:45",
      "size": 1583495295
    },
    {
      "id": "6579ecd7-092b-4eb4-bcb9-7075bfa423f4",
      "pid": "73526b17-7c84-4106-8ebd-84d49e03ca6b",
      "dblevel": 5,
      "location": "/VGMV/06-Phim/PhimveChuaGie-xu/Gie-xuNa-xa-ret/Gie-xuNa-xa-retP2",
      "isVideo": true,
      "url": "06-phim.phim-ve-chua-gie-xu.gie-xu-na-xa-ret.gie-xu-na-xa-ret-p2",
      "name": "Giê-xu Na-xa-rét P2",
      "count": 0,
      "isLeaf": null,
      "keyword": null,
      "hash": "",
      "khash": "U2FsdGVkX19We6y/wZt9I+nDZ0qrL4krXopWJBR1qQOWuVfL1oY1vElZ1EAXQUkTKTmvXEKWDYGn7p7dGF2CMA==",
      "viewCount": null,
      "duration": "98:3",
      "size": 1605627137
    },
    {
      "id": "86906727-a3b1-4f2f-b49d-6ac886b712ff",
      "pid": "73526b17-7c84-4106-8ebd-84d49e03ca6b",
      "dblevel": 5,
      "location": "/VGMV/06-Phim/PhimveChuaGie-xu/Gie-xuNa-xa-ret/Gie-xuNa-xa-retP3",
      "isVideo": true,
      "url": "06-phim.phim-ve-chua-gie-xu.gie-xu-na-xa-ret.gie-xu-na-xa-ret-p3",
      "name": "Giê-xu Na-xa-rét P3",
      "count": 0,
      "isLeaf": null,
      "keyword": null,
      "hash": "",
      "khash": "U2FsdGVkX1/sHEkQrz6flj0ulbVx/oXUBiPsTyTZHqB1+uvekyeb8pDHL/BBUr6WScC9hwudRSrk8Qc9W+MzYA==",
      "viewCount": null,
      "duration": "97:46",
      "size": 1600297583
    },
    {
      "id": "b154be3b-f04d-42f9-8a3c-380ebb4af82d",
      "pid": "73526b17-7c84-4106-8ebd-84d49e03ca6b",
      "dblevel": 5,
      "location": "/VGMV/06-Phim/PhimveChuaGie-xu/Gie-xuNa-xa-ret/Gie-xuNa-xa-retP4",
      "isVideo": true,
      "url": "06-phim.phim-ve-chua-gie-xu.gie-xu-na-xa-ret.gie-xu-na-xa-ret-p4",
      "name": "Giê-xu Na-xa-rét P4",
      "count": 0,
      "isLeaf": null,
      "keyword": null,
      "hash": "",
      "khash": "U2FsdGVkX197FqoO+l5B9+eIKWLcaNooUts0CajLRDl16CSMaUD0/YpykoJojbf3Gk1om91wYaZOIfsohjiVXg==",
      "viewCount": null,
      "duration": "98:39",
      "size": 1616401233
    }
  ]
}