{
  "id": "7223e699-ff4e-44fe-a63f-b707b519ba4f",
  "pid": "e3490c0c-6b5a-4d96-8952-c2cb6bd9261b",
  "dblevel": 4,
  "location": "/VGMV/06-Phim/PhimTruyen/NgheSyCoDoc",
  "isVideo": true,
  "url": "06-phim.phim-truyen.nghe-sy-co-doc",
  "name": "Nghệ Sỹ Cơ Đốc",
  "count": 2,
  "isLeaf": true,
  "keyword": null,
  "hash": null,
  "khash": null,
  "viewCount": null,
  "duration": null,
  "size": null,
  "children": [
    {
      "id": "2b0d6fd7-a3aa-42bc-a3fe-ae8334b98ccf",
      "pid": "7223e699-ff4e-44fe-a63f-b707b519ba4f",
      "dblevel": 5,
      "location": "",
      "isVideo": true,
      "url": "06-phim.phim-truyen.nghe-sy-co-doc.nghe-sy-co-doc",
      "name": "Nghệ Sỹ Cơ Đốc",
      "count": 0,
      "isLeaf": null,
      "keyword": null,
      "hash": null,
      "khash": null,
      "viewCount": null,
      "duration": "102:19",
      "size": 2705906438
    }
  ]
}