{
  "id": "95454e4a-5473-4395-ab8d-aaa81ee483e8",
  "pid": "e3490c0c-6b5a-4d96-8952-c2cb6bd9261b",
  "dblevel": 4,
  "location": "/VGMV/06-Phim/PhimTruyen/HoangTuAiCap",
  "isVideo": true,
  "url": "06-phim.phim-truyen.hoang-tu-ai-cap",
  "name": "Hoàng Tử Ai Cập",
  "count": 2,
  "isLeaf": true,
  "keyword": null,
  "hash": null,
  "khash": null,
  "viewCount": null,
  "duration": null,
  "size": null,
  "children": [
    {
      "id": "6c0de334-8f0a-4839-8b02-94d000faeedc",
      "pid": "95454e4a-5473-4395-ab8d-aaa81ee483e8",
      "dblevel": 5,
      "location": "",
      "isVideo": true,
      "url": "06-phim.phim-truyen.hoang-tu-ai-cap.hoang-tu-ai-cap",
      "name": "Hoàng Tử Ai Cập",
      "count": 0,
      "isLeaf": null,
      "keyword": null,
      "hash": null,
      "khash": null,
      "viewCount": null,
      "duration": "98:41",
      "size": 2910706528
    }
  ]
}