{
  "id": "8616af99-19d9-41a3-90c5-9a16981a9aca",
  "pid": "6fd2b37a-5915-4c56-9dea-e67974568de6",
  "dblevel": 4,
  "location": "/VGMV/06-Phim/NhacKich/NhacKichveNo-e-pd",
  "isVideo": true,
  "url": "06-phim.nhac-kich.nhac-kich-ve-no-e-pd",
  "name": "Nhạc Kịch về Nô-ê - pd",
  "count": 2,
  "isLeaf": true,
  "keyword": null,
  "hash": null,
  "khash": null,
  "viewCount": null,
  "duration": null,
  "size": null,
  "children": [
    {
      "id": "18ad034f-0f97-4cf0-b74e-e6b5c10972c4",
      "pid": "8616af99-19d9-41a3-90c5-9a16981a9aca",
      "dblevel": 5,
      "location": "",
      "isVideo": true,
      "url": "06-phim.nhac-kich.nhac-kich-ve-no-e-pd.nhac-kich-ve-no-e",
      "name": "Nhạc Kịch về Nô-ê",
      "count": 0,
      "isLeaf": null,
      "keyword": null,
      "hash": null,
      "khash": null,
      "viewCount": null,
      "duration": "108:47",
      "size": 3367986846
    }
  ]
}