{
  "id": "a44b36af-a2cc-4cdc-8f2d-f84ed870b7b5",
  "pid": "e3490c0c-6b5a-4d96-8952-c2cb6bd9261b",
  "dblevel": 4,
  "location": "/VGMV/06-Phim/PhimTruyen/DoiMatNhungGaKhongLo",
  "isVideo": true,
  "url": "06-phim.phim-truyen.doi-mat-nhung-ga-khong-lo",
  "name": "Đối Mặt Những Gã Khổng Lồ",
  "count": 2,
  "isLeaf": true,
  "keyword": null,
  "hash": null,
  "khash": null,
  "viewCount": null,
  "duration": null,
  "size": null,
  "children": [
    {
      "id": "654c8318-e9bc-45eb-b4b1-adbd45c3830a",
      "pid": "a44b36af-a2cc-4cdc-8f2d-f84ed870b7b5",
      "dblevel": 5,
      "location": "",
      "isVideo": true,
      "url": "06-phim.phim-truyen.doi-mat-nhung-ga-khong-lo.doi-mat-nhung-ga-khong-lo",
      "name": "Đối Mặt Những Gã Khổng Lồ",
      "count": 0,
      "isLeaf": null,
      "keyword": null,
      "hash": null,
      "khash": null,
      "viewCount": null,
      "duration": "111:12",
      "size": 2941608433
    }
  ]
}