{
  "id": "aaa08c8b-47f9-4fbd-8851-d9bc20cdab94",
  "pid": "e3490c0c-6b5a-4d96-8952-c2cb6bd9261b",
  "dblevel": 4,
  "location": "/VGMV/06-Phim/PhimTruyen/GhiNhoMucTieu",
  "isVideo": true,
  "url": "06-phim.phim-truyen.ghi-nho-muc-tieu",
  "name": "Ghi Nhớ Mục Tiêu",
  "count": 2,
  "isLeaf": true,
  "keyword": null,
  "hash": null,
  "khash": null,
  "viewCount": null,
  "duration": null,
  "size": null,
  "children": [
    {
      "id": "4a99b28d-050d-47b7-8812-f69f619acf8a",
      "pid": "aaa08c8b-47f9-4fbd-8851-d9bc20cdab94",
      "dblevel": 5,
      "location": "",
      "isVideo": true,
      "url": "06-phim.phim-truyen.ghi-nho-muc-tieu.ghi-nho-muc-tieu",
      "name": "Ghi Nhớ Mục Tiêu",
      "count": 0,
      "isLeaf": null,
      "keyword": null,
      "hash": null,
      "khash": null,
      "viewCount": null,
      "duration": "88:13",
      "size": 2730247333
    }
  ]
}