{
  "id": "98a5717b-fcb6-49f8-a5d3-19527ccf36f3",
  "pid": "e3490c0c-6b5a-4d96-8952-c2cb6bd9261b",
  "dblevel": 4,
  "location": "/VGMV/06-Phim/PhimTruyen/SuSongLaiCuaGavinStone",
  "isVideo": true,
  "url": "06-phim.phim-truyen.su-song-lai-cua-gavin-stone",
  "name": "Sự Sống Lại Của Gavin Stone",
  "count": 2,
  "isLeaf": true,
  "keyword": null,
  "hash": null,
  "khash": null,
  "viewCount": null,
  "duration": null,
  "size": null,
  "children": [
    {
      "id": "e1eb31a2-d193-404c-970c-2e1df87817c4",
      "pid": "98a5717b-fcb6-49f8-a5d3-19527ccf36f3",
      "dblevel": 5,
      "location": "",
      "isVideo": true,
      "url": "06-phim.phim-truyen.su-song-lai-cua-gavin-stone.su-song-lai-cua-gavin-stone",
      "name": "Sự Sống Lại Của Gavin Stone",
      "count": 0,
      "isLeaf": null,
      "keyword": null,
      "hash": null,
      "khash": null,
      "viewCount": null,
      "duration": "91:33",
      "size": 2418735060
    }
  ]
}