{
  "id": "bc5f3d50-41c4-46e9-b496-0bfc1e53375b",
  "pid": "e3490c0c-6b5a-4d96-8952-c2cb6bd9261b",
  "dblevel": 4,
  "location": "/VGMV/06-Phim/PhimTruyen/RungChuongLen",
  "isVideo": true,
  "url": "06-phim.phim-truyen.rung-chuong-len",
  "name": "Rung Chuông Lên",
  "count": 2,
  "isLeaf": true,
  "keyword": null,
  "hash": null,
  "khash": null,
  "viewCount": null,
  "duration": null,
  "size": null,
  "children": [
    {
      "id": "bd596597-18d2-4952-a889-0672890e299d",
      "pid": "bc5f3d50-41c4-46e9-b496-0bfc1e53375b",
      "dblevel": 5,
      "location": "",
      "isVideo": true,
      "url": "06-phim.phim-truyen.rung-chuong-len.rung-chuong-len",
      "name": "Rung Chuông Lên",
      "count": 0,
      "isLeaf": null,
      "keyword": null,
      "hash": null,
      "khash": null,
      "viewCount": null,
      "duration": "96:54",
      "size": 2845511111
    }
  ]
}