{
  "id": "86a5c453-4acb-45a6-a313-fc30f9d70590",
  "pid": "e3490c0c-6b5a-4d96-8952-c2cb6bd9261b",
  "dblevel": 4,
  "location": "/VGMV/06-Phim/PhimTruyen/ChuyenVienDieuTra",
  "isVideo": true,
  "url": "06-phim.phim-truyen.chuyen-vien-dieu-tra",
  "name": "Chuyên Viên Điều Tra",
  "count": 2,
  "isLeaf": true,
  "keyword": null,
  "hash": null,
  "khash": null,
  "viewCount": null,
  "duration": null,
  "size": null,
  "children": [
    {
      "id": "63206530-c4c5-43bf-80cd-b9f1f5548137",
      "pid": "86a5c453-4acb-45a6-a313-fc30f9d70590",
      "dblevel": 5,
      "location": "",
      "isVideo": true,
      "url": "06-phim.phim-truyen.chuyen-vien-dieu-tra.chuyen-vien-dieu-tra",
      "name": "Chuyên Viên Điều Tra",
      "count": 0,
      "isLeaf": null,
      "keyword": null,
      "hash": null,
      "khash": null,
      "viewCount": null,
      "duration": "100:32",
      "size": 2675198450
    }
  ]
}