{
  "id": "154d4366-f1b8-4889-ac2c-f5aec6a4aa3b",
  "pid": "e3490c0c-6b5a-4d96-8952-c2cb6bd9261b",
  "dblevel": 4,
  "location": "/VGMV/06-Phim/PhimTruyen/ChuyenHuong",
  "isVideo": true,
  "url": "06-phim.phim-truyen.chuyen-huong",
  "name": "Chuyển Hướng",
  "count": 2,
  "isLeaf": true,
  "keyword": null,
  "hash": null,
  "khash": null,
  "viewCount": null,
  "duration": null,
  "size": null,
  "children": [
    {
      "id": "41e3e6f0-9a1c-47e2-8c45-68b191bb4db7",
      "pid": "154d4366-f1b8-4889-ac2c-f5aec6a4aa3b",
      "dblevel": 5,
      "location": "",
      "isVideo": true,
      "url": "06-phim.phim-truyen.chuyen-huong.chuyen-huong",
      "name": "Chuyển Hướng",
      "count": 0,
      "isLeaf": null,
      "keyword": null,
      "hash": null,
      "khash": null,
      "viewCount": null,
      "duration": "87:40",
      "size": 2676898194
    }
  ]
}