{
  "id": "c7438b32-597c-4dd9-801d-d5bce2154bd2",
  "pid": "e3490c0c-6b5a-4d96-8952-c2cb6bd9261b",
  "dblevel": 4,
  "location": "/VGMV/06-Phim/PhimTruyen/ChiMotLanYeu",
  "isVideo": true,
  "url": "06-phim.phim-truyen.chi-mot-lan-yeu",
  "name": "Chỉ Một Lần Yêu",
  "count": 2,
  "isLeaf": true,
  "keyword": null,
  "hash": null,
  "khash": null,
  "viewCount": null,
  "duration": null,
  "size": null,
  "children": [
    {
      "id": "8fda3734-36f7-42ab-89ec-0a2f7f6cebdd",
      "pid": "c7438b32-597c-4dd9-801d-d5bce2154bd2",
      "dblevel": 5,
      "location": "",
      "isVideo": true,
      "url": "06-phim.phim-truyen.chi-mot-lan-yeu.chi-mot-lan-yeu",
      "name": "Chỉ Một Lần Yêu",
      "count": 0,
      "isLeaf": null,
      "keyword": null,
      "hash": null,
      "khash": null,
      "viewCount": null,
      "duration": "109:9",
      "size": 3219768626
    }
  ]
}