{
  "id": "7d46e68c-6360-451e-896f-64493f9ea531",
  "pid": "e3490c0c-6b5a-4d96-8952-c2cb6bd9261b",
  "dblevel": 4,
  "location": "/VGMV/06-Phim/PhimTruyen/CanTruongDenCung",
  "isVideo": true,
  "url": "06-phim.phim-truyen.can-truong-den-cung",
  "name": "Can Trường Đến Cùng",
  "count": 2,
  "isLeaf": true,
  "keyword": null,
  "hash": null,
  "khash": null,
  "viewCount": null,
  "duration": null,
  "size": null,
  "children": [
    {
      "id": "dae48d83-1f38-44c1-8bc1-e82282da08d0",
      "pid": "7d46e68c-6360-451e-896f-64493f9ea531",
      "dblevel": 5,
      "location": "",
      "isVideo": true,
      "url": "06-phim.phim-truyen.can-truong-den-cung.can-truong-den-cung",
      "name": "Can Trường Đến Cùng",
      "count": 0,
      "isLeaf": null,
      "keyword": null,
      "hash": null,
      "khash": null,
      "viewCount": null,
      "duration": "98:56",
      "size": 3064930269
    }
  ]
}