{
  "id": "81e77ed9-822f-46d2-8259-7db3ab3800c6",
  "pid": "04e31d82-0e53-4499-a15e-05223d17a1e3",
  "dblevel": 3,
  "location": "/VGMV/06-Phim/VietNamCanTinLanh",
  "isVideo": true,
  "url": "06-phim.viet-nam-can-tin-lanh",
  "name": "Việt Nam Cần Tin Lành",
  "count": 11,
  "isLeaf": true,
  "keyword": null,
  "hash": null,
  "khash": null,
  "viewCount": null,
  "duration": null,
  "size": null,
  "children": [
    {
      "id": "818a76bd-c5b9-4a05-a35c-793a206cb25d",
      "pid": "81e77ed9-822f-46d2-8259-7db3ab3800c6",
      "dblevel": 4,
      "location": "",
      "isVideo": true,
      "url": "06-phim.viet-nam-can-tin-lanh.01-viet-nam-can-tin-lanh-p1",
      "name": "01_Việt Nam Cần Tin Lành P1",
      "count": 0,
      "isLeaf": null,
      "keyword": null,
      "hash": null,
      "khash": null,
      "viewCount": null,
      "duration": "4:59",
      "size": 145820633
    },
    {
      "id": "a129ce94-276b-4c6c-acdb-d5023b1f5f59",
      "pid": "81e77ed9-822f-46d2-8259-7db3ab3800c6",
      "dblevel": 4,
      "location": "",
      "isVideo": true,
      "url": "06-phim.viet-nam-can-tin-lanh.02-viet-nam-can-tin-lanh-p2",
      "name": "02_Việt Nam Cần Tin Lành P2",
      "count": 0,
      "isLeaf": null,
      "keyword": null,
      "hash": null,
      "khash": null,
      "viewCount": null,
      "duration": "4:20",
      "size": 127804247
    },
    {
      "id": "2f2a211a-01f5-4d59-a73f-eae93a0a2444",
      "pid": "81e77ed9-822f-46d2-8259-7db3ab3800c6",
      "dblevel": 4,
      "location": "",
      "isVideo": true,
      "url": "06-phim.viet-nam-can-tin-lanh.03-viet-nam-can-tin-lanh-p3",
      "name": "03_Việt Nam Cần Tin Lành P3",
      "count": 0,
      "isLeaf": null,
      "keyword": null,
      "hash": null,
      "khash": null,
      "viewCount": null,
      "duration": "5:32",
      "size": 161616154
    },
    {
      "id": "2e46a646-ab21-4e16-aaeb-c7af3c78bbff",
      "pid": "81e77ed9-822f-46d2-8259-7db3ab3800c6",
      "dblevel": 4,
      "location": "",
      "isVideo": true,
      "url": "06-phim.viet-nam-can-tin-lanh.04-viet-nam-can-tin-lanh-p4",
      "name": "04_Việt Nam Cần Tin Lành P4",
      "count": 0,
      "isLeaf": null,
      "keyword": null,
      "hash": null,
      "khash": null,
      "viewCount": null,
      "duration": "5:49",
      "size": 197489621
    },
    {
      "id": "a4ec97a1-9799-497c-97d3-05d585038686",
      "pid": "81e77ed9-822f-46d2-8259-7db3ab3800c6",
      "dblevel": 4,
      "location": "",
      "isVideo": true,
      "url": "06-phim.viet-nam-can-tin-lanh.05-viet-nam-can-tin-lanh-p5",
      "name": "05_Việt Nam Cần Tin Lành P5",
      "count": 0,
      "isLeaf": null,
      "keyword": null,
      "hash": null,
      "khash": null,
      "viewCount": null,
      "duration": "4:40",
      "size": 148837416
    },
    {
      "id": "58232850-21c0-4a4c-9b29-07798cc49965",
      "pid": "81e77ed9-822f-46d2-8259-7db3ab3800c6",
      "dblevel": 4,
      "location": "",
      "isVideo": true,
      "url": "06-phim.viet-nam-can-tin-lanh.06-viet-nam-can-tin-lanh-p6",
      "name": "06_Việt Nam Cần Tin Lành P6",
      "count": 0,
      "isLeaf": null,
      "keyword": null,
      "hash": null,
      "khash": null,
      "viewCount": null,
      "duration": "4:48",
      "size": 142069562
    },
    {
      "id": "61d9ff2e-d9f1-4e54-b3f9-a3a60018d3cb",
      "pid": "81e77ed9-822f-46d2-8259-7db3ab3800c6",
      "dblevel": 4,
      "location": "",
      "isVideo": true,
      "url": "06-phim.viet-nam-can-tin-lanh.07-viet-nam-can-tin-lanh-p7",
      "name": "07_Việt Nam Cần Tin Lành P7",
      "count": 0,
      "isLeaf": null,
      "keyword": null,
      "hash": null,
      "khash": null,
      "viewCount": null,
      "duration": "3:12",
      "size": 123330302
    },
    {
      "id": "65b93009-c33d-44e7-a448-102925731693",
      "pid": "81e77ed9-822f-46d2-8259-7db3ab3800c6",
      "dblevel": 4,
      "location": "",
      "isVideo": true,
      "url": "06-phim.viet-nam-can-tin-lanh.08-sai-gon-can-tin-lanh",
      "name": "08_Sài Gòn Cần Tin Lành",
      "count": 0,
      "isLeaf": null,
      "keyword": null,
      "hash": null,
      "khash": null,
      "viewCount": null,
      "duration": "4:45",
      "size": 139816062
    },
    {
      "id": "221fe0c9-e5a0-4065-b9bf-8a1107d3e328",
      "pid": "81e77ed9-822f-46d2-8259-7db3ab3800c6",
      "dblevel": 4,
      "location": "",
      "isVideo": true,
      "url": "06-phim.viet-nam-can-tin-lanh.08-viet-nam-can-tin-lanh-p8",
      "name": "08_Việt Nam Cần Tin Lành P8",
      "count": 0,
      "isLeaf": null,
      "keyword": null,
      "hash": null,
      "khash": null,
      "viewCount": null,
      "duration": "4:29",
      "size": 118289950
    },
    {
      "id": "ce4cf2f1-66c0-41bd-bfd3-eb48eb14e5cd",
      "pid": "81e77ed9-822f-46d2-8259-7db3ab3800c6",
      "dblevel": 4,
      "location": "",
      "isVideo": true,
      "url": "06-phim.viet-nam-can-tin-lanh.09-dong-bang-cuu-long-can-tin-lanh",
      "name": "09_Đồng Bằng Cửu Long Cần Tin Lành",
      "count": 0,
      "isLeaf": null,
      "keyword": null,
      "hash": null,
      "khash": null,
      "viewCount": null,
      "duration": "3:37",
      "size": 123325411
    },
    {
      "id": "dbc0dcaf-000b-4105-b428-72d2354c17f9",
      "pid": "81e77ed9-822f-46d2-8259-7db3ab3800c6",
      "dblevel": 4,
      "location": "",
      "isVideo": true,
      "url": "06-phim.viet-nam-can-tin-lanh.10-nguoi-cam-diec-khiem-thinh-can-tin-lanh",
      "name": "10_Người Câm Điểc Khiếm Thính Cần Tin Lành",
      "count": 0,
      "isLeaf": null,
      "keyword": null,
      "hash": null,
      "khash": null,
      "viewCount": null,
      "duration": "6:14",
      "size": 184123939
    }
  ]
}