{
  "id": "6d78cd2f-49e4-495e-8e9c-217017d57050",
  "pid": "e3490c0c-6b5a-4d96-8952-c2cb6bd9261b",
  "dblevel": 4,
  "location": "/VGMV/06-Phim/PhimTruyen/ChuaKhongChet_P2",
  "isVideo": true,
  "url": "06-phim.phim-truyen.chua-khong-chet-p2",
  "name": "Chúa Không Chết_P2",
  "count": 2,
  "isLeaf": true,
  "keyword": null,
  "hash": null,
  "khash": null,
  "viewCount": null,
  "duration": null,
  "size": null,
  "children": [
    {
      "id": "2f0935de-63c2-4141-98a2-f1cea5303f7a",
      "pid": "6d78cd2f-49e4-495e-8e9c-217017d57050",
      "dblevel": 5,
      "location": "",
      "isVideo": true,
      "url": "06-phim.phim-truyen.chua-khong-chet-p2.chua-khong-chet-02",
      "name": "Chúa Không Chết-02",
      "count": 0,
      "isLeaf": null,
      "keyword": null,
      "hash": null,
      "khash": null,
      "viewCount": null,
      "duration": "120:51",
      "size": 3033111662
    }
  ]
}