{
  "id": "da01f447-d14c-4a5b-b968-ab12292b0b97",
  "pid": "e3490c0c-6b5a-4d96-8952-c2cb6bd9261b",
  "dblevel": 4,
  "location": "/VGMV/06-Phim/PhimTruyen/DungKhi",
  "isVideo": true,
  "url": "06-phim.phim-truyen.dung-khi",
  "name": "Dũng Khí",
  "count": 2,
  "isLeaf": true,
  "keyword": null,
  "hash": null,
  "khash": null,
  "viewCount": null,
  "duration": null,
  "size": null,
  "children": [
    {
      "id": "e282faec-b3f4-42d4-8dc8-06ef0cbae6ec",
      "pid": "da01f447-d14c-4a5b-b968-ab12292b0b97",
      "dblevel": 5,
      "location": "",
      "isVideo": true,
      "url": "06-phim.phim-truyen.dung-khi.dung-khi",
      "name": "Dũng Khí",
      "count": 0,
      "isLeaf": null,
      "keyword": null,
      "hash": null,
      "khash": null,
      "viewCount": null,
      "duration": "129:20",
      "size": 3406735492
    }
  ]
}