{
  "id": "d67bd042-03f0-4690-bbd9-65c195998282",
  "pid": "d677a665-95b0-407a-9be8-667c3e49d2fd",
  "dblevel": 4,
  "location": "/VGMV/06-Phim/PhimveChuaGie-xu/CauChuyenMuonDoi",
  "isVideo": true,
  "url": "06-phim.phim-ve-chua-gie-xu.cau-chuyen-muon-doi",
  "name": "Câu Chuyện Muôn Đời",
  "count": 3,
  "isLeaf": true,
  "keyword": null,
  "hash": null,
  "khash": null,
  "viewCount": null,
  "duration": null,
  "size": null,
  "children": [
    {
      "id": "6e1ea71e-bff6-46f9-8909-651d361f614f",
      "pid": "d67bd042-03f0-4690-bbd9-65c195998282",
      "dblevel": 5,
      "location": "/VGMV/06-Phim/PhimveChuaGie-xu/CauChuyenMuonDoi/CauChuyenMuonDoi-GiP1",
      "isVideo": true,
      "url": "06-phim.phim-ve-chua-gie-xu.cau-chuyen-muon-doi.cau-chuyen-muon-doi-gip1",
      "name": "Câu Chuyện Muôn Đời-GiP1",
      "count": 0,
      "isLeaf": null,
      "keyword": null,
      "hash": "",
      "khash": "U2FsdGVkX18+tbr4axvveTqmsIEblLVNN0iu5ulllXueHDhs9U4rcma77R3GQ9p8MB5lcbHehj8SH/XKfNekEA==",
      "viewCount": null,
      "duration": "73:32",
      "size": 1832100962
    },
    {
      "id": "87844898-5824-4cde-846e-a4aa8bd73a27",
      "pid": "d67bd042-03f0-4690-bbd9-65c195998282",
      "dblevel": 5,
      "location": "/VGMV/06-Phim/PhimveChuaGie-xu/CauChuyenMuonDoi/CauChuyenMuonDoi-GiP2",
      "isVideo": true,
      "url": "06-phim.phim-ve-chua-gie-xu.cau-chuyen-muon-doi.cau-chuyen-muon-doi-gip2",
      "name": "Câu Chuyện Muôn Đời-GiP2",
      "count": 0,
      "isLeaf": null,
      "keyword": null,
      "hash": "",
      "khash": "U2FsdGVkX18p08Qmtc5+EkrydXWdLiOW4wRfmSFUZgsyeX07RQWMF3gF53kT7e4TbRdjIOnfAca+zfCXMypUIg==",
      "viewCount": null,
      "duration": "67:20",
      "size": 1678701086
    },
    {
      "id": "0b4479b2-e95e-4c7b-bb73-f8bc176d5190",
      "pid": "d67bd042-03f0-4690-bbd9-65c195998282",
      "dblevel": 5,
      "location": "/VGMV/06-Phim/PhimveChuaGie-xu/CauChuyenMuonDoi/CauChuyenMuonDoi-GiP3",
      "isVideo": true,
      "url": "06-phim.phim-ve-chua-gie-xu.cau-chuyen-muon-doi.cau-chuyen-muon-doi-gip3",
      "name": "Câu Chuyện Muôn Đời-GiP3",
      "count": 0,
      "isLeaf": null,
      "keyword": null,
      "hash": "",
      "khash": "U2FsdGVkX1/NC19yUbgJop6DHwJKYjYlWmBm0z7MwAuu/DmulX01Y9IQZJ+8894frpKRoOhO9cASuzzpgeVycQ==",
      "viewCount": null,
      "duration": "60:24",
      "size": 1340509356
    }
  ]
}