{
  "id": "ebbabd9e-63e6-4412-a2ce-05a107d43271",
  "pid": "e3490c0c-6b5a-4d96-8952-c2cb6bd9261b",
  "dblevel": 4,
  "location": "/VGMV/06-Phim/PhimTruyen/BiMatCuaJonathanSperry",
  "isVideo": true,
  "url": "06-phim.phim-truyen.bi-mat-cua-jonathan-sperry",
  "name": "Bí Mật Của Jonathan Sperry",
  "count": 2,
  "isLeaf": true,
  "keyword": null,
  "hash": null,
  "khash": null,
  "viewCount": null,
  "duration": null,
  "size": null,
  "children": [
    {
      "id": "a6384a88-c8b7-442b-aea3-a4e1fd34bd3e",
      "pid": "ebbabd9e-63e6-4412-a2ce-05a107d43271",
      "dblevel": 5,
      "location": "",
      "isVideo": true,
      "url": "06-phim.phim-truyen.bi-mat-cua-jonathan-sperry.bi-mat-cua-jonathan-sperry",
      "name": "Bí Mật Của Jonathan Sperry",
      "count": 0,
      "isLeaf": null,
      "keyword": null,
      "hash": null,
      "khash": null,
      "viewCount": null,
      "duration": "96:31",
      "size": 2983285009
    }
  ]
}