{
  "id": "2cd7f28d-a4bc-4df0-8c45-a91844bde59a",
  "pid": "e3490c0c-6b5a-4d96-8952-c2cb6bd9261b",
  "dblevel": 4,
  "location": "/VGMV/06-Phim/PhimTruyen/BaoGan",
  "isVideo": true,
  "url": "06-phim.phim-truyen.bao-gan",
  "name": "Bạo Gan",
  "count": 1,
  "isLeaf": true,
  "keyword": null,
  "hash": null,
  "khash": null,
  "viewCount": null,
  "duration": null,
  "size": null,
  "children": [
    {
      "id": "63ed3213-de29-4123-a41c-32b2d798087e",
      "pid": "2cd7f28d-a4bc-4df0-8c45-a91844bde59a",
      "dblevel": 5,
      "location": "/VGMV/06-Phim/PhimTruyen/BaoGan/BaoGan",
      "isVideo": true,
      "url": "06-phim.phim-truyen.bao-gan.bao-gan",
      "name": "Bạo Gan",
      "count": 0,
      "isLeaf": null,
      "keyword": null,
      "hash": "",
      "khash": "U2FsdGVkX18yyJu9zIWJsdSqPNQxZT6PenF4s8ApacxTszLWH1eZZuqpmcGmvKXI1AkDPD66VHkc4cUEzgLUWQ==",
      "viewCount": null,
      "duration": "48:51",
      "size": 1292444702
    }
  ]
}