{
  "id": "a75387aa-9d11-4db0-8caf-d3369dae61f0",
  "pid": "e3490c0c-6b5a-4d96-8952-c2cb6bd9261b",
  "dblevel": 4,
  "location": "/VGMV/06-Phim/PhimTruyen/NhaThongThaiThuTu",
  "isVideo": true,
  "url": "06-phim.phim-truyen.nha-thong-thai-thu-tu",
  "name": "Nhà Thông Thái Thứ Tư",
  "count": 2,
  "isLeaf": true,
  "keyword": null,
  "hash": null,
  "khash": null,
  "viewCount": null,
  "duration": null,
  "size": null,
  "children": [
    {
      "id": "a23617d9-ec98-4dc3-8168-d447c7680f5d",
      "pid": "a75387aa-9d11-4db0-8caf-d3369dae61f0",
      "dblevel": 5,
      "location": "",
      "isVideo": true,
      "url": "06-phim.phim-truyen.nha-thong-thai-thu-tu.nha-thong-thai-thu-tu",
      "name": "Nhà Thông Thái Thứ Tư",
      "count": 0,
      "isLeaf": null,
      "keyword": null,
      "hash": null,
      "khash": null,
      "viewCount": null,
      "duration": "71:51",
      "size": 1793783795
    }
  ]
}