{
  "id": "d33d842d-5edb-49cb-8146-0a4c706bffe5",
  "pid": "e3490c0c-6b5a-4d96-8952-c2cb6bd9261b",
  "dblevel": 4,
  "location": "/VGMV/06-Phim/PhimTruyen/LeGiangSinhDuocVietHoa",
  "isVideo": true,
  "url": "06-phim.phim-truyen.le-giang-sinh-duoc-viet-hoa",
  "name": "Lễ Giáng Sinh Được Viết Hoa",
  "count": 2,
  "isLeaf": true,
  "keyword": null,
  "hash": null,
  "khash": null,
  "viewCount": null,
  "duration": null,
  "size": null,
  "children": [
    {
      "id": "023bdf59-5d1a-439e-a310-822c0acbb9dd",
      "pid": "d33d842d-5edb-49cb-8146-0a4c706bffe5",
      "dblevel": 5,
      "location": "",
      "isVideo": true,
      "url": "06-phim.phim-truyen.le-giang-sinh-duoc-viet-hoa.le-giang-sinh-duoc-viet-hoa",
      "name": "Lễ Giáng Sinh Được Viết Hoa",
      "count": 0,
      "isLeaf": null,
      "keyword": null,
      "hash": null,
      "khash": null,
      "viewCount": null,
      "duration": "81:15",
      "size": 2513510317
    }
  ]
}