{
  "id": "9ff9630e-7aa2-4d75-a411-5ed0b187f928",
  "pid": "6fd2b37a-5915-4c56-9dea-e67974568de6",
  "dblevel": 4,
  "location": "/VGMV/06-Phim/NhacKich/NhacKichveChuaGie-xu-pd",
  "isVideo": true,
  "url": "06-phim.nhac-kich.nhac-kich-ve-chua-gie-xu-pd",
  "name": "Nhạc Kịch về Chúa Giê-xu - pd",
  "count": 2,
  "isLeaf": true,
  "keyword": null,
  "hash": null,
  "khash": null,
  "viewCount": null,
  "duration": null,
  "size": null,
  "children": [
    {
      "id": "0e43576c-1747-497a-be5f-0ab2ac515bc1",
      "pid": "9ff9630e-7aa2-4d75-a411-5ed0b187f928",
      "dblevel": 5,
      "location": "",
      "isVideo": true,
      "url": "06-phim.nhac-kich.nhac-kich-ve-chua-gie-xu-pd.nhac-kich-ve-chua-gie-xu",
      "name": "Nhạc Kịch về Chúa Giê-xu",
      "count": 0,
      "isLeaf": null,
      "keyword": null,
      "hash": null,
      "khash": null,
      "viewCount": null,
      "duration": "130:29",
      "size": 3731023167
    }
  ]
}