{
  "id": "0dfccb13-863e-4c3d-bf1a-3bf1289fd859",
  "pid": "e3490c0c-6b5a-4d96-8952-c2cb6bd9261b",
  "dblevel": 4,
  "location": "/VGMV/06-Phim/PhimTruyen/TinhYeu",
  "isVideo": true,
  "url": "06-phim.phim-truyen.tinh-yeu",
  "name": "Tình Yêu",
  "count": 11,
  "isLeaf": true,
  "keyword": null,
  "hash": null,
  "khash": null,
  "viewCount": null,
  "duration": null,
  "size": null,
  "children": [
    {
      "id": "eea1f1a6-3cb3-4b9f-b4b2-7b3743ed390c",
      "pid": "0dfccb13-863e-4c3d-bf1a-3bf1289fd859",
      "dblevel": 5,
      "location": "",
      "isVideo": true,
      "url": "06-phim.phim-truyen.tinh-yeu.01-tinh-yeu-den-nhe-nhang",
      "name": "01-Tình Yêu Đến Nhẹ Nhàng",
      "count": 0,
      "isLeaf": null,
      "keyword": null,
      "hash": null,
      "khash": null,
      "viewCount": null,
      "duration": "88:5",
      "size": 2632474910
    },
    {
      "id": "ecec3752-dc43-4fe2-b525-25431b12c5b9",
      "pid": "0dfccb13-863e-4c3d-bf1a-3bf1289fd859",
      "dblevel": 5,
      "location": "",
      "isVideo": true,
      "url": "06-phim.phim-truyen.tinh-yeu.02-loi-hua-ben-chat-cua-tinh-yeu",
      "name": "02-Lời Hứa Bền Chặt Của Tình Yêu",
      "count": 0,
      "isLeaf": null,
      "keyword": null,
      "hash": null,
      "khash": null,
      "viewCount": null,
      "duration": "87:9",
      "size": 2623840637
    },
    {
      "id": "4999fe92-4632-4380-a65f-433a878f421f",
      "pid": "0dfccb13-863e-4c3d-bf1a-3bf1289fd859",
      "dblevel": 5,
      "location": "",
      "isVideo": true,
      "url": "06-phim.phim-truyen.tinh-yeu.03-hanh-trinh-dai-cua-tinh-yeu",
      "name": "03-Hành Trình Dài Của Tình Yêu",
      "count": 0,
      "isLeaf": null,
      "keyword": null,
      "hash": null,
      "khash": null,
      "viewCount": null,
      "duration": "85:8",
      "size": 2598922798
    },
    {
      "id": "f781b763-c660-4799-818c-c389c134a71d",
      "pid": "0dfccb13-863e-4c3d-bf1a-3bf1289fd859",
      "dblevel": 5,
      "location": "",
      "isVideo": true,
      "url": "06-phim.phim-truyen.tinh-yeu.04-niem-vui-dai-lau-cua-tinh-yeu",
      "name": "04-Niềm Vui Dài Lâu Của Tình Yêu",
      "count": 0,
      "isLeaf": null,
      "keyword": null,
      "hash": null,
      "khash": null,
      "viewCount": null,
      "duration": "86:57",
      "size": 2629166091
    },
    {
      "id": "1ab00bda-f39d-476f-b9f7-25d355f7ed33",
      "pid": "0dfccb13-863e-4c3d-bf1a-3bf1289fd859",
      "dblevel": 5,
      "location": "",
      "isVideo": true,
      "url": "06-phim.phim-truyen.tinh-yeu.05-di-san-con-mai-cua-tinh-yeu",
      "name": "05-Di Sản Còn Mãi Của Tình Yêu",
      "count": 0,
      "isLeaf": null,
      "keyword": null,
      "hash": null,
      "khash": null,
      "viewCount": null,
      "duration": "84:25",
      "size": 2553523631
    },
    {
      "id": "167c755d-a19a-40d5-a0da-9d56fca20bab",
      "pid": "0dfccb13-863e-4c3d-bf1a-3bf1289fd859",
      "dblevel": 5,
      "location": "",
      "isVideo": true,
      "url": "06-phim.phim-truyen.tinh-yeu.06-giac-mo-rong-mo-boi-tinh-yeu",
      "name": "06-Giấc Mơ Rộng Mở Bởi Tình Yêu",
      "count": 0,
      "isLeaf": null,
      "keyword": null,
      "hash": null,
      "khash": null,
      "viewCount": null,
      "duration": "87:34",
      "size": 2657050304
    },
    {
      "id": "62c9d8e1-8d20-4938-9d03-97d7872e65d3",
      "pid": "0dfccb13-863e-4c3d-bf1a-3bf1289fd859",
      "dblevel": 5,
      "location": "",
      "isVideo": true,
      "url": "06-phim.phim-truyen.tinh-yeu.07-tinh-yeu-chap-canh",
      "name": "07-Tình Yêu Chấp Cánh",
      "count": 0,
      "isLeaf": null,
      "keyword": null,
      "hash": null,
      "khash": null,
      "viewCount": null,
      "duration": "88:3",
      "size": 2693204454
    },
    {
      "id": "a41fdeee-095d-4839-beab-5e99243bd95f",
      "pid": "0dfccb13-863e-4c3d-bf1a-3bf1289fd859",
      "dblevel": 5,
      "location": "",
      "isVideo": true,
      "url": "06-phim.phim-truyen.tinh-yeu.08-tinh-yeu-tim-kiem-gia-dinh",
      "name": "08-Tình Yêu Tìm Kiếm Gia Đình",
      "count": 0,
      "isLeaf": null,
      "keyword": null,
      "hash": null,
      "khash": null,
      "viewCount": null,
      "duration": "88:7",
      "size": 2692806246
    },
    {
      "id": "9d015435-a23a-4280-be4e-20ab22a31416",
      "pid": "0dfccb13-863e-4c3d-bf1a-3bf1289fd859",
      "dblevel": 5,
      "location": "",
      "isVideo": true,
      "url": "06-phim.phim-truyen.tinh-yeu.09-tinh-yeu-nay-sinh",
      "name": "09-Tình Yêu Nảy Sinh",
      "count": 0,
      "isLeaf": null,
      "keyword": null,
      "hash": null,
      "khash": null,
      "viewCount": null,
      "duration": "88:4",
      "size": 2690423086
    },
    {
      "id": "88eb6ddc-3ed2-42c4-b10f-3525392e5a8e",
      "pid": "0dfccb13-863e-4c3d-bf1a-3bf1289fd859",
      "dblevel": 5,
      "location": "",
      "isVideo": true,
      "url": "06-phim.phim-truyen.tinh-yeu.10-tinh-yeu-can-truong",
      "name": "10-Tình Yêu Can Trường",
      "count": 0,
      "isLeaf": null,
      "keyword": null,
      "hash": null,
      "khash": null,
      "viewCount": null,
      "duration": "87:58",
      "size": 2691250944
    }
  ]
}