{
  "id": "ddaaeb5d-be00-420a-b491-41355fcfec01",
  "pid": "e3490c0c-6b5a-4d96-8952-c2cb6bd9261b",
  "dblevel": 4,
  "location": "/VGMV/06-Phim/PhimTruyen/NhaVoDich",
  "isVideo": true,
  "url": "06-phim.phim-truyen.nha-vo-dich",
  "name": "Nhà Vô Địch",
  "count": 2,
  "isLeaf": true,
  "keyword": null,
  "hash": null,
  "khash": null,
  "viewCount": null,
  "duration": null,
  "size": null,
  "children": [
    {
      "id": "92262294-9a74-4330-9f43-411429fc8245",
      "pid": "ddaaeb5d-be00-420a-b491-41355fcfec01",
      "dblevel": 5,
      "location": "",
      "isVideo": true,
      "url": "06-phim.phim-truyen.nha-vo-dich.nha-vo-dich",
      "name": "Nhà Vô Địch",
      "count": 0,
      "isLeaf": null,
      "keyword": null,
      "hash": null,
      "khash": null,
      "viewCount": null,
      "duration": "116:43",
      "size": 3566714929
    }
  ]
}