{
  "id": "f889b792-365a-4a58-9356-89524673bdff",
  "pid": "e3490c0c-6b5a-4d96-8952-c2cb6bd9261b",
  "dblevel": 4,
  "location": "/VGMV/06-Phim/PhimTruyen/ThanhCongRucRo",
  "isVideo": true,
  "url": "06-phim.phim-truyen.thanh-cong-ruc-ro",
  "name": "Thành Công Rực Rỡ",
  "count": 2,
  "isLeaf": true,
  "keyword": null,
  "hash": null,
  "khash": null,
  "viewCount": null,
  "duration": null,
  "size": null,
  "children": [
    {
      "id": "350de071-8593-4ca7-8e50-7d7db55d572c",
      "pid": "f889b792-365a-4a58-9356-89524673bdff",
      "dblevel": 5,
      "location": "",
      "isVideo": true,
      "url": "06-phim.phim-truyen.thanh-cong-ruc-ro.thanh-cong-ruc-ro",
      "name": "Thành Công Rực Rỡ",
      "count": 0,
      "isLeaf": null,
      "keyword": null,
      "hash": null,
      "khash": null,
      "viewCount": null,
      "duration": "113:15",
      "size": 2827872048
    }
  ]
}