{
  "id": "633a0454-c96f-49b1-8862-91fd19274b9d",
  "pid": "e3490c0c-6b5a-4d96-8952-c2cb6bd9261b",
  "dblevel": 4,
  "location": "/VGMV/06-Phim/PhimTruyen/VeDepQuaNhungTanVo",
  "isVideo": true,
  "url": "06-phim.phim-truyen.ve-dep-qua-nhung-tan-vo",
  "name": "Vẻ Đẹp Qua Những Tan Vỡ",
  "count": 2,
  "isLeaf": true,
  "keyword": null,
  "hash": null,
  "khash": null,
  "viewCount": null,
  "duration": null,
  "size": null,
  "children": [
    {
      "id": "62f62d93-c15b-47a9-a027-630909033123",
      "pid": "633a0454-c96f-49b1-8862-91fd19274b9d",
      "dblevel": 5,
      "location": "",
      "isVideo": true,
      "url": "06-phim.phim-truyen.ve-dep-qua-nhung-tan-vo.ve-dep-qua-nhung-tan-vo",
      "name": "Vẻ Đẹp Qua Những Tan Vỡ",
      "count": 0,
      "isLeaf": null,
      "keyword": null,
      "hash": null,
      "khash": null,
      "viewCount": null,
      "duration": "110:37",
      "size": 3333738499
    }
  ]
}