{
  "id": "dd30a6fb-9090-4d84-b9ef-c2e27d2522ac",
  "pid": "e3490c0c-6b5a-4d96-8952-c2cb6bd9261b",
  "dblevel": 4,
  "location": "/VGMV/06-Phim/PhimTruyen/ChuaKhongChet_P1",
  "isVideo": true,
  "url": "06-phim.phim-truyen.chua-khong-chet-p1",
  "name": "Chúa Không Chết_P1",
  "count": 2,
  "isLeaf": true,
  "keyword": null,
  "hash": null,
  "khash": null,
  "viewCount": null,
  "duration": null,
  "size": null,
  "children": [
    {
      "id": "e8c1bf42-f5e6-4b2b-90bb-82dfa633d136",
      "pid": "dd30a6fb-9090-4d84-b9ef-c2e27d2522ac",
      "dblevel": 5,
      "location": "",
      "isVideo": true,
      "url": "06-phim.phim-truyen.chua-khong-chet-p1.chua-khong-chet-01",
      "name": "Chúa Không Chết-01",
      "count": 0,
      "isLeaf": null,
      "keyword": null,
      "hash": null,
      "khash": null,
      "viewCount": null,
      "duration": "112:39",
      "size": 2955495858
    }
  ]
}