{
  "id": "e95b387d-6795-4211-ab66-30e7e633b4ce",
  "pid": "d677a665-95b0-407a-9be8-667c3e49d2fd",
  "dblevel": 4,
  "location": "/VGMV/06-Phim/PhimveChuaGie-xu/ChuaGie-xu-1979",
  "isVideo": true,
  "url": "06-phim.phim-ve-chua-gie-xu.chua-gie-xu-1979",
  "name": "Chúa Giê-xu - 1979",
  "count": 2,
  "isLeaf": true,
  "keyword": null,
  "hash": null,
  "khash": null,
  "viewCount": null,
  "duration": null,
  "size": null,
  "children": [
    {
      "id": "147ef511-1503-4cdd-9a53-f1b73d748eb0",
      "pid": "e95b387d-6795-4211-ab66-30e7e633b4ce",
      "dblevel": 5,
      "location": "/VGMV/06-Phim/PhimveChuaGie-xu/ChuaGie-xu-1979/ChuaGie-xu_1979MB",
      "isVideo": true,
      "url": "06-phim.phim-ve-chua-gie-xu.chua-gie-xu-1979.chua-gie-xu-1979mb",
      "name": "Chúa Giê-xu _ 1979MB",
      "count": 0,
      "isLeaf": null,
      "keyword": null,
      "hash": "",
      "khash": "U2FsdGVkX18Ztvoh8/TMWUeNZEG6Q69csm7eS0Rg+8z5TaetGfFg3QEU7tVm7aY9jhA09Mp86raHhFuRru5PIA==",
      "viewCount": null,
      "duration": "127:45",
      "size": 3187075450
    },
    {
      "id": "df5d513c-045b-4e8c-a162-d1b0dc8640e0",
      "pid": "e95b387d-6795-4211-ab66-30e7e633b4ce",
      "dblevel": 5,
      "location": "/VGMV/06-Phim/PhimveChuaGie-xu/ChuaGie-xu-1979/ChuaGie-xu_1979MN",
      "isVideo": true,
      "url": "06-phim.phim-ve-chua-gie-xu.chua-gie-xu-1979.chua-gie-xu-1979mn",
      "name": "Chúa Giê-xu _ 1979MN",
      "count": 0,
      "isLeaf": null,
      "keyword": null,
      "hash": "",
      "khash": "U2FsdGVkX1/oU/kLvXqAZAZso6u95l+HLW5gasL5irih3E+0V2LT836OSO4qNSvhJ4fSytsFBSE/PQ0bzBttaw==",
      "viewCount": null,
      "duration": "127:45",
      "size": 3187075450
    }
  ]
}