{
  "id": "2bd7f686-95dd-4206-b0cc-009d2c78c5ae",
  "pid": "e3490c0c-6b5a-4d96-8952-c2cb6bd9261b",
  "dblevel": 4,
  "location": "/VGMV/06-Phim/PhimTruyen/BaiCaCuaDucTin",
  "isVideo": true,
  "url": "06-phim.phim-truyen.bai-ca-cua-duc-tin",
  "name": "Bài Ca Của Đức Tin",
  "count": 2,
  "isLeaf": true,
  "keyword": null,
  "hash": null,
  "khash": null,
  "viewCount": null,
  "duration": null,
  "size": null,
  "children": [
    {
      "id": "0f1be735-2d1b-4d48-b93e-e8087f3da179",
      "pid": "2bd7f686-95dd-4206-b0cc-009d2c78c5ae",
      "dblevel": 5,
      "location": "",
      "isVideo": true,
      "url": "06-phim.phim-truyen.bai-ca-cua-duc-tin.bai-ca-duc-tin",
      "name": "Bài Ca Đức Tin",
      "count": 0,
      "isLeaf": null,
      "keyword": null,
      "hash": null,
      "khash": null,
      "viewCount": null,
      "duration": "102:39",
      "size": 3171408689
    }
  ]
}